/scratch.hpc/luca.cotugno/Foundation_model_clinical_data/src/tabicl/embedding.py:142: UserWarning: The given NumPy array is not writable, and PyTorch does not support non-writable tensors. This means writing to this tensor will result in undefined behavior. You may want to copy the array to protect its data or make it writable before converting it to a tensor. This type of warning will be suppressed for the rest of this program. (Triggered internally at /pytorch/torch/csrc/utils/tensor_numpy.cpp:213.)
  y_t = torch.from_numpy(y_ctx).long().unsqueeze(0).to(self.device)    # (1, ctx_size)
/scratch.hpc/luca.cotugno/Foundation_model_clinical_data/.venv/lib/python3.12/site-packages/pycox/models/cox.py:251: RuntimeWarning: overflow encountered in exp
  expg = np.exp(self.predict(input, batch_size, True, eval_, num_workers=num_workers)).reshape(1, -1)
/scratch.hpc/luca.cotugno/Foundation_model_clinical_data/.venv/lib/python3.12/site-packages/pycox/models/cox.py:252: RuntimeWarning: invalid value encountered in dot
  return pd.DataFrame(bch.values.reshape(-1, 1).dot(expg),
/scratch.hpc/luca.cotugno/Foundation_model_clinical_data/.venv/lib/python3.12/site-packages/lifelines/utils/__init__.py:1100: ConvergenceWarning: Column(s) ['SindromeX', 'MIO', 'Miocardite', 'Pericardite', 'Ictus', 'Ictus_event'] have very low variance. This may harm convergence. 1) Are you using formula's? Did you mean to add '-1' to the end. 2) Try dropping this redundant column before fitting if convergence fails.

  warnings.warn(dedent(warning_text), ConvergenceWarning)
/scratch.hpc/luca.cotugno/Foundation_model_clinical_data/.venv/lib/python3.12/site-packages/lifelines/utils/__init__.py:797: RuntimeWarning: invalid value encountered in divide
  return (X - mean) / std
/scratch.hpc/luca.cotugno/Foundation_model_clinical_data/.venv/lib/python3.12/site-packages/lifelines/utils/__init__.py:1120: ConvergenceWarning: Column EmboliaPolmonare have very low variance when conditioned on death event present or not. This may harm convergence. This could be a form of 'complete separation'. For example, try the following code:

>>> events = df['__e__'].astype(bool)
>>> print(df.loc[events, 'EmboliaPolmonare'].var())
>>> print(df.loc[~events, 'EmboliaPolmonare'].var())

A very low variance means that the column EmboliaPolmonare completely determines whether a subject dies or not. See https://stats.stackexchange.com/questions/11109/how-to-deal-with-perfect-separation-in-logistic-regression.

  warnings.warn(dedent(warning_text), ConvergenceWarning)
/scratch.hpc/luca.cotugno/Foundation_model_clinical_data/.venv/lib/python3.12/site-packages/lifelines/utils/__init__.py:1163: ConvergenceWarning: Column Ipotiroidismo has high sample correlation with the duration column. This may harm convergence. This could be a form of 'complete separation'.     See https://stats.stackexchange.com/questions/11109/how-to-deal-with-perfect-separation-in-logistic-regression

  warnings.warn(dedent(warning_text), ConvergenceWarning)
/scratch.hpc/luca.cotugno/Foundation_model_clinical_data/.venv/lib/python3.12/site-packages/pycox/models/cox.py:251: RuntimeWarning: overflow encountered in exp
  expg = np.exp(self.predict(input, batch_size, True, eval_, num_workers=num_workers)).reshape(1, -1)
/scratch.hpc/luca.cotugno/Foundation_model_clinical_data/.venv/lib/python3.12/site-packages/pycox/models/cox.py:252: RuntimeWarning: invalid value encountered in dot
  return pd.DataFrame(bch.values.reshape(-1, 1).dot(expg),
/scratch.hpc/luca.cotugno/Foundation_model_clinical_data/.venv/lib/python3.12/site-packages/pycox/models/cox.py:251: RuntimeWarning: overflow encountered in exp
  expg = np.exp(self.predict(input, batch_size, True, eval_, num_workers=num_workers)).reshape(1, -1)
/scratch.hpc/luca.cotugno/Foundation_model_clinical_data/.venv/lib/python3.12/site-packages/pycox/models/cox.py:252: RuntimeWarning: invalid value encountered in dot
  return pd.DataFrame(bch.values.reshape(-1, 1).dot(expg),
/scratch.hpc/luca.cotugno/Foundation_model_clinical_data/.venv/lib/python3.12/site-packages/lifelines/utils/__init__.py:1100: ConvergenceWarning: Column(s) ['SindromeX', 'MIO', 'Miocardite', 'Pericardite', 'Endocardite', 'EmboliaPolmonare', 'Non Fatal AMI (Follow-Up)', 'Ictus', 'Non Fatal AMI (Follow-Up)_event', 'Ictus_event'] have very low variance. This may harm convergence. 1) Are you using formula's? Did you mean to add '-1' to the end. 2) Try dropping this redundant column before fitting if convergence fails.

  warnings.warn(dedent(warning_text), ConvergenceWarning)
/scratch.hpc/luca.cotugno/Foundation_model_clinical_data/.venv/lib/python3.12/site-packages/lifelines/utils/__init__.py:797: RuntimeWarning: invalid value encountered in divide
  return (X - mean) / std
/scratch.hpc/luca.cotugno/Foundation_model_clinical_data/.venv/lib/python3.12/site-packages/lifelines/utils/__init__.py:1120: ConvergenceWarning: Column MIN have very low variance when conditioned on death event present or not. This may harm convergence. This could be a form of 'complete separation'. For example, try the following code:

>>> events = df['__e__'].astype(bool)
>>> print(df.loc[events, 'MIN'].var())
>>> print(df.loc[~events, 'MIN'].var())

A very low variance means that the column MIN completely determines whether a subject dies or not. See https://stats.stackexchange.com/questions/11109/how-to-deal-with-perfect-separation-in-logistic-regression.

  warnings.warn(dedent(warning_text), ConvergenceWarning)
/scratch.hpc/luca.cotugno/Foundation_model_clinical_data/.venv/lib/python3.12/site-packages/lifelines/utils/__init__.py:1100: ConvergenceWarning: Column(s) ['Ipotiroidismo', 'Normal', 'SindromeX', 'MIO', 'Miocardite', 'Endocardite', 'Ictus', 'Ictus_event'] have very low variance. This may harm convergence. 1) Are you using formula's? Did you mean to add '-1' to the end. 2) Try dropping this redundant column before fitting if convergence fails.

  warnings.warn(dedent(warning_text), ConvergenceWarning)
/scratch.hpc/luca.cotugno/Foundation_model_clinical_data/.venv/lib/python3.12/site-packages/lifelines/utils/__init__.py:797: RuntimeWarning: invalid value encountered in divide
  return (X - mean) / std
/scratch.hpc/luca.cotugno/Foundation_model_clinical_data/.venv/lib/python3.12/site-packages/lifelines/utils/__init__.py:1120: ConvergenceWarning: Column EmboliaPolmonare have very low variance when conditioned on death event present or not. This may harm convergence. This could be a form of 'complete separation'. For example, try the following code:

>>> events = df['__e__'].astype(bool)
>>> print(df.loc[events, 'EmboliaPolmonare'].var())
>>> print(df.loc[~events, 'EmboliaPolmonare'].var())

A very low variance means that the column EmboliaPolmonare completely determines whether a subject dies or not. See https://stats.stackexchange.com/questions/11109/how-to-deal-with-perfect-separation-in-logistic-regression.

  warnings.warn(dedent(warning_text), ConvergenceWarning)
/scratch.hpc/luca.cotugno/Foundation_model_clinical_data/.venv/lib/python3.12/site-packages/lifelines/utils/__init__.py:1100: ConvergenceWarning: Column(s) ['Ipotiroidismo', 'SindromeX', 'MIO', 'Miocardite', 'Endocardite', 'EmboliaPolmonare', 'Ictus', 'Ictus_event'] have very low variance. This may harm convergence. 1) Are you using formula's? Did you mean to add '-1' to the end. 2) Try dropping this redundant column before fitting if convergence fails.

  warnings.warn(dedent(warning_text), ConvergenceWarning)
/scratch.hpc/luca.cotugno/Foundation_model_clinical_data/.venv/lib/python3.12/site-packages/lifelines/utils/__init__.py:797: RuntimeWarning: invalid value encountered in divide
  return (X - mean) / std
/scratch.hpc/luca.cotugno/Foundation_model_clinical_data/.venv/lib/python3.12/site-packages/lifelines/utils/__init__.py:1120: ConvergenceWarning: Column Amiodarone have very low variance when conditioned on death event present or not. This may harm convergence. This could be a form of 'complete separation'. For example, try the following code:

>>> events = df['__e__'].astype(bool)
>>> print(df.loc[events, 'Amiodarone'].var())
>>> print(df.loc[~events, 'Amiodarone'].var())

A very low variance means that the column Amiodarone completely determines whether a subject dies or not. See https://stats.stackexchange.com/questions/11109/how-to-deal-with-perfect-separation-in-logistic-regression.

  warnings.warn(dedent(warning_text), ConvergenceWarning)
/scratch.hpc/luca.cotugno/Foundation_model_clinical_data/.venv/lib/python3.12/site-packages/lifelines/utils/__init__.py:1100: ConvergenceWarning: Column(s) ['Ipotiroidismo', 'SindromeX', 'MIO', 'Miocardite', 'Pericardite', 'Endocardite', 'EmboliaPolmonare'] have very low variance. This may harm convergence. 1) Are you using formula's? Did you mean to add '-1' to the end. 2) Try dropping this redundant column before fitting if convergence fails.

  warnings.warn(dedent(warning_text), ConvergenceWarning)
/scratch.hpc/luca.cotugno/Foundation_model_clinical_data/.venv/lib/python3.12/site-packages/lifelines/utils/__init__.py:797: RuntimeWarning: invalid value encountered in divide
  return (X - mean) / std
/scratch.hpc/luca.cotugno/Foundation_model_clinical_data/.venv/lib/python3.12/site-packages/lifelines/utils/__init__.py:1120: ConvergenceWarning: Column Amiodarone have very low variance when conditioned on death event present or not. This may harm convergence. This could be a form of 'complete separation'. For example, try the following code:

>>> events = df['__e__'].astype(bool)
>>> print(df.loc[events, 'Amiodarone'].var())
>>> print(df.loc[~events, 'Amiodarone'].var())

A very low variance means that the column Amiodarone completely determines whether a subject dies or not. See https://stats.stackexchange.com/questions/11109/how-to-deal-with-perfect-separation-in-logistic-regression.

  warnings.warn(dedent(warning_text), ConvergenceWarning)
/scratch.hpc/luca.cotugno/Foundation_model_clinical_data/.venv/lib/python3.12/site-packages/lifelines/utils/__init__.py:1163: ConvergenceWarning: Column Subclinical primary hyperthyroidism
(SCT) has high sample correlation with the duration column. This may harm convergence. This could be a form of 'complete separation'.     See https://stats.stackexchange.com/questions/11109/how-to-deal-with-perfect-separation-in-logistic-regression

  warnings.warn(dedent(warning_text), ConvergenceWarning)
/scratch.hpc/luca.cotugno/Foundation_model_clinical_data/.venv/lib/python3.12/site-packages/lifelines/utils/__init__.py:1163: ConvergenceWarning: Column Normal has high sample correlation with the duration column. This may harm convergence. This could be a form of 'complete separation'.     See https://stats.stackexchange.com/questions/11109/how-to-deal-with-perfect-separation-in-logistic-regression

  warnings.warn(dedent(warning_text), ConvergenceWarning)
/scratch.hpc/luca.cotugno/Foundation_model_clinical_data/.venv/lib/python3.12/site-packages/lifelines/utils/__init__.py:1163: ConvergenceWarning: Column Non Fatal AMI (Follow-Up) has high sample correlation with the duration column. This may harm convergence. This could be a form of 'complete separation'.     See https://stats.stackexchange.com/questions/11109/how-to-deal-with-perfect-separation-in-logistic-regression

  warnings.warn(dedent(warning_text), ConvergenceWarning)
/scratch.hpc/luca.cotugno/Foundation_model_clinical_data/.venv/lib/python3.12/site-packages/lifelines/utils/__init__.py:1163: ConvergenceWarning: Column Non Fatal AMI (Follow-Up)_event has high sample correlation with the duration column. This may harm convergence. This could be a form of 'complete separation'.     See https://stats.stackexchange.com/questions/11109/how-to-deal-with-perfect-separation-in-logistic-regression

  warnings.warn(dedent(warning_text), ConvergenceWarning)
/scratch.hpc/luca.cotugno/Foundation_model_clinical_data/.venv/lib/python3.12/site-packages/lifelines/utils/__init__.py:1100: ConvergenceWarning: Column(s) ['MIO'] have very low variance. This may harm convergence. 1) Are you using formula's? Did you mean to add '-1' to the end. 2) Try dropping this redundant column before fitting if convergence fails.

  warnings.warn(dedent(warning_text), ConvergenceWarning)
/scratch.hpc/luca.cotugno/Foundation_model_clinical_data/.venv/lib/python3.12/site-packages/lifelines/utils/__init__.py:797: RuntimeWarning: invalid value encountered in divide
  return (X - mean) / std
/scratch.hpc/luca.cotugno/Foundation_model_clinical_data/.venv/lib/python3.12/site-packages/lifelines/utils/__init__.py:1120: ConvergenceWarning: Column EmboliaPolmonare have very low variance when conditioned on death event present or not. This may harm convergence. This could be a form of 'complete separation'. For example, try the following code:

>>> events = df['__e__'].astype(bool)
>>> print(df.loc[events, 'EmboliaPolmonare'].var())
>>> print(df.loc[~events, 'EmboliaPolmonare'].var())

A very low variance means that the column EmboliaPolmonare completely determines whether a subject dies or not. See https://stats.stackexchange.com/questions/11109/how-to-deal-with-perfect-separation-in-logistic-regression.

  warnings.warn(dedent(warning_text), ConvergenceWarning)
/scratch.hpc/luca.cotugno/Foundation_model_clinical_data/.venv/lib/python3.12/site-packages/lifelines/utils/__init__.py:1100: ConvergenceWarning: Column(s) ['Endocardite', 'EmboliaPolmonare'] have very low variance. This may harm convergence. 1) Are you using formula's? Did you mean to add '-1' to the end. 2) Try dropping this redundant column before fitting if convergence fails.

  warnings.warn(dedent(warning_text), ConvergenceWarning)
/scratch.hpc/luca.cotugno/Foundation_model_clinical_data/.venv/lib/python3.12/site-packages/lifelines/utils/__init__.py:797: RuntimeWarning: invalid value encountered in divide
  return (X - mean) / std
/scratch.hpc/luca.cotugno/Foundation_model_clinical_data/.venv/lib/python3.12/site-packages/lifelines/utils/__init__.py:1120: ConvergenceWarning: Column MIO have very low variance when conditioned on death event present or not. This may harm convergence. This could be a form of 'complete separation'. For example, try the following code:

>>> events = df['__e__'].astype(bool)
>>> print(df.loc[events, 'MIO'].var())
>>> print(df.loc[~events, 'MIO'].var())

A very low variance means that the column MIO completely determines whether a subject dies or not. See https://stats.stackexchange.com/questions/11109/how-to-deal-with-perfect-separation-in-logistic-regression.

  warnings.warn(dedent(warning_text), ConvergenceWarning)
/scratch.hpc/luca.cotugno/Foundation_model_clinical_data/.venv/lib/python3.12/site-packages/lifelines/utils/__init__.py:1100: ConvergenceWarning: Column(s) ['SindromeX'] have very low variance. This may harm convergence. 1) Are you using formula's? Did you mean to add '-1' to the end. 2) Try dropping this redundant column before fitting if convergence fails.

  warnings.warn(dedent(warning_text), ConvergenceWarning)
/scratch.hpc/luca.cotugno/Foundation_model_clinical_data/.venv/lib/python3.12/site-packages/lifelines/utils/__init__.py:797: RuntimeWarning: invalid value encountered in divide
  return (X - mean) / std
/scratch.hpc/luca.cotugno/Foundation_model_clinical_data/.venv/lib/python3.12/site-packages/lifelines/utils/__init__.py:1120: ConvergenceWarning: Column EmboliaPolmonare have very low variance when conditioned on death event present or not. This may harm convergence. This could be a form of 'complete separation'. For example, try the following code:

>>> events = df['__e__'].astype(bool)
>>> print(df.loc[events, 'EmboliaPolmonare'].var())
>>> print(df.loc[~events, 'EmboliaPolmonare'].var())

A very low variance means that the column EmboliaPolmonare completely determines whether a subject dies or not. See https://stats.stackexchange.com/questions/11109/how-to-deal-with-perfect-separation-in-logistic-regression.

  warnings.warn(dedent(warning_text), ConvergenceWarning)
/scratch.hpc/luca.cotugno/Foundation_model_clinical_data/.venv/lib/python3.12/site-packages/lifelines/utils/__init__.py:1100: ConvergenceWarning: Column(s) ['Endocardite'] have very low variance. This may harm convergence. 1) Are you using formula's? Did you mean to add '-1' to the end. 2) Try dropping this redundant column before fitting if convergence fails.

  warnings.warn(dedent(warning_text), ConvergenceWarning)
/scratch.hpc/luca.cotugno/Foundation_model_clinical_data/.venv/lib/python3.12/site-packages/lifelines/utils/__init__.py:797: RuntimeWarning: invalid value encountered in divide
  return (X - mean) / std
/scratch.hpc/luca.cotugno/Foundation_model_clinical_data/.venv/lib/python3.12/site-packages/lifelines/utils/__init__.py:1120: ConvergenceWarning: Column SindromeX have very low variance when conditioned on death event present or not. This may harm convergence. This could be a form of 'complete separation'. For example, try the following code:

>>> events = df['__e__'].astype(bool)
>>> print(df.loc[events, 'SindromeX'].var())
>>> print(df.loc[~events, 'SindromeX'].var())

A very low variance means that the column SindromeX completely determines whether a subject dies or not. See https://stats.stackexchange.com/questions/11109/how-to-deal-with-perfect-separation-in-logistic-regression.

  warnings.warn(dedent(warning_text), ConvergenceWarning)
/scratch.hpc/luca.cotugno/Foundation_model_clinical_data/.venv/lib/python3.12/site-packages/lifelines/utils/__init__.py:1100: ConvergenceWarning: Column(s) ['SindromeX', 'MIO', 'Endocardite'] have very low variance. This may harm convergence. 1) Are you using formula's? Did you mean to add '-1' to the end. 2) Try dropping this redundant column before fitting if convergence fails.

  warnings.warn(dedent(warning_text), ConvergenceWarning)
/scratch.hpc/luca.cotugno/Foundation_model_clinical_data/.venv/lib/python3.12/site-packages/lifelines/utils/__init__.py:797: RuntimeWarning: invalid value encountered in divide
  return (X - mean) / std
/scratch.hpc/luca.cotugno/Foundation_model_clinical_data/.venv/lib/python3.12/site-packages/lifelines/utils/__init__.py:1120: ConvergenceWarning: Column Ipotiroidismo have very low variance when conditioned on death event present or not. This may harm convergence. This could be a form of 'complete separation'. For example, try the following code:

>>> events = df['__e__'].astype(bool)
>>> print(df.loc[events, 'Ipotiroidismo'].var())
>>> print(df.loc[~events, 'Ipotiroidismo'].var())

A very low variance means that the column Ipotiroidismo completely determines whether a subject dies or not. See https://stats.stackexchange.com/questions/11109/how-to-deal-with-perfect-separation-in-logistic-regression.

  warnings.warn(dedent(warning_text), ConvergenceWarning)
/scratch.hpc/luca.cotugno/Foundation_model_clinical_data/.venv/lib/python3.12/site-packages/lifelines/utils/__init__.py:990: ConvergenceWarning: Your dataset has more variables than samples. Even with a penalizer (which you must use), convergence is not guaranteed.

  warnings.warn(warning_text, ConvergenceWarning)
/scratch.hpc/luca.cotugno/Foundation_model_clinical_data/.venv/lib/python3.12/site-packages/lifelines/fitters/coxph_fitter.py:1614: ConvergenceWarning: Newton-Raphson failed to converge sufficiently. Please see the following tips in the lifelines documentation: https://lifelines.readthedocs.io/en/latest/Examples.html#problems-with-convergence-in-the-cox-proportional-hazard-model
  warnings.warn(
/scratch.hpc/luca.cotugno/Foundation_model_clinical_data/test_sample_size.py:471: RuntimeWarning: Mean of empty slice
  "train_mean":    np.nanmean(tr_vals),
/scratch.hpc/luca.cotugno/Foundation_model_clinical_data/.venv/lib/python3.12/site-packages/numpy/lib/_nanfunctions_impl.py:1997: RuntimeWarning: Degrees of freedom <= 0 for slice.
  var = nanvar(a, axis=axis, dtype=dtype, out=out, ddof=ddof,
/scratch.hpc/luca.cotugno/Foundation_model_clinical_data/test_sample_size.py:473: RuntimeWarning: Mean of empty slice
  "test_mean":     np.nanmean(te_vals),
Model:        tabicl
Seed:         456
Sample sizes: [100, 500, 1000, 2500, 5000, 10000, 15000]

######################################################################
Dataset: OrmoniTirodei
######################################################################

============================================================
Preprocess: -1
============================================================
Loading existing folds from tmp/splits/OrmoniTirodei_seed456.pkl

--- Sample size: 100 ---
  Fold 1: train=100, test=1291
Warming up TabICL model (triggering checkpoint load)...
ARRIVATO QUI 1
Loading TabICL model checkpoint 'tabicl-classifier-v1.1-0506.ckpt'...
ARRIVATO QUI
Performing dummy prediction to ensure model is loaded...
Warming up TabICL model (triggering checkpoint load)...
ARRIVATO QUI 1
Loading TabICL model checkpoint 'tabicl-classifier-v1.1-0506.ckpt'...
ARRIVATO QUI
Performing dummy prediction to ensure model is loaded...
  Embedding shape: (100, 512)
  [tabicl+DS-simple]  train=0.8749  test=0.5596
  [tabicl+DS-vanilla] train=0.9589  test=0.6449
  [tabicl+RSF]        train=0.9493  test=0.5620
  [tabicl+Cox]        train=0.9994  test=0.6432
  [DS-simple]         train=0.5352  test=0.5506
  [DS-vanilla]        train=0.8997  test=0.6514
  [RSF]               train=0.9386  test=0.7364
    Cox fit failed: Convergence halted due to matrix inversion problems. Suspicion is high collinearity. Please see the following tips in the lifelines documentation: https://lifelines.readthedocs.io/en/latest/Examples.html#problems-with-convergence-in-the-cox-proportional-hazard-modelMatrix is singular.
  [Cox]               train=nan  test=nan
  Fold 2: train=100, test=1291
Warming up TabICL model (triggering checkpoint load)...
ARRIVATO QUI 1
Loading TabICL model checkpoint 'tabicl-classifier-v1.1-0506.ckpt'...
ARRIVATO QUI
Performing dummy prediction to ensure model is loaded...
Warming up TabICL model (triggering checkpoint load)...
ARRIVATO QUI 1
Loading TabICL model checkpoint 'tabicl-classifier-v1.1-0506.ckpt'...
ARRIVATO QUI
Performing dummy prediction to ensure model is loaded...
  Embedding shape: (100, 512)
  [tabicl+DS-simple]  train=0.8986  test=0.5821
  [tabicl+DS-vanilla] train=0.9258  test=0.6450
  [tabicl+RSF]        train=0.9331  test=0.6142
  [tabicl+Cox]        train=0.9995  test=0.5868
  [DS-simple]         train=0.7805  test=0.6456
  [DS-vanilla]        train=0.5656  test=0.5790
  [RSF]               train=0.9228  test=0.6793
    Cox fit failed: Convergence halted due to matrix inversion problems. Suspicion is high collinearity. Please see the following tips in the lifelines documentation: https://lifelines.readthedocs.io/en/latest/Examples.html#problems-with-convergence-in-the-cox-proportional-hazard-modelMatrix is singular.
  [Cox]               train=nan  test=nan
  Fold 3: train=100, test=1290
Warming up TabICL model (triggering checkpoint load)...
ARRIVATO QUI 1
Loading TabICL model checkpoint 'tabicl-classifier-v1.1-0506.ckpt'...
ARRIVATO QUI
Performing dummy prediction to ensure model is loaded...
Warming up TabICL model (triggering checkpoint load)...
ARRIVATO QUI 1
Loading TabICL model checkpoint 'tabicl-classifier-v1.1-0506.ckpt'...
ARRIVATO QUI
Performing dummy prediction to ensure model is loaded...
  Embedding shape: (100, 512)
  [tabicl+DS-simple]  train=0.9165  test=0.6182
  [tabicl+DS-vanilla] train=0.9179  test=0.6109
  [tabicl+RSF]        train=0.9422  test=0.5959
  [tabicl+Cox]        train=0.9946  test=0.6074
  [DS-simple]         train=0.7990  test=0.6898
  [DS-vanilla]        train=0.6615  test=0.5849
  [RSF]               train=0.9038  test=0.7322
    Cox fit failed: Convergence halted due to matrix inversion problems. Suspicion is high collinearity. Please see the following tips in the lifelines documentation: https://lifelines.readthedocs.io/en/latest/Examples.html#problems-with-convergence-in-the-cox-proportional-hazard-modelMatrix is singular.
  [Cox]               train=nan  test=nan
  Fold 4: train=100, test=1290
Warming up TabICL model (triggering checkpoint load)...
ARRIVATO QUI 1
Loading TabICL model checkpoint 'tabicl-classifier-v1.1-0506.ckpt'...
ARRIVATO QUI
Performing dummy prediction to ensure model is loaded...
Warming up TabICL model (triggering checkpoint load)...
ARRIVATO QUI 1
Loading TabICL model checkpoint 'tabicl-classifier-v1.1-0506.ckpt'...
ARRIVATO QUI
Performing dummy prediction to ensure model is loaded...
  Embedding shape: (100, 512)
  [tabicl+DS-simple]  train=0.8701  test=0.5447
  [tabicl+DS-vanilla] train=0.9225  test=0.6208
  [tabicl+RSF]        train=0.9360  test=0.6006
  [tabicl+Cox]        train=0.9981  test=0.5408
  [DS-simple]         train=0.8777  test=0.6779
  [DS-vanilla]        train=0.8501  test=0.6421
  [RSF]               train=0.9158  test=0.7060
    Cox fit failed: Convergence halted due to matrix inversion problems. Suspicion is high collinearity. Please see the following tips in the lifelines documentation: https://lifelines.readthedocs.io/en/latest/Examples.html#problems-with-convergence-in-the-cox-proportional-hazard-modelMatrix is singular.
  [Cox]               train=nan  test=nan
  Fold 5: train=100, test=1290
Warming up TabICL model (triggering checkpoint load)...
ARRIVATO QUI 1
Loading TabICL model checkpoint 'tabicl-classifier-v1.1-0506.ckpt'...
ARRIVATO QUI
Performing dummy prediction to ensure model is loaded...
Warming up TabICL model (triggering checkpoint load)...
ARRIVATO QUI 1
Loading TabICL model checkpoint 'tabicl-classifier-v1.1-0506.ckpt'...
ARRIVATO QUI
Performing dummy prediction to ensure model is loaded...
  Embedding shape: (100, 512)
  [tabicl+DS-simple]  train=0.9404  test=0.6811
  [tabicl+DS-vanilla] train=0.9231  test=0.6940
  [tabicl+RSF]        train=0.9694  test=0.6682
  [tabicl+Cox]        train=0.9995  test=0.6857
  [DS-simple]         train=0.7848  test=0.5752
  [DS-vanilla]        train=0.8426  test=0.6539
  [RSF]               train=0.9676  test=0.7300
    Cox fit failed: Convergence halted due to matrix inversion problems. Suspicion is high collinearity. Please see the following tips in the lifelines documentation: https://lifelines.readthedocs.io/en/latest/Examples.html#problems-with-convergence-in-the-cox-proportional-hazard-modelMatrix is singular.
  [Cox]               train=nan  test=nan

--- Sample size: 500 ---
  Fold 1: train=500, test=1291
Warming up TabICL model (triggering checkpoint load)...
ARRIVATO QUI 1
Loading TabICL model checkpoint 'tabicl-classifier-v1.1-0506.ckpt'...
ARRIVATO QUI
Performing dummy prediction to ensure model is loaded...
Warming up TabICL model (triggering checkpoint load)...
ARRIVATO QUI 1
Loading TabICL model checkpoint 'tabicl-classifier-v1.1-0506.ckpt'...
ARRIVATO QUI
Performing dummy prediction to ensure model is loaded...
  Embedding shape: (500, 512)
  [tabicl+DS-simple]  train=0.8914  test=0.6469
  [tabicl+DS-vanilla] train=0.9376  test=0.7050
  [tabicl+RSF]        train=0.9627  test=0.6611
  [tabicl+Cox]        train=0.9597  test=0.6451
  [DS-simple]         train=0.8023  test=0.7601
  [DS-vanilla]        train=0.7553  test=0.6927
  [RSF]               train=0.9160  test=0.7782
    Cox fit failed: Convergence halted due to matrix inversion problems. Suspicion is high collinearity. Please see the following tips in the lifelines documentation: https://lifelines.readthedocs.io/en/latest/Examples.html#problems-with-convergence-in-the-cox-proportional-hazard-modelMatrix is singular.
  [Cox]               train=nan  test=nan
  Fold 2: train=500, test=1291
Warming up TabICL model (triggering checkpoint load)...
ARRIVATO QUI 1
Loading TabICL model checkpoint 'tabicl-classifier-v1.1-0506.ckpt'...
ARRIVATO QUI
Performing dummy prediction to ensure model is loaded...
Warming up TabICL model (triggering checkpoint load)...
ARRIVATO QUI 1
Loading TabICL model checkpoint 'tabicl-classifier-v1.1-0506.ckpt'...
ARRIVATO QUI
Performing dummy prediction to ensure model is loaded...
  Embedding shape: (500, 512)
  [tabicl+DS-simple]  train=0.8818  test=0.6842
  [tabicl+DS-vanilla] train=0.9073  test=0.6766
  [tabicl+RSF]        train=0.9667  test=0.6812
  [tabicl+Cox]        train=0.9486  test=0.6783
  [DS-simple]         train=0.7827  test=0.7401
  [DS-vanilla]        train=0.7958  test=0.7390
  [RSF]               train=0.9032  test=0.7476
    Cox fit failed: Convergence halted due to matrix inversion problems. Suspicion is high collinearity. Please see the following tips in the lifelines documentation: https://lifelines.readthedocs.io/en/latest/Examples.html#problems-with-convergence-in-the-cox-proportional-hazard-modelMatrix is singular.
  [Cox]               train=nan  test=nan
  Fold 3: train=500, test=1290
Warming up TabICL model (triggering checkpoint load)...
ARRIVATO QUI 1
Loading TabICL model checkpoint 'tabicl-classifier-v1.1-0506.ckpt'...
ARRIVATO QUI
Performing dummy prediction to ensure model is loaded...
Warming up TabICL model (triggering checkpoint load)...
ARRIVATO QUI 1
Loading TabICL model checkpoint 'tabicl-classifier-v1.1-0506.ckpt'...
ARRIVATO QUI
Performing dummy prediction to ensure model is loaded...
  Embedding shape: (500, 512)
  [tabicl+DS-simple]  train=0.9270  test=0.6819
  [tabicl+DS-vanilla] train=0.9532  test=0.7037
  [tabicl+RSF]        train=0.9614  test=0.6820
  [tabicl+Cox]        train=0.9659  test=0.6781
  [DS-simple]         train=0.8328  test=0.7480
  [DS-vanilla]        train=0.8359  test=0.7314
  [RSF]               train=0.9091  test=0.7580
    Cox fit failed: Convergence halted due to matrix inversion problems. Suspicion is high collinearity. Please see the following tips in the lifelines documentation: https://lifelines.readthedocs.io/en/latest/Examples.html#problems-with-convergence-in-the-cox-proportional-hazard-modelMatrix is singular.
  [Cox]               train=nan  test=nan
  Fold 4: train=500, test=1290
Warming up TabICL model (triggering checkpoint load)...
ARRIVATO QUI 1
Loading TabICL model checkpoint 'tabicl-classifier-v1.1-0506.ckpt'...
ARRIVATO QUI
Performing dummy prediction to ensure model is loaded...
Warming up TabICL model (triggering checkpoint load)...
ARRIVATO QUI 1
Loading TabICL model checkpoint 'tabicl-classifier-v1.1-0506.ckpt'...
ARRIVATO QUI
Performing dummy prediction to ensure model is loaded...
  Embedding shape: (500, 512)
  [tabicl+DS-simple]  train=0.9148  test=0.7053
  [tabicl+DS-vanilla] train=0.8953  test=0.6147
  [tabicl+RSF]        train=0.9629  test=0.6831
  [tabicl+Cox]        train=0.9642  test=0.6444
  [DS-simple]         train=0.8154  test=0.7534
  [DS-vanilla]        train=0.8045  test=0.7434
  [RSF]               train=0.9155  test=0.7679
    Cox fit failed: Convergence halted due to matrix inversion problems. Suspicion is high collinearity. Please see the following tips in the lifelines documentation: https://lifelines.readthedocs.io/en/latest/Examples.html#problems-with-convergence-in-the-cox-proportional-hazard-modelMatrix is singular.
  [Cox]               train=nan  test=nan
  Fold 5: train=500, test=1290
Warming up TabICL model (triggering checkpoint load)...
ARRIVATO QUI 1
Loading TabICL model checkpoint 'tabicl-classifier-v1.1-0506.ckpt'...
ARRIVATO QUI
Performing dummy prediction to ensure model is loaded...
Warming up TabICL model (triggering checkpoint load)...
ARRIVATO QUI 1
Loading TabICL model checkpoint 'tabicl-classifier-v1.1-0506.ckpt'...
ARRIVATO QUI
Performing dummy prediction to ensure model is loaded...
  Embedding shape: (500, 512)
  [tabicl+DS-simple]  train=0.9150  test=0.7070
  [tabicl+DS-vanilla] train=0.9476  test=0.7039
  [tabicl+RSF]        train=0.9645  test=0.7148
  [tabicl+Cox]        train=0.9588  test=0.6638
  [DS-simple]         train=0.8187  test=0.7616
  [DS-vanilla]        train=0.8403  test=0.7550
  [RSF]               train=0.9209  test=0.7757
    Cox fit failed: Convergence halted due to matrix inversion problems. Suspicion is high collinearity. Please see the following tips in the lifelines documentation: https://lifelines.readthedocs.io/en/latest/Examples.html#problems-with-convergence-in-the-cox-proportional-hazard-modelMatrix is singular.
  [Cox]               train=nan  test=nan

--- Sample size: 1000 ---
  Fold 1: train=1000, test=1291
Warming up TabICL model (triggering checkpoint load)...
ARRIVATO QUI 1
Loading TabICL model checkpoint 'tabicl-classifier-v1.1-0506.ckpt'...
ARRIVATO QUI
Performing dummy prediction to ensure model is loaded...
Warming up TabICL model (triggering checkpoint load)...
ARRIVATO QUI 1
Loading TabICL model checkpoint 'tabicl-classifier-v1.1-0506.ckpt'...
ARRIVATO QUI
Performing dummy prediction to ensure model is loaded...
  Embedding shape: (1000, 512)
  [tabicl+DS-simple]  train=0.8970  test=0.7031
  [tabicl+DS-vanilla] train=0.9175  test=0.7174
  [tabicl+RSF]        train=0.9657  test=0.6969
  [tabicl+Cox]        train=0.9399  test=0.6740
  [DS-simple]         train=0.7824  test=0.7574
  [DS-vanilla]        train=0.7974  test=0.7573
  [RSF]               train=0.9170  test=0.7838
  [Cox]               train=0.8087  test=0.7647
  Fold 2: train=1000, test=1291
Warming up TabICL model (triggering checkpoint load)...
ARRIVATO QUI 1
Loading TabICL model checkpoint 'tabicl-classifier-v1.1-0506.ckpt'...
ARRIVATO QUI
Performing dummy prediction to ensure model is loaded...
Warming up TabICL model (triggering checkpoint load)...
ARRIVATO QUI 1
Loading TabICL model checkpoint 'tabicl-classifier-v1.1-0506.ckpt'...
ARRIVATO QUI
Performing dummy prediction to ensure model is loaded...
  Embedding shape: (1000, 512)
  [tabicl+DS-simple]  train=0.8779  test=0.7048
  [tabicl+DS-vanilla] train=0.9056  test=0.7279
  [tabicl+RSF]        train=0.9610  test=0.7096
  [tabicl+Cox]        train=0.9409  test=0.6916
  [DS-simple]         train=0.7932  test=0.7755
  [DS-vanilla]        train=0.8072  test=0.7587
  [RSF]               train=0.9051  test=0.7745
  [Cox]               train=0.7952  test=0.7721
  Fold 3: train=1000, test=1290
Warming up TabICL model (triggering checkpoint load)...
ARRIVATO QUI 1
Loading TabICL model checkpoint 'tabicl-classifier-v1.1-0506.ckpt'...
ARRIVATO QUI
Performing dummy prediction to ensure model is loaded...
Warming up TabICL model (triggering checkpoint load)...
ARRIVATO QUI 1
Loading TabICL model checkpoint 'tabicl-classifier-v1.1-0506.ckpt'...
ARRIVATO QUI
Performing dummy prediction to ensure model is loaded...
  Embedding shape: (1000, 512)
  [tabicl+DS-simple]  train=0.9411  test=0.7238
  [tabicl+DS-vanilla] train=0.9351  test=0.7317
  [tabicl+RSF]        train=0.9606  test=0.6790
  [tabicl+Cox]        train=0.9458  test=0.7197
  [DS-simple]         train=0.8117  test=0.7544
  [DS-vanilla]        train=0.8256  test=0.7491
  [RSF]               train=0.9062  test=0.7702
  [Cox]               train=0.8239  test=0.7532
  Fold 4: train=1000, test=1290
Warming up TabICL model (triggering checkpoint load)...
ARRIVATO QUI 1
Loading TabICL model checkpoint 'tabicl-classifier-v1.1-0506.ckpt'...
ARRIVATO QUI
Performing dummy prediction to ensure model is loaded...
Warming up TabICL model (triggering checkpoint load)...
ARRIVATO QUI 1
Loading TabICL model checkpoint 'tabicl-classifier-v1.1-0506.ckpt'...
ARRIVATO QUI
Performing dummy prediction to ensure model is loaded...
  Embedding shape: (1000, 512)
  [tabicl+DS-simple]  train=0.9213  test=0.7039
  [tabicl+DS-vanilla] train=0.9229  test=0.7524
  [tabicl+RSF]        train=0.9579  test=0.7271
  [tabicl+Cox]        train=0.9376  test=0.7159
  [DS-simple]         train=0.8056  test=0.7906
  [DS-vanilla]        train=0.8008  test=0.7812
  [RSF]               train=0.9080  test=0.8060
  [Cox]               train=0.8054  test=0.8041
  Fold 5: train=1000, test=1290
Warming up TabICL model (triggering checkpoint load)...
ARRIVATO QUI 1
Loading TabICL model checkpoint 'tabicl-classifier-v1.1-0506.ckpt'...
ARRIVATO QUI
Performing dummy prediction to ensure model is loaded...
Warming up TabICL model (triggering checkpoint load)...
ARRIVATO QUI 1
Loading TabICL model checkpoint 'tabicl-classifier-v1.1-0506.ckpt'...
ARRIVATO QUI
Performing dummy prediction to ensure model is loaded...
  Embedding shape: (1000, 512)
  [tabicl+DS-simple]  train=0.9288  test=0.7301
  [tabicl+DS-vanilla] train=0.9235  test=0.7329
  [tabicl+RSF]        train=0.9595  test=0.7364
  [tabicl+Cox]        train=0.9423  test=0.6482
  [DS-simple]         train=0.8052  test=0.7975
  [DS-vanilla]        train=0.8038  test=0.7890
  [RSF]               train=0.9063  test=0.7926
  [Cox]               train=0.8070  test=0.7988

--- Sample size: 2500 ---
  Fold 1: train=2500, test=1291
Warming up TabICL model (triggering checkpoint load)...
ARRIVATO QUI 1
Loading TabICL model checkpoint 'tabicl-classifier-v1.1-0506.ckpt'...
ARRIVATO QUI
Performing dummy prediction to ensure model is loaded...
Warming up TabICL model (triggering checkpoint load)...
ARRIVATO QUI 1
Loading TabICL model checkpoint 'tabicl-classifier-v1.1-0506.ckpt'...
ARRIVATO QUI
Performing dummy prediction to ensure model is loaded...
  Embedding shape: (2500, 512)
  [tabicl+DS-simple]  train=0.9293  test=0.7135
  [tabicl+DS-vanilla] train=0.9206  test=0.7264
  [tabicl+RSF]        train=0.9637  test=0.7050
  [tabicl+Cox]        train=0.9287  test=0.7266
  [DS-simple]         train=0.7865  test=0.7722
  [DS-vanilla]        train=0.7952  test=0.7800
  [RSF]               train=0.9109  test=0.7863
  [Cox]               train=0.8014  test=0.7824
  Fold 2: train=2500, test=1291
Warming up TabICL model (triggering checkpoint load)...
ARRIVATO QUI 1
Loading TabICL model checkpoint 'tabicl-classifier-v1.1-0506.ckpt'...
ARRIVATO QUI
Performing dummy prediction to ensure model is loaded...
Warming up TabICL model (triggering checkpoint load)...
ARRIVATO QUI 1
Loading TabICL model checkpoint 'tabicl-classifier-v1.1-0506.ckpt'...
ARRIVATO QUI
Performing dummy prediction to ensure model is loaded...
  Embedding shape: (2500, 512)
  [tabicl+DS-simple]  train=0.9264  test=0.6893
  [tabicl+DS-vanilla] train=0.9264  test=0.7424
  [tabicl+RSF]        train=0.9616  test=0.7288
  [tabicl+Cox]        train=0.9327  test=0.7217
  [DS-simple]         train=0.8061  test=0.7764
  [DS-vanilla]        train=0.8229  test=0.7705
  [RSF]               train=0.9090  test=0.7776
  [Cox]               train=0.8107  test=0.7844
  Fold 3: train=2500, test=1290
Warming up TabICL model (triggering checkpoint load)...
ARRIVATO QUI 1
Loading TabICL model checkpoint 'tabicl-classifier-v1.1-0506.ckpt'...
ARRIVATO QUI
Performing dummy prediction to ensure model is loaded...
Warming up TabICL model (triggering checkpoint load)...
ARRIVATO QUI 1
Loading TabICL model checkpoint 'tabicl-classifier-v1.1-0506.ckpt'...
ARRIVATO QUI
Performing dummy prediction to ensure model is loaded...
  Embedding shape: (2500, 512)
  [tabicl+DS-simple]  train=0.9335  test=0.7373
  [tabicl+DS-vanilla] train=0.9283  test=0.7416
  [tabicl+RSF]        train=0.9643  test=0.7135
  [tabicl+Cox]        train=0.9345  test=0.7418
  [DS-simple]         train=0.7902  test=0.7565
  [DS-vanilla]        train=0.7951  test=0.7494
  [RSF]               train=0.9099  test=0.7800
  [Cox]               train=0.8121  test=0.7671
  Fold 4: train=2500, test=1290
Warming up TabICL model (triggering checkpoint load)...
ARRIVATO QUI 1
Loading TabICL model checkpoint 'tabicl-classifier-v1.1-0506.ckpt'...
ARRIVATO QUI
Performing dummy prediction to ensure model is loaded...
Warming up TabICL model (triggering checkpoint load)...
ARRIVATO QUI 1
Loading TabICL model checkpoint 'tabicl-classifier-v1.1-0506.ckpt'...
ARRIVATO QUI
Performing dummy prediction to ensure model is loaded...
  Embedding shape: (2500, 512)
  [tabicl+DS-simple]  train=0.9271  test=0.7139
  [tabicl+DS-vanilla] train=0.9240  test=0.7639
  [tabicl+RSF]        train=0.9634  test=0.7409
  [tabicl+Cox]        train=0.9308  test=0.7573
  [DS-simple]         train=0.7846  test=0.7935
  [DS-vanilla]        train=0.8024  test=0.7998
  [RSF]               train=0.9094  test=0.8073
  [Cox]               train=0.8034  test=0.8095
  Fold 5: train=2500, test=1290
Warming up TabICL model (triggering checkpoint load)...
ARRIVATO QUI 1
Loading TabICL model checkpoint 'tabicl-classifier-v1.1-0506.ckpt'...
ARRIVATO QUI
Performing dummy prediction to ensure model is loaded...
Warming up TabICL model (triggering checkpoint load)...
ARRIVATO QUI 1
Loading TabICL model checkpoint 'tabicl-classifier-v1.1-0506.ckpt'...
ARRIVATO QUI
Performing dummy prediction to ensure model is loaded...
  Embedding shape: (2500, 512)
  [tabicl+DS-simple]  train=0.9242  test=0.7144
  [tabicl+DS-vanilla] train=0.9193  test=0.7463
  [tabicl+RSF]        train=0.9642  test=0.7442
  [tabicl+Cox]        train=0.9323  test=0.7222
  [DS-simple]         train=0.7878  test=0.8004
  [DS-vanilla]        train=0.7930  test=0.7991
  [RSF]               train=0.9063  test=0.8005
  [Cox]               train=0.7923  test=0.8041

--- Sample size: 5000 ---
  Fold 1: train=5000, test=1291
Warming up TabICL model (triggering checkpoint load)...
ARRIVATO QUI 1
Loading TabICL model checkpoint 'tabicl-classifier-v1.1-0506.ckpt'...
ARRIVATO QUI
Performing dummy prediction to ensure model is loaded...
Warming up TabICL model (triggering checkpoint load)...
ARRIVATO QUI 1
Loading TabICL model checkpoint 'tabicl-classifier-v1.1-0506.ckpt'...
ARRIVATO QUI
Performing dummy prediction to ensure model is loaded...
  Embedding shape: (5000, 512)
  [tabicl+DS-simple]  train=0.9254  test=0.7400
  [tabicl+DS-vanilla] train=0.9245  test=0.7116
  [tabicl+RSF]        train=0.9639  test=0.7197
  [tabicl+Cox]        train=0.9271  test=0.7378
  [DS-simple]         train=0.7911  test=0.7764
  [DS-vanilla]        train=0.8100  test=0.7902
  [RSF]               train=0.9085  test=0.7890
  [Cox]               train=0.8013  test=0.7860
  Fold 2: train=5000, test=1291
Warming up TabICL model (triggering checkpoint load)...
ARRIVATO QUI 1
Loading TabICL model checkpoint 'tabicl-classifier-v1.1-0506.ckpt'...
ARRIVATO QUI
Performing dummy prediction to ensure model is loaded...
Warming up TabICL model (triggering checkpoint load)...
ARRIVATO QUI 1
Loading TabICL model checkpoint 'tabicl-classifier-v1.1-0506.ckpt'...
ARRIVATO QUI
Performing dummy prediction to ensure model is loaded...
  Embedding shape: (5000, 512)
  [tabicl+DS-simple]  train=0.9179  test=0.7216
  [tabicl+DS-vanilla] train=0.9206  test=0.7139
  [tabicl+RSF]        train=0.9626  test=0.7302
  [tabicl+Cox]        train=0.9258  test=0.7355
  [DS-simple]         train=0.7872  test=0.7656
  [DS-vanilla]        train=0.8082  test=0.7803
  [RSF]               train=0.9065  test=0.7801
  [Cox]               train=0.8020  test=0.7870
  Fold 3: train=5000, test=1290
Warming up TabICL model (triggering checkpoint load)...
ARRIVATO QUI 1
Loading TabICL model checkpoint 'tabicl-classifier-v1.1-0506.ckpt'...
ARRIVATO QUI
Performing dummy prediction to ensure model is loaded...
Warming up TabICL model (triggering checkpoint load)...
ARRIVATO QUI 1
Loading TabICL model checkpoint 'tabicl-classifier-v1.1-0506.ckpt'...
ARRIVATO QUI
Performing dummy prediction to ensure model is loaded...
  Embedding shape: (5000, 512)
  [tabicl+DS-simple]  train=0.9289  test=0.7200
  [tabicl+DS-vanilla] train=0.9216  test=0.7351
  [tabicl+RSF]        train=0.9636  test=0.7171
  [tabicl+Cox]        train=0.9283  test=0.7361
  [DS-simple]         train=0.7963  test=0.7694
  [DS-vanilla]        train=0.8085  test=0.7733
  [RSF]               train=0.9080  test=0.7841
  [Cox]               train=0.8034  test=0.7763
  Fold 4: train=5000, test=1290
Warming up TabICL model (triggering checkpoint load)...
ARRIVATO QUI 1
Loading TabICL model checkpoint 'tabicl-classifier-v1.1-0506.ckpt'...
ARRIVATO QUI
Performing dummy prediction to ensure model is loaded...
Warming up TabICL model (triggering checkpoint load)...
ARRIVATO QUI 1
Loading TabICL model checkpoint 'tabicl-classifier-v1.1-0506.ckpt'...
ARRIVATO QUI
Performing dummy prediction to ensure model is loaded...
  Embedding shape: (5000, 512)
  [tabicl+DS-simple]  train=0.9247  test=0.7712
  [tabicl+DS-vanilla] train=0.9167  test=0.7709
  [tabicl+RSF]        train=0.9630  test=0.7476
  [tabicl+Cox]        train=0.9284  test=0.7599
  [DS-simple]         train=0.7590  test=0.7696
  [DS-vanilla]        train=0.8097  test=0.8109
  [RSF]               train=0.9099  test=0.8077
  [Cox]               train=0.7988  test=0.8104
  Fold 5: train=5000, test=1290
Warming up TabICL model (triggering checkpoint load)...
ARRIVATO QUI 1
Loading TabICL model checkpoint 'tabicl-classifier-v1.1-0506.ckpt'...
ARRIVATO QUI
Performing dummy prediction to ensure model is loaded...
Warming up TabICL model (triggering checkpoint load)...
ARRIVATO QUI 1
Loading TabICL model checkpoint 'tabicl-classifier-v1.1-0506.ckpt'...
ARRIVATO QUI
Performing dummy prediction to ensure model is loaded...
  Embedding shape: (5000, 512)
  [tabicl+DS-simple]  train=0.9198  test=0.7174
  [tabicl+DS-vanilla] train=0.9227  test=0.7409
  [tabicl+RSF]        train=0.9639  test=0.7506
  [tabicl+Cox]        train=0.9270  test=0.7459
  [DS-simple]         train=0.7835  test=0.7959
  [DS-vanilla]        train=0.8128  test=0.7990
  [RSF]               train=0.9086  test=0.8033
  [Cox]               train=0.7964  test=0.8078

--- Sample size: 10000 ---
  Fold 1: train=5161, test=1291
Warming up TabICL model (triggering checkpoint load)...
ARRIVATO QUI 1
Loading TabICL model checkpoint 'tabicl-classifier-v1.1-0506.ckpt'...
ARRIVATO QUI
Performing dummy prediction to ensure model is loaded...
Warming up TabICL model (triggering checkpoint load)...
ARRIVATO QUI 1
Loading TabICL model checkpoint 'tabicl-classifier-v1.1-0506.ckpt'...
ARRIVATO QUI
Performing dummy prediction to ensure model is loaded...
  Embedding shape: (5161, 512)
  [tabicl+DS-simple]  train=0.9226  test=0.7380
  [tabicl+DS-vanilla] train=0.9213  test=0.7326
  [tabicl+RSF]        train=0.9635  test=0.7193
  [tabicl+Cox]        train=0.9278  test=0.7384
  [DS-simple]         train=0.7897  test=0.7792
  [DS-vanilla]        train=0.8007  test=0.7878
  [RSF]               train=0.9076  test=0.7915
  [Cox]               train=0.8023  test=0.7859
  Fold 2: train=5161, test=1291
Warming up TabICL model (triggering checkpoint load)...
ARRIVATO QUI 1
Loading TabICL model checkpoint 'tabicl-classifier-v1.1-0506.ckpt'...
ARRIVATO QUI
Performing dummy prediction to ensure model is loaded...
Warming up TabICL model (triggering checkpoint load)...
ARRIVATO QUI 1
Loading TabICL model checkpoint 'tabicl-classifier-v1.1-0506.ckpt'...
ARRIVATO QUI
Performing dummy prediction to ensure model is loaded...
  Embedding shape: (5161, 512)
  [tabicl+DS-simple]  train=0.9219  test=0.7338
  [tabicl+DS-vanilla] train=0.9209  test=0.7581
  [tabicl+RSF]        train=0.9625  test=0.7320
  [tabicl+Cox]        train=0.9264  test=0.7353
  [DS-simple]         train=0.7825  test=0.7601
  [DS-vanilla]        train=0.8088  test=0.7810
  [RSF]               train=0.9056  test=0.7835
  [Cox]               train=0.8021  test=0.7868
  Fold 3: train=5162, test=1290
Warming up TabICL model (triggering checkpoint load)...
ARRIVATO QUI 1
Loading TabICL model checkpoint 'tabicl-classifier-v1.1-0506.ckpt'...
ARRIVATO QUI
Performing dummy prediction to ensure model is loaded...
Warming up TabICL model (triggering checkpoint load)...
ARRIVATO QUI 1
Loading TabICL model checkpoint 'tabicl-classifier-v1.1-0506.ckpt'...
ARRIVATO QUI
Performing dummy prediction to ensure model is loaded...
  Embedding shape: (5162, 512)
  [tabicl+DS-simple]  train=0.9250  test=0.7220
  [tabicl+DS-vanilla] train=0.9185  test=0.7298
  [tabicl+RSF]        train=0.9634  test=0.7177
  [tabicl+Cox]        train=0.9275  test=0.7333
  [DS-simple]         train=0.7870  test=0.7573
  [DS-vanilla]        train=0.8088  test=0.7717
  [RSF]               train=0.9081  test=0.7820
  [Cox]               train=0.8041  test=0.7757
  Fold 4: train=5162, test=1290
Warming up TabICL model (triggering checkpoint load)...
ARRIVATO QUI 1
Loading TabICL model checkpoint 'tabicl-classifier-v1.1-0506.ckpt'...
ARRIVATO QUI
Performing dummy prediction to ensure model is loaded...
Warming up TabICL model (triggering checkpoint load)...
ARRIVATO QUI 1
Loading TabICL model checkpoint 'tabicl-classifier-v1.1-0506.ckpt'...
ARRIVATO QUI
Performing dummy prediction to ensure model is loaded...
  Embedding shape: (5162, 512)
  [tabicl+DS-simple]  train=0.9218  test=0.7652
  [tabicl+DS-vanilla] train=0.9250  test=0.7748
  [tabicl+RSF]        train=0.9640  test=0.7430
  [tabicl+Cox]        train=0.9276  test=0.7619
  [DS-simple]         train=0.7762  test=0.7897
  [DS-vanilla]        train=0.8045  test=0.8108
  [RSF]               train=0.9092  test=0.8109
  [Cox]               train=0.7969  test=0.8108
  Fold 5: train=5162, test=1290
Warming up TabICL model (triggering checkpoint load)...
ARRIVATO QUI 1
Loading TabICL model checkpoint 'tabicl-classifier-v1.1-0506.ckpt'...
ARRIVATO QUI
Performing dummy prediction to ensure model is loaded...
Warming up TabICL model (triggering checkpoint load)...
ARRIVATO QUI 1
Loading TabICL model checkpoint 'tabicl-classifier-v1.1-0506.ckpt'...
ARRIVATO QUI
Performing dummy prediction to ensure model is loaded...
  Embedding shape: (5162, 512)
  [tabicl+DS-simple]  train=0.9259  test=0.7335
  [tabicl+DS-vanilla] train=0.9204  test=0.7588
  [tabicl+RSF]        train=0.9638  test=0.7496
  [tabicl+Cox]        train=0.9273  test=0.7444
  [DS-simple]         train=0.7626  test=0.7704
  [DS-vanilla]        train=0.8022  test=0.8055
  [RSF]               train=0.9076  test=0.8039
  [Cox]               train=0.7976  test=0.8083

--- Sample size: 15000 skipped (actual train size 5161 already processed) ---

============================================================
Preprocess: NaN
============================================================
Loading existing folds from tmp/splits/OrmoniTirodei_seed456.pkl

--- Sample size: 100 ---
  Fold 1: train=100, test=1291
Warming up TabICL model (triggering checkpoint load)...
ARRIVATO QUI 1
Loading TabICL model checkpoint 'tabicl-classifier-v1.1-0506.ckpt'...
ARRIVATO QUI
Performing dummy prediction to ensure model is loaded...
Warming up TabICL model (triggering checkpoint load)...
ARRIVATO QUI 1
Loading TabICL model checkpoint 'tabicl-classifier-v1.1-0506.ckpt'...
ARRIVATO QUI
Performing dummy prediction to ensure model is loaded...
  Embedding shape: (100, 512)
  [tabicl+DS-simple]  train=0.9104  test=0.5605
  [tabicl+DS-vanilla] train=0.9696  test=0.6131
  [tabicl+RSF]        train=0.9465  test=0.5533
  [tabicl+Cox]        train=0.9994  test=0.6549
  Fold 2: train=100, test=1291
Warming up TabICL model (triggering checkpoint load)...
ARRIVATO QUI 1
Loading TabICL model checkpoint 'tabicl-classifier-v1.1-0506.ckpt'...
ARRIVATO QUI
Performing dummy prediction to ensure model is loaded...
Warming up TabICL model (triggering checkpoint load)...
ARRIVATO QUI 1
Loading TabICL model checkpoint 'tabicl-classifier-v1.1-0506.ckpt'...
ARRIVATO QUI
Performing dummy prediction to ensure model is loaded...
  Embedding shape: (100, 512)
  [tabicl+DS-simple]  train=0.8890  test=0.6030
  [tabicl+DS-vanilla] train=0.8966  test=0.6113
  [tabicl+RSF]        train=0.9455  test=0.6079
  [tabicl+Cox]        train=0.9990  test=0.5757
  Fold 3: train=100, test=1290
Warming up TabICL model (triggering checkpoint load)...
ARRIVATO QUI 1
Loading TabICL model checkpoint 'tabicl-classifier-v1.1-0506.ckpt'...
ARRIVATO QUI
Performing dummy prediction to ensure model is loaded...
Warming up TabICL model (triggering checkpoint load)...
ARRIVATO QUI 1
Loading TabICL model checkpoint 'tabicl-classifier-v1.1-0506.ckpt'...
ARRIVATO QUI
Performing dummy prediction to ensure model is loaded...
  Embedding shape: (100, 512)
  [tabicl+DS-simple]  train=0.9079  test=0.6151
  [tabicl+DS-vanilla] train=0.9088  test=0.5959
  [tabicl+RSF]        train=0.9467  test=0.6090
  [tabicl+Cox]        train=0.9964  test=0.6385
  Fold 4: train=100, test=1290
Warming up TabICL model (triggering checkpoint load)...
ARRIVATO QUI 1
Loading TabICL model checkpoint 'tabicl-classifier-v1.1-0506.ckpt'...
ARRIVATO QUI
Performing dummy prediction to ensure model is loaded...
Warming up TabICL model (triggering checkpoint load)...
ARRIVATO QUI 1
Loading TabICL model checkpoint 'tabicl-classifier-v1.1-0506.ckpt'...
ARRIVATO QUI
Performing dummy prediction to ensure model is loaded...
  Embedding shape: (100, 512)
  [tabicl+DS-simple]  train=0.8749  test=0.6011
  [tabicl+DS-vanilla] train=0.9324  test=0.6369
  [tabicl+RSF]        train=0.9424  test=0.5925
  [tabicl+Cox]        train=0.9986  test=0.5898
  Fold 5: train=100, test=1290
Warming up TabICL model (triggering checkpoint load)...
ARRIVATO QUI 1
Loading TabICL model checkpoint 'tabicl-classifier-v1.1-0506.ckpt'...
ARRIVATO QUI
Performing dummy prediction to ensure model is loaded...
Warming up TabICL model (triggering checkpoint load)...
ARRIVATO QUI 1
Loading TabICL model checkpoint 'tabicl-classifier-v1.1-0506.ckpt'...
ARRIVATO QUI
Performing dummy prediction to ensure model is loaded...
  Embedding shape: (100, 512)
  [tabicl+DS-simple]  train=0.9383  test=0.6851
  [tabicl+DS-vanilla] train=0.9419  test=0.6654
  [tabicl+RSF]        train=0.9665  test=0.6648
  [tabicl+Cox]        train=0.9153  test=0.5803

--- Sample size: 500 ---
  Fold 1: train=500, test=1291
Warming up TabICL model (triggering checkpoint load)...
ARRIVATO QUI 1
Loading TabICL model checkpoint 'tabicl-classifier-v1.1-0506.ckpt'...
ARRIVATO QUI
Performing dummy prediction to ensure model is loaded...
Warming up TabICL model (triggering checkpoint load)...
ARRIVATO QUI 1
Loading TabICL model checkpoint 'tabicl-classifier-v1.1-0506.ckpt'...
ARRIVATO QUI
Performing dummy prediction to ensure model is loaded...
  Embedding shape: (500, 512)
  [tabicl+DS-simple]  train=0.9058  test=0.6853
  [tabicl+DS-vanilla] train=0.8967  test=0.6748
  [tabicl+RSF]        train=0.9638  test=0.6624
  [tabicl+Cox]        train=0.9578  test=0.6731
  Fold 2: train=500, test=1291
Warming up TabICL model (triggering checkpoint load)...
ARRIVATO QUI 1
Loading TabICL model checkpoint 'tabicl-classifier-v1.1-0506.ckpt'...
ARRIVATO QUI
Performing dummy prediction to ensure model is loaded...
Warming up TabICL model (triggering checkpoint load)...
ARRIVATO QUI 1
Loading TabICL model checkpoint 'tabicl-classifier-v1.1-0506.ckpt'...
ARRIVATO QUI
Performing dummy prediction to ensure model is loaded...
  Embedding shape: (500, 512)
  [tabicl+DS-simple]  train=0.8917  test=0.7024
  [tabicl+DS-vanilla] train=0.9130  test=0.7093
  [tabicl+RSF]        train=0.9582  test=0.6581
  [tabicl+Cox]        train=0.9452  test=0.6419
  Fold 3: train=500, test=1290
Warming up TabICL model (triggering checkpoint load)...
ARRIVATO QUI 1
Loading TabICL model checkpoint 'tabicl-classifier-v1.1-0506.ckpt'...
ARRIVATO QUI
Performing dummy prediction to ensure model is loaded...
Warming up TabICL model (triggering checkpoint load)...
ARRIVATO QUI 1
Loading TabICL model checkpoint 'tabicl-classifier-v1.1-0506.ckpt'...
ARRIVATO QUI
Performing dummy prediction to ensure model is loaded...
  Embedding shape: (500, 512)
  [tabicl+DS-simple]  train=0.9252  test=0.6953
  [tabicl+DS-vanilla] train=0.9455  test=0.6971
  [tabicl+RSF]        train=0.9625  test=0.6744
  [tabicl+Cox]        train=0.9638  test=0.6560
  Fold 4: train=500, test=1290
Warming up TabICL model (triggering checkpoint load)...
ARRIVATO QUI 1
Loading TabICL model checkpoint 'tabicl-classifier-v1.1-0506.ckpt'...
ARRIVATO QUI
Performing dummy prediction to ensure model is loaded...
Warming up TabICL model (triggering checkpoint load)...
ARRIVATO QUI 1
Loading TabICL model checkpoint 'tabicl-classifier-v1.1-0506.ckpt'...
ARRIVATO QUI
Performing dummy prediction to ensure model is loaded...
  Embedding shape: (500, 512)
  [tabicl+DS-simple]  train=0.9143  test=0.7163
  [tabicl+DS-vanilla] train=0.9351  test=0.7402
  [tabicl+RSF]        train=0.9629  test=0.7134
  [tabicl+Cox]        train=0.9555  test=0.7055
  Fold 5: train=500, test=1290
Warming up TabICL model (triggering checkpoint load)...
ARRIVATO QUI 1
Loading TabICL model checkpoint 'tabicl-classifier-v1.1-0506.ckpt'...
ARRIVATO QUI
Performing dummy prediction to ensure model is loaded...
Warming up TabICL model (triggering checkpoint load)...
ARRIVATO QUI 1
Loading TabICL model checkpoint 'tabicl-classifier-v1.1-0506.ckpt'...
ARRIVATO QUI
Performing dummy prediction to ensure model is loaded...
  Embedding shape: (500, 512)
  [tabicl+DS-simple]  train=0.8976  test=0.6858
  [tabicl+DS-vanilla] train=0.9443  test=0.7211
  [tabicl+RSF]        train=0.9660  test=0.7147
  [tabicl+Cox]        train=0.9591  test=0.6853

--- Sample size: 1000 ---
  Fold 1: train=1000, test=1291
Warming up TabICL model (triggering checkpoint load)...
ARRIVATO QUI 1
Loading TabICL model checkpoint 'tabicl-classifier-v1.1-0506.ckpt'...
ARRIVATO QUI
Performing dummy prediction to ensure model is loaded...
Warming up TabICL model (triggering checkpoint load)...
ARRIVATO QUI 1
Loading TabICL model checkpoint 'tabicl-classifier-v1.1-0506.ckpt'...
ARRIVATO QUI
Performing dummy prediction to ensure model is loaded...
  Embedding shape: (1000, 512)
  [tabicl+DS-simple]  train=0.8973  test=0.6947
  [tabicl+DS-vanilla] train=0.9180  test=0.7035
  [tabicl+RSF]        train=0.9630  test=0.6884
  [tabicl+Cox]        train=0.9369  test=0.6721
  Fold 2: train=1000, test=1291
Warming up TabICL model (triggering checkpoint load)...
ARRIVATO QUI 1
Loading TabICL model checkpoint 'tabicl-classifier-v1.1-0506.ckpt'...
ARRIVATO QUI
Performing dummy prediction to ensure model is loaded...
Warming up TabICL model (triggering checkpoint load)...
ARRIVATO QUI 1
Loading TabICL model checkpoint 'tabicl-classifier-v1.1-0506.ckpt'...
ARRIVATO QUI
Performing dummy prediction to ensure model is loaded...
  Embedding shape: (1000, 512)
  [tabicl+DS-simple]  train=0.9035  test=0.7386
  [tabicl+DS-vanilla] train=0.9096  test=0.7236
  [tabicl+RSF]        train=0.9624  test=0.7185
  [tabicl+Cox]        train=0.9411  test=0.6564
  Fold 3: train=1000, test=1290
Warming up TabICL model (triggering checkpoint load)...
ARRIVATO QUI 1
Loading TabICL model checkpoint 'tabicl-classifier-v1.1-0506.ckpt'...
ARRIVATO QUI
Performing dummy prediction to ensure model is loaded...
Warming up TabICL model (triggering checkpoint load)...
ARRIVATO QUI 1
Loading TabICL model checkpoint 'tabicl-classifier-v1.1-0506.ckpt'...
ARRIVATO QUI
Performing dummy prediction to ensure model is loaded...
  Embedding shape: (1000, 512)
  [tabicl+DS-simple]  train=0.9402  test=0.7210
  [tabicl+DS-vanilla] train=0.9287  test=0.7341
  [tabicl+RSF]        train=0.9593  test=0.6974
  [tabicl+Cox]        train=0.9448  test=0.7163
  Fold 4: train=1000, test=1290
Warming up TabICL model (triggering checkpoint load)...
ARRIVATO QUI 1
Loading TabICL model checkpoint 'tabicl-classifier-v1.1-0506.ckpt'...
ARRIVATO QUI
Performing dummy prediction to ensure model is loaded...
Warming up TabICL model (triggering checkpoint load)...
ARRIVATO QUI 1
Loading TabICL model checkpoint 'tabicl-classifier-v1.1-0506.ckpt'...
ARRIVATO QUI
Performing dummy prediction to ensure model is loaded...
  Embedding shape: (1000, 512)
  [tabicl+DS-simple]  train=0.8966  test=0.7326
  [tabicl+DS-vanilla] train=0.9193  test=0.7575
  [tabicl+RSF]        train=0.9560  test=0.7418
  [tabicl+Cox]        train=0.9331  test=0.7387
  Fold 5: train=1000, test=1290
Warming up TabICL model (triggering checkpoint load)...
ARRIVATO QUI 1
Loading TabICL model checkpoint 'tabicl-classifier-v1.1-0506.ckpt'...
ARRIVATO QUI
Performing dummy prediction to ensure model is loaded...
Warming up TabICL model (triggering checkpoint load)...
ARRIVATO QUI 1
Loading TabICL model checkpoint 'tabicl-classifier-v1.1-0506.ckpt'...
ARRIVATO QUI
Performing dummy prediction to ensure model is loaded...
  Embedding shape: (1000, 512)
  [tabicl+DS-simple]  train=0.9001  test=0.7185
  [tabicl+DS-vanilla] train=0.9073  test=0.7483
  [tabicl+RSF]        train=0.9594  test=0.7451
  [tabicl+Cox]        train=0.9402  test=0.6442

--- Sample size: 2500 ---
  Fold 1: train=2500, test=1291
Warming up TabICL model (triggering checkpoint load)...
ARRIVATO QUI 1
Loading TabICL model checkpoint 'tabicl-classifier-v1.1-0506.ckpt'...
ARRIVATO QUI
Performing dummy prediction to ensure model is loaded...
Warming up TabICL model (triggering checkpoint load)...
ARRIVATO QUI 1
Loading TabICL model checkpoint 'tabicl-classifier-v1.1-0506.ckpt'...
ARRIVATO QUI
Performing dummy prediction to ensure model is loaded...
  Embedding shape: (2500, 512)
  [tabicl+DS-simple]  train=0.9140  test=0.7134
  [tabicl+DS-vanilla] train=0.9195  test=0.7291
  [tabicl+RSF]        train=0.9641  test=0.7047
  [tabicl+Cox]        train=0.9255  test=0.7066
  Fold 2: train=2500, test=1291
Warming up TabICL model (triggering checkpoint load)...
ARRIVATO QUI 1
Loading TabICL model checkpoint 'tabicl-classifier-v1.1-0506.ckpt'...
ARRIVATO QUI
Performing dummy prediction to ensure model is loaded...
Warming up TabICL model (triggering checkpoint load)...
ARRIVATO QUI 1
Loading TabICL model checkpoint 'tabicl-classifier-v1.1-0506.ckpt'...
ARRIVATO QUI
Performing dummy prediction to ensure model is loaded...
  Embedding shape: (2500, 512)
  [tabicl+DS-simple]  train=0.9303  test=0.7373
  [tabicl+DS-vanilla] train=0.9249  test=0.7252
  [tabicl+RSF]        train=0.9619  test=0.7317
  [tabicl+Cox]        train=0.9312  test=0.7328
  Fold 3: train=2500, test=1290
Warming up TabICL model (triggering checkpoint load)...
ARRIVATO QUI 1
Loading TabICL model checkpoint 'tabicl-classifier-v1.1-0506.ckpt'...
ARRIVATO QUI
Performing dummy prediction to ensure model is loaded...
Warming up TabICL model (triggering checkpoint load)...
ARRIVATO QUI 1
Loading TabICL model checkpoint 'tabicl-classifier-v1.1-0506.ckpt'...
ARRIVATO QUI
Performing dummy prediction to ensure model is loaded...
  Embedding shape: (2500, 512)
  [tabicl+DS-simple]  train=0.9246  test=0.7148
  [tabicl+DS-vanilla] train=0.9211  test=0.7403
  [tabicl+RSF]        train=0.9636  test=0.7226
  [tabicl+Cox]        train=0.9334  test=0.7322
  Fold 4: train=2500, test=1290
Warming up TabICL model (triggering checkpoint load)...
ARRIVATO QUI 1
Loading TabICL model checkpoint 'tabicl-classifier-v1.1-0506.ckpt'...
ARRIVATO QUI
Performing dummy prediction to ensure model is loaded...
Warming up TabICL model (triggering checkpoint load)...
ARRIVATO QUI 1
Loading TabICL model checkpoint 'tabicl-classifier-v1.1-0506.ckpt'...
ARRIVATO QUI
Performing dummy prediction to ensure model is loaded...
  Embedding shape: (2500, 512)
  [tabicl+DS-simple]  train=0.9223  test=0.7489
  [tabicl+DS-vanilla] train=0.9154  test=0.7751
  [tabicl+RSF]        train=0.9623  test=0.7400
  [tabicl+Cox]        train=0.9295  test=0.7567
  Fold 5: train=2500, test=1290
Warming up TabICL model (triggering checkpoint load)...
ARRIVATO QUI 1
Loading TabICL model checkpoint 'tabicl-classifier-v1.1-0506.ckpt'...
ARRIVATO QUI
Performing dummy prediction to ensure model is loaded...
Warming up TabICL model (triggering checkpoint load)...
ARRIVATO QUI 1
Loading TabICL model checkpoint 'tabicl-classifier-v1.1-0506.ckpt'...
ARRIVATO QUI
Performing dummy prediction to ensure model is loaded...
  Embedding shape: (2500, 512)
  [tabicl+DS-simple]  train=0.9243  test=0.7412
  [tabicl+DS-vanilla] train=0.9283  test=0.7359
  [tabicl+RSF]        train=0.9632  test=0.7657
  [tabicl+Cox]        train=0.9318  test=0.7235

--- Sample size: 5000 ---
  Fold 1: train=5000, test=1291
Warming up TabICL model (triggering checkpoint load)...
ARRIVATO QUI 1
Loading TabICL model checkpoint 'tabicl-classifier-v1.1-0506.ckpt'...
ARRIVATO QUI
Performing dummy prediction to ensure model is loaded...
Warming up TabICL model (triggering checkpoint load)...
ARRIVATO QUI 1
Loading TabICL model checkpoint 'tabicl-classifier-v1.1-0506.ckpt'...
ARRIVATO QUI
Performing dummy prediction to ensure model is loaded...
  Embedding shape: (5000, 512)
  [tabicl+DS-simple]  train=0.9216  test=0.7375
  [tabicl+DS-vanilla] train=0.9200  test=0.6975
  [tabicl+RSF]        train=0.9628  test=0.7184
  [tabicl+Cox]        train=0.9245  test=0.7387
  Fold 2: train=5000, test=1291
Warming up TabICL model (triggering checkpoint load)...
ARRIVATO QUI 1
Loading TabICL model checkpoint 'tabicl-classifier-v1.1-0506.ckpt'...
ARRIVATO QUI
Performing dummy prediction to ensure model is loaded...
Warming up TabICL model (triggering checkpoint load)...
ARRIVATO QUI 1
Loading TabICL model checkpoint 'tabicl-classifier-v1.1-0506.ckpt'...
ARRIVATO QUI
Performing dummy prediction to ensure model is loaded...
  Embedding shape: (5000, 512)
  [tabicl+DS-simple]  train=0.9207  test=0.7394
  [tabicl+DS-vanilla] train=0.9174  test=0.7314
  [tabicl+RSF]        train=0.9615  test=0.7423
  [tabicl+Cox]        train=0.9241  test=0.7350
  Fold 3: train=5000, test=1290
Warming up TabICL model (triggering checkpoint load)...
ARRIVATO QUI 1
Loading TabICL model checkpoint 'tabicl-classifier-v1.1-0506.ckpt'...
ARRIVATO QUI
Performing dummy prediction to ensure model is loaded...
Warming up TabICL model (triggering checkpoint load)...
ARRIVATO QUI 1
Loading TabICL model checkpoint 'tabicl-classifier-v1.1-0506.ckpt'...
ARRIVATO QUI
Performing dummy prediction to ensure model is loaded...
  Embedding shape: (5000, 512)
  [tabicl+DS-simple]  train=0.9206  test=0.7369
  [tabicl+DS-vanilla] train=0.9222  test=0.7440
  [tabicl+RSF]        train=0.9628  test=0.7211
  [tabicl+Cox]        train=0.9255  test=0.7365
  Fold 4: train=5000, test=1290
Warming up TabICL model (triggering checkpoint load)...
ARRIVATO QUI 1
Loading TabICL model checkpoint 'tabicl-classifier-v1.1-0506.ckpt'...
ARRIVATO QUI
Performing dummy prediction to ensure model is loaded...
Warming up TabICL model (triggering checkpoint load)...
ARRIVATO QUI 1
Loading TabICL model checkpoint 'tabicl-classifier-v1.1-0506.ckpt'...
ARRIVATO QUI
Performing dummy prediction to ensure model is loaded...
  Embedding shape: (5000, 512)
  [tabicl+DS-simple]  train=0.9240  test=0.7648
  [tabicl+DS-vanilla] train=0.9191  test=0.7776
  [tabicl+RSF]        train=0.9623  test=0.7586
  [tabicl+Cox]        train=0.9261  test=0.7703
  Fold 5: train=5000, test=1290
Warming up TabICL model (triggering checkpoint load)...
ARRIVATO QUI 1
Loading TabICL model checkpoint 'tabicl-classifier-v1.1-0506.ckpt'...
ARRIVATO QUI
Performing dummy prediction to ensure model is loaded...
Warming up TabICL model (triggering checkpoint load)...
ARRIVATO QUI 1
Loading TabICL model checkpoint 'tabicl-classifier-v1.1-0506.ckpt'...
ARRIVATO QUI
Performing dummy prediction to ensure model is loaded...
  Embedding shape: (5000, 512)
  [tabicl+DS-simple]  train=0.9248  test=0.7309
  [tabicl+DS-vanilla] train=0.9170  test=0.7570
  [tabicl+RSF]        train=0.9625  test=0.7585
  [tabicl+Cox]        train=0.9258  test=0.7434

--- Sample size: 10000 ---
  Fold 1: train=5161, test=1291
Warming up TabICL model (triggering checkpoint load)...
ARRIVATO QUI 1
Loading TabICL model checkpoint 'tabicl-classifier-v1.1-0506.ckpt'...
ARRIVATO QUI
Performing dummy prediction to ensure model is loaded...
Warming up TabICL model (triggering checkpoint load)...
ARRIVATO QUI 1
Loading TabICL model checkpoint 'tabicl-classifier-v1.1-0506.ckpt'...
ARRIVATO QUI
Performing dummy prediction to ensure model is loaded...
  Embedding shape: (5161, 512)
  [tabicl+DS-simple]  train=0.9174  test=0.7214
  [tabicl+DS-vanilla] train=0.9205  test=0.7470
  [tabicl+RSF]        train=0.9621  test=0.7245
  [tabicl+Cox]        train=0.9252  test=0.7395
  Fold 2: train=5161, test=1291
Warming up TabICL model (triggering checkpoint load)...
ARRIVATO QUI 1
Loading TabICL model checkpoint 'tabicl-classifier-v1.1-0506.ckpt'...
ARRIVATO QUI
Performing dummy prediction to ensure model is loaded...
Warming up TabICL model (triggering checkpoint load)...
ARRIVATO QUI 1
Loading TabICL model checkpoint 'tabicl-classifier-v1.1-0506.ckpt'...
ARRIVATO QUI
Performing dummy prediction to ensure model is loaded...
  Embedding shape: (5161, 512)
  [tabicl+DS-simple]  train=0.9142  test=0.6903
  [tabicl+DS-vanilla] train=0.9203  test=0.7397
  [tabicl+RSF]        train=0.9618  test=0.7420
  [tabicl+Cox]        train=0.9250  test=0.7379
  Fold 3: train=5162, test=1290
Warming up TabICL model (triggering checkpoint load)...
ARRIVATO QUI 1
Loading TabICL model checkpoint 'tabicl-classifier-v1.1-0506.ckpt'...
ARRIVATO QUI
Performing dummy prediction to ensure model is loaded...
Warming up TabICL model (triggering checkpoint load)...
ARRIVATO QUI 1
Loading TabICL model checkpoint 'tabicl-classifier-v1.1-0506.ckpt'...
ARRIVATO QUI
Performing dummy prediction to ensure model is loaded...
  Embedding shape: (5162, 512)
  [tabicl+DS-simple]  train=0.9237  test=0.7244
  [tabicl+DS-vanilla] train=0.9197  test=0.7296
  [tabicl+RSF]        train=0.9619  test=0.7164
  [tabicl+Cox]        train=0.9244  test=0.7379
  Fold 4: train=5162, test=1290
Warming up TabICL model (triggering checkpoint load)...
ARRIVATO QUI 1
Loading TabICL model checkpoint 'tabicl-classifier-v1.1-0506.ckpt'...
ARRIVATO QUI
Performing dummy prediction to ensure model is loaded...
Warming up TabICL model (triggering checkpoint load)...
ARRIVATO QUI 1
Loading TabICL model checkpoint 'tabicl-classifier-v1.1-0506.ckpt'...
ARRIVATO QUI
Performing dummy prediction to ensure model is loaded...
  Embedding shape: (5162, 512)
  [tabicl+DS-simple]  train=0.9227  test=0.7682
  [tabicl+DS-vanilla] train=0.9201  test=0.7633
  [tabicl+RSF]        train=0.9621  test=0.7620
  [tabicl+Cox]        train=0.9255  test=0.7703
  Fold 5: train=5162, test=1290
Warming up TabICL model (triggering checkpoint load)...
ARRIVATO QUI 1
Loading TabICL model checkpoint 'tabicl-classifier-v1.1-0506.ckpt'...
ARRIVATO QUI
Performing dummy prediction to ensure model is loaded...
Warming up TabICL model (triggering checkpoint load)...
ARRIVATO QUI 1
Loading TabICL model checkpoint 'tabicl-classifier-v1.1-0506.ckpt'...
ARRIVATO QUI
Performing dummy prediction to ensure model is loaded...
  Embedding shape: (5162, 512)
  [tabicl+DS-simple]  train=0.9215  test=0.7449
  [tabicl+DS-vanilla] train=0.9225  test=0.7034
  [tabicl+RSF]        train=0.9637  test=0.7607
  [tabicl+Cox]        train=0.9258  test=0.7418

--- Sample size: 15000 skipped (actual train size 5161 already processed) ---

Data saved → results/OrmoniTirodei/tabicl/results_samplesize_OrmoniTirodei_tabicl_seed456_data.txt

Dataset: OrmoniTirodei | Model: tabicl | Seed: 456
======================================================================

Preprocess: -1
------------------------------------------------------------

  Sample size (requested):    100  |  actual mean: 100
    TRAIN tabicl+DS-simple            → mean: 0.9001 | std: 0.0262 | min: 0.8701 | max: 0.9404
    TEST  tabicl+DS-simple            → mean: 0.5972 | std: 0.0488 | min: 0.5447 | max: 0.6811
    TRAIN tabicl+DS-vanilla           → mean: 0.9296 | std: 0.0148 | min: 0.9179 | max: 0.9589
    TEST  tabicl+DS-vanilla           → mean: 0.6431 | std: 0.0288 | min: 0.6109 | max: 0.6940
    TRAIN tabicl+RSF                  → mean: 0.9460 | std: 0.0129 | min: 0.9331 | max: 0.9694
    TEST  tabicl+RSF                  → mean: 0.6082 | std: 0.0346 | min: 0.5620 | max: 0.6682
    TRAIN tabicl+Cox                  → mean: 0.9982 | std: 0.0019 | min: 0.9946 | max: 0.9995
    TEST  tabicl+Cox                  → mean: 0.6128 | std: 0.0493 | min: 0.5408 | max: 0.6857
    TRAIN DS-simple (base)            → mean: 0.7555 | std: 0.1156 | min: 0.5352 | max: 0.8777
    TEST  DS-simple (base)            → mean: 0.6278 | std: 0.0555 | min: 0.5506 | max: 0.6898
    TRAIN DS-vanilla (base)           → mean: 0.7639 | std: 0.1280 | min: 0.5656 | max: 0.8997
    TEST  DS-vanilla (base)           → mean: 0.6223 | std: 0.0332 | min: 0.5790 | max: 0.6539
    TRAIN RSF (base)                  → mean: 0.9297 | std: 0.0220 | min: 0.9038 | max: 0.9676
    TEST  RSF (base)                  → mean: 0.7168 | std: 0.0215 | min: 0.6793 | max: 0.7364
    TRAIN Cox (base)                  → no valid scores
    TEST  Cox (base)                  → no valid scores

  Sample size (requested):    500  |  actual mean: 500
    TRAIN tabicl+DS-simple            → mean: 0.9060 | std: 0.0167 | min: 0.8818 | max: 0.9270
    TEST  tabicl+DS-simple            → mean: 0.6850 | std: 0.0217 | min: 0.6469 | max: 0.7070
    TRAIN tabicl+DS-vanilla           → mean: 0.9282 | std: 0.0228 | min: 0.8953 | max: 0.9532
    TEST  tabicl+DS-vanilla           → mean: 0.6808 | std: 0.0347 | min: 0.6147 | max: 0.7050
    TRAIN tabicl+RSF                  → mean: 0.9636 | std: 0.0018 | min: 0.9614 | max: 0.9667
    TEST  tabicl+RSF                  → mean: 0.6844 | std: 0.0172 | min: 0.6611 | max: 0.7148
    TRAIN tabicl+Cox                  → mean: 0.9594 | std: 0.0061 | min: 0.9486 | max: 0.9659
    TEST  tabicl+Cox                  → mean: 0.6619 | std: 0.0150 | min: 0.6444 | max: 0.6783
    TRAIN DS-simple (base)            → mean: 0.8104 | std: 0.0169 | min: 0.7827 | max: 0.8328
    TEST  DS-simple (base)            → mean: 0.7526 | std: 0.0079 | min: 0.7401 | max: 0.7616
    TRAIN DS-vanilla (base)           → mean: 0.8064 | std: 0.0308 | min: 0.7553 | max: 0.8403
    TEST  DS-vanilla (base)           → mean: 0.7323 | std: 0.0212 | min: 0.6927 | max: 0.7550
    TRAIN RSF (base)                  → mean: 0.9129 | std: 0.0062 | min: 0.9032 | max: 0.9209
    TEST  RSF (base)                  → mean: 0.7655 | std: 0.0114 | min: 0.7476 | max: 0.7782
    TRAIN Cox (base)                  → no valid scores
    TEST  Cox (base)                  → no valid scores

  Sample size (requested):   1000  |  actual mean: 1000
    TRAIN tabicl+DS-simple            → mean: 0.9132 | std: 0.0228 | min: 0.8779 | max: 0.9411
    TEST  tabicl+DS-simple            → mean: 0.7131 | std: 0.0115 | min: 0.7031 | max: 0.7301
    TRAIN tabicl+DS-vanilla           → mean: 0.9209 | std: 0.0096 | min: 0.9056 | max: 0.9351
    TEST  tabicl+DS-vanilla           → mean: 0.7324 | std: 0.0114 | min: 0.7174 | max: 0.7524
    TRAIN tabicl+RSF                  → mean: 0.9609 | std: 0.0026 | min: 0.9579 | max: 0.9657
    TEST  tabicl+RSF                  → mean: 0.7098 | std: 0.0206 | min: 0.6790 | max: 0.7364
    TRAIN tabicl+Cox                  → mean: 0.9413 | std: 0.0027 | min: 0.9376 | max: 0.9458
    TEST  tabicl+Cox                  → mean: 0.6899 | std: 0.0267 | min: 0.6482 | max: 0.7197
    TRAIN DS-simple (base)            → mean: 0.7996 | std: 0.0105 | min: 0.7824 | max: 0.8117
    TEST  DS-simple (base)            → mean: 0.7751 | std: 0.0172 | min: 0.7544 | max: 0.7975
    TRAIN DS-vanilla (base)           → mean: 0.8070 | std: 0.0099 | min: 0.7974 | max: 0.8256
    TEST  DS-vanilla (base)           → mean: 0.7671 | std: 0.0153 | min: 0.7491 | max: 0.7890
    TRAIN RSF (base)                  → mean: 0.9085 | std: 0.0043 | min: 0.9051 | max: 0.9170
    TEST  RSF (base)                  → mean: 0.7854 | std: 0.0129 | min: 0.7702 | max: 0.8060
    TRAIN Cox (base)                  → mean: 0.8080 | std: 0.0092 | min: 0.7952 | max: 0.8239
    TEST  Cox (base)                  → mean: 0.7786 | std: 0.0197 | min: 0.7532 | max: 0.8041

  Sample size (requested):   2500  |  actual mean: 2500
    TRAIN tabicl+DS-simple            → mean: 0.9281 | std: 0.0031 | min: 0.9242 | max: 0.9335
    TEST  tabicl+DS-simple            → mean: 0.7137 | std: 0.0152 | min: 0.6893 | max: 0.7373
    TRAIN tabicl+DS-vanilla           → mean: 0.9237 | std: 0.0034 | min: 0.9193 | max: 0.9283
    TEST  tabicl+DS-vanilla           → mean: 0.7441 | std: 0.0120 | min: 0.7264 | max: 0.7639
    TRAIN tabicl+RSF                  → mean: 0.9634 | std: 0.0010 | min: 0.9616 | max: 0.9643
    TEST  tabicl+RSF                  → mean: 0.7265 | std: 0.0152 | min: 0.7050 | max: 0.7442
    TRAIN tabicl+Cox                  → mean: 0.9318 | std: 0.0020 | min: 0.9287 | max: 0.9345
    TEST  tabicl+Cox                  → mean: 0.7339 | std: 0.0138 | min: 0.7217 | max: 0.7573
    TRAIN DS-simple (base)            → mean: 0.7910 | std: 0.0078 | min: 0.7846 | max: 0.8061
    TEST  DS-simple (base)            → mean: 0.7798 | std: 0.0156 | min: 0.7565 | max: 0.8004
    TRAIN DS-vanilla (base)           → mean: 0.8017 | std: 0.0111 | min: 0.7930 | max: 0.8229
    TEST  DS-vanilla (base)           → mean: 0.7797 | std: 0.0189 | min: 0.7494 | max: 0.7998
    TRAIN RSF (base)                  → mean: 0.9091 | std: 0.0015 | min: 0.9063 | max: 0.9109
    TEST  RSF (base)                  → mean: 0.7903 | std: 0.0116 | min: 0.7776 | max: 0.8073
    TRAIN Cox (base)                  → mean: 0.8040 | std: 0.0071 | min: 0.7923 | max: 0.8121
    TEST  Cox (base)                  → mean: 0.7895 | std: 0.0154 | min: 0.7671 | max: 0.8095

  Sample size (requested):   5000  |  actual mean: 5000
    TRAIN tabicl+DS-simple            → mean: 0.9234 | std: 0.0040 | min: 0.9179 | max: 0.9289
    TEST  tabicl+DS-simple            → mean: 0.7340 | std: 0.0202 | min: 0.7174 | max: 0.7712
    TRAIN tabicl+DS-vanilla           → mean: 0.9212 | std: 0.0026 | min: 0.9167 | max: 0.9245
    TEST  tabicl+DS-vanilla           → mean: 0.7345 | std: 0.0215 | min: 0.7116 | max: 0.7709/scratch.hpc/luca.cotugno/Foundation_model_clinical_data/.venv/lib/python3.12/site-packages/lifelines/utils/__init__.py:990: ConvergenceWarning: Your dataset has more variables than samples. Even with a penalizer (which you must use), convergence is not guaranteed.

  warnings.warn(warning_text, ConvergenceWarning)
/scratch.hpc/luca.cotugno/Foundation_model_clinical_data/.venv/lib/python3.12/site-packages/lifelines/fitters/coxph_fitter.py:1614: ConvergenceWarning: Newton-Raphson failed to converge sufficiently. Please see the following tips in the lifelines documentation: https://lifelines.readthedocs.io/en/latest/Examples.html#problems-with-convergence-in-the-cox-proportional-hazard-model
  warnings.warn(
/scratch.hpc/luca.cotugno/Foundation_model_clinical_data/.venv/lib/python3.12/site-packages/lifelines/utils/__init__.py:990: ConvergenceWarning: Your dataset has more variables than samples. Even with a penalizer (which you must use), convergence is not guaranteed.

  warnings.warn(warning_text, ConvergenceWarning)
/scratch.hpc/luca.cotugno/Foundation_model_clinical_data/.venv/lib/python3.12/site-packages/lifelines/fitters/coxph_fitter.py:1614: ConvergenceWarning: Newton-Raphson failed to converge sufficiently. Please see the following tips in the lifelines documentation: https://lifelines.readthedocs.io/en/latest/Examples.html#problems-with-convergence-in-the-cox-proportional-hazard-model
  warnings.warn(
/scratch.hpc/luca.cotugno/Foundation_model_clinical_data/.venv/lib/python3.12/site-packages/lifelines/utils/__init__.py:1120: ConvergenceWarning: Column MENOPAUSA have very low variance when conditioned on death event present or not. This may harm convergence. This could be a form of 'complete separation'. For example, try the following code:

>>> events = df['__e__'].astype(bool)
>>> print(df.loc[events, 'MENOPAUSA'].var())
>>> print(df.loc[~events, 'MENOPAUSA'].var())

A very low variance means that the column MENOPAUSA completely determines whether a subject dies or not. See https://stats.stackexchange.com/questions/11109/how-to-deal-with-perfect-separation-in-logistic-regression.

  warnings.warn(dedent(warning_text), ConvergenceWarning)
/scratch.hpc/luca.cotugno/Foundation_model_clinical_data/.venv/lib/python3.12/site-packages/lifelines/fitters/coxph_fitter.py:1614: ConvergenceWarning: Newton-Raphson failed to converge sufficiently. Please see the following tips in the lifelines documentation: https://lifelines.readthedocs.io/en/latest/Examples.html#problems-with-convergence-in-the-cox-proportional-hazard-model
  warnings.warn(
/scratch.hpc/luca.cotugno/Foundation_model_clinical_data/.venv/lib/python3.12/site-packages/lifelines/utils/__init__.py:990: ConvergenceWarning: Your dataset has more variables than samples. Even with a penalizer (which you must use), convergence is not guaranteed.

  warnings.warn(warning_text, ConvergenceWarning)
/scratch.hpc/luca.cotugno/Foundation_model_clinical_data/.venv/lib/python3.12/site-packages/lifelines/fitters/coxph_fitter.py:1614: ConvergenceWarning: Newton-Raphson failed to converge sufficiently. Please see the following tips in the lifelines documentation: https://lifelines.readthedocs.io/en/latest/Examples.html#problems-with-convergence-in-the-cox-proportional-hazard-model
  warnings.warn(
/scratch.hpc/luca.cotugno/Foundation_model_clinical_data/.venv/lib/python3.12/site-packages/lifelines/fitters/coxph_fitter.py:1614: ConvergenceWarning: Newton-Raphson failed to converge sufficiently. Please see the following tips in the lifelines documentation: https://lifelines.readthedocs.io/en/latest/Examples.html#problems-with-convergence-in-the-cox-proportional-hazard-model
  warnings.warn(
/scratch.hpc/luca.cotugno/Foundation_model_clinical_data/.venv/lib/python3.12/site-packages/lifelines/fitters/coxph_fitter.py:1614: ConvergenceWarning: Newton-Raphson failed to converge sufficiently. Please see the following tips in the lifelines documentation: https://lifelines.readthedocs.io/en/latest/Examples.html#problems-with-convergence-in-the-cox-proportional-hazard-model
  warnings.warn(
/scratch.hpc/luca.cotugno/Foundation_model_clinical_data/.venv/lib/python3.12/site-packages/lifelines/utils/__init__.py:990: ConvergenceWarning: Your dataset has more variables than samples. Even with a penalizer (which you must use), convergence is not guaranteed.

  warnings.warn(warning_text, ConvergenceWarning)
/scratch.hpc/luca.cotugno/Foundation_model_clinical_data/.venv/lib/python3.12/site-packages/lifelines/fitters/coxph_fitter.py:1614: ConvergenceWarning: Newton-Raphson failed to converge sufficiently. Please see the following tips in the lifelines documentation: https://lifelines.readthedocs.io/en/latest/Examples.html#problems-with-convergence-in-the-cox-proportional-hazard-model
  warnings.warn(
/scratch.hpc/luca.cotugno/Foundation_model_clinical_data/.venv/lib/python3.12/site-packages/lifelines/utils/__init__.py:990: ConvergenceWarning: Your dataset has more variables than samples. Even with a penalizer (which you must use), convergence is not guaranteed.

  warnings.warn(warning_text, ConvergenceWarning)
/scratch.hpc/luca.cotugno/Foundation_model_clinical_data/.venv/lib/python3.12/site-packages/lifelines/fitters/coxph_fitter.py:1614: ConvergenceWarning: Newton-Raphson failed to converge sufficiently. Please see the following tips in the lifelines documentation: https://lifelines.readthedocs.io/en/latest/Examples.html#problems-with-convergence-in-the-cox-proportional-hazard-model
  warnings.warn(
/scratch.hpc/luca.cotugno/Foundation_model_clinical_data/.venv/lib/python3.12/site-packages/lifelines/utils/__init__.py:990: ConvergenceWarning: Your dataset has more variables than samples. Even with a penalizer (which you must use), convergence is not guaranteed.

  warnings.warn(warning_text, ConvergenceWarning)
/scratch.hpc/luca.cotugno/Foundation_model_clinical_data/.venv/lib/python3.12/site-packages/lifelines/fitters/coxph_fitter.py:1614: ConvergenceWarning: Newton-Raphson failed to converge sufficiently. Please see the following tips in the lifelines documentation: https://lifelines.readthedocs.io/en/latest/Examples.html#problems-with-convergence-in-the-cox-proportional-hazard-model
  warnings.warn(
/scratch.hpc/luca.cotugno/Foundation_model_clinical_data/.venv/lib/python3.12/site-packages/lifelines/utils/__init__.py:990: ConvergenceWarning: Your dataset has more variables than samples. Even with a penalizer (which you must use), convergence is not guaranteed.

  warnings.warn(warning_text, ConvergenceWarning)
/scratch.hpc/luca.cotugno/Foundation_model_clinical_data/.venv/lib/python3.12/site-packages/lifelines/fitters/coxph_fitter.py:1614: ConvergenceWarning: Newton-Raphson failed to converge sufficiently. Please see the following tips in the lifelines documentation: https://lifelines.readthedocs.io/en/latest/Examples.html#problems-with-convergence-in-the-cox-proportional-hazard-model
  warnings.warn(
/scratch.hpc/luca.cotugno/Foundation_model_clinical_data/test_sample_size.py:471: RuntimeWarning: Mean of empty slice
  "train_mean":    np.nanmean(tr_vals),
/scratch.hpc/luca.cotugno/Foundation_model_clinical_data/.venv/lib/python3.12/site-packages/numpy/lib/_nanfunctions_impl.py:1997: RuntimeWarning: Degrees of freedom <= 0 for slice.
  var = nanvar(a, axis=axis, dtype=dtype, out=out, ddof=ddof,
/scratch.hpc/luca.cotugno/Foundation_model_clinical_data/test_sample_size.py:473: RuntimeWarning: Mean of empty slice
  "test_mean":     np.nanmean(te_vals),

    TRAIN tabicl+RSF                  → mean: 0.9634 | std: 0.0005 | min: 0.9626 | max: 0.9639
    TEST  tabicl+RSF                  → mean: 0.7331 | std: 0.0139 | min: 0.7171 | max: 0.7506
    TRAIN tabicl+Cox                  → mean: 0.9273 | std: 0.0010 | min: 0.9258 | max: 0.9284
    TEST  tabicl+Cox                  → mean: 0.7431 | std: 0.0092 | min: 0.7355 | max: 0.7599
    TRAIN DS-simple (base)            → mean: 0.7834 | std: 0.0129 | min: 0.7590 | max: 0.7963
    TEST  DS-simple (base)            → mean: 0.7754 | std: 0.0108 | min: 0.7656 | max: 0.7959
    TRAIN DS-vanilla (base)           → mean: 0.8098 | std: 0.0016 | min: 0.8082 | max: 0.8128
    TEST  DS-vanilla (base)           → mean: 0.7907 | std: 0.0133 | min: 0.7733 | max: 0.8109
    TRAIN RSF (base)                  → mean: 0.9083 | std: 0.0011 | min: 0.9065 | max: 0.9099
    TEST  RSF (base)                  → mean: 0.7928 | std: 0.0108 | min: 0.7801 | max: 0.8077
    TRAIN Cox (base)                  → mean: 0.8004 | std: 0.0025 | min: 0.7964 | max: 0.8034
    TEST  Cox (base)                  → mean: 0.7935 | std: 0.0133 | min: 0.7763 | max: 0.8104

  Sample size (requested):  10000  |  actual mean: 5161
    TRAIN tabicl+DS-simple            → mean: 0.9234 | std: 0.0017 | min: 0.9218 | max: 0.9259
    TEST  tabicl+DS-simple            → mean: 0.7385 | std: 0.0144 | min: 0.7220 | max: 0.7652
    TRAIN tabicl+DS-vanilla           → mean: 0.9212 | std: 0.0021 | min: 0.9185 | max: 0.9250
    TEST  tabicl+DS-vanilla           → mean: 0.7508 | std: 0.0171 | min: 0.7298 | max: 0.7748
    TRAIN tabicl+RSF                  → mean: 0.9634 | std: 0.0005 | min: 0.9625 | max: 0.9640
    TEST  tabicl+RSF                  → mean: 0.7323 | std: 0.0126 | min: 0.7177 | max: 0.7496
    TRAIN tabicl+Cox                  → mean: 0.9273 | std: 0.0005 | min: 0.9264 | max: 0.9278
    TEST  tabicl+Cox                  → mean: 0.7426 | std: 0.0103 | min: 0.7333 | max: 0.7619
    TRAIN DS-simple (base)            → mean: 0.7796 | std: 0.0096 | min: 0.7626 | max: 0.7897
    TEST  DS-simple (base)            → mean: 0.7713 | std: 0.0120 | min: 0.7573 | max: 0.7897
    TRAIN DS-vanilla (base)           → mean: 0.8050 | std: 0.0034 | min: 0.8007 | max: 0.8088
    TEST  DS-vanilla (base)           → mean: 0.7913 | std: 0.0147 | min: 0.7717 | max: 0.8108
    TRAIN RSF (base)                  → mean: 0.9076 | std: 0.0011 | min: 0.9056 | max: 0.9092
    TEST  RSF (base)                  → mean: 0.7944 | std: 0.0113 | min: 0.7820 | max: 0.8109
    TRAIN Cox (base)                  → mean: 0.8006 | std: 0.0028 | min: 0.7969 | max: 0.8041
    TEST  Cox (base)                  → mean: 0.7935 | std: 0.0137 | min: 0.7757 | max: 0.8108

Preprocess: NaN
------------------------------------------------------------

  Sample size (requested):    100  |  actual mean: 100
    TRAIN tabicl+DS-simple            → mean: 0.9041 | std: 0.0215 | min: 0.8749 | max: 0.9383
    TEST  tabicl+DS-simple            → mean: 0.6129 | std: 0.0405 | min: 0.5605 | max: 0.6851
    TRAIN tabicl+DS-vanilla           → mean: 0.9299 | std: 0.0256 | min: 0.8966 | max: 0.9696
    TEST  tabicl+DS-vanilla           → mean: 0.6245 | std: 0.0243 | min: 0.5959 | max: 0.6654
    TRAIN tabicl+RSF                  → mean: 0.9495 | std: 0.0086 | min: 0.9424 | max: 0.9665
    TEST  tabicl+RSF                  → mean: 0.6055 | std: 0.0359 | min: 0.5533 | max: 0.6648
    TRAIN tabicl+Cox                  → mean: 0.9817 | std: 0.0332 | min: 0.9153 | max: 0.9994
    TEST  tabicl+Cox                  → mean: 0.6078 | std: 0.0324 | min: 0.5757 | max: 0.6549

  Sample size (requested):    500  |  actual mean: 500
    TRAIN tabicl+DS-simple            → mean: 0.9069 | std: 0.0119 | min: 0.8917 | max: 0.9252
    TEST  tabicl+DS-simple            → mean: 0.6970 | std: 0.0116 | min: 0.6853 | max: 0.7163
    TRAIN tabicl+DS-vanilla           → mean: 0.9269 | std: 0.0191 | min: 0.8967 | max: 0.9455
    TEST  tabicl+DS-vanilla           → mean: 0.7085 | std: 0.0221 | min: 0.6748 | max: 0.7402
    TRAIN tabicl+RSF                  → mean: 0.9627 | std: 0.0025 | min: 0.9582 | max: 0.9660
    TEST  tabicl+RSF                  → mean: 0.6846 | std: 0.0246 | min: 0.6581 | max: 0.7147
    TRAIN tabicl+Cox                  → mean: 0.9563 | std: 0.0062 | min: 0.9452 | max: 0.9638
    TEST  tabicl+Cox                  → mean: 0.6723 | std: 0.0222 | min: 0.6419 | max: 0.7055

  Sample size (requested):   1000  |  actual mean: 1000
    TRAIN tabicl+DS-simple            → mean: 0.9075 | std: 0.0165 | min: 0.8966 | max: 0.9402
    TEST  tabicl+DS-simple            → mean: 0.7211 | std: 0.0151 | min: 0.6947 | max: 0.7386
    TRAIN tabicl+DS-vanilla           → mean: 0.9166 | std: 0.0076 | min: 0.9073 | max: 0.9287
    TEST  tabicl+DS-vanilla           → mean: 0.7334 | std: 0.0190 | min: 0.7035 | max: 0.7575
    TRAIN tabicl+RSF                  → mean: 0.9600 | std: 0.0025 | min: 0.9560 | max: 0.9630
    TEST  tabicl+RSF                  → mean: 0.7182 | std: 0.0228 | min: 0.6884 | max: 0.7451
    TRAIN tabicl+Cox                  → mean: 0.9392 | std: 0.0040 | min: 0.9331 | max: 0.9448
    TEST  tabicl+Cox                  → mean: 0.6855 | std: 0.0361 | min: 0.6442 | max: 0.7387

  Sample size (requested):   2500  |  actual mean: 2500
    TRAIN tabicl+DS-simple            → mean: 0.9231 | std: 0.0053 | min: 0.9140 | max: 0.9303
    TEST  tabicl+DS-simple            → mean: 0.7311 | std: 0.0144 | min: 0.7134 | max: 0.7489
    TRAIN tabicl+DS-vanilla           → mean: 0.9218 | std: 0.0045 | min: 0.9154 | max: 0.9283
    TEST  tabicl+DS-vanilla           → mean: 0.7411 | std: 0.0178 | min: 0.7252 | max: 0.7751
    TRAIN tabicl+RSF                  → mean: 0.9630 | std: 0.0008 | min: 0.9619 | max: 0.9641
    TEST  tabicl+RSF                  → mean: 0.7329 | std: 0.0201 | min: 0.7047 | max: 0.7657
    TRAIN tabicl+Cox                  → mean: 0.9303 | std: 0.0027 | min: 0.9255 | max: 0.9334
    TEST  tabicl+Cox                  → mean: 0.7304 | std: 0.0162 | min: 0.7066 | max: 0.7567

  Sample size (requested):   5000  |  actual mean: 5000
    TRAIN tabicl+DS-simple            → mean: 0.9223 | std: 0.0017 | min: 0.9206 | max: 0.9248
    TEST  tabicl+DS-simple            → mean: 0.7419 | std: 0.0118 | min: 0.7309 | max: 0.7648
    TRAIN tabicl+DS-vanilla           → mean: 0.9192 | std: 0.0019 | min: 0.9170 | max: 0.9222
    TEST  tabicl+DS-vanilla           → mean: 0.7415 | std: 0.0268 | min: 0.6975 | max: 0.7776
    TRAIN tabicl+RSF                  → mean: 0.9624 | std: 0.0005 | min: 0.9615 | max: 0.9628
    TEST  tabicl+RSF                  → mean: 0.7398 | std: 0.0174 | min: 0.7184 | max: 0.7586
    TRAIN tabicl+Cox                  → mean: 0.9252 | std: 0.0008 | min: 0.9241 | max: 0.9261
    TEST  tabicl+Cox                  → mean: 0.7448 | std: 0.0131 | min: 0.7350 | max: 0.7703

  Sample size (requested):  10000  |  actual mean: 5161
    TRAIN tabicl+DS-simple            → mean: 0.9199 | std: 0.0036 | min: 0.9142 | max: 0.9237
    TEST  tabicl+DS-simple            → mean: 0.7298 | std: 0.0259 | min: 0.6903 | max: 0.7682
    TRAIN tabicl+DS-vanilla           → mean: 0.9206 | std: 0.0010 | min: 0.9197 | max: 0.9225
    TEST  tabicl+DS-vanilla           → mean: 0.7366 | std: 0.0199 | min: 0.7034 | max: 0.7633
    TRAIN tabicl+RSF                  → mean: 0.9623 | std: 0.0007 | min: 0.9618 | max: 0.9637
    TEST  tabicl+RSF                  → mean: 0.7411 | std: 0.0185 | min: 0.7164 | max: 0.7620
    TRAIN tabicl+Cox                  → mean: 0.9252 | std: 0.0005 | min: 0.9244 | max: 0.9258
    TEST  tabicl+Cox                  → mean: 0.7455 | std: 0.0125 | min: 0.7379 | max: 0.7703
Text summary saved → results/OrmoniTirodei/tabicl/results_samplesize_OrmoniTirodei_tabicl_seed456.txt

######################################################################
Dataset: HURRAH
######################################################################

============================================================
Preprocess: -1
============================================================
Loading existing folds from tmp/splits/HURRAH_seed456.pkl

--- Sample size: 100 ---
  Fold 1: train=100, test=3392
Warming up TabICL model (triggering checkpoint load)...
ARRIVATO QUI 1
Loading TabICL model checkpoint 'tabicl-classifier-v1.1-0506.ckpt'...
ARRIVATO QUI
Performing dummy prediction to ensure model is loaded...
Warming up TabICL model (triggering checkpoint load)...
ARRIVATO QUI 1
Loading TabICL model checkpoint 'tabicl-classifier-v1.1-0506.ckpt'...
ARRIVATO QUI
Performing dummy prediction to ensure model is loaded...
  Embedding shape: (100, 512)
  [tabicl+DS-simple]  train=0.9694  test=0.5589
  [tabicl+DS-vanilla] train=0.9694  test=0.5652
  [tabicl+RSF]        train=0.9824  test=0.5101
  [tabicl+Cox]        train=1.0000  test=0.5740
  [DS-simple]         train=0.8919  test=0.6787
  [DS-vanilla]        train=0.8261  test=0.5749
  [RSF]               train=0.9965  test=0.6063
  [Cox]               train=0.9506  test=0.6817
  Fold 2: train=100, test=3392
Warming up TabICL model (triggering checkpoint load)...
ARRIVATO QUI 1
Loading TabICL model checkpoint 'tabicl-classifier-v1.1-0506.ckpt'...
ARRIVATO QUI
Performing dummy prediction to ensure model is loaded...
Warming up TabICL model (triggering checkpoint load)...
ARRIVATO QUI 1
Loading TabICL model checkpoint 'tabicl-classifier-v1.1-0506.ckpt'...
ARRIVATO QUI
Performing dummy prediction to ensure model is loaded...
  Embedding shape: (100, 512)
  [tabicl+DS-simple]  train=0.9812  test=0.6678
  [tabicl+DS-vanilla] train=0.9846  test=0.6506
  [tabicl+RSF]        train=0.9949  test=0.4636
  [tabicl+Cox]        train=1.0000  test=0.5379
  [DS-simple]         train=0.9486  test=0.6689
  [DS-vanilla]        train=0.9863  test=0.7175
  [RSF]               train=0.9606  test=0.6425
  [Cox]               train=0.9795  test=0.7135
  Fold 3: train=100, test=3392
Warming up TabICL model (triggering checkpoint load)...
ARRIVATO QUI 1
Loading TabICL model checkpoint 'tabicl-classifier-v1.1-0506.ckpt'...
ARRIVATO QUI
Performing dummy prediction to ensure model is loaded...
Warming up TabICL model (triggering checkpoint load)...
ARRIVATO QUI 1
Loading TabICL model checkpoint 'tabicl-classifier-v1.1-0506.ckpt'...
ARRIVATO QUI
Performing dummy prediction to ensure model is loaded...
  Embedding shape: (100, 512)
  [tabicl+DS-simple]  train=0.9684  test=0.5855
  [tabicl+DS-vanilla] train=0.9937  test=0.6422
  [tabicl+RSF]        train=0.9709  test=0.5045
  [tabicl+Cox]        train=0.9772  test=0.4505
  [DS-simple]         train=0.9444  test=0.6914
  [DS-vanilla]        train=0.6979  test=0.5709
  [RSF]               train=0.9722  test=0.6586
  [Cox]               train=0.9267  test=0.6986
  Fold 4: train=100, test=3391
Warming up TabICL model (triggering checkpoint load)...
ARRIVATO QUI 1
Loading TabICL model checkpoint 'tabicl-classifier-v1.1-0506.ckpt'...
ARRIVATO QUI
Performing dummy prediction to ensure model is loaded...
Warming up TabICL model (triggering checkpoint load)...
ARRIVATO QUI 1
Loading TabICL model checkpoint 'tabicl-classifier-v1.1-0506.ckpt'...
ARRIVATO QUI
Performing dummy prediction to ensure model is loaded...
  Embedding shape: (100, 512)
  [tabicl+DS-simple]  train=0.9602  test=0.6329
  [tabicl+DS-vanilla] train=0.8544  test=0.5396
  [tabicl+RSF]        train=0.9710  test=0.6637
  [tabicl+Cox]        train=0.9989  test=0.6099
  [DS-simple]         train=0.9363  test=0.6798
  [DS-vanilla]        train=0.9420  test=0.6168
  [RSF]               train=0.9522  test=0.6432
  [Cox]               train=0.9522  test=0.6554
  Fold 5: train=100, test=3391
Warming up TabICL model (triggering checkpoint load)...
ARRIVATO QUI 1
Loading TabICL model checkpoint 'tabicl-classifier-v1.1-0506.ckpt'...
ARRIVATO QUI
Performing dummy prediction to ensure model is loaded...
Warming up TabICL model (triggering checkpoint load)...
ARRIVATO QUI 1
Loading TabICL model checkpoint 'tabicl-classifier-v1.1-0506.ckpt'...
ARRIVATO QUI
Performing dummy prediction to ensure model is loaded...
  Embedding shape: (100, 512)
  [tabicl+DS-simple]  train=0.9479  test=0.7015
  [tabicl+DS-vanilla] train=0.9464  test=0.7152
  [tabicl+RSF]        train=0.9632  test=0.6492
  [tabicl+Cox]        train=0.9962  test=0.5049
  [DS-simple]         train=0.8460  test=0.7310
  [DS-vanilla]        train=0.9418  test=0.7213
  [RSF]               train=0.9379  test=0.7513
  [Cox]               train=0.9073  test=0.7657

--- Sample size: 500 ---
  Fold 1: train=500, test=3392
Warming up TabICL model (triggering checkpoint load)...
ARRIVATO QUI 1
Loading TabICL model checkpoint 'tabicl-classifier-v1.1-0506.ckpt'...
ARRIVATO QUI
Performing dummy prediction to ensure model is loaded...
Warming up TabICL model (triggering checkpoint load)...
ARRIVATO QUI 1
Loading TabICL model checkpoint 'tabicl-classifier-v1.1-0506.ckpt'...
ARRIVATO QUI
Performing dummy prediction to ensure model is loaded...
  Embedding shape: (500, 512)
  [tabicl+DS-simple]  train=0.9455  test=0.7332
  [tabicl+DS-vanilla] train=0.9487  test=0.7356
  [tabicl+RSF]        train=0.9833  test=0.6765
  [tabicl+Cox]        train=0.9822  test=0.6887
  [DS-simple]         train=0.8462  test=0.8126
  [DS-vanilla]        train=0.8395  test=0.7858
  [RSF]               train=0.9501  test=0.8132
  [Cox]               train=0.8500  test=0.8196
  Fold 2: train=500, test=3392
Warming up TabICL model (triggering checkpoint load)...
ARRIVATO QUI 1
Loading TabICL model checkpoint 'tabicl-classifier-v1.1-0506.ckpt'...
ARRIVATO QUI
Performing dummy prediction to ensure model is loaded...
Warming up TabICL model (triggering checkpoint load)...
ARRIVATO QUI 1
Loading TabICL model checkpoint 'tabicl-classifier-v1.1-0506.ckpt'...
ARRIVATO QUI
Performing dummy prediction to ensure model is loaded...
  Embedding shape: (500, 512)
  [tabicl+DS-simple]  train=0.9358  test=0.7622
  [tabicl+DS-vanilla] train=0.9364  test=0.7050
  [tabicl+RSF]        train=0.9795  test=0.5888
  [tabicl+Cox]        train=0.9796  test=0.6600
  [DS-simple]         train=0.8476  test=0.7815
  [DS-vanilla]        train=0.8585  test=0.7695
  [RSF]               train=0.9463  test=0.8027
  [Cox]               train=0.8403  test=0.8188
  Fold 3: train=500, test=3392
Warming up TabICL model (triggering checkpoint load)...
ARRIVATO QUI 1
Loading TabICL model checkpoint 'tabicl-classifier-v1.1-0506.ckpt'...
ARRIVATO QUI
Performing dummy prediction to ensure model is loaded...
Warming up TabICL model (triggering checkpoint load)...
ARRIVATO QUI 1
Loading TabICL model checkpoint 'tabicl-classifier-v1.1-0506.ckpt'...
ARRIVATO QUI
Performing dummy prediction to ensure model is loaded...
  Embedding shape: (500, 512)
  [tabicl+DS-simple]  train=0.9614  test=0.7369
  [tabicl+DS-vanilla] train=0.9344  test=0.7418
  [tabicl+RSF]        train=0.9828  test=0.5346
  [tabicl+Cox]        train=0.9814  test=0.6298
  [DS-simple]         train=0.8224  test=0.7984
  [DS-vanilla]        train=0.8430  test=0.7793
  [RSF]               train=0.9464  test=0.7906
  [Cox]               train=0.8138  test=0.8175
  Fold 4: train=500, test=3391
Warming up TabICL model (triggering checkpoint load)...
ARRIVATO QUI 1
Loading TabICL model checkpoint 'tabicl-classifier-v1.1-0506.ckpt'...
ARRIVATO QUI
Performing dummy prediction to ensure model is loaded...
Warming up TabICL model (triggering checkpoint load)...
ARRIVATO QUI 1
Loading TabICL model checkpoint 'tabicl-classifier-v1.1-0506.ckpt'...
ARRIVATO QUI
Performing dummy prediction to ensure model is loaded...
  Embedding shape: (500, 512)
  [tabicl+DS-simple]  train=0.9468  test=0.7478
  [tabicl+DS-vanilla] train=0.9526  test=0.7306
  [tabicl+RSF]        train=0.9800  test=0.6668
  [tabicl+Cox]        train=0.9847  test=0.6202
  [DS-simple]         train=0.8571  test=0.8013
  [DS-vanilla]        train=0.8526  test=0.7726
  [RSF]               train=0.9518  test=0.7833
  [Cox]               train=0.8417  test=0.7882
  Fold 5: train=500, test=3391
Warming up TabICL model (triggering checkpoint load)...
ARRIVATO QUI 1
Loading TabICL model checkpoint 'tabicl-classifier-v1.1-0506.ckpt'...
ARRIVATO QUI
Performing dummy prediction to ensure model is loaded...
Warming up TabICL model (triggering checkpoint load)...
ARRIVATO QUI 1
Loading TabICL model checkpoint 'tabicl-classifier-v1.1-0506.ckpt'...
ARRIVATO QUI
Performing dummy prediction to ensure model is loaded...
  Embedding shape: (500, 512)
  [tabicl+DS-simple]  train=0.9536  test=0.7398
  [tabicl+DS-vanilla] train=0.9631  test=0.7363
  [tabicl+RSF]        train=0.9798  test=0.4765
  [tabicl+Cox]        train=0.8511  test=0.7312
  [DS-simple]         train=0.8299  test=0.8101
  [DS-vanilla]        train=0.8377  test=0.7800
  [RSF]               train=0.9571  test=0.7825
  [Cox]               train=0.8220  test=0.8070

--- Sample size: 1000 ---
  Fold 1: train=1000, test=3392
Warming up TabICL model (triggering checkpoint load)...
ARRIVATO QUI 1
Loading TabICL model checkpoint 'tabicl-classifier-v1.1-0506.ckpt'...
ARRIVATO QUI
Performing dummy prediction to ensure model is loaded...
Warming up TabICL model (triggering checkpoint load)...
ARRIVATO QUI 1
Loading TabICL model checkpoint 'tabicl-classifier-v1.1-0506.ckpt'...
ARRIVATO QUI
Performing dummy prediction to ensure model is loaded...
  Embedding shape: (1000, 512)
  [tabicl+DS-simple]  train=0.9537  test=0.7580
  [tabicl+DS-vanilla] train=0.9636  test=0.7674
  [tabicl+RSF]        train=0.9887  test=0.7201
  [tabicl+Cox]        train=0.9759  test=0.7451
  [DS-simple]         train=0.8520  test=0.8250
  [DS-vanilla]        train=0.8554  test=0.8034
  [RSF]               train=0.9426  test=0.8184
  [Cox]               train=0.8450  test=0.8228
  Fold 2: train=1000, test=3392
Warming up TabICL model (triggering checkpoint load)...
ARRIVATO QUI 1
Loading TabICL model checkpoint 'tabicl-classifier-v1.1-0506.ckpt'...
ARRIVATO QUI
Performing dummy prediction to ensure model is loaded...
Warming up TabICL model (triggering checkpoint load)...
ARRIVATO QUI 1
Loading TabICL model checkpoint 'tabicl-classifier-v1.1-0506.ckpt'...
ARRIVATO QUI
Performing dummy prediction to ensure model is loaded...
  Embedding shape: (1000, 512)
  [tabicl+DS-simple]  train=0.9559  test=0.7585
  [tabicl+DS-vanilla] train=0.9715  test=0.7110
  [tabicl+RSF]        train=0.9819  test=0.6930
  [tabicl+Cox]        train=0.9757  test=0.6295
  [DS-simple]         train=0.8550  test=0.8290
  [DS-vanilla]        train=0.8538  test=0.8248
  [RSF]               train=0.9519  test=0.8182
  [Cox]               train=0.8421  test=0.8256
  Fold 3: train=1000, test=3392
Warming up TabICL model (triggering checkpoint load)...
ARRIVATO QUI 1
Loading TabICL model checkpoint 'tabicl-classifier-v1.1-0506.ckpt'...
ARRIVATO QUI
Performing dummy prediction to ensure model is loaded...
Warming up TabICL model (triggering checkpoint load)...
ARRIVATO QUI 1
Loading TabICL model checkpoint 'tabicl-classifier-v1.1-0506.ckpt'...
ARRIVATO QUI
Performing dummy prediction to ensure model is loaded...
  Embedding shape: (1000, 512)
  [tabicl+DS-simple]  train=0.9618  test=0.7442
  [tabicl+DS-vanilla] train=0.9680  test=0.7324
  [tabicl+RSF]        train=0.9833  test=0.6714
  [tabicl+Cox]        train=0.9755  test=0.6050
  [DS-simple]         train=0.8547  test=0.8332
  [DS-vanilla]        train=0.8332  test=0.7998
  [RSF]               train=0.9525  test=0.8143
  [Cox]               train=0.8348  test=0.8247
  Fold 4: train=1000, test=3391
Warming up TabICL model (triggering checkpoint load)...
ARRIVATO QUI 1
Loading TabICL model checkpoint 'tabicl-classifier-v1.1-0506.ckpt'...
ARRIVATO QUI
Performing dummy prediction to ensure model is loaded...
Warming up TabICL model (triggering checkpoint load)...
ARRIVATO QUI 1
Loading TabICL model checkpoint 'tabicl-classifier-v1.1-0506.ckpt'...
ARRIVATO QUI
Performing dummy prediction to ensure model is loaded...
  Embedding shape: (1000, 512)
  [tabicl+DS-simple]  train=0.9606  test=0.6933
  [tabicl+DS-vanilla] train=0.9640  test=0.7246
  [tabicl+RSF]        train=0.9813  test=0.6421
  [tabicl+Cox]        train=0.9752  test=0.6970
  [DS-simple]         train=0.8486  test=0.8033
  [DS-vanilla]        train=0.8598  test=0.8039
  [RSF]               train=0.9497  test=0.8040
  [Cox]               train=0.8392  test=0.7962
  Fold 5: train=1000, test=3391
Warming up TabICL model (triggering checkpoint load)...
ARRIVATO QUI 1
Loading TabICL model checkpoint 'tabicl-classifier-v1.1-0506.ckpt'...
ARRIVATO QUI
Performing dummy prediction to ensure model is loaded...
Warming up TabICL model (triggering checkpoint load)...
ARRIVATO QUI 1
Loading TabICL model checkpoint 'tabicl-classifier-v1.1-0506.ckpt'...
ARRIVATO QUI
Performing dummy prediction to ensure model is loaded...
  Embedding shape: (1000, 512)
  [tabicl+DS-simple]  train=0.9535  test=0.7466
  [tabicl+DS-vanilla] train=0.9612  test=0.7593
  [tabicl+RSF]        train=0.9807  test=0.5884
  [tabicl+Cox]        train=0.9724  test=0.6891
  [DS-simple]         train=0.8349  test=0.8199
  [DS-vanilla]        train=0.8070  test=0.7867
  [RSF]               train=0.9508  test=0.8110
  [Cox]               train=0.8280  test=0.8106

--- Sample size: 2500 ---
  Fold 1: train=2500, test=3392
Warming up TabICL model (triggering checkpoint load)...
ARRIVATO QUI 1
Loading TabICL model checkpoint 'tabicl-classifier-v1.1-0506.ckpt'...
ARRIVATO QUI
Performing dummy prediction to ensure model is loaded...
Warming up TabICL model (triggering checkpoint load)...
ARRIVATO QUI 1
Loading TabICL model checkpoint 'tabicl-classifier-v1.1-0506.ckpt'...
ARRIVATO QUI
Performing dummy prediction to ensure model is loaded...
  Embedding shape: (2500, 512)
  [tabicl+DS-simple]  train=0.9579  test=0.7713
  [tabicl+DS-vanilla] train=0.9614  test=0.7569
  [tabicl+RSF]        train=0.9865  test=0.7449
  [tabicl+Cox]        train=0.9716  test=0.7433
  [DS-simple]         train=0.8507  test=0.8324
  [DS-vanilla]        train=0.8638  test=0.8175
  [RSF]               train=0.9443  test=0.8214
  [Cox]               train=0.8390  test=0.8263
  Fold 2: train=2500, test=3392
Warming up TabICL model (triggering checkpoint load)...
ARRIVATO QUI 1
Loading TabICL model checkpoint 'tabicl-classifier-v1.1-0506.ckpt'...
ARRIVATO QUI
Performing dummy prediction to ensure model is loaded...
Warming up TabICL model (triggering checkpoint load)...
ARRIVATO QUI 1
Loading TabICL model checkpoint 'tabicl-classifier-v1.1-0506.ckpt'...
ARRIVATO QUI
Performing dummy prediction to ensure model is loaded...
  Embedding shape: (2500, 512)
  [tabicl+DS-simple]  train=0.9623  test=0.7659
  [tabicl+DS-vanilla] train=0.9565  test=0.7719
  [tabicl+RSF]        train=0.9832  test=0.7159
  [tabicl+Cox]        train=0.9697  test=0.6512
  [DS-simple]         train=0.8360  test=0.8395
  [DS-vanilla]        train=0.7411  test=0.7353
  [RSF]               train=0.9476  test=0.8386
  [Cox]               train=0.8259  test=0.8392
  Fold 3: train=2500, test=3392
Warming up TabICL model (triggering checkpoint load)...
ARRIVATO QUI 1
Loading TabICL model checkpoint 'tabicl-classifier-v1.1-0506.ckpt'...
ARRIVATO QUI
Performing dummy prediction to ensure model is loaded...
Warming up TabICL model (triggering checkpoint load)...
ARRIVATO QUI 1
Loading TabICL model checkpoint 'tabicl-classifier-v1.1-0506.ckpt'...
ARRIVATO QUI
Performing dummy prediction to ensure model is loaded...
  Embedding shape: (2500, 512)
  [tabicl+DS-simple]  train=0.9637  test=0.7553
  [tabicl+DS-vanilla] train=0.9670  test=0.7596
  [tabicl+RSF]        train=0.9831  test=0.7310
  [tabicl+Cox]        train=0.4358  test=0.2370
  [DS-simple]         train=0.8436  test=0.8344
  [DS-vanilla]        train=0.8257  test=0.7964
  [RSF]               train=0.9464  test=0.8221
  [Cox]               train=0.8293  test=0.8212
  Fold 4: train=2500, test=3391
Warming up TabICL model (triggering checkpoint load)...
ARRIVATO QUI 1
Loading TabICL model checkpoint 'tabicl-classifier-v1.1-0506.ckpt'...
ARRIVATO QUI
Performing dummy prediction to ensure model is loaded...
Warming up TabICL model (triggering checkpoint load)...
ARRIVATO QUI 1
Loading TabICL model checkpoint 'tabicl-classifier-v1.1-0506.ckpt'...
ARRIVATO QUI
Performing dummy prediction to ensure model is loaded...
  Embedding shape: (2500, 512)
  [tabicl+DS-simple]  train=0.9637  test=0.7850
  [tabicl+DS-vanilla] train=0.9633  test=0.7780
  [tabicl+RSF]        train=0.9836  test=0.6985
  [tabicl+Cox]        train=0.9322  test=0.7537
  [DS-simple]         train=0.8304  test=0.8145
  [DS-vanilla]        train=0.8658  test=0.8174
  [RSF]               train=0.9475  test=0.8295
  [Cox]               train=0.8265  test=0.8061
  Fold 5: train=2500, test=3391
Warming up TabICL model (triggering checkpoint load)...
ARRIVATO QUI 1
Loading TabICL model checkpoint 'tabicl-classifier-v1.1-0506.ckpt'...
ARRIVATO QUI
Performing dummy prediction to ensure model is loaded...
Warming up TabICL model (triggering checkpoint load)...
ARRIVATO QUI 1
Loading TabICL model checkpoint 'tabicl-classifier-v1.1-0506.ckpt'...
ARRIVATO QUI
Performing dummy prediction to ensure model is loaded...
  Embedding shape: (2500, 512)
  [tabicl+DS-simple]  train=0.9637  test=0.7911
  [tabicl+DS-vanilla] train=0.9571  test=0.7807
  [tabicl+RSF]        train=0.9821  test=0.7325
  [tabicl+Cox]        train=0.9650  test=0.7593
  [DS-simple]         train=0.8484  test=0.8141
  [DS-vanilla]        train=0.8651  test=0.8253
  [RSF]               train=0.9473  test=0.8479
  [Cox]               train=0.8390  test=0.8162

--- Sample size: 5000 ---
  Fold 1: train=5000, test=3392
Warming up TabICL model (triggering checkpoint load)...
ARRIVATO QUI 1
Loading TabICL model checkpoint 'tabicl-classifier-v1.1-0506.ckpt'...
ARRIVATO QUI
Performing dummy prediction to ensure model is loaded...
Warming up TabICL model (triggering checkpoint load)...
ARRIVATO QUI 1
Loading TabICL model checkpoint 'tabicl-classifier-v1.1-0506.ckpt'...
ARRIVATO QUI
Performing dummy prediction to ensure model is loaded...
  Embedding shape: (5000, 512)
  [tabicl+DS-simple]  train=0.9628  test=0.7959
  [tabicl+DS-vanilla] train=0.9631  test=0.7896
  [tabicl+RSF]        train=0.9855  test=0.7587
  [tabicl+Cox]        train=0.9688  test=0.7673
  [DS-simple]         train=0.8436  test=0.8344
  [DS-vanilla]        train=0.8299  test=0.8094
  [RSF]               train=0.9458  test=0.8435
  [Cox]               train=0.8333  test=0.8270
  Fold 2: train=5000, test=3392
Warming up TabICL model (triggering checkpoint load)...
ARRIVATO QUI 1
Loading TabICL model checkpoint 'tabicl-classifier-v1.1-0506.ckpt'...
ARRIVATO QUI
Performing dummy prediction to ensure model is loaded...
Warming up TabICL model (triggering checkpoint load)...
ARRIVATO QUI 1
Loading TabICL model checkpoint 'tabicl-classifier-v1.1-0506.ckpt'...
ARRIVATO QUI
Performing dummy prediction to ensure model is loaded...
  Embedding shape: (5000, 512)
  [tabicl+DS-simple]  train=0.9591  test=0.7670
  [tabicl+DS-vanilla] train=0.9642  test=0.7806
  [tabicl+RSF]        train=0.9837  test=0.7209
  [tabicl+Cox]        train=0.9656  test=0.7125
  [DS-simple]         train=0.8302  test=0.8420
  [DS-vanilla]        train=0.8514  test=0.8480
  [RSF]               train=0.9419  test=0.8449
  [Cox]               train=0.8211  test=0.8399
  Fold 3: train=5000, test=3392
Warming up TabICL model (triggering checkpoint load)...
ARRIVATO QUI 1
Loading TabICL model checkpoint 'tabicl-classifier-v1.1-0506.ckpt'...
ARRIVATO QUI
Performing dummy prediction to ensure model is loaded...
Warming up TabICL model (triggering checkpoint load)...
ARRIVATO QUI 1
Loading TabICL model checkpoint 'tabicl-classifier-v1.1-0506.ckpt'...
ARRIVATO QUI
Performing dummy prediction to ensure model is loaded...
  Embedding shape: (5000, 512)
  [tabicl+DS-simple]  train=0.9582  test=0.7799
  [tabicl+DS-vanilla] train=0.9640  test=0.7787
  [tabicl+RSF]        train=0.9834  test=0.7338
  [tabicl+Cox]        train=0.9685  test=0.7314
  [DS-simple]         train=0.8308  test=0.8272
  [DS-vanilla]        train=0.8269  test=0.8144
  [RSF]               train=0.9484  test=0.8383
  [Cox]               train=0.8338  test=0.8237
  Fold 4: train=5000, test=3391
Warming up TabICL model (triggering checkpoint load)...
ARRIVATO QUI 1
Loading TabICL model checkpoint 'tabicl-classifier-v1.1-0506.ckpt'...
ARRIVATO QUI
Performing dummy prediction to ensure model is loaded...
Warming up TabICL model (triggering checkpoint load)...
ARRIVATO QUI 1
Loading TabICL model checkpoint 'tabicl-classifier-v1.1-0506.ckpt'...
ARRIVATO QUI
Performing dummy prediction to ensure model is loaded...
  Embedding shape: (5000, 512)
  [tabicl+DS-simple]  train=0.9602  test=0.7707
  [tabicl+DS-vanilla] train=0.9647  test=0.7743
  [tabicl+RSF]        train=0.9844  test=0.7196
  [tabicl+Cox]        train=0.9654  test=0.7537
  [DS-simple]         train=0.8309  test=0.8173
  [DS-vanilla]        train=0.8622  test=0.8357
  [RSF]               train=0.9463  test=0.8312
  [Cox]               train=0.8338  test=0.8119
  Fold 5: train=5000, test=3391
Warming up TabICL model (triggering checkpoint load)...
ARRIVATO QUI 1
Loading TabICL model checkpoint 'tabicl-classifier-v1.1-0506.ckpt'...
ARRIVATO QUI
Performing dummy prediction to ensure model is loaded...
Warming up TabICL model (triggering checkpoint load)...
ARRIVATO QUI 1
Loading TabICL model checkpoint 'tabicl-classifier-v1.1-0506.ckpt'...
ARRIVATO QUI
Performing dummy prediction to ensure model is loaded...
  Embedding shape: (5000, 512)
  [tabicl+DS-simple]  train=0.9647  test=0.8013
  [tabicl+DS-vanilla] train=0.9637  test=0.7711
  [tabicl+RSF]        train=0.9833  test=0.7312
  [tabicl+Cox]        train=0.9659  test=0.7825
  [DS-simple]         train=0.8437  test=0.8312
  [DS-vanilla]        train=0.8688  test=0.8349
  [RSF]               train=0.9453  test=0.8538
  [Cox]               train=0.8352  test=0.8231

--- Sample size: 10000 ---
  Fold 1: train=10000, test=3392
Warming up TabICL model (triggering checkpoint load)...
ARRIVATO QUI 1
Loading TabICL model checkpoint 'tabicl-classifier-v1.1-0506.ckpt'...
ARRIVATO QUI
Performing dummy prediction to ensure model is loaded...
Warming up TabICL model (triggering checkpoint load)...
ARRIVATO QUI 1
Loading TabICL model checkpoint 'tabicl-classifier-v1.1-0506.ckpt'...
ARRIVATO QUI
Performing dummy prediction to ensure model is loaded...
  Embedding shape: (10000, 512)
  [tabicl+DS-simple]  train=0.9638  test=0.7756
  [tabicl+DS-vanilla] train=0.9645  test=0.7652
  [tabicl+RSF]        train=0.9842  test=0.7469
  [tabicl+Cox]        train=0.9659  test=0.7650
  [DS-simple]         train=0.7831  test=0.7854
  [DS-vanilla]        train=0.8505  test=0.8381
  [RSF]               train=0.9422  test=0.8485
  [Cox]               train=0.8262  test=0.8265
  Fold 2: train=10000, test=3392
Warming up TabICL model (triggering checkpoint load)...
ARRIVATO QUI 1
Loading TabICL model checkpoint 'tabicl-classifier-v1.1-0506.ckpt'...
ARRIVATO QUI
Performing dummy prediction to ensure model is loaded...
Warming up TabICL model (triggering checkpoint load)...
ARRIVATO QUI 1
Loading TabICL model checkpoint 'tabicl-classifier-v1.1-0506.ckpt'...
ARRIVATO QUI
Performing dummy prediction to ensure model is loaded...
  Embedding shape: (10000, 512)
  [tabicl+DS-simple]  train=0.1287  test=0.3718
  [tabicl+DS-vanilla] train=0.9633  test=0.7802
  [tabicl+RSF]        train=0.9836  test=0.7600
  [tabicl+Cox]        train=0.9650  test=0.7657
  [DS-simple]         train=0.8319  test=0.8451
  [DS-vanilla]        train=0.8003  test=0.8128
  [RSF]               train=0.9428  test=0.8603
  [Cox]               train=0.8246  test=0.8425
  Fold 3: train=10000, test=3392
Warming up TabICL model (triggering checkpoint load)...
ARRIVATO QUI 1
Loading TabICL model checkpoint 'tabicl-classifier-v1.1-0506.ckpt'...
ARRIVATO QUI
Performing dummy prediction to ensure model is loaded...
Warming up TabICL model (triggering checkpoint load)...
ARRIVATO QUI 1
Loading TabICL model checkpoint 'tabicl-classifier-v1.1-0506.ckpt'...
ARRIVATO QUI
Performing dummy prediction to ensure model is loaded...
  Embedding shape: (10000, 512)
  [tabicl+DS-simple]  train=0.9606  test=0.7878
  [tabicl+DS-vanilla] train=0.9634  test=0.7776
  [tabicl+RSF]        train=0.9840  test=0.7439
  [tabicl+Cox]        train=0.9649  test=0.7513
  [DS-simple]         train=0.8249  test=0.8252
  [DS-vanilla]        train=0.8444  test=0.8372
  [RSF]               train=0.9415  test=0.8484
  [Cox]               train=0.8286  test=0.8229
  Fold 4: train=10000, test=3391
Warming up TabICL model (triggering checkpoint load)...
ARRIVATO QUI 1
Loading TabICL model checkpoint 'tabicl-classifier-v1.1-0506.ckpt'...
ARRIVATO QUI
Performing dummy prediction to ensure model is loaded...
Warming up TabICL model (triggering checkpoint load)...
ARRIVATO QUI 1
Loading TabICL model checkpoint 'tabicl-classifier-v1.1-0506.ckpt'...
ARRIVATO QUI
Performing dummy prediction to ensure model is loaded...
  Embedding shape: (10000, 512)
  [tabicl+DS-simple]  train=0.9573  test=0.7807
  [tabicl+DS-vanilla] train=0.9609  test=0.6998
  [tabicl+RSF]        train=0.9831  test=0.7409
  [tabicl+Cox]        train=0.9640  test=0.7534
  [DS-simple]         train=0.8382  test=0.8258
  [DS-vanilla]        train=0.8444  test=0.8340
  [RSF]               train=0.9416  test=0.8453
  [Cox]               train=0.8279  test=0.8137
  Fold 5: train=10000, test=3391
Warming up TabICL model (triggering checkpoint load)...
ARRIVATO QUI 1
Loading TabICL model checkpoint 'tabicl-classifier-v1.1-0506.ckpt'...
ARRIVATO QUI
Performing dummy prediction to ensure model is loaded...
Warming up TabICL model (triggering checkpoint load)...
ARRIVATO QUI 1
Loading TabICL model checkpoint 'tabicl-classifier-v1.1-0506.ckpt'...
ARRIVATO QUI
Performing dummy prediction to ensure model is loaded...
  Embedding shape: (10000, 512)
  [tabicl+DS-simple]  train=0.9612  test=0.8180
  [tabicl+DS-vanilla] train=0.9554  test=0.7910
  [tabicl+RSF]        train=0.9838  test=0.7406
  [tabicl+Cox]        train=0.9645  test=0.7884
  [DS-simple]         train=0.8378  test=0.8255
  [DS-vanilla]        train=0.8459  test=0.8350
  [RSF]               train=0.9434  test=0.8554
  [Cox]               train=0.8306  test=0.8221

--- Sample size: 15000 ---
  Fold 1: train=13566, test=3392
Warming up TabICL model (triggering checkpoint load)...
ARRIVATO QUI 1
Loading TabICL model checkpoint 'tabicl-classifier-v1.1-0506.ckpt'...
ARRIVATO QUI
Performing dummy prediction to ensure model is loaded...
Warming up TabICL model (triggering checkpoint load)...
ARRIVATO QUI 1
Loading TabICL model checkpoint 'tabicl-classifier-v1.1-0506.ckpt'...
ARRIVATO QUI
Performing dummy prediction to ensure model is loaded...
  Embedding shape: (13566, 512)
  [tabicl+DS-simple]  train=0.9655  test=0.7904
  [tabicl+DS-vanilla] train=0.9646  test=0.7783
  [tabicl+RSF]        train=0.9843  test=0.7284
  [tabicl+Cox]        train=0.9656  test=0.7615
  [DS-simple]         train=0.8379  test=0.8339
  [DS-vanilla]        train=0.8593  test=0.8443
  [RSF]               train=0.9428  test=0.8498
  [Cox]               train=0.8273  test=0.8267
  Fold 2: train=13566, test=3392
Warming up TabICL model (triggering checkpoint load)...
ARRIVATO QUI 1
Loading TabICL model checkpoint 'tabicl-classifier-v1.1-0506.ckpt'...
ARRIVATO QUI
Performing dummy prediction to ensure model is loaded...
Warming up TabICL model (triggering checkpoint load)...
ARRIVATO QUI 1
Loading TabICL model checkpoint 'tabicl-classifier-v1.1-0506.ckpt'...
ARRIVATO QUI
Performing dummy prediction to ensure model is loaded...
  Embedding shape: (13566, 512)
  [tabicl+DS-simple]  train=0.9601  test=0.8117
  [tabicl+DS-vanilla] train=0.9627  test=0.7029
  [tabicl+RSF]        train=0.9839  test=0.7468
  [tabicl+Cox]        train=0.9644  test=0.7688
  [DS-simple]         train=0.8286  test=0.8428
  [DS-vanilla]        train=0.8464  test=0.8538
  [RSF]               train=0.9419  test=0.8575
  [Cox]               train=0.8245  test=0.8422
  Fold 3: train=13566, test=3392
Warming up TabICL model (triggering checkpoint load)...
ARRIVATO QUI 1
Loading TabICL model checkpoint 'tabicl-classifier-v1.1-0506.ckpt'...
ARRIVATO QUI
Performing dummy prediction to ensure model is loaded...
Warming up TabICL model (triggering checkpoint load)...
ARRIVATO QUI 1
Loading TabICL model checkpoint 'tabicl-classifier-v1.1-0506.ckpt'...
ARRIVATO QUI
Performing dummy prediction to ensure model is loaded...
  Embedding shape: (13566, 512)
  [tabicl+DS-simple]  train=0.9600  test=0.7633
  [tabicl+DS-vanilla] train=0.9639  test=0.7899
  [tabicl+RSF]        train=0.9839  test=0.7537
  [tabicl+Cox]        train=0.9645  test=0.7598
  [DS-simple]         train=0.8375  test=0.8328
  [DS-vanilla]        train=0.8605  test=0.8361
  [RSF]               train=0.9416  test=0.8475
  [Cox]               train=0.8298  test=0.8233
  Fold 4: train=13567, test=3391
Warming up TabICL model (triggering checkpoint load)...
ARRIVATO QUI 1
Loading TabICL model checkpoint 'tabicl-classifier-v1.1-0506.ckpt'...
ARRIVATO QUI
Performing dummy prediction to ensure model is loaded...
Warming up TabICL model (triggering checkpoint load)...
ARRIVATO QUI 1
Loading TabICL model checkpoint 'tabicl-classifier-v1.1-0506.ckpt'...
ARRIVATO QUI
Performing dummy prediction to ensure model is loaded...
  Embedding shape: (13567, 512)
  [tabicl+DS-simple]  train=0.9606  test=0.7424
  [tabicl+DS-vanilla] train=0.9628  test=0.7795
  [tabicl+RSF]        train=0.9835  test=0.7514
  [tabicl+Cox]        train=0.9642  test=0.7601
  [DS-simple]         train=0.8368  test=0.8178
  [DS-vanilla]        train=0.8599  test=0.8467
  [RSF]               train=0.9415  test=0.8447
  [Cox]               train=0.8313  test=0.8151
  Fold 5: train=13567, test=3391
Warming up TabICL model (triggering checkpoint load)...
ARRIVATO QUI 1
Loading TabICL model checkpoint 'tabicl-classifier-v1.1-0506.ckpt'...
ARRIVATO QUI
Performing dummy prediction to ensure model is loaded...
Warming up TabICL model (triggering checkpoint load)...
ARRIVATO QUI 1
Loading TabICL model checkpoint 'tabicl-classifier-v1.1-0506.ckpt'...
ARRIVATO QUI
Performing dummy prediction to ensure model is loaded...
  Embedding shape: (13567, 512)
  [tabicl+DS-simple]  train=0.9551  test=0.8078
  [tabicl+DS-vanilla] train=0.9618  test=0.8086
  [tabicl+RSF]        train=0.9834  test=0.7219
  [tabicl+Cox]        train=0.9631  test=0.7893
  [DS-simple]         train=0.8378  test=0.8341
  [DS-vanilla]        train=0.8611  test=0.8506
  [RSF]               train=0.9420  test=0.8606
  [Cox]               train=0.8279  test=0.8236

============================================================
Preprocess: NaN
============================================================
Loading existing folds from tmp/splits/HURRAH_seed456.pkl

--- Sample size: 100 ---
  Fold 1: train=100, test=3392
Warming up TabICL model (triggering checkpoint load)...
ARRIVATO QUI 1
Loading TabICL model checkpoint 'tabicl-classifier-v1.1-0506.ckpt'...
ARRIVATO QUI
Performing dummy prediction to ensure model is loaded...
Warming up TabICL model (triggering checkpoint load)...
ARRIVATO QUI 1
Loading TabICL model checkpoint 'tabicl-classifier-v1.1-0506.ckpt'...
ARRIVATO QUI
Performing dummy prediction to ensure model is loaded...
  Embedding shape: (100, 512)
  [tabicl+DS-simple]  train=0.9718  test=0.6135
  [tabicl+DS-vanilla] train=0.9871  test=0.5934
  [tabicl+RSF]        train=0.9741  test=0.5082
  [tabicl+Cox]        train=0.9741  test=0.4958
  Fold 2: train=100, test=3392
Warming up TabICL model (triggering checkpoint load)...
ARRIVATO QUI 1
Loading TabICL model checkpoint 'tabicl-classifier-v1.1-0506.ckpt'...
ARRIVATO QUI
Performing dummy prediction to ensure model is loaded...
Warming up TabICL model (triggering checkpoint load)...
ARRIVATO QUI 1
Loading TabICL model checkpoint 'tabicl-classifier-v1.1-0506.ckpt'...
ARRIVATO QUI
Performing dummy prediction to ensure model is loaded...
  Embedding shape: (100, 512)
  [tabicl+DS-simple]  train=0.9726  test=0.6800
  [tabicl+DS-vanilla] train=0.9932  test=0.6712
  [tabicl+RSF]        train=0.9906  test=0.5178
  [tabicl+Cox]        train=1.0000  test=0.5893
  Fold 3: train=100, test=3392
Warming up TabICL model (triggering checkpoint load)...
ARRIVATO QUI 1
Loading TabICL model checkpoint 'tabicl-classifier-v1.1-0506.ckpt'...
ARRIVATO QUI
Performing dummy prediction to ensure model is loaded...
Warming up TabICL model (triggering checkpoint load)...
ARRIVATO QUI 1
Loading TabICL model checkpoint 'tabicl-classifier-v1.1-0506.ckpt'...
ARRIVATO QUI
Performing dummy prediction to ensure model is loaded...
  Embedding shape: (100, 512)
  [tabicl+DS-simple]  train=0.9418  test=0.6285
  [tabicl+DS-vanilla] train=0.9570  test=0.5276
  [tabicl+RSF]        train=0.9810  test=0.4348
  [tabicl+Cox]        train=0.8306  test=0.4170
  Fold 4: train=100, test=3391
Warming up TabICL model (triggering checkpoint load)...
ARRIVATO QUI 1
Loading TabICL model checkpoint 'tabicl-classifier-v1.1-0506.ckpt'...
ARRIVATO QUI
Performing dummy prediction to ensure model is loaded...
Warming up TabICL model (triggering checkpoint load)...
ARRIVATO QUI 1
Loading TabICL model checkpoint 'tabicl-classifier-v1.1-0506.ckpt'...
ARRIVATO QUI
Performing dummy prediction to ensure model is loaded...
  Embedding shape: (100, 512)
  [tabicl+DS-simple]  train=0.9329  test=0.6562
  [tabicl+DS-vanilla] train=0.9716  test=0.6350
  [tabicl+RSF]        train=0.9818  test=0.6219
  [tabicl+Cox]        train=0.9989  test=0.6017
  Fold 5: train=100, test=3391
Warming up TabICL model (triggering checkpoint load)...
ARRIVATO QUI 1
Loading TabICL model checkpoint 'tabicl-classifier-v1.1-0506.ckpt'...
ARRIVATO QUI
Performing dummy prediction to ensure model is loaded...
Warming up TabICL model (triggering checkpoint load)...
ARRIVATO QUI 1
Loading TabICL model checkpoint 'tabicl-classifier-v1.1-0506.ckpt'...
ARRIVATO QUI
Performing dummy prediction to ensure model is loaded...
  Embedding shape: (100, 512)
  [tabicl+DS-simple]  train=0.9349  test=0.7090
  [tabicl+DS-vanilla] train=0.9916  test=0.5533
  [tabicl+RSF]        train=0.9582  test=0.6496
  [tabicl+Cox]        train=0.9985  test=0.6028

--- Sample size: 500 ---
  Fold 1: train=500, test=3392
Warming up TabICL model (triggering checkpoint load)...
ARRIVATO QUI 1
Loading TabICL model checkpoint 'tabicl-classifier-v1.1-0506.ckpt'...
ARRIVATO QUI
Performing dummy prediction to ensure model is loaded...
Warming up TabICL model (triggering checkpoint load)...
ARRIVATO QUI 1
Loading TabICL model checkpoint 'tabicl-classifier-v1.1-0506.ckpt'...
ARRIVATO QUI
Performing dummy prediction to ensure model is loaded...
  Embedding shape: (500, 512)
  [tabicl+DS-simple]  train=0.9468  test=0.7399
  [tabicl+DS-vanilla] train=0.9477  test=0.6963
  [tabicl+RSF]        train=0.9827  test=0.5402
  [tabicl+Cox]        train=0.9809  test=0.6392
  Fold 2: train=500, test=3392
Warming up TabICL model (triggering checkpoint load)...
ARRIVATO QUI 1
Loading TabICL model checkpoint 'tabicl-classifier-v1.1-0506.ckpt'...
ARRIVATO QUI
Performing dummy prediction to ensure model is loaded...
Warming up TabICL model (triggering checkpoint load)...
ARRIVATO QUI 1
Loading TabICL model checkpoint 'tabicl-classifier-v1.1-0506.ckpt'...
ARRIVATO QUI
Performing dummy prediction to ensure model is loaded...
  Embedding shape: (500, 512)
  [tabicl+DS-simple]  train=0.9307  test=0.7488
  [tabicl+DS-vanilla] train=0.9528  test=0.7454
  [tabicl+RSF]        train=0.9787  test=0.6297
  [tabicl+Cox]        train=0.9786  test=0.6142
  Fold 3: train=500, test=3392
Warming up TabICL model (triggering checkpoint load)...
ARRIVATO QUI 1
Loading TabICL model checkpoint 'tabicl-classifier-v1.1-0506.ckpt'...
ARRIVATO QUI
Performing dummy prediction to ensure model is loaded...
Warming up TabICL model (triggering checkpoint load)...
ARRIVATO QUI 1
Loading TabICL model checkpoint 'tabicl-classifier-v1.1-0506.ckpt'...
ARRIVATO QUI
Performing dummy prediction to ensure model is loaded...
  Embedding shape: (500, 512)
  [tabicl+DS-simple]  train=0.9471  test=0.7010
  [tabicl+DS-vanilla] train=0.9470  test=0.7317
  [tabicl+RSF]        train=0.9847  test=0.5822
  [tabicl+Cox]        train=0.9821  test=0.6582
  Fold 4: train=500, test=3391
Warming up TabICL model (triggering checkpoint load)...
ARRIVATO QUI 1
Loading TabICL model checkpoint 'tabicl-classifier-v1.1-0506.ckpt'...
ARRIVATO QUI
Performing dummy prediction to ensure model is loaded...
Warming up TabICL model (triggering checkpoint load)...
ARRIVATO QUI 1
Loading TabICL model checkpoint 'tabicl-classifier-v1.1-0506.ckpt'...
ARRIVATO QUI
Performing dummy prediction to ensure model is loaded...
  Embedding shape: (500, 512)
  [tabicl+DS-simple]  train=0.9539  test=0.7048
  [tabicl+DS-vanilla] train=0.9477  test=0.6846
  [tabicl+RSF]        train=0.9780  test=0.6208
  [tabicl+Cox]        train=0.7221  test=0.4395
  Fold 5: train=500, test=3391
Warming up TabICL model (triggering checkpoint load)...
ARRIVATO QUI 1
Loading TabICL model checkpoint 'tabicl-classifier-v1.1-0506.ckpt'...
ARRIVATO QUI
Performing dummy prediction to ensure model is loaded...
Warming up TabICL model (triggering checkpoint load)...
ARRIVATO QUI 1
Loading TabICL model checkpoint 'tabicl-classifier-v1.1-0506.ckpt'...
ARRIVATO QUI
Performing dummy prediction to ensure model is loaded...
  Embedding shape: (500, 512)
  [tabicl+DS-simple]  train=0.9487  test=0.7283
  [tabicl+DS-vanilla] train=0.9623  test=0.6795
  [tabicl+RSF]        train=0.9778  test=0.4749
  [tabicl+Cox]        train=0.9142  test=0.2775

--- Sample size: 1000 ---
  Fold 1: train=1000, test=3392
Warming up TabICL model (triggering checkpoint load)...
ARRIVATO QUI 1
Loading TabICL model checkpoint 'tabicl-classifier-v1.1-0506.ckpt'...
ARRIVATO QUI
Performing dummy prediction to ensure model is loaded...
Warming up TabICL model (triggering checkpoint load)...
ARRIVATO QUI 1
Loading TabICL model checkpoint 'tabicl-classifier-v1.1-0506.ckpt'...
ARRIVATO QUI
Performing dummy prediction to ensure model is loaded...
  Embedding shape: (1000, 512)
  [tabicl+DS-simple]  train=0.9517  test=0.7537
  [tabicl+DS-vanilla] train=0.9673  test=0.7418
  [tabicl+RSF]        train=0.9851  test=0.6687
  [tabicl+Cox]        train=0.9738  test=0.7167
  Fold 2: train=1000, test=3392
Warming up TabICL model (triggering checkpoint load)...
ARRIVATO QUI 1
Loading TabICL model checkpoint 'tabicl-classifier-v1.1-0506.ckpt'...
ARRIVATO QUI
Performing dummy prediction to ensure model is loaded...
Warming up TabICL model (triggering checkpoint load)...
ARRIVATO QUI 1
Loading TabICL model checkpoint 'tabicl-classifier-v1.1-0506.ckpt'...
ARRIVATO QUI
Performing dummy prediction to ensure model is loaded...
  Embedding shape: (1000, 512)
  [tabicl+DS-simple]  train=0.9479  test=0.7692
  [tabicl+DS-vanilla] train=0.9422  test=0.7747
  [tabicl+RSF]        train=0.9797  test=0.6037
  [tabicl+Cox]        train=0.9708  test=0.6683
  Fold 3: train=1000, test=3392
Warming up TabICL model (triggering checkpoint load)...
ARRIVATO QUI 1
Loading TabICL model checkpoint 'tabicl-classifier-v1.1-0506.ckpt'...
ARRIVATO QUI
Performing dummy prediction to ensure model is loaded...
Warming up TabICL model (triggering checkpoint load)...
ARRIVATO QUI 1
Loading TabICL model checkpoint 'tabicl-classifier-v1.1-0506.ckpt'...
ARRIVATO QUI
Performing dummy prediction to ensure model is loaded...
  Embedding shape: (1000, 512)
  [tabicl+DS-simple]  train=0.9553  test=0.7511
  [tabicl+DS-vanilla] train=0.9618  test=0.6557
  [tabicl+RSF]        train=0.9824  test=0.6960
  [tabicl+Cox]        train=0.9761  test=0.6466
  Fold 4: train=1000, test=3391
Warming up TabICL model (triggering checkpoint load)...
ARRIVATO QUI 1
Loading TabICL model checkpoint 'tabicl-classifier-v1.1-0506.ckpt'...
ARRIVATO QUI
Performing dummy prediction to ensure model is loaded...
Warming up TabICL model (triggering checkpoint load)...
ARRIVATO QUI 1
Loading TabICL model checkpoint 'tabicl-classifier-v1.1-0506.ckpt'...
ARRIVATO QUI
Performing dummy prediction to ensure model is loaded...
  Embedding shape: (1000, 512)
  [tabicl+DS-simple]  train=0.9434  test=0.7468
  [tabicl+DS-vanilla] train=0.9627  test=0.7525
  [tabicl+RSF]        train=0.9804  test=0.7031
  [tabicl+Cox]        train=0.9742  test=0.7082
  Fold 5: train=1000, test=3391
Warming up TabICL model (triggering checkpoint load)...
ARRIVATO QUI 1
Loading TabICL model checkpoint 'tabicl-classifier-v1.1-0506.ckpt'...
ARRIVATO QUI
Performing dummy prediction to ensure model is loaded...
Warming up TabICL model (triggering checkpoint load)...
ARRIVATO QUI 1
Loading TabICL model checkpoint 'tabicl-classifier-v1.1-0506.ckpt'...
ARRIVATO QUI
Performing dummy prediction to ensure model is loaded...
  Embedding shape: (1000, 512)
  [tabicl+DS-simple]  train=0.9465  test=0.7253
  [tabicl+DS-vanilla] train=0.9528  test=0.7409
  [tabicl+RSF]        train=0.9818  test=0.6282
  [tabicl+Cox]        train=0.9704  test=0.6731

--- Sample size: 2500 ---
  Fold 1: train=2500, test=3392
Warming up TabICL model (triggering checkpoint load)...
ARRIVATO QUI 1
Loading TabICL model checkpoint 'tabicl-classifier-v1.1-0506.ckpt'...
ARRIVATO QUI
Performing dummy prediction to ensure model is loaded...
Warming up TabICL model (triggering checkpoint load)...
ARRIVATO QUI 1
Loading TabICL model checkpoint 'tabicl-classifier-v1.1-0506.ckpt'...
ARRIVATO QUI
Performing dummy prediction to ensure model is loaded...
  Embedding shape: (2500, 512)
  [tabicl+DS-simple]  train=0.9545  test=0.7785
  [tabicl+DS-vanilla] train=0.9606  test=0.7696
  [tabicl+RSF]        train=0.9846  test=0.7222
  [tabicl+Cox]        train=0.9713  test=0.7179
  Fold 2: train=2500, test=3392
Warming up TabICL model (triggering checkpoint load)...
ARRIVATO QUI 1
Loading TabICL model checkpoint 'tabicl-classifier-v1.1-0506.ckpt'...
ARRIVATO QUI
Performing dummy prediction to ensure model is loaded...
Warming up TabICL model (triggering checkpoint load)...
ARRIVATO QUI 1
Loading TabICL model checkpoint 'tabicl-classifier-v1.1-0506.ckpt'...
ARRIVATO QUI
Performing dummy prediction to ensure model is loaded...
  Embedding shape: (2500, 512)
  [tabicl+DS-simple]  train=0.9597  test=0.7875
  [tabicl+DS-vanilla] train=0.9683  test=0.7411
  [tabicl+RSF]        train=0.9826  test=0.6848
  [tabicl+Cox]        train=0.9677  test=0.6742
  Fold 3: train=2500, test=3392
Warming up TabICL model (triggering checkpoint load)...
ARRIVATO QUI 1
Loading TabICL model checkpoint 'tabicl-classifier-v1.1-0506.ckpt'...
ARRIVATO QUI
Performing dummy prediction to ensure model is loaded...
Warming up TabICL model (triggering checkpoint load)...
ARRIVATO QUI 1
Loading TabICL model checkpoint 'tabicl-classifier-v1.1-0506.ckpt'...
ARRIVATO QUI
Performing dummy prediction to ensure model is loaded...
  Embedding shape: (2500, 512)
  [tabicl+DS-simple]  train=0.9638  test=0.7466
  [tabicl+DS-vanilla] train=0.9660  test=0.7383
  [tabicl+RSF]        train=0.9816  test=0.7122
  [tabicl+Cox]        train=0.9704  test=0.6809
  Fold 4: train=2500, test=3391
Warming up TabICL model (triggering checkpoint load)...
ARRIVATO QUI 1
Loading TabICL model checkpoint 'tabicl-classifier-v1.1-0506.ckpt'...
ARRIVATO QUI
Performing dummy prediction to ensure model is loaded...
Warming up TabICL model (triggering checkpoint load)...
ARRIVATO QUI 1
Loading TabICL model checkpoint 'tabicl-classifier-v1.1-0506.ckpt'...
ARRIVATO QUI
Performing dummy prediction to ensure model is loaded...
  Embedding shape: (2500, 512)
  [tabicl+DS-simple]  train=0.9542  test=0.7775
  [tabicl+DS-vanilla] train=0.9620  test=0.7294
  [tabicl+RSF]        train=0.9834  test=0.7394
  [tabicl+Cox]        train=0.9678  test=0.7287
  Fold 5: train=2500, test=3391
Warming up TabICL model (triggering checkpoint load)...
ARRIVATO QUI 1
Loading TabICL model checkpoint 'tabicl-classifier-v1.1-0506.ckpt'...
ARRIVATO QUI
Performing dummy prediction to ensure model is loaded...
Warming up TabICL model (triggering checkpoint load)...
ARRIVATO QUI 1
Loading TabICL model checkpoint 'tabicl-classifier-v1.1-0506.ckpt'...
ARRIVATO QUI
Performing dummy prediction to ensure model is loaded...
  Embedding shape: (2500, 512)
  [tabicl+DS-simple]  train=0.9492  test=0.7840
  [tabicl+DS-vanilla] train=0.9488  test=0.7753
  [tabicl+RSF]        train=0.9829  test=0.7160
  [tabicl+Cox]        train=0.9647  test=0.7242

--- Sample size: 5000 ---
  Fold 1: train=5000, test=3392
Warming up TabICL model (triggering checkpoint load)...
ARRIVATO QUI 1
Loading TabICL model checkpoint 'tabicl-classifier-v1.1-0506.ckpt'...
ARRIVATO QUI
Performing dummy prediction to ensure model is loaded...
Warming up TabICL model (triggering checkpoint load)...
ARRIVATO QUI 1
Loading TabICL model checkpoint 'tabicl-classifier-v1.1-0506.ckpt'...
ARRIVATO QUI
Performing dummy prediction to ensure model is loaded...
  Embedding shape: (5000, 512)
  [tabicl+DS-simple]  train=0.9640  test=0.7706
  [tabicl+DS-vanilla] train=0.9687  test=0.7470
  [tabicl+RSF]        train=0.9847  test=0.7289
  [tabicl+Cox]        train=0.9684  test=0.7305
  Fold 2: train=5000, test=3392
Warming up TabICL model (triggering checkpoint load)...
ARRIVATO QUI 1
Loading TabICL model checkpoint 'tabicl-classifier-v1.1-0506.ckpt'...
ARRIVATO QUI
Performing dummy prediction to ensure model is loaded...
Warming up TabICL model (triggering checkpoint load)...
ARRIVATO QUI 1
Loading TabICL model checkpoint 'tabicl-classifier-v1.1-0506.ckpt'...
ARRIVATO QUI
Performing dummy prediction to ensure model is loaded...
  Embedding shape: (5000, 512)
  [tabicl+DS-simple]  train=0.9623  test=0.7736
  [tabicl+DS-vanilla] train=0.9656  test=0.7514
  [tabicl+RSF]        train=0.9829  test=0.7182
  [tabicl+Cox]        train=0.9647  test=0.7092
  Fold 3: train=5000, test=3392
Warming up TabICL model (triggering checkpoint load)...
ARRIVATO QUI 1
Loading TabICL model checkpoint 'tabicl-classifier-v1.1-0506.ckpt'...
ARRIVATO QUI
Performing dummy prediction to ensure model is loaded...
Warming up TabICL model (triggering checkpoint load)...
ARRIVATO QUI 1
Loading TabICL model checkpoint 'tabicl-classifier-v1.1-0506.ckpt'...
ARRIVATO QUI
Performing dummy prediction to ensure model is loaded...
  Embedding shape: (5000, 512)
  [tabicl+DS-simple]  train=0.9655  test=0.7643
  [tabicl+DS-vanilla] train=0.9636  test=0.7551
  [tabicl+RSF]        train=0.9824  test=0.7179
  [tabicl+Cox]        train=0.9676  test=0.7020
  Fold 4: train=5000, test=3391
Warming up TabICL model (triggering checkpoint load)...
ARRIVATO QUI 1
Loading TabICL model checkpoint 'tabicl-classifier-v1.1-0506.ckpt'...
ARRIVATO QUI
Performing dummy prediction to ensure model is loaded...
Warming up TabICL model (triggering checkpoint load)...
ARRIVATO QUI 1
Loading TabICL model checkpoint 'tabicl-classifier-v1.1-0506.ckpt'...
ARRIVATO QUI
Performing dummy prediction to ensure model is loaded...
  Embedding shape: (5000, 512)
  [tabicl+DS-simple]  train=0.9551  test=0.7849
  [tabicl+DS-vanilla] train=0.9591  test=0.7457
  [tabicl+RSF]        train=0.9842  test=0.7253
  [tabicl+Cox]        train=0.9643  test=0.7055
  Fold 5: train=5000, test=3391
Warming up TabICL model (triggering checkpoint load)...
ARRIVATO QUI 1
Loading TabICL model checkpoint 'tabicl-classifier-v1.1-0506.ckpt'...
ARRIVATO QUI
Performing dummy prediction to ensure model is loaded...
Warming up TabICL model (triggering checkpoint load)...
ARRIVATO QUI 1
Loading TabICL model checkpoint 'tabicl-classifier-v1.1-0506.ckpt'...
ARRIVATO QUI
Performing dummy prediction to ensure model is loaded...
  Embedding shape: (5000, 512)
  [tabicl+DS-simple]  train=0.9626  test=0.7772
  [tabicl+DS-vanilla] train=0.9598  test=0.7864
  [tabicl+RSF]        train=0.9834  test=0.7228
  [tabicl+Cox]        train=0.9654  test=0.7516

--- Sample size: 10000 ---
  Fold 1: train=10000, test=3392
Warming up TabICL model (triggering checkpoint load)...
ARRIVATO QUI 1
Loading TabICL model checkpoint 'tabicl-classifier-v1.1-0506.ckpt'...
ARRIVATO QUI
Performing dummy prediction to ensure model is loaded...
Warming up TabICL model (triggering checkpoint load)...
ARRIVATO QUI 1
Loading TabICL model checkpoint 'tabicl-classifier-v1.1-0506.ckpt'...
ARRIVATO QUI
Performing dummy prediction to ensure model is loaded...
  Embedding shape: (10000, 512)
  [tabicl+DS-simple]  train=0.3482  test=0.2554
  [tabicl+DS-vanilla] train=0.9635  test=0.7728
  [tabicl+RSF]        train=0.9839  test=0.7274
  [tabicl+Cox]        train=0.9653  test=0.7367
  Fold 2: train=10000, test=3392
Warming up TabICL model (triggering checkpoint load)...
ARRIVATO QUI 1
Loading TabICL model checkpoint 'tabicl-classifier-v1.1-0506.ckpt'...
ARRIVATO QUI
Performing dummy prediction to ensure model is loaded...
Warming up TabICL model (triggering checkpoint load)...
ARRIVATO QUI 1
Loading TabICL model checkpoint 'tabicl-classifier-v1.1-0506.ckpt'...
ARRIVATO QUI
Performing dummy prediction to ensure model is loaded...
  Embedding shape: (10000, 512)
  [tabicl+DS-simple]  train=0.9623  test=0.7851
  [tabicl+DS-vanilla] train=0.9630  test=0.7943
  [tabicl+RSF]        train=0.9831  test=0.7076
  [tabicl+Cox]        train=0.9645  test=0.7273
  Fold 3: train=10000, test=3392
Warming up TabICL model (triggering checkpoint load)...
ARRIVATO QUI 1
Loading TabICL model checkpoint 'tabicl-classifier-v1.1-0506.ckpt'...
ARRIVATO QUI
Performing dummy prediction to ensure model is loaded...
Warming up TabICL model (triggering checkpoint load)...
ARRIVATO QUI 1
Loading TabICL model checkpoint 'tabicl-classifier-v1.1-0506.ckpt'...
ARRIVATO QUI
Performing dummy prediction to ensure model is loaded...
  Embedding shape: (10000, 512)
  [tabicl+DS-simple]  train=0.9598  test=0.7761
  [tabicl+DS-vanilla] train=0.9623  test=0.7582
  [tabicl+RSF]        train=0.9829  test=0.7133
  [tabicl+Cox]        train=0.9639  test=0.7110
  Fold 4: train=10000, test=3391
Warming up TabICL model (triggering checkpoint load)...
ARRIVATO QUI 1
Loading TabICL model checkpoint 'tabicl-classifier-v1.1-0506.ckpt'...
ARRIVATO QUI
Performing dummy prediction to ensure model is loaded...
Warming up TabICL model (triggering checkpoint load)...
ARRIVATO QUI 1
Loading TabICL model checkpoint 'tabicl-classifier-v1.1-0506.ckpt'...
ARRIVATO QUI
Performing dummy prediction to ensure model is loaded...
  Embedding shape: (10000, 512)
  [tabicl+DS-simple]  train=0.9593  test=0.7632
  [tabicl+DS-vanilla] train=0.9579  test=0.7613
  [tabicl+RSF]        train=0.9830  test=0.7150
  [tabicl+Cox]        train=0.9637  test=0.7253
  Fold 5: train=10000, test=3391
Warming up TabICL model (triggering checkpoint load)...
ARRIVATO QUI 1
Loading TabICL model checkpoint 'tabicl-classifier-v1.1-0506.ckpt'...
ARRIVATO QUI
Performing dummy prediction to ensure model is loaded...
Warming up TabICL model (triggering checkpoint load)...
ARRIVATO QUI 1
Loading TabICL model checkpoint 'tabicl-classifier-v1.1-0506.ckpt'...
ARRIVATO QUI
Performing dummy prediction to ensure model is loaded...
  Embedding shape: (10000, 512)
  [tabicl+DS-simple]  train=0.9607  test=0.8086
  [tabicl+DS-vanilla] train=0.9597  test=0.7595
  [tabicl+RSF]        train=0.9835  test=0.6926
  [tabicl+Cox]        train=0.9641  test=0.7504

--- Sample size: 15000 ---
  Fold 1: train=13566, test=3392
Warming up TabICL model (triggering checkpoint load)...
ARRIVATO QUI 1
Loading TabICL model checkpoint 'tabicl-classifier-v1.1-0506.ckpt'...
ARRIVATO QUI
Performing dummy prediction to ensure model is loaded...
Warming up TabICL model (triggering checkpoint load)...
ARRIVATO QUI 1
Loading TabICL model checkpoint 'tabicl-classifier-v1.1-0506.ckpt'...
ARRIVATO QUI
Performing dummy prediction to ensure model is loaded...
  Embedding shape: (13566, 512)
  [tabicl+DS-simple]  train=0.9608  test=0.7913
  [tabicl+DS-vanilla] train=0.9618  test=0.7733
  [tabicl+RSF]        train=0.9837  test=0.7318
  [tabicl+Cox]        train=0.9646  test=0.7306
  Fold 2: train=13566, test=3392
Warming up TabICL model (triggering checkpoint load)...
ARRIVATO QUI 1
Loading TabICL model checkpoint 'tabicl-classifier-v1.1-0506.ckpt'...
ARRIVATO QUI
Performing dummy prediction to ensure model is loaded...
Warming up TabICL model (triggering checkpoint load)...
ARRIVATO QUI 1
Loading TabICL model checkpoint 'tabicl-classifier-v1.1-0506.ckpt'...
ARRIVATO QUI
Performing dummy prediction to ensure model is loaded...
  Embedding shape: (13566, 512)
  [tabicl+DS-simple]  train=0.9598  test=0.7931
  [tabicl+DS-vanilla] train=0.9611  test=0.7585
  [tabicl+RSF]        train=0.9832  test=0.7286
  [tabicl+Cox]        train=0.9631  test=0.7440
  Fold 3: train=13566, test=3392
Warming up TabICL model (triggering checkpoint load)...
ARRIVATO QUI 1
Loading TabICL model checkpoint 'tabicl-classifier-v1.1-0506.ckpt'...
ARRIVATO QUI
Performing dummy prediction to ensure model is loaded...
Warming up TabICL model (triggering checkpoint load)...
ARRIVATO QUI 1
Loading TabICL model checkpoint 'tabicl-classifier-v1.1-0506.ckpt'...
ARRIVATO QUI
Performing dummy prediction to ensure model is loaded...
  Embedding shape: (13566, 512)
  [tabicl+DS-simple]  train=0.9620  test=0.7861
  [tabicl+DS-vanilla] train=0.9588  test=0.7388
  [tabicl+RSF]        train=0.9831  test=0.7070
  [tabicl+Cox]        train=0.9632  test=0.7260
  Fold 4: train=13567, test=3391
Warming up TabICL model (triggering checkpoint load)...
ARRIVATO QUI 1
Loading TabICL model checkpoint 'tabicl-classifier-v1.1-0506.ckpt'...
ARRIVATO QUI
Performing dummy prediction to ensure model is loaded...
Warming up TabICL model (triggering checkpoint load)...
ARRIVATO QUI 1
Loading TabICL model checkpoint 'tabicl-classifier-v1.1-0506.ckpt'...
ARRIVATO QUI
Performing dummy prediction to ensure model is loaded...
  Embedding shape: (13567, 512)
  [tabicl+DS-simple]  train=0.9634  test=0.7264
  [tabicl+DS-vanilla] train=0.9612  test=0.7628
  [tabicl+RSF]        train=0.9834  test=0.7135
  [tabicl+Cox]        train=0.9638  test=0.7328
  Fold 5: train=13567, test=3391
Warming up TabICL model (triggering checkpoint load)...
ARRIVATO QUI 1
Loading TabICL model checkpoint 'tabicl-classifier-v1.1-0506.ckpt'...
ARRIVATO QUI
Performing dummy prediction to ensure model is loaded...
Warming up TabICL model (triggering checkpoint load)...
ARRIVATO QUI 1
Loading TabICL model checkpoint 'tabicl-classifier-v1.1-0506.ckpt'...
ARRIVATO QUI
Performing dummy prediction to ensure model is loaded...
  Embedding shape: (13567, 512)
  [tabicl+DS-simple]  train=0.9610  test=0.7551
  [tabicl+DS-vanilla] train=0.9617  test=0.7864
  [tabicl+RSF]        train=0.9836  test=0.6955
  [tabicl+Cox]        train=0.9624  test=0.7578

Data saved → results/HURRAH/tabicl/results_samplesize_HURRAH_tabicl_seed456_data.txt

Dataset: HURRAH | Model: tabicl | Seed: 456
======================================================================

Preprocess: -1
------------------------------------------------------------

  Sample size (requested):    100  |  actual mean: 100
    TRAIN tabicl+DS-simple            → mean: 0.9654 | std: 0.0110 | min: 0.9479 | max: 0.9812
    TEST  tabicl+DS-simple            → mean: 0.6293 | std: 0.0521 | min: 0.5589 | max: 0.7015
    TRAIN tabicl+DS-vanilla           → mean: 0.9497 | std: 0.0503 | min: 0.8544 | max: 0.9937
    TEST  tabicl+DS-vanilla           → mean: 0.6226 | std: 0.0631 | min: 0.5396 | max: 0.7152
    TRAIN tabicl+RSF                  → mean: 0.9765 | std: 0.0110 | min: 0.9632 | max: 0.9949
    TEST  tabicl+RSF                  → mean: 0.5582 | std: 0.0819 | min: 0.4636 | max: 0.6637
    TRAIN tabicl+Cox                  → mean: 0.9945 | std: 0.0087 | min: 0.9772 | max: 1.0000
    TEST  tabicl+Cox                  → mean: 0.5354 | std: 0.0551 | min: 0.4505 | max: 0.6099
    TRAIN DS-simple (base)            → mean: 0.9134 | std: 0.0393 | min: 0.8460 | max: 0.9486
    TEST  DS-simple (base)            → mean: 0.6900 | std: 0.0217 | min: 0.6689 | max: 0.7310
    TRAIN DS-vanilla (base)           → mean: 0.8788 | std: 0.1049 | min: 0.6979 | max: 0.9863
    TEST  DS-vanilla (base)           → mean: 0.6403 | std: 0.0666 | min: 0.5709 | max: 0.7213
    TRAIN RSF (base)                  → mean: 0.9639 | std: 0.0198 | min: 0.9379 | max: 0.9965
    TEST  RSF (base)                  → mean: 0.6604 | std: 0.0486 | min: 0.6063 | max: 0.7513
    TRAIN Cox (base)                  → mean: 0.9433 | std: 0.0246 | min: 0.9073 | max: 0.9795
    TEST  Cox (base)                  → mean: 0.7030 | std: 0.0368 | min: 0.6554 | max: 0.7657

  Sample size (requested):    500  |  actual mean: 500
    TRAIN tabicl+DS-simple            → mean: 0.9486 | std: 0.0086 | min: 0.9358 | max: 0.9614
    TEST  tabicl+DS-simple            → mean: 0.7440 | std: 0.0103 | min: 0.7332 | max: 0.7622
    TRAIN tabicl+DS-vanilla           → mean: 0.9470 | std: 0.0106 | min: 0.9344 | max: 0.9631
    TEST  tabicl+DS-vanilla           → mean: 0.7299 | std: 0.0129 | min: 0.7050 | max: 0.7418
    TRAIN tabicl+RSF                  → mean: 0.9811 | std: 0.0016 | min: 0.9795 | max: 0.9833
    TEST  tabicl+RSF                  → mean: 0.5886 | std: 0.0766 | min: 0.4765 | max: 0.6765
    TRAIN tabicl+Cox                  → mean: 0.9558 | std: 0.0524 | min: 0.8511 | max: 0.9847
    TEST  tabicl+Cox                  → mean: 0.6660 | std: 0.0405 | min: 0.6202 | max: 0.7312
    TRAIN DS-simple (base)            → mean: 0.8406 | std: 0.0126 | min: 0.8224 | max: 0.8571
    TEST  DS-simple (base)            → mean: 0.8008 | std: 0.0110 | min: 0.7815 | max: 0.8126
    TRAIN DS-vanilla (base)           → mean: 0.8463 | std: 0.0080 | min: 0.8377 | max: 0.8585
    TEST  DS-vanilla (base)           → mean: 0.7775 | std: 0.0058 | min: 0.7695 | max: 0.7858
    TRAIN RSF (base)                  → mean: 0.9504 | std: 0.0040 | min: 0.9463 | max: 0.9571
    TEST  RSF (base)                  → mean: 0.7945 | std: 0.0118 | min: 0.7825 | max: 0.8132
    TRAIN Cox (base)                  → mean: 0.8336 | std: 0.0135 | min: 0.8138 | max: 0.8500
    TEST  Cox (base)                  → mean: 0.8102 | std: 0.0119 | min: 0.7882 | max: 0.8196

  Sample size (requested):   1000  |  actual mean: 1000
    TRAIN tabicl+DS-simple            → mean: 0.9571 | std: 0.0035 | min: 0.9535 | max: 0.9618
    TEST  tabicl+DS-simple            → mean: 0.7401 | std: 0.0241 | min: 0.6933 | max: 0.7585
    TRAIN tabicl+DS-vanilla           → mean: 0.9656 | std: 0.0037 | min: 0.9612 | max: 0.9715
    TEST  tabicl+DS-vanilla           → mean: 0.7390 | std: 0.0212 | min: 0.7110 | max: 0.7674
    TRAIN tabicl+RSF                  → mean: 0.9832 | std: 0.0029 | min: 0.9807 | max: 0.9887
    TEST  tabicl+RSF                  → mean: 0.6630 | std: 0.0452 | min: 0.5884 | max: 0.7201
    TRAIN tabicl+Cox                  → mean: 0.9749 | std: 0.0013 | min: 0.9724 | max: 0.9759
    TEST  tabicl+Cox                  → mean: 0.6731 | std: 0.0501 | min: 0.6050 | max: 0.7451
    TRAIN DS-simple (base)            → mean: 0.8490 | std: 0.0074 | min: 0.8349 | max: 0.8550
    TEST  DS-simple (base)            → mean: 0.8221 | std: 0.0104 | min: 0.8033 | max: 0.8332
    TRAIN DS-vanilla (base)           → mean: 0.8418 | std: 0.0197 | min: 0.8070 | max: 0.8598
    TEST  DS-vanilla (base)           → mean: 0.8037 | std: 0.0122 | min: 0.7867 | max: 0.8248
    TRAIN RSF (base)                  → mean: 0.9495 | std: 0.0036 | min: 0.9426 | max: 0.9525
    TEST  RSF (base)                  → mean: 0.8132 | std: 0.0054 | min: 0.8040 | max: 0.8184
    TRAIN Cox (base)                  → mean: 0.8378 | std: 0.0059 | min: 0.8280 | max: 0.8450
    TEST  Cox (base)                  → mean: 0.8160 | std: 0.0113 | min: 0.7962 | max: 0.8256

  Sample size (requested):   2500  |  actual mean: 2500
    TRAIN tabicl+DS-simple            → mean: 0.9623 | std: 0.0022 | min: 0.9579 | max: 0.9637
    TEST  tabicl+DS-simple            → mean: 0.7737 | std: 0.0129 | min: 0.7553 | max: 0.7911
    TRAIN tabicl+DS-vanilla           → mean: 0.9611 | std: 0.0039 | min: 0.9565 | max: 0.9670
    TEST  tabicl+DS-vanilla           → mean: 0.7695 | std: 0.0096 | min: 0.7569 | max: 0.7807
    TRAIN tabicl+RSF                  → mean: 0.9837 | std: 0.0015 | min: 0.9821 | max: 0.9865
    TEST  tabicl+RSF                  → mean: 0.7246 | std: 0.0159 | min: 0.6985 | max: 0.7449
    TRAIN tabicl+Cox                  → mean: 0.8549 | std: 0.2100 | min: 0.4358 | max: 0.9716
    TEST  tabicl+Cox                  → mean: 0.6289 | std: 0.1999 | min: 0.2370 | max: 0.7593
    TRAIN DS-simple (base)            → mean: 0.8418 | std: 0.0076 | min: 0.8304 | max: 0.8507
    TEST  DS-simple (base)            → mean: 0.8270 | std: 0.0106 | min: 0.8141 | max: 0.8395
    TRAIN DS-vanilla (base)           → mean: 0.8323 | std: 0.0480 | min: 0.7411 | max: 0.8658
    TEST  DS-vanilla (base)           → mean: 0.7984 | std: 0.0330 | min: 0.7353 | max: 0.8253
    TRAIN RSF (base)                  → mean: 0.9466 | std: 0.0012 | min: 0.9443 | max: 0.9476
    TEST  RSF (base)                  → mean: 0.8319 | std: 0.0101 | min: 0.8214 | max: 0.8479
    TRAIN Cox (base)                  → mean: 0.8319 | std: 0.0059 | min: 0.8259 | max: 0.8390
    TEST  Cox (base)                  → mean: 0.8218 | std: 0.0110 | min: 0.8061 | max: 0.8392

  Sample size (requested):   5000  |  actual mean: 5000
    TRAIN tabicl+DS-simple            → mean: 0.9610 | std: 0.0024 | min: 0.9582 | max: 0.9647
    TEST  tabicl+DS-simple            → mean: 0.7830 | std: 0.0135 | min: 0.7670 | max: 0.8013
    TRAIN tabicl+DS-vanilla           → mean: 0.9639 | std: 0.0005 | min: 0.9631 | max: 0.9647
    TEST  tabicl+DS-vanilla           → mean: 0.7788 | std: 0.0063 | min: 0.7711 | max: 0.7896
    TRAIN tabicl+RSF                  → mean: 0.9840 | std: 0.0008 | min: 0.9833 | max: 0.9855
    TEST  tabicl+RSF                  → mean: 0.7328 | std: 0.0141 | min: 0.7196 | max: 0.7587
    TRAIN tabicl+Cox                  → mean: 0.9669 | std: 0.0015 | min: 0.9654 | max: 0.9688
    TEST  tabicl+Cox                  → mean: 0.7495 | std: 0.0250 | min: 0.7125 | max: 0.7825
    TRAIN DS-simple (base)            → mean: 0.8358 | std: 0.0064 | min: 0.8302 | max: 0.8437
    TEST  DS-simple (base)            → mean: 0.8304 | std: 0.0082 | min: 0.8173 | max: 0.8420
    TRAIN DS-vanilla (base)           → mean: 0.8478 | std: 0.0168 | min: 0.8269 | max: 0.8688
    TEST  DS-vanilla (base)           → mean: 0.8285 | std: 0.0144 | min: 0.8094 | max: 0.8480
    TRAIN RSF (base)                  → mean: 0.9455 | std: 0.0021 | min: 0.9419 | max: 0.9484
    TEST  RSF (base)                  → mean: 0.8423 | std: 0.0075 | min: 0.8312 | max: 0.8538
    TRAIN Cox (base)                  → mean: 0.8315 | std: 0.0052 | min: 0.8211 | max: 0.8352
    TEST  Cox (base)                  → mean: 0.8251 | std: 0.0090 | min: 0.8119 | max: 0.8399

  Sample size (requested):  10000  |  actual mean: 10000
    TRAIN tabicl+DS-simple            → mean: 0.7943 | std: 0.3328 | min: 0.1287 | max: 0.9638
    TEST  tabicl+DS-simple            → mean: 0.7068 | std: 0.1681 | min: 0.3718 | max: 0.8180
    TRAIN tabicl+DS-vanilla           → mean: 0.9615 | std: 0.0033 | min: 0.9554 | max: 0.9645
    TEST  tabicl+DS-vanilla           → mean: 0.7628 | std: 0.0325 | min: 0.6998 | max: 0.7910
    TRAIN tabicl+RSF                  → mean: 0.9838 | std: 0.0004 | min: 0.9831 | max: 0.9842
    TEST  tabicl+RSF                  → mean: 0.7465 | std: 0.0071 | min: 0.7406 | max: 0.7600
    TRAIN tabicl+Cox                  → mean: 0.9649 | std: 0.0006 | min: 0.9640 | max: 0.9659
    TEST  tabicl+Cox                  → mean: 0.7648 | std: 0.0132 | min: 0.7513 | max: 0.7884
    TRAIN DS-simple (base)            → mean: 0.8232 | std: 0.0206 | min: 0.7831 | max: 0.8382
    TEST  DS-simple (base)            → mean: 0.8214 | std: 0.0195 | min: 0.7854 | max: 0.8451
    TRAIN DS-vanilla (base)           → mean: 0.8371 | std: 0.0185 | min: 0.8003 | max: 0.8505
    TEST  DS-vanilla (base)           → mean: 0.8314 | std: 0.0094 | min: 0.8128 | max: 0.8381
    TRAIN RSF (base)                  → mean: 0.9423 | std: 0.0007 | min: 0.9415 | max: 0.9434
    TEST  RSF (base)                  → mean: 0.8516 | std: 0.0055 | min: 0.8453 | max: 0.8603
    TRAIN Cox (base)                  → mean: 0.8276 | std: 0.0021 | min: 0.8246 | max: 0.8306
    TEST  Cox (base)                  → mean: 0.8255 | std: 0.0095 | min: 0.8137 | max: 0.8425

  Sample size (requested):  15000  |  actual mean: 13566
    TRAIN tabicl+DS-simple            → mean: 0.9603 | std: 0.0033 | min: 0.9551 | max: 0.9655
    TEST  tabicl+DS-simple            → mean: 0.7831 | std: 0.0266 | min: 0.7424 | max: 0.8117
    TRAIN tabicl+DS-vanilla           → mean: 0.9632 | std: 0.0010 | min: 0.9618 | max: 0.9646
    TEST  tabicl+DS-vanilla           → mean: 0.7718 | std: 0.0361 | min: 0.7029 | max: 0.8086
    TRAIN tabicl+RSF                  → mean: 0.9838 | std: 0.0003 | min: 0.9834 | max: 0.9843
    TEST  tabicl+RSF                  → mean: 0.7405 | std: 0.0129 | min: 0.7219 | max: 0.7537
    TRAIN tabicl+Cox                  → mean: 0.9644 | std: 0.0008 | min: 0.9631 | max: 0.9656
    TEST  tabicl+Cox                  → mean: 0.7679 | std: 0.0112 | min: 0.7598 | max: 0.7893
    TRAIN DS-simple (base)            → mean: 0.8357 | std: 0.0036 | min: 0.8286 | max: 0.8379
    TEST  DS-simple (base)            → mean: 0.8323 | std: 0.0081 | min: 0.8178 | max: 0.8428
    TRAIN DS-vanilla (base)           → mean: 0.8574 | std: 0.0056 | min: 0.8464 | max: 0.8611
    TEST  DS-vanilla (base)           → mean: 0.8463 | std: 0.0061 | min: 0.8361 | max: 0.8538
    TRAIN RSF (base)                  → mean: 0.9420 | std: 0.0004 | min: 0.9415 | max: 0.9428
    TEST  RSF (base)                  → mean: 0.8520 | std: 0.0060 | min: 0.8447 | max: 0.8606
    TRAIN Cox (base)                  → mean: 0.8282 | std: 0.0023 | min: 0.8245 | max: 0.8313
    TEST  Cox (base)                  → mean: 0.8262 | std: 0.0089 | min: 0.8151 | max: 0.8422

Preprocess: NaN
------------------------------------------------------------

  Sample size (requested):    100  |  actual mean: 100
    TRAIN tabicl+DS-simple            → mean: 0.9508 | std: 0.0177 | min: 0.9329 | max: 0.9726
    TEST  tabicl+DS-simple            → mean: 0.6574 | std: 0.0345 | min: 0.6135 | max: 0.7090
    TRAIN tabicl+DS-vanilla           → mean: 0.9801 | std: 0.0138 | min: 0.9570 | max: 0.9932
    TEST  tabicl+DS-vanilla           → mean: 0.5961 | std: 0.0523 | min: 0.5276 | max: 0.6712
    TRAIN tabicl+RSF                  → mean: 0.9772 | std: 0.0108 | min: 0.9582 | max: 0.9906
    TEST  tabicl+RSF                  → mean: 0.5465 | std: 0.0788 | min: 0.4348 | max: 0.6496
    TRAIN tabicl+Cox                  → mean: 0.9604 | std: 0.0656 | min: 0.8306 | max: 1.0000
    TEST  tabicl+Cox                  → mean: 0.5413 | std: 0.0738 | min: 0.4170 | max: 0.6028

  Sample size (requested):    500  |  actual mean: 500
    TRAIN tabicl+DS-simple            → mean: 0.9454 | std: 0.0078 | min: 0.9307 | max: 0.9539
    TEST  tabicl+DS-simple            → mean: 0.7245 | std: 0.0189 | min: 0.7010 | max: 0.7488
    TRAIN tabicl+DS-vanilla           → mean: 0.9515 | std: 0.0058 | min: 0.9470 | max: 0.9623
    TEST  tabicl+DS-vanilla           → mean: 0.7075 | std: 0.0263 | min: 0.6795 | max: 0.7454
    TRAIN tabicl+RSF                  → mean: 0.9804 | std: 0.0028 | min: 0.9778 | max: 0.9847
    TEST  tabicl+RSF                  → mean: 0.5696 | std: 0.0570 | min: 0.4749 | max: 0.6297
    TRAIN tabicl+Cox                  → mean: 0.9156 | std: 0.1001 | min: 0.7221 | max: 0.9821
    TEST  tabicl+Cox                  → mean: 0.5257 | std: 0.1465 | min: 0.2775 | max: 0.6582

  Sample size (requested):   1000  |  actual mean: 1000
    TRAIN tabicl+DS-simple            → mean: 0.9490 | std: 0.0041 | min: 0.9434 | max: 0.9553
    TEST  tabicl+DS-simple            → mean: 0.7492 | std: 0.0141 | min: 0.7253 | max: 0.7692
    TRAIN tabicl+DS-vanilla           → mean: 0.9574 | std: 0.0089 | min: 0.9422 | max: 0.9673
    TEST  tabicl+DS-vanilla           → mean: 0.7331 | std: 0.0406 | min: 0.6557 | max: 0.7747
    TRAIN tabicl+RSF                  → mean: 0.9819 | std: 0.0019 | min: 0.9797 | max: 0.9851
    TEST  tabicl+RSF                  → mean: 0.6599 | std: 0.0385 | min: 0.6037 | max: 0.7031
    TRAIN tabicl+Cox                  → mean: 0.9730 | std: 0.0021 | min: 0.9704 | max: 0.9761
    TEST  tabicl+Cox                  → mean: 0.6826 | std: 0.0261 | min: 0.6466 | max: 0.7167

  Sample size (requested):   2500  |  actual mean: 2500
    TRAIN tabicl+DS-simple            → mean: 0.9563 | std: 0.0050 | min: 0.9492 | max: 0.9638
    TEST  tabicl+DS-simple            → mean: 0.7748 | std: 0.0146 | min: 0.7466 | max: 0.7875
    TRAIN tabicl+DS-vanilla           → mean: 0.9611 | std: 0.0068 | min: 0.9488 | max: 0.9683
    TEST  tabicl+DS-vanilla           → mean: 0.7507 | std: 0.0182 | min: 0.7294 | max: 0.7753
    TRAIN tabicl+RSF                  → mean: 0.9830 | std: 0.0010 | min: 0.9816 | max: 0.9846
    TEST  tabicl+RSF                  → mean: 0.7149 | std: 0.0177 | min: 0.6848 | max: 0.7394
    TRAIN tabicl+Cox                  → mean: 0.9684 | std: 0.0023 | min: 0.9647 | max: 0.9713
    TEST  tabicl+Cox                  → mean: 0.7052 | std: 0.0229 | min: 0.6742 | max: 0.7287

  Sample size (requested):   5000  |  actual mean: 5000
    TRAIN tabicl+DS-simple            → mean: 0.9619 | std: 0.0036 | min: 0.9551 | max: 0.9655
    TEST  tabicl+DS-simple            → mean: 0.7741 | std: 0.0069 | min: 0.7643 | max: 0.7849
    TRAIN tabicl+DS-vanilla           → mean: 0.9634 | std: 0.0036 | min: 0.9591 | max: 0.9687
    TEST  tabicl+DS-vanilla           → mean: 0.7571 | std: 0.0150 | min: 0.7457 | max: 0.7864
    TRAIN tabicl+RSF                  → mean: 0.9835 | std: 0.0008 | min: 0.9824 | max: 0.9847
    TEST  tabicl+RSF                  → mean: 0.7226 | std: 0.0042 | min: 0.7179 | max: 0.7289
    TRAIN tabicl+Cox                  → mean: 0.9661 | std: 0.0016 | min: 0.9643 | max: 0.9684
    TEST  tabicl+Cox                  → mean: 0.7198 | std: 0.0188 | min: 0.7020 | max: 0.7516

  Sample size (requested):  10000  |  actual mean: 10000
    TRAIN tabicl+DS-simple            → mean: 0.8381 | std: 0.2449 | min: 0.3482 | max: 0.9623
    TEST  tabicl+DS-simple            → mean: 0.6777 | std: 0.2117 | min: 0.2554 | max: 0.8086
    TRAIN tabicl+DS-vanilla           → mean: 0.9613 | std: 0.0021 | min: 0.9579 | max: 0.9635
    TEST  tabicl+DS-vanilla           → mean: 0.7692 | std: 0.0136 | min: 0.7582 | max: 0.7943
    TRAIN tabicl+RSF                  → mean: 0.9833 | std: 0.0004 | min: 0.9829 | max: 0.9839
    TEST  tabicl+RSF                  → mean: 0.7112 | std: 0.0113 | min: 0.6926 | max: 0.7274
    TRAIN tabicl+Cox                  → mean: 0.9643 | std: 0.0006 | min: 0.9637 | max: 0.9653
    TEST  tabicl+Cox                  → mean: 0.7301 | std: 0.0131 | min: 0.7110 | max: 0.7504

  Sample size (requested):  15000  |  actual mean: 13566
    TRAIN tabicl+DS-simple            → mean: 0.9614 | std: 0.0012 | min: 0.9598 | max: 0.9634
    TEST  tabicl+DS-simple            → mean: 0.7704 | std: 0.0260 | min: 0.7264 | max: 0.7931
    TRAIN tabicl+DS-vanilla           → mean: 0.9609 | std: 0.0011 | min: 0.9588 | max: 0.9618
    TEST  tabicl+DS-vanilla           → mean: 0.7640 | std: 0.0158 | min: 0.7388 | max: 0.7864
    TRAIN tabicl+RSF                  → mean: 0.9834 | std: 0.0002 | min: 0.9831 | max: 0.9837
    TEST  tabicl+RSF                  → mean: 0.7153 | std: 0.0135 | min: 0.6955 | max: 0.7318
    TRAIN tabicl+Cox                  → mean: 0.9634 | std: 0.0007 | min: 0.9624 | max: 0.9646
    TEST  tabicl+Cox                  → mean: 0.7382 | std: 0.0114 | min: 0.7260 | max: 0.7578
Text summary saved → results/HURRAH/tabicl/results_samplesize_HURRAH_tabicl_seed456.txt
