/scratch.hpc/luca.cotugno/Foundation_model_clinical_data/.venv/lib/python3.12/site-packages/torchtuples/tupletree.py:146: UserWarning: The given NumPy array is not writable, and PyTorch does not support non-writable tensors. This means writing to this tensor will result in undefined behavior. You may want to copy the array to protect its data or make it writable before converting it to a tensor. This type of warning will be suppressed for the rest of this program. (Triggered internally at /pytorch/torch/csrc/utils/tensor_numpy.cpp:213.)
  return torch.from_numpy(data)
/scratch.hpc/luca.cotugno/Foundation_model_clinical_data/.venv/lib/python3.12/site-packages/sklearn/utils/validation.py:2684: UserWarning: X has feature names, but RandomSurvivalForest was fitted without feature names
  warnings.warn(
/scratch.hpc/luca.cotugno/Foundation_model_clinical_data/.venv/lib/python3.12/site-packages/sklearn/utils/validation.py:2684: UserWarning: X has feature names, but RandomSurvivalForest was fitted without feature names
  warnings.warn(
/scratch.hpc/luca.cotugno/Foundation_model_clinical_data/.venv/lib/python3.12/site-packages/sklearn/utils/validation.py:2684: UserWarning: X has feature names, but RandomSurvivalForest was fitted without feature names
  warnings.warn(
/scratch.hpc/luca.cotugno/Foundation_model_clinical_data/.venv/lib/python3.12/site-packages/sklearn/utils/validation.py:2684: UserWarning: X has feature names, but RandomSurvivalForest was fitted without feature names
  warnings.warn(
/scratch.hpc/luca.cotugno/Foundation_model_clinical_data/.venv/lib/python3.12/site-packages/sklearn/utils/validation.py:2684: UserWarning: X has feature names, but RandomSurvivalForest was fitted without feature names
  warnings.warn(
/scratch.hpc/luca.cotugno/Foundation_model_clinical_data/.venv/lib/python3.12/site-packages/sklearn/utils/validation.py:2684: UserWarning: X has feature names, but RandomSurvivalForest was fitted without feature names
  warnings.warn(
/scratch.hpc/luca.cotugno/Foundation_model_clinical_data/.venv/lib/python3.12/site-packages/sklearn/utils/validation.py:2684: UserWarning: X has feature names, but RandomSurvivalForest was fitted without feature names
  warnings.warn(
/scratch.hpc/luca.cotugno/Foundation_model_clinical_data/.venv/lib/python3.12/site-packages/sklearn/utils/validation.py:2684: UserWarning: X has feature names, but RandomSurvivalForest was fitted without feature names
  warnings.warn(
/scratch.hpc/luca.cotugno/Foundation_model_clinical_data/.venv/lib/python3.12/site-packages/sklearn/utils/validation.py:2684: UserWarning: X has feature names, but RandomSurvivalForest was fitted without feature names
  warnings.warn(
/scratch.hpc/luca.cotugno/Foundation_model_clinical_data/.venv/lib/python3.12/site-packages/sklearn/utils/validation.py:2684: UserWarning: X has feature names, but RandomSurvivalForest was fitted without feature names
  warnings.warn(
STARTED  model=tabpfn  seed=77  tuning=False  shap=False


Preprocess: Replace NaN with -1
Loading existing folds from tmp/splits/OrmoniTirodei_seed77.pkl
X_train shape: (5161, 76), X_test shape: (1291, 76)
Generating TABPFN Embeddings...
Successfully generated embeddings with shape: (5161, 192)
0:	[2s / 2s],		train_loss: 3.5365,	val_loss: 6.2844
1:	[0s / 2s],		train_loss: 3.2738,	val_loss: 6.3485
2:	[0s / 2s],		train_loss: 3.2453,	val_loss: 6.3773
3:	[0s / 2s],		train_loss: 3.2506,	val_loss: 6.3342
4:	[0s / 2s],		train_loss: 3.2436,	val_loss: 6.3296
5:	[0s / 2s],		train_loss: 3.2310,	val_loss: 6.3414
6:	[0s / 2s],		train_loss: 3.2478,	val_loss: 6.3257
7:	[0s / 2s],		train_loss: 3.2468,	val_loss: 6.3045
8:	[0s / 2s],		train_loss: 3.2378,	val_loss: 6.3122
9:	[0s / 2s],		train_loss: 3.2138,	val_loss: 6.3437
10:	[0s / 2s],		train_loss: 3.2326,	val_loss: 6.3404
11:	[0s / 2s],		train_loss: 3.2345,	val_loss: 6.3806
12:	[0s / 2s],		train_loss: 3.2416,	val_loss: 6.3717
13:	[0s / 2s],		train_loss: 3.2370,	val_loss: 6.3307
14:	[0s / 2s],		train_loss: 3.2004,	val_loss: 6.3668
15:	[0s / 2s],		train_loss: 3.1944,	val_loss: 6.3512
16:	[0s / 2s],		train_loss: 3.2358,	val_loss: 6.3060
17:	[0s / 2s],		train_loss: 3.2205,	val_loss: 6.3579
18:	[0s / 2s],		train_loss: 3.2063,	val_loss: 6.3347
19:	[0s / 2s],		train_loss: 3.2151,	val_loss: 6.3349
20:	[0s / 2s],		train_loss: 3.2051,	val_loss: 6.3550
C-index TRAIN: 0.8966
C-index TEST:  0.7792
0:	[0s / 0s],		train_loss: 3.5907,	val_loss: 6.2750
1:	[0s / 0s],		train_loss: 3.3306,	val_loss: 6.3770
2:	[0s / 0s],		train_loss: 3.3040,	val_loss: 6.5617
3:	[0s / 0s],		train_loss: 3.2959,	val_loss: 7.6175
4:	[0s / 0s],		train_loss: 3.2793,	val_loss: 9.5136
5:	[0s / 0s],		train_loss: 3.2564,	val_loss: 11.3865
6:	[0s / 0s],		train_loss: 3.2651,	val_loss: 11.7522
7:	[0s / 0s],		train_loss: 3.2495,	val_loss: 11.8230
8:	[0s / 0s],		train_loss: 3.2630,	val_loss: 12.3343
9:	[0s / 0s],		train_loss: 3.2514,	val_loss: 12.9497
10:	[0s / 0s],		train_loss: 3.2370,	val_loss: 14.0206
11:	[0s / 0s],		train_loss: 3.2476,	val_loss: 14.2505
12:	[0s / 0s],		train_loss: 3.2258,	val_loss: 14.0414
13:	[0s / 0s],		train_loss: 3.2356,	val_loss: 14.7621
14:	[0s / 1s],		train_loss: 3.2343,	val_loss: 15.6319
15:	[0s / 1s],		train_loss: 3.2370,	val_loss: 16.0296
16:	[0s / 1s],		train_loss: 3.1987,	val_loss: 16.7128
17:	[0s / 1s],		train_loss: 3.2167,	val_loss: 16.9482
18:	[0s / 1s],		train_loss: 3.2403,	val_loss: 17.1326
19:	[0s / 1s],		train_loss: 3.2229,	val_loss: 15.8238
20:	[0s / 1s],		train_loss: 3.2080,	val_loss: 16.1558
C-index TRAIN: 0.9127
C-index TEST:  0.7782
  [ckpt] TABPFN RSF saved → checkpoints/tabpfn/OrmoniTirodei/-1/seed77/fold1/tabpfn_rsf.pkl
C-index train: 0.9598
C-index test:  0.7780
  Fitting TABPFN Cox (embedding)...
C-index train: 0.9180
C-index test:  0.7512
0:	[0s / 0s],		train_loss: 4.7966,	val_loss: 6.5051
1:	[0s / 0s],		train_loss: 4.5544,	val_loss: 6.3766
2:	[0s / 0s],		train_loss: 4.4853,	val_loss: 6.3620
3:	[0s / 0s],		train_loss: 4.4745,	val_loss: 6.3936
4:	[0s / 0s],		train_loss: 4.4527,	val_loss: 6.3148
5:	[0s / 0s],		train_loss: 4.4500,	val_loss: 6.3173
6:	[0s / 0s],		train_loss: 4.4253,	val_loss: 6.2953
7:	[0s / 0s],		train_loss: 4.4286,	val_loss: 6.3277
8:	[0s / 0s],		train_loss: 4.4214,	val_loss: 6.2941
9:	[0s / 0s],		train_loss: 4.4020,	val_loss: 6.3303
10:	[0s / 0s],		train_loss: 4.4032,	val_loss: 6.3012
11:	[0s / 0s],		train_loss: 4.3901,	val_loss: 6.2974
12:	[0s / 0s],		train_loss: 4.3883,	val_loss: 6.2952
13:	[0s / 0s],		train_loss: 4.4171,	val_loss: 6.2800
14:	[0s / 0s],		train_loss: 4.3975,	val_loss: 6.3088
15:	[0s / 0s],		train_loss: 4.3827,	val_loss: 6.2859
16:	[0s / 0s],		train_loss: 4.3946,	val_loss: 6.2921
17:	[0s / 0s],		train_loss: 4.3811,	val_loss: 6.2716
18:	[0s / 0s],		train_loss: 4.3492,	val_loss: 6.2777
19:	[0s / 1s],		train_loss: 4.3618,	val_loss: 6.2943
20:	[0s / 1s],		train_loss: 4.3961,	val_loss: 6.2998
21:	[0s / 1s],		train_loss: 4.3778,	val_loss: 6.3056
22:	[0s / 1s],		train_loss: 4.3806,	val_loss: 6.2762
23:	[0s / 1s],		train_loss: 4.3611,	val_loss: 6.2908
24:	[0s / 1s],		train_loss: 4.3303,	val_loss: 6.2905
25:	[0s / 1s],		train_loss: 4.3712,	val_loss: 6.2902
26:	[0s / 1s],		train_loss: 4.3518,	val_loss: 6.3069
27:	[0s / 1s],		train_loss: 4.3508,	val_loss: 6.2836
28:	[0s / 1s],		train_loss: 4.3550,	val_loss: 6.2891
29:	[0s / 1s],		train_loss: 4.3374,	val_loss: 6.2946
30:	[0s / 1s],		train_loss: 4.3560,	val_loss: 6.3209
31:	[0s / 1s],		train_loss: 4.3525,	val_loss: 6.2720
32:	[0s / 1s],		train_loss: 4.3209,	val_loss: 6.2782
33:	[0s / 1s],		train_loss: 4.3357,	val_loss: 6.2737
34:	[0s / 1s],		train_loss: 4.3358,	val_loss: 6.2628
35:	[0s / 1s],		train_loss: 4.3430,	val_loss: 6.2657
36:	[0s / 1s],		train_loss: 4.3394,	val_loss: 6.2735
37:	[0s / 1s],		train_loss: 4.3490,	val_loss: 6.2774
38:	[0s / 1s],		train_loss: 4.3087,	val_loss: 6.2733
39:	[0s / 1s],		train_loss: 4.3414,	val_loss: 6.2622
40:	[0s / 2s],		train_loss: 4.3181,	val_loss: 6.2817
41:	[0s / 2s],		train_loss: 4.3216,	val_loss: 6.2551
42:	[0s / 2s],		train_loss: 4.3105,	val_loss: 6.2799
43:	[0s / 2s],		train_loss: 4.3440,	val_loss: 6.2747
44:	[0s / 2s],		train_loss: 4.3005,	val_loss: 6.2588
45:	[0s / 2s],		train_loss: 4.3315,	val_loss: 6.2671
46:	[0s / 2s],		train_loss: 4.3599,	val_loss: 6.3106
47:	[0s / 2s],		train_loss: 4.3422,	val_loss: 6.3271
48:	[0s / 2s],		train_loss: 4.3277,	val_loss: 6.3176
49:	[0s / 2s],		train_loss: 4.3304,	val_loss: 6.2593
50:	[0s / 2s],		train_loss: 4.3044,	val_loss: 6.2710
51:	[0s / 2s],		train_loss: 4.3408,	val_loss: 6.2725
52:	[0s / 2s],		train_loss: 4.2887,	val_loss: 6.2838
53:	[0s / 2s],		train_loss: 4.3359,	val_loss: 6.2754
54:	[0s / 2s],		train_loss: 4.3140,	val_loss: 6.2950
55:	[0s / 2s],		train_loss: 4.3184,	val_loss: 6.2844
56:	[0s / 2s],		train_loss: 4.3414,	val_loss: 6.2581
57:	[0s / 2s],		train_loss: 4.3367,	val_loss: 6.3230
58:	[0s / 2s],		train_loss: 4.2994,	val_loss: 6.2698
59:	[0s / 2s],		train_loss: 4.3195,	val_loss: 6.2603
60:	[0s / 3s],		train_loss: 4.3230,	val_loss: 6.2867
61:	[0s / 3s],		train_loss: 4.3279,	val_loss: 6.2670
C-index TRAIN: 0.8119
C-index TEST:  0.7792
0:	[0s / 0s],		train_loss: 131.8945,	val_loss: 32.7941
1:	[0s / 0s],		train_loss: 19.7354,	val_loss: 19.5683
2:	[0s / 0s],		train_loss: 13.7696,	val_loss: 14.8492
3:	[0s / 0s],		train_loss: 10.5244,	val_loss: 12.7844
4:	[0s / 0s],		train_loss: 8.7924,	val_loss: 11.0880
5:	[0s / 0s],		train_loss: 7.4942,	val_loss: 11.1109
6:	[0s / 0s],		train_loss: 7.8150,	val_loss: 9.9945
7:	[0s / 0s],		train_loss: 6.5474,	val_loss: 9.0245
8:	[0s / 0s],		train_loss: 6.3879,	val_loss: 8.7821
9:	[0s / 0s],		train_loss: 6.0094,	val_loss: 8.3231
10:	[0s / 0s],		train_loss: 5.4649,	val_loss: 7.3589
11:	[0s / 0s],		train_loss: 4.7882,	val_loss: 6.4917
12:	[0s / 0s],		train_loss: 4.5478,	val_loss: 6.8594
13:	[0s / 0s],		train_loss: 4.6141,	val_loss: 6.5545
14:	[0s / 0s],		train_loss: 4.5888,	val_loss: 6.7579
15:	[0s / 0s],		train_loss: 4.9709,	val_loss: 6.9829
16:	[0s / 0s],		train_loss: 4.6889,	val_loss: 7.1234
17:	[0s / 0s],		train_loss: 4.9938,	val_loss: 6.9774
18:	[0s / 0s],		train_loss: 4.9783,	val_loss: 7.6196
19:	[0s / 0s],		train_loss: 5.9920,	val_loss: 7.5808
20:	[0s / 0s],		train_loss: 5.0291,	val_loss: 7.0255
21:	[0s / 0s],		train_loss: 4.8405,	val_loss: 8.0726
22:	[0s / 0s],		train_loss: 7.7423,	val_loss: 9.9124
23:	[0s / 0s],		train_loss: 6.5540,	val_loss: 10.6702
24:	[0s / 0s],		train_loss: 6.0834,	val_loss: 8.2048
25:	[0s / 0s],		train_loss: 5.5027,	val_loss: 7.6989
26:	[0s / 0s],		train_loss: 7.8945,	val_loss: 9.8717
27:	[0s / 1s],		train_loss: 8.3701,	val_loss: 8.8315
28:	[0s / 1s],		train_loss: 6.7304,	val_loss: 7.3795
29:	[0s / 1s],		train_loss: 4.9591,	val_loss: 6.7358
30:	[0s / 1s],		train_loss: 4.7735,	val_loss: 7.2102
31:	[0s / 1s],		train_loss: 4.9278,	val_loss: 7.7386
C-index TRAIN: 0.7792
C-index TEST:  0.7588
  [ckpt] RSF baseline saved → checkpoints/tabpfn/OrmoniTirodei/-1/seed77/fold1/rsf_baseline.pkl
C-index train: 0.9079
C-index test:  0.7946
  Fitting Cox baseline...
C-index train: 0.8025
C-index test:  0.7858
X_train shape: (5161, 76), X_test shape: (1291, 76)
Generating TABPFN Embeddings...
Successfully generated embeddings with shape: (5161, 192)
0:	[0s / 0s],		train_loss: 3.5719,	val_loss: 6.2784
1:	[0s / 0s],		train_loss: 3.2780,	val_loss: 6.3437
2:	[0s / 0s],		train_loss: 3.2443,	val_loss: 6.3329
3:	[0s / 0s],		train_loss: 3.2499,	val_loss: 6.3441
4:	[0s / 0s],		train_loss: 3.2503,	val_loss: 6.3098
5:	[0s / 0s],		train_loss: 3.2355,	val_loss: 6.3127
6:	[0s / 0s],		train_loss: 3.2397,	val_loss: 6.2948
7:	[0s / 0s],		train_loss: 3.2337,	val_loss: 6.2855
8:	[0s / 0s],		train_loss: 3.2539,	val_loss: 6.2955
9:	[0s / 0s],		train_loss: 3.2468,	val_loss: 6.3107
10:	[0s / 0s],		train_loss: 3.2374,	val_loss: 6.2700
11:	[0s / 0s],		train_loss: 3.2389,	val_loss: 6.3022
12:	[0s / 0s],		train_loss: 3.2335,	val_loss: 6.2850
13:	[0s / 0s],		train_loss: 3.2331,	val_loss: 6.2723
14:	[0s / 0s],		train_loss: 3.2270,	val_loss: 6.2654
15:	[0s / 0s],		train_loss: 3.2344,	val_loss: 6.2944
16:	[0s / 0s],		train_loss: 3.2306,	val_loss: 6.2669
17:	[0s / 0s],		train_loss: 3.2039,	val_loss: 6.2746
18:	[0s / 0s],		train_loss: 3.2118,	val_loss: 6.2836
19:	[0s / 0s],		train_loss: 3.2227,	val_loss: 6.2683
20:	[0s / 0s],		train_loss: 3.2210,	val_loss: 6.2591
21:	[0s / 0s],		train_loss: 3.2033,	val_loss: 6.2624
22:	[0s / 0s],		train_loss: 3.2127,	val_loss: 6.2550
23:	[0s / 0s],		train_loss: 3.2306,	val_loss: 6.2600
24:	[0s / 0s],		train_loss: 3.2343,	val_loss: 6.2662
25:	[0s / 0s],		train_loss: 3.2295,	val_loss: 6.2560
26:	[0s / 0s],		train_loss: 3.2067,	val_loss: 6.2589
27:	[0s / 0s],		train_loss: 3.2079,	val_loss: 6.2521
28:	[0s / 1s],		train_loss: 3.2270,	val_loss: 6.2576
29:	[0s / 1s],		train_loss: 3.2257,	val_loss: 6.2547
30:	[0s / 1s],		train_loss: 3.2399,	val_loss: 6.2626
31:	[0s / 1s],		train_loss: 3.2145,	val_loss: 6.2600
32:	[0s / 1s],		train_loss: 3.2156,	val_loss: 6.2501
33:	[0s / 1s],		train_loss: 3.2222,	val_loss: 6.2612
34:	[0s / 1s],		train_loss: 3.2201,	val_loss: 6.2517
35:	[0s / 1s],		train_loss: 3.2241,	val_loss: 6.2629
36:	[0s / 1s],		train_loss: 3.2246,	val_loss: 6.2575
37:	[0s / 1s],		train_loss: 3.2036,	val_loss: 6.2641
38:	[0s / 1s],		train_loss: 3.2146,	val_loss: 6.2513
39:	[0s / 1s],		train_loss: 3.2231,	val_loss: 6.2515
40:	[0s / 1s],		train_loss: 3.2304,	val_loss: 6.2779
41:	[0s / 1s],		train_loss: 3.2232,	val_loss: 6.2555
42:	[0s / 1s],		train_loss: 3.2181,	val_loss: 6.2582
43:	[0s / 1s],		train_loss: 3.2198,	val_loss: 6.2632
44:	[0s / 1s],		train_loss: 3.2252,	val_loss: 6.2582
45:	[0s / 1s],		train_loss: 3.2008,	val_loss: 6.2574
46:	[0s / 1s],		train_loss: 3.2015,	val_loss: 6.2603
47:	[0s / 1s],		train_loss: 3.2287,	val_loss: 6.2691
48:	[0s / 1s],		train_loss: 3.2005,	val_loss: 6.2565
49:	[0s / 1s],		train_loss: 3.2154,	val_loss: 6.2654
50:	[0s / 1s],		train_loss: 3.1981,	val_loss: 6.2567
51:	[0s / 1s],		train_loss: 3.2077,	val_loss: 6.2667
52:	[0s / 1s],		train_loss: 3.1921,	val_loss: 6.2646
C-index TRAIN: 0.9170
C-index TEST:  0.8054
0:	[0s / 0s],		train_loss: 3.5671,	val_loss: 6.2709
1:	[0s / 0s],		train_loss: 3.3125,	val_loss: 6.2798
2:	[0s / 0s],		train_loss: 3.2967,	val_loss: 6.2698
3:	[0s / 0s],		train_loss: 3.2659,	val_loss: 6.2583
4:	[0s / 0s],		train_loss: 3.2879,	val_loss: 6.2719
5:	[0s / 0s],		train_loss: 3.2810,	val_loss: 6.2566
6:	[0s / 0s],		train_loss: 3.2702,	val_loss: 6.2518
7:	[0s / 0s],		train_loss: 3.2436,	val_loss: 6.2665
8:	[0s / 0s],		train_loss: 3.2605,	val_loss: 6.2706
9:	[0s / 0s],		train_loss: 3.2522,	val_loss: 6.2844
10:	[0s / 0s],		train_loss: 3.2405,	val_loss: 6.2948
11:	[0s / 0s],		train_loss: 3.2497,	val_loss: 6.3378
12:	[0s / 0s],		train_loss: 3.2413,	val_loss: 6.4251
13:	[0s / 0s],		train_loss: 3.2424,	val_loss: 6.3202
14:	[0s / 0s],		train_loss: 3.2044,	val_loss: 6.3168
15:	[0s / 0s],		train_loss: 3.2293,	val_loss: 6.3456
16:	[0s / 0s],		train_loss: 3.2332,	val_loss: 6.4711
17:	[0s / 0s],		train_loss: 3.2478,	val_loss: 6.3227
18:	[0s / 0s],		train_loss: 3.2415,	val_loss: 6.3739
19:	[0s / 0s],		train_loss: 3.2056,	val_loss: 6.4005
20:	[0s / 1s],		train_loss: 3.2359,	val_loss: 6.4816
21:	[0s / 1s],		train_loss: 3.2174,	val_loss: 6.4173
22:	[0s / 1s],		train_loss: 3.2136,	val_loss: 6.4841
23:	[0s / 1s],		train_loss: 3.2262,	val_loss: 6.4125
24:	[0s / 1s],		train_loss: 3.2103,	val_loss: 6.4379
25:	[0s / 1s],		train_loss: 3.2167,	val_loss: 6.4376
26:	[0s / 1s],		train_loss: 3.2268,	val_loss: 6.5670
C-index TRAIN: 0.9166
C-index TEST:  0.8066
  [ckpt] TABPFN RSF saved → checkpoints/tabpfn/OrmoniTirodei/-1/seed77/fold2/tabpfn_rsf.pkl
C-index train: 0.9597
C-index test:  0.8067
  Fitting TABPFN Cox (embedding)...
C-index train: 0.9168
C-index test:  0.8056
0:	[0s / 0s],		train_loss: 4.7832,	val_loss: 6.5417
1:	[0s / 0s],		train_loss: 4.5894,	val_loss: 6.3900
2:	[0s / 0s],		train_loss: 4.4829,	val_loss: 6.3263
3:	[0s / 0s],		train_loss: 4.4903,	val_loss: 6.3415
4:	[0s / 0s],		train_loss: 4.4545,	val_loss: 6.3170
5:	[0s / 0s],		train_loss: 4.4503,	val_loss: 6.3305
6:	[0s / 0s],		train_loss: 4.4406,	val_loss: 6.3048
7:	[0s / 0s],		train_loss: 4.4263,	val_loss: 6.2974
8:	[0s / 0s],		train_loss: 4.4116,	val_loss: 6.3166
9:	[0s / 0s],		train_loss: 4.4241,	val_loss: 6.3044
10:	[0s / 0s],		train_loss: 4.4168,	val_loss: 6.2832
11:	[0s / 0s],		train_loss: 4.4071,	val_loss: 6.2669
12:	[0s / 0s],		train_loss: 4.3863,	val_loss: 6.2740
13:	[0s / 0s],		train_loss: 4.3908,	val_loss: 6.2867
14:	[0s / 0s],		train_loss: 4.3551,	val_loss: 6.2834
15:	[0s / 0s],		train_loss: 4.3732,	val_loss: 6.3071
16:	[0s / 0s],		train_loss: 4.3771,	val_loss: 6.3049
17:	[0s / 0s],		train_loss: 4.3747,	val_loss: 6.2773
18:	[0s / 0s],		train_loss: 4.3891,	val_loss: 6.2785
19:	[0s / 0s],		train_loss: 4.3892,	val_loss: 6.2702
20:	[0s / 1s],		train_loss: 4.3759,	val_loss: 6.2675
21:	[0s / 1s],		train_loss: 4.3562,	val_loss: 6.2670
22:	[0s / 1s],		train_loss: 4.4024,	val_loss: 6.2698
23:	[0s / 1s],		train_loss: 4.3657,	val_loss: 6.2612
24:	[0s / 1s],		train_loss: 4.3724,	val_loss: 6.2738
25:	[0s / 1s],		train_loss: 4.3664,	val_loss: 6.2730
26:	[0s / 1s],		train_loss: 4.3593,	val_loss: 6.2744
27:	[0s / 1s],		train_loss: 4.3673,	val_loss: 6.2655
28:	[0s / 1s],		train_loss: 4.3678,	val_loss: 6.2638
29:	[0s / 1s],		train_loss: 4.3525,	val_loss: 6.3032
30:	[0s / 1s],		train_loss: 4.3553,	val_loss: 6.2566
31:	[0s / 1s],		train_loss: 4.3677,	val_loss: 6.2935
32:	[0s / 1s],		train_loss: 4.4111,	val_loss: 6.2685
33:	[0s / 1s],		train_loss: 4.3813,	val_loss: 6.2583
34:	[0s / 1s],		train_loss: 4.3651,	val_loss: 6.2795
35:	[0s / 1s],		train_loss: 4.3716,	val_loss: 6.2669
36:	[0s / 1s],		train_loss: 4.3569,	val_loss: 6.2434
37:	[0s / 1s],		train_loss: 4.3495,	val_loss: 6.2698
38:	[0s / 1s],		train_loss: 4.3692,	val_loss: 6.2615
39:	[0s / 1s],		train_loss: 4.3503,	val_loss: 6.2969
40:	[0s / 1s],		train_loss: 4.3609,	val_loss: 6.2642
41:	[0s / 2s],		train_loss: 4.3445,	val_loss: 6.2839
42:	[0s / 2s],		train_loss: 4.3579,	val_loss: 6.2616
43:	[0s / 2s],		train_loss: 4.3475,	val_loss: 6.2498
44:	[0s / 2s],		train_loss: 4.3397,	val_loss: 6.2629
45:	[0s / 2s],		train_loss: 4.3519,	val_loss: 6.2658
46:	[0s / 2s],		train_loss: 4.3439,	val_loss: 6.2901
47:	[0s / 2s],		train_loss: 4.3455,	val_loss: 6.2807
48:	[0s / 2s],		train_loss: 4.3269,	val_loss: 6.3098
49:	[0s / 2s],		train_loss: 4.3464,	val_loss: 6.2929
50:	[0s / 2s],		train_loss: 4.3266,	val_loss: 6.2555
51:	[0s / 2s],		train_loss: 4.3364,	val_loss: 6.2534
52:	[0s / 2s],		train_loss: 4.3166,	val_loss: 6.2898
53:	[0s / 2s],		train_loss: 4.3041,	val_loss: 6.2708
54:	[0s / 2s],		train_loss: 4.3307,	val_loss: 6.2613
55:	[0s / 2s],		train_loss: 4.3425,	val_loss: 6.2738
56:	[0s / 2s],		train_loss: 4.3255,	val_loss: 6.2581
C-index TRAIN: 0.8018
C-index TEST:  0.8038
0:	[0s / 0s],		train_loss: 100.0759,	val_loss: 39.1851
1:	[0s / 0s],		train_loss: 18.0414,	val_loss: 17.9246
2:	[0s / 0s],		train_loss: 12.1678,	val_loss: 20.4122
3:	[0s / 0s],		train_loss: 9.5374,	val_loss: 11.6220
4:	[0s / 0s],		train_loss: 7.8539,	val_loss: 9.9606
5:	[0s / 0s],		train_loss: 6.8200,	val_loss: 9.0561
6:	[0s / 0s],		train_loss: 6.4913,	val_loss: 11.1346
7:	[0s / 0s],		train_loss: 7.1987,	val_loss: 9.1567
8:	[0s / 0s],		train_loss: 6.1082,	val_loss: 7.9120
9:	[0s / 0s],		train_loss: 6.9888,	val_loss: 10.3253
10:	[0s / 0s],		train_loss: 8.5737,	val_loss: 10.2433
11:	[0s / 0s],		train_loss: 7.0627,	val_loss: 8.3446
12:	[0s / 0s],		train_loss: 6.1857,	val_loss: 7.2079
13:	[0s / 0s],		train_loss: 4.9239,	val_loss: 6.7279
14:	[0s / 0s],		train_loss: 4.9255,	val_loss: 8.2071
15:	[0s / 0s],		train_loss: 7.2940,	val_loss: 8.4022
16:	[0s / 0s],		train_loss: 5.8956,	val_loss: 6.6878
17:	[0s / 0s],		train_loss: 4.5790,	val_loss: 7.8344
18:	[0s / 0s],		train_loss: 7.3828,	val_loss: 8.6995
19:	[0s / 0s],		train_loss: 6.6501,	val_loss: 6.9264
20:	[0s / 0s],		train_loss: 5.6827,	val_loss: 8.3662
21:	[0s / 0s],		train_loss: 7.1965,	val_loss: 8.6111
22:	[0s / 0s],		train_loss: 6.7667,	val_loss: 8.0371
23:	[0s / 0s],		train_loss: 5.4664,	val_loss: 7.7977
24:	[0s / 0s],		train_loss: 5.1240,	val_loss: 6.6567
25:	[0s / 0s],		train_loss: 5.1104,	val_loss: 6.8942
26:	[0s / 0s],		train_loss: 4.6475,	val_loss: 6.5962
27:	[0s / 0s],		train_loss: 5.5007,	val_loss: 7.6659
28:	[0s / 0s],		train_loss: 5.5670,	val_loss: 7.3037
29:	[0s / 1s],		train_loss: 6.4459,	val_loss: 9.5122
30:	[0s / 1s],		train_loss: 7.1892,	val_loss: 11.2188
31:	[0s / 1s],		train_loss: 9.0801,	val_loss: 12.6482
32:	[0s / 1s],		train_loss: 9.7560,	val_loss: 12.8981
33:	[0s / 1s],		train_loss: 10.3990,	val_loss: 11.7505
34:	[0s / 1s],		train_loss: 7.8277,	val_loss: 9.6988
35:	[0s / 1s],		train_loss: 8.9634,	val_loss: 9.9463
36:	[0s / 1s],		train_loss: 7.0823,	val_loss: 7.7322
37:	[0s / 1s],		train_loss: 4.8642,	val_loss: 6.6037
38:	[0s / 1s],		train_loss: 4.7833,	val_loss: 6.5721
39:	[0s / 1s],		train_loss: 6.4239,	val_loss: 9.6827
40:	[0s / 1s],		train_loss: 6.9882,	val_loss: 10.7378
41:	[0s / 1s],		train_loss: 6.3712,	val_loss: 8.4760
42:	[0s / 1s],		train_loss: 6.2654,	val_loss: 9.0665
43:	[0s / 1s],		train_loss: 7.1812,	val_loss: 8.8351
44:	[0s / 1s],		train_loss: 7.3640,	val_loss: 9.8317
45:	[0s / 1s],		train_loss: 6.3912,	val_loss: 7.5483
46:	[0s / 1s],		train_loss: 5.2651,	val_loss: 7.1928
47:	[0s / 1s],		train_loss: 4.9690,	val_loss: 6.8594
48:	[0s / 1s],		train_loss: 4.9809,	val_loss: 7.5759
49:	[0s / 1s],		train_loss: 6.8012,	val_loss: 10.0618
50:	[0s / 1s],		train_loss: 7.3050,	val_loss: 9.1815
51:	[0s / 1s],		train_loss: 6.3685,	val_loss: 8.9757
52:	[0s / 1s],		train_loss: 8.1489,	val_loss: 11.9333
53:	[0s / 1s],		train_loss: 8.6233,	val_loss: 10.5900
54:	[0s / 1s],		train_loss: 8.3565,	val_loss: 11.2040
55:	[0s / 1s],		train_loss: 8.0776,	val_loss: 8.6358
56:	[0s / 1s],		train_loss: 5.4158,	val_loss: 6.9982
57:	[0s / 1s],		train_loss: 4.8777,	val_loss: 6.5988
58:	[0s / 1s],		train_loss: 4.8902,	val_loss: 7.0374
C-index TRAIN: 0.7823
C-index TEST:  0.8020
  [ckpt] RSF baseline saved → checkpoints/tabpfn/OrmoniTirodei/-1/seed77/fold2/rsf_baseline.pkl
C-index train: 0.9052
C-index test:  0.8087
  Fitting Cox baseline...
C-index train: 0.7980
C-index test:  0.8055
X_train shape: (5162, 76), X_test shape: (1290, 76)
Generating TABPFN Embeddings...
Successfully generated embeddings with shape: (5162, 192)
0:	[0s / 0s],		train_loss: 3.6134,	val_loss: 6.2757
1:	[0s / 0s],		train_loss: 3.3090,	val_loss: 6.3644
2:	[0s / 0s],		train_loss: 3.2883,	val_loss: 6.4342
3:	[0s / 0s],		train_loss: 3.2538,	val_loss: 6.3440
4:	[0s / 0s],		train_loss: 3.2736,	val_loss: 6.3734
5:	[0s / 0s],		train_loss: 3.2678,	val_loss: 6.3355
6:	[0s / 0s],		train_loss: 3.2540,	val_loss: 6.3297
7:	[0s / 0s],		train_loss: 3.2475,	val_loss: 6.3467
8:	[0s / 0s],		train_loss: 3.2551,	val_loss: 6.3190
9:	[0s / 0s],		train_loss: 3.2571,	val_loss: 6.3458
10:	[0s / 0s],		train_loss: 3.2443,	val_loss: 6.3522
11:	[0s / 0s],		train_loss: 3.2431,	val_loss: 6.3507
12:	[0s / 0s],		train_loss: 3.2490,	val_loss: 6.3347
13:	[0s / 0s],		train_loss: 3.2666,	val_loss: 6.3197
14:	[0s / 0s],		train_loss: 3.2311,	val_loss: 6.3918
15:	[0s / 0s],		train_loss: 3.2500,	val_loss: 6.4020
16:	[0s / 0s],		train_loss: 3.2479,	val_loss: 6.4029
17:	[0s / 0s],		train_loss: 3.2283,	val_loss: 6.3754
18:	[0s / 0s],		train_loss: 3.2512,	val_loss: 6.4236
19:	[0s / 0s],		train_loss: 3.2365,	val_loss: 6.5792
20:	[0s / 0s],		train_loss: 3.2283,	val_loss: 6.5172
C-index TRAIN: 0.8969
C-index TEST:  0.8005
0:	[0s / 0s],		train_loss: 3.5288,	val_loss: 6.3019
1:	[0s / 0s],		train_loss: 3.3147,	val_loss: 6.3070
2:	[0s / 0s],		train_loss: 3.3189,	val_loss: 6.4586
3:	[0s / 0s],		train_loss: 3.2858,	val_loss: 7.1282
4:	[0s / 0s],		train_loss: 3.2589,	val_loss: 8.9589
5:	[0s / 0s],		train_loss: 3.2664,	val_loss: 10.4648
6:	[0s / 0s],		train_loss: 3.2771,	val_loss: 10.5891
7:	[0s / 0s],		train_loss: 3.2549,	val_loss: 11.8121
8:	[0s / 0s],		train_loss: 3.2378,	val_loss: 11.2681
9:	[0s / 0s],		train_loss: 3.2662,	val_loss: 11.1186
10:	[0s / 0s],		train_loss: 3.2375,	val_loss: 11.3480
11:	[0s / 0s],		train_loss: 3.2344,	val_loss: 11.8555
12:	[0s / 0s],		train_loss: 3.2465,	val_loss: 11.1019
13:	[0s / 0s],		train_loss: 3.2546,	val_loss: 11.3203
14:	[0s / 0s],		train_loss: 3.2460,	val_loss: 12.3091
15:	[0s / 0s],		train_loss: 3.2293,	val_loss: 12.1953
16:	[0s / 0s],		train_loss: 3.2499,	val_loss: 12.6461
17:	[0s / 0s],		train_loss: 3.2195,	val_loss: 12.1229
18:	[0s / 0s],		train_loss: 3.2411,	val_loss: 12.5067
19:	[0s / 0s],		train_loss: 3.2387,	val_loss: 11.5056
20:	[0s / 1s],		train_loss: 3.2382,	val_loss: 11.5735
C-index TRAIN: 0.9140
C-index TEST:  0.7977
  [ckpt] TABPFN RSF saved → checkpoints/tabpfn/OrmoniTirodei/-1/seed77/fold3/tabpfn_rsf.pkl
C-index train: 0.9611
C-index test:  0.8048
  Fitting TABPFN Cox (embedding)...
C-index train: 0.9156
C-index test:  0.7718
0:	[0s / 0s],		train_loss: 4.7816,	val_loss: 6.4950
1:	[0s / 0s],		train_loss: 4.5861,	val_loss: 6.3712
2:	[0s / 0s],		train_loss: 4.5436,	val_loss: 6.3460
3:	[0s / 0s],		train_loss: 4.4599,	val_loss: 6.3341
4:	[0s / 0s],		train_loss: 4.4267,	val_loss: 6.3234
5:	[0s / 0s],		train_loss: 4.4074,	val_loss: 6.2984
6:	[0s / 0s],		train_loss: 4.4297,	val_loss: 6.3359
7:	[0s / 0s],		train_loss: 4.4201,	val_loss: 6.3026
8:	[0s / 0s],		train_loss: 4.3906,	val_loss: 6.3244
9:	[0s / 0s],		train_loss: 4.3865,	val_loss: 6.2944
10:	[0s / 0s],		train_loss: 4.3792,	val_loss: 6.2943
11:	[0s / 0s],		train_loss: 4.3972,	val_loss: 6.3851
12:	[0s / 0s],		train_loss: 4.3981,	val_loss: 6.2897
13:	[0s / 0s],		train_loss: 4.3615,	val_loss: 6.2878
14:	[0s / 0s],		train_loss: 4.3894,	val_loss: 6.3064
15:	[0s / 0s],		train_loss: 4.3881,	val_loss: 6.3088
16:	[0s / 0s],		train_loss: 4.3560,	val_loss: 6.2778
17:	[0s / 0s],		train_loss: 4.3664,	val_loss: 6.2996
18:	[0s / 0s],		train_loss: 4.3675,	val_loss: 6.3128
19:	[0s / 1s],		train_loss: 4.3412,	val_loss: 6.2897
20:	[0s / 1s],		train_loss: 4.3425,	val_loss: 6.2635
21:	[0s / 1s],		train_loss: 4.3565,	val_loss: 6.2761
22:	[0s / 1s],		train_loss: 4.3734,	val_loss: 6.2862
23:	[0s / 1s],		train_loss: 4.3282,	val_loss: 6.2818
24:	[0s / 1s],		train_loss: 4.3492,	val_loss: 6.2795
25:	[0s / 1s],		train_loss: 4.3411,	val_loss: 6.3219
26:	[0s / 1s],		train_loss: 4.3217,	val_loss: 6.2745
27:	[0s / 1s],		train_loss: 4.3243,	val_loss: 6.2842
28:	[0s / 1s],		train_loss: 4.3368,	val_loss: 6.2645
29:	[0s / 1s],		train_loss: 4.3495,	val_loss: 6.2743
30:	[0s / 1s],		train_loss: 4.3586,	val_loss: 6.2717
31:	[0s / 1s],		train_loss: 4.3399,	val_loss: 6.2867
32:	[0s / 1s],		train_loss: 4.3236,	val_loss: 6.2885
33:	[0s / 1s],		train_loss: 4.3305,	val_loss: 6.2656
34:	[0s / 1s],		train_loss: 4.3423,	val_loss: 6.2967
35:	[0s / 1s],		train_loss: 4.3722,	val_loss: 6.3014
36:	[0s / 1s],		train_loss: 4.3440,	val_loss: 6.2799
37:	[0s / 1s],		train_loss: 4.3334,	val_loss: 6.3021
38:	[0s / 1s],		train_loss: 4.3229,	val_loss: 6.2745
39:	[0s / 1s],		train_loss: 4.3240,	val_loss: 6.2761
40:	[0s / 1s],		train_loss: 4.3179,	val_loss: 6.2708
C-index TRAIN: 0.8029
C-index TEST:  0.7966
0:	[0s / 0s],		train_loss: 74.6117,	val_loss: 32.2218
1:	[0s / 0s],		train_loss: 20.9859,	val_loss: 35.2752
2:	[0s / 0s],		train_loss: 12.1735,	val_loss: 13.2067
3:	[0s / 0s],		train_loss: 9.4441,	val_loss: 10.9837
4:	[0s / 0s],		train_loss: 7.4668,	val_loss: 9.1936
5:	[0s / 0s],		train_loss: 6.1057,	val_loss: 8.7362
6:	[0s / 0s],		train_loss: 6.1111,	val_loss: 8.6181
7:	[0s / 0s],		train_loss: 5.7875,	val_loss: 8.3465
8:	[0s / 0s],		train_loss: 6.0222,	val_loss: 7.5518
9:	[0s / 0s],		train_loss: 5.1478,	val_loss: 8.1518
10:	[0s / 0s],		train_loss: 6.5350,	val_loss: 9.0748
11:	[0s / 0s],		train_loss: 6.3119,	val_loss: 8.3399
12:	[0s / 0s],		train_loss: 5.9671,	val_loss: 7.4331
13:	[0s / 0s],		train_loss: 4.7651,	val_loss: 6.6946
14:	[0s / 0s],		train_loss: 4.7875,	val_loss: 8.0739
15:	[0s / 0s],		train_loss: 6.2746,	val_loss: 9.3375
16:	[0s / 0s],		train_loss: 7.7483,	val_loss: 8.9346
17:	[0s / 0s],		train_loss: 6.2334,	val_loss: 6.9512
18:	[0s / 0s],		train_loss: 4.9340,	val_loss: 7.4242
19:	[0s / 0s],		train_loss: 5.4398,	val_loss: 6.7144
20:	[0s / 0s],		train_loss: 4.6289,	val_loss: 6.8576
21:	[0s / 0s],		train_loss: 4.8828,	val_loss: 7.7310
22:	[0s / 0s],		train_loss: 6.2930,	val_loss: 8.5632
23:	[0s / 0s],		train_loss: 5.7557,	val_loss: 6.7677
24:	[0s / 0s],		train_loss: 6.6261,	val_loss: 9.0602
25:	[0s / 0s],		train_loss: 10.4596,	val_loss: 15.5143
26:	[0s / 0s],		train_loss: 12.5868,	val_loss: 16.2306
27:	[0s / 0s],		train_loss: 10.9387,	val_loss: 13.4690
28:	[0s / 0s],		train_loss: 8.8354,	val_loss: 11.8002
29:	[0s / 1s],		train_loss: 7.8094,	val_loss: 10.2286
30:	[0s / 1s],		train_loss: 6.2656,	val_loss: 8.1743
31:	[0s / 1s],		train_loss: 5.8096,	val_loss: 7.5541
32:	[0s / 1s],		train_loss: 5.4442,	val_loss: 7.9855
33:	[0s / 1s],		train_loss: 5.7678,	val_loss: 8.9347
C-index TRAIN: 0.7897
C-index TEST:  0.7855
  [ckpt] RSF baseline saved → checkpoints/tabpfn/OrmoniTirodei/-1/seed77/fold3/rsf_baseline.pkl
C-index train: 0.9061
C-index test:  0.8036
  Fitting Cox baseline...
C-index train: 0.7982
C-index test:  0.8060
X_train shape: (5162, 76), X_test shape: (1290, 76)
Generating TABPFN Embeddings...
Successfully generated embeddings with shape: (5162, 192)
0:	[0s / 0s],		train_loss: 3.6030,	val_loss: 6.2733
1:	[0s / 0s],		train_loss: 3.2613,	val_loss: 6.3291
2:	[0s / 0s],		train_loss: 3.1988,	val_loss: 6.3090
3:	[0s / 0s],		train_loss: 3.2055,	val_loss: 6.3179
4:	[0s / 0s],		train_loss: 3.1949,	val_loss: 6.3106
5:	[0s / 0s],		train_loss: 3.2314,	val_loss: 6.2958
6:	[0s / 0s],		train_loss: 3.2148,	val_loss: 6.2916
7:	[0s / 0s],		train_loss: 3.2107,	val_loss: 6.2886
8:	[0s / 0s],		train_loss: 3.2220,	val_loss: 6.2888
9:	[0s / 0s],		train_loss: 3.2112,	val_loss: 6.2722
10:	[0s / 0s],		train_loss: 3.2110,	val_loss: 6.2661
11:	[0s / 0s],		train_loss: 3.2125,	val_loss: 6.2658
12:	[0s / 0s],		train_loss: 3.1894,	val_loss: 6.2717
13:	[0s / 0s],		train_loss: 3.1879,	val_loss: 6.2674
14:	[0s / 0s],		train_loss: 3.1950,	val_loss: 6.2653
15:	[0s / 0s],		train_loss: 3.1902,	val_loss: 6.2679
16:	[0s / 0s],		train_loss: 3.2077,	val_loss: 6.2579
17:	[0s / 0s],		train_loss: 3.1870,	val_loss: 6.2567
18:	[0s / 0s],		train_loss: 3.1873,	val_loss: 6.2620
19:	[0s / 0s],		train_loss: 3.1893,	val_loss: 6.2614
20:	[0s / 0s],		train_loss: 3.1886,	val_loss: 6.2617
21:	[0s / 0s],		train_loss: 3.1891,	val_loss: 6.2509
22:	[0s / 0s],		train_loss: 3.2020,	val_loss: 6.2585
23:	[0s / 0s],		train_loss: 3.1811,	val_loss: 6.2629
24:	[0s / 0s],		train_loss: 3.1844,	val_loss: 6.2612
25:	[0s / 0s],		train_loss: 3.2037,	val_loss: 6.2700
26:	[0s / 0s],		train_loss: 3.1914,	val_loss: 6.2639
27:	[0s / 0s],		train_loss: 3.1873,	val_loss: 6.2544
28:	[0s / 0s],		train_loss: 3.1874,	val_loss: 6.2560
29:	[0s / 1s],		train_loss: 3.1807,	val_loss: 6.2547
30:	[0s / 1s],		train_loss: 3.1750,	val_loss: 6.2514
31:	[0s / 1s],		train_loss: 3.1650,	val_loss: 6.2504
32:	[0s / 1s],		train_loss: 3.1812,	val_loss: 6.2520
33:	[0s / 1s],		train_loss: 3.2011,	val_loss: 6.2580
34:	[0s / 1s],		train_loss: 3.1949,	val_loss: 6.2601
35:	[0s / 1s],		train_loss: 3.1837,	val_loss: 6.2815
36:	[0s / 1s],		train_loss: 3.1866,	val_loss: 6.2588
37:	[0s / 1s],		train_loss: 3.1857,	val_loss: 6.2784
38:	[0s / 1s],		train_loss: 3.1786,	val_loss: 6.2665
39:	[0s / 1s],		train_loss: 3.1949,	val_loss: 6.2550
40:	[0s / 1s],		train_loss: 3.1941,	val_loss: 6.2564
41:	[0s / 1s],		train_loss: 3.1891,	val_loss: 6.2646
42:	[0s / 1s],		train_loss: 3.1837,	val_loss: 6.2926
43:	[0s / 1s],		train_loss: 3.1743,	val_loss: 6.2655
44:	[0s / 1s],		train_loss: 3.1615,	val_loss: 6.2623
45:	[0s / 1s],		train_loss: 3.1705,	val_loss: 6.2682
46:	[0s / 1s],		train_loss: 3.1864,	val_loss: 6.3168
47:	[0s / 1s],		train_loss: 3.1798,	val_loss: 6.2656
48:	[0s / 1s],		train_loss: 3.1819,	val_loss: 6.2648
49:	[0s / 1s],		train_loss: 3.1759,	val_loss: 6.2724
50:	[0s / 1s],		train_loss: 3.1624,	val_loss: 6.2691
51:	[0s / 1s],		train_loss: 3.1512,	val_loss: 6.2729
C-index TRAIN: 0.9233
C-index TEST:  0.7844
0:	[0s / 0s],		train_loss: 3.5320,	val_loss: 6.3128
1:	[0s / 0s],		train_loss: 3.2953,	val_loss: 6.4580
2:	[0s / 0s],		train_loss: 3.2474,	val_loss: 6.4452
3:	[0s / 0s],		train_loss: 3.2749,	val_loss: 7.0487
4:	[0s / 0s],		train_loss: 3.2502,	val_loss: 8.8065
5:	[0s / 0s],		train_loss: 3.2272,	val_loss: 11.3989
6:	[0s / 0s],		train_loss: 3.2545,	val_loss: 13.6201
7:	[0s / 0s],		train_loss: 3.2342,	val_loss: 13.3958
8:	[0s / 0s],		train_loss: 3.2138,	val_loss: 14.2601
9:	[0s / 0s],		train_loss: 3.2297,	val_loss: 14.0404
10:	[0s / 0s],		train_loss: 3.2022,	val_loss: 14.0485
11:	[0s / 0s],		train_loss: 3.1960,	val_loss: 14.3607
12:	[0s / 0s],		train_loss: 3.2081,	val_loss: 13.9826
13:	[0s / 0s],		train_loss: 3.1925,	val_loss: 13.8305
14:	[0s / 0s],		train_loss: 3.2199,	val_loss: 13.6205
15:	[0s / 0s],		train_loss: 3.1835,	val_loss: 14.5192
16:	[0s / 0s],		train_loss: 3.1956,	val_loss: 14.5335
17:	[0s / 0s],		train_loss: 3.1879,	val_loss: 14.6447
18:	[0s / 0s],		train_loss: 3.2038,	val_loss: 15.0020
19:	[0s / 0s],		train_loss: 3.2010,	val_loss: 14.0553
20:	[0s / 0s],		train_loss: 3.2009,	val_loss: 14.0580
C-index TRAIN: 0.9191
C-index TEST:  0.7750
  [ckpt] TABPFN RSF saved → checkpoints/tabpfn/OrmoniTirodei/-1/seed77/fold4/tabpfn_rsf.pkl
C-index train: 0.9614
C-index test:  0.7689
  Fitting TABPFN Cox (embedding)...
C-index train: 0.9207
C-index test:  0.7812
0:	[0s / 0s],		train_loss: 4.7541,	val_loss: 6.4537
1:	[0s / 0s],		train_loss: 4.5581,	val_loss: 6.3775
2:	[0s / 0s],		train_loss: 4.4568,	val_loss: 6.3623
3:	[0s / 0s],		train_loss: 4.4460,	val_loss: 6.3411
4:	[0s / 0s],		train_loss: 4.3898,	val_loss: 6.3012
5:	[0s / 0s],		train_loss: 4.4125,	val_loss: 6.3286
6:	[0s / 0s],		train_loss: 4.4094,	val_loss: 6.3251
7:	[0s / 0s],		train_loss: 4.4001,	val_loss: 6.3202
8:	[0s / 0s],		train_loss: 4.4180,	val_loss: 6.2940
9:	[0s / 0s],		train_loss: 4.3981,	val_loss: 6.2970
10:	[0s / 0s],		train_loss: 4.3722,	val_loss: 6.2842
11:	[0s / 0s],		train_loss: 4.3667,	val_loss: 6.2903
12:	[0s / 0s],		train_loss: 4.3727,	val_loss: 6.3112
13:	[0s / 0s],		train_loss: 4.3415,	val_loss: 6.3080
14:	[0s / 0s],		train_loss: 4.3939,	val_loss: 6.3411
15:	[0s / 0s],		train_loss: 4.3638,	val_loss: 6.2987
16:	[0s / 0s],		train_loss: 4.3693,	val_loss: 6.2756
17:	[0s / 0s],		train_loss: 4.3463,	val_loss: 6.2832
18:	[0s / 0s],		train_loss: 4.3456,	val_loss: 6.2972
19:	[0s / 0s],		train_loss: 4.3562,	val_loss: 6.2771
20:	[0s / 1s],		train_loss: 4.3431,	val_loss: 6.3046
21:	[0s / 1s],		train_loss: 4.3358,	val_loss: 6.2631
22:	[0s / 1s],		train_loss: 4.3521,	val_loss: 6.2595
23:	[0s / 1s],		train_loss: 4.3189,	val_loss: 6.2891
24:	[0s / 1s],		train_loss: 4.3488,	val_loss: 6.3217
25:	[0s / 1s],		train_loss: 4.3499,	val_loss: 6.3048
26:	[0s / 1s],		train_loss: 4.3346,	val_loss: 6.3059
27:	[0s / 1s],		train_loss: 4.3309,	val_loss: 6.3219
28:	[0s / 1s],		train_loss: 4.3361,	val_loss: 6.3372
29:	[0s / 1s],		train_loss: 4.3405,	val_loss: 6.3130
30:	[0s / 1s],		train_loss: 4.3060,	val_loss: 6.3219
31:	[0s / 1s],		train_loss: 4.3111,	val_loss: 48.1773
32:	[0s / 1s],		train_loss: 4.3339,	val_loss: 11.9380
33:	[0s / 1s],		train_loss: 4.3110,	val_loss: 6.2942
34:	[0s / 1s],		train_loss: 4.3130,	val_loss: 17.1721
35:	[0s / 1s],		train_loss: 4.3187,	val_loss: 21.3451
36:	[0s / 1s],		train_loss: 4.3212,	val_loss: 14.4564
37:	[0s / 1s],		train_loss: 4.3062,	val_loss: 9.2752
38:	[0s / 1s],		train_loss: 4.3195,	val_loss: 6.2958
39:	[0s / 1s],		train_loss: 4.2831,	val_loss: 6.2545
40:	[0s / 2s],		train_loss: 4.2700,	val_loss: 6.2984
41:	[0s / 2s],		train_loss: 4.3120,	val_loss: 6.6520
42:	[0s / 2s],		train_loss: 4.3188,	val_loss: 6.3335
43:	[0s / 2s],		train_loss: 4.3043,	val_loss: 14.2539
44:	[0s / 2s],		train_loss: 4.2731,	val_loss: 6.7516
45:	[0s / 2s],		train_loss: 4.2852,	val_loss: 6.4409
46:	[0s / 2s],		train_loss: 4.3222,	val_loss: 17.2245
47:	[0s / 2s],		train_loss: 4.2987,	val_loss: 29.1067
48:	[0s / 2s],		train_loss: 4.2879,	val_loss: 6.5474
49:	[0s / 2s],		train_loss: 4.3021,	val_loss: 9.7665
50:	[0s / 2s],		train_loss: 4.2915,	val_loss: 6.3162
51:	[0s / 2s],		train_loss: 4.2935,	val_loss: 8.3906
52:	[0s / 2s],		train_loss: 4.3055,	val_loss: 6.3165
53:	[0s / 2s],		train_loss: 4.2870,	val_loss: 14.6601
54:	[0s / 2s],		train_loss: 4.2758,	val_loss: 9.6307
55:	[0s / 2s],		train_loss: 4.2854,	val_loss: 7.6127
56:	[0s / 2s],		train_loss: 4.2782,	val_loss: 6.9743
57:	[0s / 2s],		train_loss: 4.2826,	val_loss: 10.0041
58:	[0s / 2s],		train_loss: 4.2934,	val_loss: 20.3830
59:	[0s / 2s],		train_loss: 4.2692,	val_loss: 9.4366
C-index TRAIN: 0.8126
C-index TEST:  0.7771
0:	[0s / 0s],		train_loss: 120.1375,	val_loss: 36.1525
1:	[0s / 0s],		train_loss: 15.7364,	val_loss: 16.6904
2:	[0s / 0s],		train_loss: 11.5460,	val_loss: 12.4142
3:	[0s / 0s],		train_loss: 10.3624,	val_loss: 10.9362
4:	[0s / 0s],		train_loss: 8.3367,	val_loss: 9.5787
5:	[0s / 0s],		train_loss: 6.9619,	val_loss: 7.9179
6:	[0s / 0s],		train_loss: 5.4565,	val_loss: 6.8126
7:	[0s / 0s],		train_loss: 6.4641,	val_loss: 8.8419
8:	[0s / 0s],		train_loss: 6.3092,	val_loss: 7.7758
9:	[0s / 0s],		train_loss: 5.1960,	val_loss: 6.4416
10:	[0s / 0s],		train_loss: 4.5964,	val_loss: 6.5652
11:	[0s / 0s],		train_loss: 4.4896,	val_loss: 6.4555
12:	[0s / 0s],		train_loss: 4.4663,	val_loss: 6.4625
13:	[0s / 0s],		train_loss: 4.4367,	val_loss: 6.4786
14:	[0s / 0s],		train_loss: 4.6389,	val_loss: 6.7604
15:	[0s / 0s],		train_loss: 4.9046,	val_loss: 6.9014
16:	[0s / 0s],		train_loss: 4.5205,	val_loss: 6.3926
17:	[0s / 0s],		train_loss: 4.8457,	val_loss: 7.7805
18:	[0s / 0s],		train_loss: 5.3853,	val_loss: 7.8309
19:	[0s / 0s],		train_loss: 5.3532,	val_loss: 7.6360
20:	[0s / 0s],		train_loss: 4.8996,	val_loss: 6.7726
21:	[0s / 0s],		train_loss: 4.5112,	val_loss: 6.7361
22:	[0s / 0s],		train_loss: 4.5885,	val_loss: 6.5493
23:	[0s / 0s],		train_loss: 4.6289,	val_loss: 7.1671
24:	[0s / 0s],		train_loss: 5.3966,	val_loss: 8.0391
25:	[0s / 0s],		train_loss: 6.3819,	val_loss: 7.6394
26:	[0s / 0s],		train_loss: 5.3639,	val_loss: 7.3335
27:	[0s / 0s],		train_loss: 5.1136,	val_loss: 7.3311
28:	[0s / 0s],		train_loss: 8.2335,	val_loss: 10.0257
29:	[0s / 0s],		train_loss: 7.1771,	val_loss: 9.1557
30:	[0s / 1s],		train_loss: 6.1243,	val_loss: 8.5104
31:	[0s / 1s],		train_loss: 6.2712,	val_loss: 8.4359
32:	[0s / 1s],		train_loss: 6.2895,	val_loss: 8.9602
33:	[0s / 1s],		train_loss: 6.5563,	val_loss: 7.9897
34:	[0s / 1s],		train_loss: 5.7927,	val_loss: 7.9210
35:	[0s / 1s],		train_loss: 5.8824,	val_loss: 8.7553
36:	[0s / 1s],		train_loss: 6.8957,	val_loss: 8.1446
C-index TRAIN: 0.7900
C-index TEST:  0.7590
  [ckpt] RSF baseline saved → checkpoints/tabpfn/OrmoniTirodei/-1/seed77/fold4/rsf_baseline.pkl
C-index train: 0.9121
C-index test:  0.7834
  Fitting Cox baseline...
C-index train: 0.8041
C-index test:  0.7792
X_train shape: (5162, 76), X_test shape: (1290, 76)
Generating TABPFN Embeddings...
Successfully generated embeddings with shape: (5162, 192)
0:	[0s / 0s],		train_loss: 3.6577,	val_loss: 6.2650
1:	[0s / 0s],		train_loss: 3.2790,	val_loss: 6.3659
2:	[0s / 0s],		train_loss: 3.2187,	val_loss: 6.3459
3:	[0s / 0s],		train_loss: 3.2451,	val_loss: 6.3556
4:	[0s / 0s],		train_loss: 3.2459,	val_loss: 6.3514
5:	[0s / 0s],		train_loss: 3.2396,	val_loss: 6.3490
6:	[0s / 0s],		train_loss: 3.2430,	val_loss: 6.3491
7:	[0s / 0s],		train_loss: 3.2315,	val_loss: 6.3612
8:	[0s / 0s],		train_loss: 3.2011,	val_loss: 6.3952
9:	[0s / 0s],		train_loss: 3.2162,	val_loss: 6.4145
10:	[0s / 0s],		train_loss: 3.2152,	val_loss: 6.4412
11:	[0s / 0s],		train_loss: 3.2149,	val_loss: 6.4043
12:	[0s / 0s],		train_loss: 3.2379,	val_loss: 6.4761
13:	[0s / 0s],		train_loss: 3.2139,	val_loss: 6.3822
14:	[0s / 0s],		train_loss: 3.2133,	val_loss: 6.4342
15:	[0s / 0s],		train_loss: 3.2114,	val_loss: 6.4374
16:	[0s / 0s],		train_loss: 3.2215,	val_loss: 6.3970
17:	[0s / 0s],		train_loss: 3.2149,	val_loss: 6.4103
18:	[0s / 0s],		train_loss: 3.2033,	val_loss: 6.4646
19:	[0s / 0s],		train_loss: 3.2274,	val_loss: 6.4685
20:	[0s / 0s],		train_loss: 3.2101,	val_loss: 6.5533
C-index TRAIN: 0.8931
C-index TEST:  0.7883
0:	[0s / 0s],		train_loss: 3.5476,	val_loss: 6.2926
1:	[0s / 0s],		train_loss: 3.3186,	val_loss: 6.3721
2:	[0s / 0s],		train_loss: 3.3046,	val_loss: 6.5276
3:	[0s / 0s],		train_loss: 3.2440,	val_loss: 6.6604
4:	[0s / 0s],		train_loss: 3.2718,	val_loss: 6.3804
5:	[0s / 0s],		train_loss: 3.2398,	val_loss: 7.5422
6:	[0s / 0s],		train_loss: 3.2483,	val_loss: 9.0205
7:	[0s / 0s],		train_loss: 3.2761,	val_loss: 6.4600
8:	[0s / 0s],		train_loss: 3.2332,	val_loss: 6.5011
9:	[0s / 0s],		train_loss: 3.2538,	val_loss: 7.5999
10:	[0s / 0s],		train_loss: 3.2393,	val_loss: 7.5695
11:	[0s / 0s],		train_loss: 3.2309,	val_loss: 9.2850
12:	[0s / 0s],		train_loss: 3.2137,	val_loss: 10.0199
13:	[0s / 0s],		train_loss: 3.2480,	val_loss: 10.7494
14:	[0s / 0s],		train_loss: 3.2324,	val_loss: 9.8642
15:	[0s / 0s],		train_loss: 3.2159,	val_loss: 10.0256
16:	[0s / 0s],		train_loss: 3.2412,	val_loss: 9.0418
17:	[0s / 0s],		train_loss: 3.2265,	val_loss: 9.1552
18:	[0s / 0s],		train_loss: 3.2147,	val_loss: 9.6472
19:	[0s / 0s],		train_loss: 3.2068,	val_loss: 9.1951
20:	[0s / 0s],		train_loss: 3.2296,	val_loss: 10.3466
C-index TRAIN: 0.9080
C-index TEST:  0.7882
  [ckpt] TABPFN RSF saved → checkpoints/tabpfn/OrmoniTirodei/-1/seed77/fold5/tabpfn_rsf.pkl
C-index train: 0.9613
C-index test:  0.7870
  Fitting TABPFN Cox (embedding)...
C-index train: 0.9162
C-index test:  0.7687
0:	[0s / 0s],		train_loss: 5.2870,	val_loss: 6.7476
1:	[0s / 0s],		train_loss: 4.7223,	val_loss: 6.4836
2:	[0s / 0s],		train_loss: 4.5623,	val_loss: 6.4249
3:	[0s / 0s],		train_loss: 4.5026,	val_loss: 6.3521
4:	[0s / 0s],		train_loss: 4.4696,	val_loss: 6.3883
5:	[0s / 0s],		train_loss: 4.4530,	val_loss: 6.3174
6:	[0s / 0s],		train_loss: 4.4186,	val_loss: 6.3207
7:	[0s / 0s],		train_loss: 4.4358,	val_loss: 6.3464
8:	[0s / 0s],		train_loss: 4.3973,	val_loss: 6.3169
9:	[0s / 0s],		train_loss: 4.3980,	val_loss: 6.2956
10:	[0s / 0s],		train_loss: 4.3884,	val_loss: 6.3294
11:	[0s / 0s],		train_loss: 4.3657,	val_loss: 6.3030
12:	[0s / 0s],		train_loss: 4.3661,	val_loss: 6.2811
13:	[0s / 0s],		train_loss: 4.3978,	val_loss: 6.2963
14:	[0s / 0s],		train_loss: 4.3562,	val_loss: 6.3003
15:	[0s / 0s],		train_loss: 4.3591,	val_loss: 6.3105
16:	[0s / 0s],		train_loss: 4.4076,	val_loss: 6.3115
17:	[0s / 0s],		train_loss: 4.3689,	val_loss: 6.2917
18:	[0s / 0s],		train_loss: 4.3938,	val_loss: 6.2864
19:	[0s / 0s],		train_loss: 4.3642,	val_loss: 6.3182
20:	[0s / 1s],		train_loss: 4.3832,	val_loss: 6.2811
21:	[0s / 1s],		train_loss: 4.3438,	val_loss: 6.2706
22:	[0s / 1s],		train_loss: 4.3683,	val_loss: 6.3030
23:	[0s / 1s],		train_loss: 4.3244,	val_loss: 6.2993
24:	[0s / 1s],		train_loss: 4.3437,	val_loss: 6.3037
25:	[0s / 1s],		train_loss: 4.3057,	val_loss: 6.3189
26:	[0s / 1s],		train_loss: 4.3274,	val_loss: 6.2859
27:	[0s / 1s],		train_loss: 4.3490,	val_loss: 6.3014
28:	[0s / 1s],		train_loss: 4.3216,	val_loss: 6.2759
29:	[0s / 1s],		train_loss: 4.3545,	val_loss: 6.3000
30:	[0s / 1s],		train_loss: 4.3445,	val_loss: 6.2708
31:	[0s / 1s],		train_loss: 4.3124,	val_loss: 6.2578
32:	[0s / 1s],		train_loss: 4.3210,	val_loss: 6.2625
33:	[0s / 1s],		train_loss: 4.3031,	val_loss: 6.2772
34:	[0s / 1s],		train_loss: 4.3156,	val_loss: 6.2989
35:	[0s / 1s],		train_loss: 4.3163,	val_loss: 6.2774
36:	[0s / 1s],		train_loss: 4.3151,	val_loss: 6.2907
37:	[0s / 1s],		train_loss: 4.3267,	val_loss: 6.2865
38:	[0s / 1s],		train_loss: 4.3138,	val_loss: 6.2947
39:	[0s / 1s],		train_loss: 4.3042,	val_loss: 6.2718
40:	[0s / 1s],		train_loss: 4.3189,	val_loss: 6.2939
41:	[0s / 2s],		train_loss: 4.2928,	val_loss: 6.2795
42:	[0s / 2s],		train_loss: 4.3011,	val_loss: 6.2673
43:	[0s / 2s],		train_loss: 4.2820,	val_loss: 6.2920
44:	[0s / 2s],		train_loss: 4.2909,	val_loss: 6.2952
45:	[0s / 2s],		train_loss: 4.3127,	val_loss: 6.2970
46:	[0s / 2s],		train_loss: 4.3213,	val_loss: 6.2759
47:	[0s / 2s],		train_loss: 4.2858,	val_loss: 6.2850
48:	[0s / 2s],		train_loss: 4.3016,	val_loss: 6.2858
49:	[0s / 2s],		train_loss: 4.3137,	val_loss: 6.2903
50:	[0s / 2s],		train_loss: 4.3190,	val_loss: 6.2880
51:	[0s / 2s],		train_loss: 4.2920,	val_loss: 6.2828
C-index TRAIN: 0.8080
C-index TEST:  0.7917
0:	[0s / 0s],		train_loss: 173.9105,	val_loss: 35.3861
1:	[0s / 0s],		train_loss: 18.3555,	val_loss: 17.3215
2:	[0s / 0s],		train_loss: 12.0883,	val_loss: 14.6303
3:	[0s / 0s],		train_loss: 10.4057,	val_loss: 12.8231
4:	[0s / 0s],		train_loss: 9.0407,	val_loss: 11.2785
5:	[0s / 0s],		train_loss: 7.7465,	val_loss: 9.8853
6:	[0s / 0s],		train_loss: 6.5865,	val_loss: 9.1722
7:	[0s / 0s],		train_loss: 6.1976,	val_loss: 8.6112
8:	[0s / 0s],		train_loss: 5.6107,	val_loss: 7.6932
9:	[0s / 0s],		train_loss: 5.2412,	val_loss: 7.0790
10:	[0s / 0s],		train_loss: 4.7315,	val_loss: 6.5667
11:	[0s / 0s],		train_loss: 4.5179,	val_loss: 6.4040
12:	[0s / 0s],		train_loss: 4.3802,	val_loss: 6.3696
13:	[0s / 0s],		train_loss: 4.3812,	val_loss: 6.4438
14:	[0s / 0s],		train_loss: 4.4650,	val_loss: 6.4131
15:	[0s / 0s],		train_loss: 4.4896,	val_loss: 6.4924
16:	[0s / 0s],		train_loss: 4.9531,	val_loss: 6.6732
17:	[0s / 0s],		train_loss: 4.5627,	val_loss: 6.5882
18:	[0s / 0s],		train_loss: 4.6642,	val_loss: 6.9230
19:	[0s / 0s],		train_loss: 4.6732,	val_loss: 6.5075
20:	[0s / 0s],		train_loss: 4.6664,	val_loss: 7.0840
21:	[0s / 0s],		train_loss: 4.9817,	val_loss: 6.6369
22:	[0s / 0s],		train_loss: 6.3662,	val_loss: 8.4967
23:	[0s / 0s],		train_loss: 7.0635,	val_loss: 8.4861
24:	[0s / 0s],		train_loss: 5.9419,	val_loss: 7.5132
25:	[0s / 0s],		train_loss: 5.6497,	val_loss: 8.0477
26:	[0s / 0s],		train_loss: 6.4854,	val_loss: 9.2351
27:	[0s / 0s],		train_loss: 6.1403,	val_loss: 8.1077
28:	[0s / 0s],		train_loss: 5.4935,	val_loss: 6.9552
29:	[0s / 1s],		train_loss: 4.7779,	val_loss: 6.6509
30:	[0s / 1s],		train_loss: 5.0521,	val_loss: 7.1888
31:	[0s / 1s],		train_loss: 5.2931,	val_loss: 6.8982
32:	[0s / 1s],		train_loss: 4.6298,	val_loss: 6.4762
C-index TRAIN: 0.7944
C-index TEST:  0.7820
  [ckpt] RSF baseline saved → checkpoints/tabpfn/OrmoniTirodei/-1/seed77/fold5/rsf_baseline.pkl
C-index train: 0.9093
C-index test:  0.7940
  Fitting Cox baseline...
C-index train: 0.8009
C-index test:  0.7926


Preprocess: Keep NaN
Loading existing folds from tmp/splits/OrmoniTirodei_seed77.pkl
X_train shape: (5161, 76), X_test shape: (1291, 76)
Generating TABPFN Embeddings...
Successfully generated embeddings with shape: (5161, 192)
0:	[0s / 0s],		train_loss: 3.5416,	val_loss: 6.2577
1:	[0s / 0s],		train_loss: 3.2726,	val_loss: 6.2883
2:	[0s / 0s],		train_loss: 3.2500,	val_loss: 6.3034
3:	[0s / 0s],		train_loss: 3.2489,	val_loss: 6.2795
4:	[0s / 0s],		train_loss: 3.2396,	val_loss: 6.2983
5:	[0s / 0s],		train_loss: 3.2258,	val_loss: 6.2615
6:	[0s / 0s],		train_loss: 3.2436,	val_loss: 6.2656
7:	[0s / 0s],		train_loss: 3.2353,	val_loss: 6.2728
8:	[0s / 0s],		train_loss: 3.2281,	val_loss: 6.2541
9:	[0s / 0s],		train_loss: 3.2111,	val_loss: 6.2551
10:	[0s / 0s],		train_loss: 3.2199,	val_loss: 6.2632
11:	[0s / 0s],		train_loss: 3.2211,	val_loss: 6.2425
12:	[0s / 0s],		train_loss: 3.2236,	val_loss: 6.2424
13:	[0s / 0s],		train_loss: 3.2184,	val_loss: 6.2486
14:	[0s / 0s],		train_loss: 3.1792,	val_loss: 6.2457
15:	[0s / 0s],		train_loss: 3.1784,	val_loss: 6.2483
16:	[0s / 0s],		train_loss: 3.2271,	val_loss: 6.2828
17:	[0s / 0s],		train_loss: 3.2132,	val_loss: 6.2419
18:	[0s / 0s],		train_loss: 3.1967,	val_loss: 6.2522
19:	[0s / 0s],		train_loss: 3.2015,	val_loss: 6.2398
20:	[0s / 0s],		train_loss: 3.1988,	val_loss: 6.2357
21:	[0s / 0s],		train_loss: 3.2097,	val_loss: 6.2511
22:	[0s / 0s],		train_loss: 3.2248,	val_loss: 6.2482
23:	[0s / 0s],		train_loss: 3.1907,	val_loss: 6.2626
24:	[0s / 0s],		train_loss: 3.2133,	val_loss: 6.2328
25:	[0s / 1s],		train_loss: 3.2099,	val_loss: 6.2399
26:	[0s / 1s],		train_loss: 3.2055,	val_loss: 6.2374
27:	[0s / 1s],		train_loss: 3.2077,	val_loss: 6.2311
28:	[0s / 1s],		train_loss: 3.2139,	val_loss: 6.2384
29:	[0s / 1s],		train_loss: 3.2007,	val_loss: 6.2496
30:	[0s / 1s],		train_loss: 3.2203,	val_loss: 6.2496
31:	[0s / 1s],		train_loss: 3.2039,	val_loss: 6.2425
32:	[0s / 1s],		train_loss: 3.2013,	val_loss: 6.2347
33:	[0s / 1s],		train_loss: 3.1926,	val_loss: 6.2364
34:	[0s / 1s],		train_loss: 3.1986,	val_loss: 6.2543
35:	[0s / 1s],		train_loss: 3.1905,	val_loss: 6.2399
36:	[0s / 1s],		train_loss: 3.2113,	val_loss: 6.2475
37:	[0s / 1s],		train_loss: 3.1664,	val_loss: 6.2489
38:	[0s / 1s],		train_loss: 3.2234,	val_loss: 6.2536
39:	[0s / 1s],		train_loss: 3.2025,	val_loss: 6.2389
40:	[0s / 1s],		train_loss: 3.1914,	val_loss: 6.2337
41:	[0s / 1s],		train_loss: 3.1780,	val_loss: 6.2502
42:	[0s / 1s],		train_loss: 3.1842,	val_loss: 6.2479
43:	[0s / 1s],		train_loss: 3.1958,	val_loss: 6.2489
44:	[0s / 1s],		train_loss: 3.1872,	val_loss: 6.2438
45:	[0s / 1s],		train_loss: 3.1804,	val_loss: 6.2688
46:	[0s / 1s],		train_loss: 3.1871,	val_loss: 6.2513
47:	[0s / 1s],		train_loss: 3.1758,	val_loss: 6.2585
C-index TRAIN: 0.9197
C-index TEST:  0.7883
0:	[0s / 0s],		train_loss: 3.5989,	val_loss: 6.2429
1:	[0s / 0s],		train_loss: 3.3619,	val_loss: 6.2854
2:	[0s / 0s],		train_loss: 3.3000,	val_loss: 6.3095
3:	[0s / 0s],		train_loss: 3.2972,	val_loss: 6.7520
4:	[0s / 0s],		train_loss: 3.2779,	val_loss: 7.9914
5:	[0s / 0s],		train_loss: 3.2479,	val_loss: 8.9425
6:	[0s / 0s],		train_loss: 3.2466,	val_loss: 9.4231
7:	[0s / 0s],		train_loss: 3.2417,	val_loss: 10.1364
8:	[0s / 0s],		train_loss: 3.2628,	val_loss: 11.5375
9:	[0s / 0s],		train_loss: 3.2540,	val_loss: 11.4517
10:	[0s / 0s],		train_loss: 3.2281,	val_loss: 11.6641
11:	[0s / 0s],		train_loss: 3.2380,	val_loss: 11.7964
12:	[0s / 0s],		train_loss: 3.2177,	val_loss: 11.2470
13:	[0s / 0s],		train_loss: 3.2319,	val_loss: 11.8234
14:	[0s / 0s],		train_loss: 3.2253,	val_loss: 11.4487
15:	[0s / 0s],		train_loss: 3.2188,	val_loss: 11.1773
16:	[0s / 0s],		train_loss: 3.1942,	val_loss: 11.4796
17:	[0s / 0s],		train_loss: 3.2130,	val_loss: 11.3136
18:	[0s / 0s],		train_loss: 3.2267,	val_loss: 11.2718
19:	[0s / 1s],		train_loss: 3.2227,	val_loss: 11.0934
20:	[0s / 1s],		train_loss: 3.1905,	val_loss: 11.1753
C-index TRAIN: 0.9160
C-index TEST:  0.7825
  [ckpt] TABPFN RSF saved → checkpoints/tabpfn/OrmoniTirodei/NaN/seed77/fold1/tabpfn_rsf.pkl
C-index train: 0.9610
C-index test:  0.7814
  Fitting TABPFN Cox (embedding)...
C-index train: 0.9200
C-index test:  0.7855
X_train shape: (5161, 76), X_test shape: (1291, 76)
Generating TABPFN Embeddings...
Successfully generated embeddings with shape: (5161, 192)
0:	[0s / 0s],		train_loss: 3.5772,	val_loss: 6.2700
1:	[0s / 0s],		train_loss: 3.2951,	val_loss: 6.3341
2:	[0s / 0s],		train_loss: 3.2602,	val_loss: 6.3435
3:	[0s / 0s],		train_loss: 3.2591,	val_loss: 6.3573
4:	[0s / 0s],		train_loss: 3.2600,	val_loss: 6.3194
5:	[0s / 0s],		train_loss: 3.2421,	val_loss: 6.3062
6:	[0s / 0s],		train_loss: 3.2386,	val_loss: 6.2956
7:	[0s / 0s],		train_loss: 3.2232,	val_loss: 6.3003
8:	[0s / 0s],		train_loss: 3.2473,	val_loss: 6.3020
9:	[0s / 0s],		train_loss: 3.2416,	val_loss: 6.2997
10:	[0s / 0s],		train_loss: 3.2288,	val_loss: 6.2775
11:	[0s / 0s],		train_loss: 3.2383,	val_loss: 6.3139
12:	[0s / 0s],		train_loss: 3.2285,	val_loss: 6.2829
13:	[0s / 0s],		train_loss: 3.2242,	val_loss: 6.2747
14:	[0s / 0s],		train_loss: 3.2165,	val_loss: 6.2695
15:	[0s / 0s],		train_loss: 3.2250,	val_loss: 6.3015
16:	[0s / 0s],		train_loss: 3.2200,	val_loss: 6.2727
17:	[0s / 0s],		train_loss: 3.1942,	val_loss: 6.2759
18:	[0s / 0s],		train_loss: 3.1971,	val_loss: 6.2895
19:	[0s / 0s],		train_loss: 3.2124,	val_loss: 6.2689
20:	[0s / 0s],		train_loss: 3.2094,	val_loss: 6.2714
21:	[0s / 0s],		train_loss: 3.1951,	val_loss: 6.2837
22:	[0s / 0s],		train_loss: 3.2060,	val_loss: 6.2656
23:	[0s / 0s],		train_loss: 3.2200,	val_loss: 6.2730
24:	[0s / 0s],		train_loss: 3.2284,	val_loss: 6.2842
25:	[0s / 0s],		train_loss: 3.2198,	val_loss: 6.2704
26:	[0s / 0s],		train_loss: 3.1891,	val_loss: 6.2685
27:	[0s / 0s],		train_loss: 3.1977,	val_loss: 6.2653
28:	[0s / 0s],		train_loss: 3.2124,	val_loss: 6.2643
29:	[0s / 0s],		train_loss: 3.2124,	val_loss: 6.2672
30:	[0s / 1s],		train_loss: 3.2333,	val_loss: 6.2763
31:	[0s / 1s],		train_loss: 3.2024,	val_loss: 6.2875
32:	[0s / 1s],		train_loss: 3.2081,	val_loss: 6.2578
33:	[0s / 1s],		train_loss: 3.2093,	val_loss: 6.2642
34:	[0s / 1s],		train_loss: 3.2013,	val_loss: 6.2699
35:	[0s / 1s],		train_loss: 3.2150,	val_loss: 6.2772
36:	[0s / 1s],		train_loss: 3.2193,	val_loss: 6.2668
37:	[0s / 1s],		train_loss: 3.1929,	val_loss: 6.2683
38:	[0s / 1s],		train_loss: 3.2003,	val_loss: 6.2617
39:	[0s / 1s],		train_loss: 3.2105,	val_loss: 6.2627
40:	[0s / 1s],		train_loss: 3.2209,	val_loss: 6.2656
41:	[0s / 1s],		train_loss: 3.2091,	val_loss: 6.2702
42:	[0s / 1s],		train_loss: 3.2062,	val_loss: 6.2652
43:	[0s / 1s],		train_loss: 3.2097,	val_loss: 6.2643
44:	[0s / 1s],		train_loss: 3.2161,	val_loss: 6.2715
45:	[0s / 1s],		train_loss: 3.1902,	val_loss: 6.2706
46:	[0s / 1s],		train_loss: 3.1876,	val_loss: 6.2665
47:	[0s / 1s],		train_loss: 3.2244,	val_loss: 6.2656
48:	[0s / 1s],		train_loss: 3.1908,	val_loss: 6.2813
49:	[0s / 1s],		train_loss: 3.2059,	val_loss: 6.2830
50:	[0s / 1s],		train_loss: 3.1906,	val_loss: 6.2822
51:	[0s / 1s],		train_loss: 3.1978,	val_loss: 6.2685
52:	[0s / 1s],		train_loss: 3.1888,	val_loss: 6.2703
C-index TRAIN: 0.9200
C-index TEST:  0.8114
0:	[0s / 0s],		train_loss: 3.5679,	val_loss: 6.2841
1:	[0s / 0s],		train_loss: 3.3213,	val_loss: 6.2795
2:	[0s / 0s],		train_loss: 3.2993,	val_loss: 6.2614
3:	[0s / 0s],		train_loss: 3.2720,	val_loss: 6.2447
4:	[0s / 0s],		train_loss: 3.2857,	val_loss: 6.2722
5:	[0s / 0s],		train_loss: 3.2793,	val_loss: 6.2581
6:	[0s / 0s],		train_loss: 3.2559,	val_loss: 6.2787
7:	[0s / 0s],		train_loss: 3.2322,	val_loss: 6.2724
8:	[0s / 0s],		train_loss: 3.2552,	val_loss: 6.2776
9:	[0s / 0s],		train_loss: 3.2452,	val_loss: 6.2961
10:	[0s / 0s],		train_loss: 3.2321,	val_loss: 6.2624
11:	[0s / 0s],		train_loss: 3.2347,	val_loss: 6.2562
12:	[0s / 0s],		train_loss: 3.2318,	val_loss: 6.2651
13:	[0s / 0s],		train_loss: 3.2283,	val_loss: 6.3027
14:	[0s / 0s],		train_loss: 3.1954,	val_loss: 6.3076
15:	[0s / 0s],		train_loss: 3.2319,	val_loss: 6.2721
16:	[0s / 0s],		train_loss: 3.2384,	val_loss: 6.2455
17:	[0s / 0s],		train_loss: 3.2462,	val_loss: 6.2412
18:	[0s / 0s],		train_loss: 3.2331,	val_loss: 6.2422
19:	[0s / 0s],		train_loss: 3.2022,	val_loss: 6.2505
20:	[0s / 1s],		train_loss: 3.2386,	val_loss: 6.2391
21:	[0s / 1s],		train_loss: 3.2198,	val_loss: 6.2558
22:	[0s / 1s],		train_loss: 3.2103,	val_loss: 6.3374
23:	[0s / 1s],		train_loss: 3.2236,	val_loss: 6.3235
24:	[0s / 1s],		train_loss: 3.1988,	val_loss: 6.3344
25:	[0s / 1s],		train_loss: 3.2089,	val_loss: 6.3106
26:	[0s / 1s],		train_loss: 3.2209,	val_loss: 6.2669
27:	[0s / 1s],		train_loss: 3.2092,	val_loss: 6.3726
28:	[0s / 1s],		train_loss: 3.2213,	val_loss: 6.2882
29:	[0s / 1s],		train_loss: 3.2232,	val_loss: 6.2781
30:	[0s / 1s],		train_loss: 3.2199,	val_loss: 6.3076
31:	[0s / 1s],		train_loss: 3.2159,	val_loss: 6.3279
32:	[0s / 1s],		train_loss: 3.2201,	val_loss: 6.2997
33:	[0s / 1s],		train_loss: 3.1972,	val_loss: 6.2736
34:	[0s / 1s],		train_loss: 3.2190,	val_loss: 6.3078
35:	[0s / 1s],		train_loss: 3.2044,	val_loss: 6.2971
36:	[0s / 1s],		train_loss: 3.2203,	val_loss: 6.3274
37:	[0s / 1s],		train_loss: 3.1851,	val_loss: 6.3053
38:	[0s / 1s],		train_loss: 3.2185,	val_loss: 6.2933
39:	[0s / 1s],		train_loss: 3.2322,	val_loss: 6.3741
40:	[0s / 1s],		train_loss: 3.1833,	val_loss: 6.4015
C-index TRAIN: 0.9196
C-index TEST:  0.8089
  [ckpt] TABPFN RSF saved → checkpoints/tabpfn/OrmoniTirodei/NaN/seed77/fold2/tabpfn_rsf.pkl
C-index train: 0.9604
C-index test:  0.7953
  Fitting TABPFN Cox (embedding)...
C-index train: 0.9178
C-index test:  0.8100
X_train shape: (5162, 76), X_test shape: (1290, 76)
Generating TABPFN Embeddings...
Successfully generated embeddings with shape: (5162, 192)
0:	[0s / 0s],		train_loss: 3.6109,	val_loss: 6.2667
1:	[0s / 0s],		train_loss: 3.3027,	val_loss: 6.3594
2:	[0s / 0s],		train_loss: 3.2667,	val_loss: 6.3828
3:	[0s / 0s],		train_loss: 3.2256,	val_loss: 6.3288
4:	[0s / 0s],		train_loss: 3.2492,	val_loss: 6.3246
5:	[0s / 0s],		train_loss: 3.2448,	val_loss: 6.3128
6:	[0s / 0s],		train_loss: 3.2285,	val_loss: 6.2959
7:	[0s / 0s],		train_loss: 3.2285,	val_loss: 6.3050
8:	[0s / 0s],		train_loss: 3.2366,	val_loss: 6.2761
9:	[0s / 0s],		train_loss: 3.2401,	val_loss: 6.2951
10:	[0s / 0s],		train_loss: 3.2181,	val_loss: 6.2776
11:	[0s / 0s],		train_loss: 3.2218,	val_loss: 6.2888
12:	[0s / 0s],		train_loss: 3.2290,	val_loss: 6.2705
13:	[0s / 0s],		train_loss: 3.2440,	val_loss: 6.2639
14:	[0s / 0s],		train_loss: 3.2071,	val_loss: 6.2810
15:	[0s / 0s],		train_loss: 3.2284,	val_loss: 6.2813
16:	[0s / 0s],		train_loss: 3.2234,	val_loss: 6.2701
17:	[0s / 0s],		train_loss: 3.2079,	val_loss: 6.2700
18:	[0s / 0s],		train_loss: 3.2222,	val_loss: 6.2931
19:	[0s / 0s],		train_loss: 3.2223,	val_loss: 6.3439
20:	[0s / 0s],		train_loss: 3.2056,	val_loss: 6.3004
21:	[0s / 0s],		train_loss: 3.2172,	val_loss: 6.3108
22:	[0s / 0s],		train_loss: 3.2274,	val_loss: 6.3068
23:	[0s / 0s],		train_loss: 3.2175,	val_loss: 6.2768
24:	[0s / 0s],		train_loss: 3.2168,	val_loss: 6.2801
25:	[0s / 0s],		train_loss: 3.2068,	val_loss: 6.2528
26:	[0s / 0s],		train_loss: 3.1974,	val_loss: 6.3149
27:	[0s / 1s],		train_loss: 3.2105,	val_loss: 6.2694
28:	[0s / 1s],		train_loss: 3.2074,	val_loss: 6.2806
29:	[0s / 1s],		train_loss: 3.2130,	val_loss: 6.2962
30:	[0s / 1s],		train_loss: 3.2081,	val_loss: 6.3309
31:	[0s / 1s],		train_loss: 3.1980,	val_loss: 6.2984
32:	[0s / 1s],		train_loss: 3.2033,	val_loss: 6.2724
33:	[0s / 1s],		train_loss: 3.1988,	val_loss: 6.2716
34:	[0s / 1s],		train_loss: 3.2179,	val_loss: 6.2626
35:	[0s / 1s],		train_loss: 3.2096,	val_loss: 6.2704
36:	[0s / 1s],		train_loss: 3.1916,	val_loss: 6.2595
37:	[0s / 1s],		train_loss: 3.1857,	val_loss: 6.2545
38:	[0s / 1s],		train_loss: 3.2069,	val_loss: 6.2642
39:	[0s / 1s],		train_loss: 3.1983,	val_loss: 6.2795
40:	[0s / 1s],		train_loss: 3.2042,	val_loss: 6.2775
41:	[0s / 1s],		train_loss: 3.2117,	val_loss: 6.2624
42:	[0s / 1s],		train_loss: 3.2194,	val_loss: 6.2596
43:	[0s / 1s],		train_loss: 3.1964,	val_loss: 6.2816
44:	[0s / 1s],		train_loss: 3.2002,	val_loss: 6.2702
45:	[0s / 1s],		train_loss: 3.2100,	val_loss: 6.2574
C-index TRAIN: 0.9201
C-index TEST:  0.8070
0:	[0s / 0s],		train_loss: 3.5175,	val_loss: 6.3427
1:	[0s / 0s],		train_loss: 3.3088,	val_loss: 6.3032
2:	[0s / 0s],		train_loss: 3.2958,	val_loss: 6.3585
3:	[0s / 0s],		train_loss: 3.2575,	val_loss: 6.5066
4:	[0s / 0s],		train_loss: 3.2443,	val_loss: 6.9587
5:	[0s / 0s],		train_loss: 3.2481,	val_loss: 7.3583
6:	[0s / 0s],		train_loss: 3.2477,	val_loss: 7.4842
7:	[0s / 0s],		train_loss: 3.2373,	val_loss: 7.8942
8:	[0s / 0s],		train_loss: 3.2365,	val_loss: 7.8605
9:	[0s / 0s],		train_loss: 3.2477,	val_loss: 7.9644
10:	[0s / 0s],		train_loss: 3.2194,	val_loss: 7.8415
11:	[0s / 0s],		train_loss: 3.2168,	val_loss: 7.9356
12:	[0s / 0s],		train_loss: 3.2301,	val_loss: 7.8552
13:	[0s / 0s],		train_loss: 3.2329,	val_loss: 7.7549
14:	[0s / 0s],		train_loss: 3.2240,	val_loss: 8.1187
15:	[0s / 0s],		train_loss: 3.2170,	val_loss: 8.0454
16:	[0s / 0s],		train_loss: 3.2221,	val_loss: 7.8372
17:	[0s / 0s],		train_loss: 3.2003,	val_loss: 7.8871
18:	[0s / 1s],		train_loss: 3.2209,	val_loss: 8.1614
19:	[0s / 1s],		train_loss: 3.2190,	val_loss: 8.0236
20:	[0s / 1s],		train_loss: 3.2272,	val_loss: 7.9317
21:	[0s / 1s],		train_loss: 3.2226,	val_loss: 7.7058
C-index TRAIN: 0.9188
C-index TEST:  0.7889
  [ckpt] TABPFN RSF saved → checkpoints/tabpfn/OrmoniTirodei/NaN/seed77/fold3/tabpfn_rsf.pkl
C-index train: 0.9597
C-index test:  0.8031
  Fitting TABPFN Cox (embedding)...
C-index train: 0.9193
C-index test:  0.8021
X_train shape: (5162, 76), X_test shape: (1290, 76)
Generating TABPFN Embeddings...
Successfully generated embeddings with shape: (5162, 192)
0:	[0s / 0s],		train_loss: 3.5962,	val_loss: 6.2705
1:	[0s / 0s],		train_loss: 3.2652,	val_loss: 6.3241
2:	[0s / 0s],		train_loss: 3.2039,	val_loss: 6.3174
3:	[0s / 0s],		train_loss: 3.1997,	val_loss: 6.3277
4:	[0s / 0s],		train_loss: 3.1868,	val_loss: 6.3103
5:	[0s / 0s],		train_loss: 3.2201,	val_loss: 6.2865
6:	[0s / 0s],		train_loss: 3.2058,	val_loss: 6.2901
7:	[0s / 0s],		train_loss: 3.2022,	val_loss: 6.2810/scratch.hpc/luca.cotugno/Foundation_model_clinical_data/.venv/lib/python3.12/site-packages/sklearn/utils/validation.py:2684: UserWarning: X has feature names, but RandomSurvivalForest was fitted without feature names
  warnings.warn(
/scratch.hpc/luca.cotugno/Foundation_model_clinical_data/.venv/lib/python3.12/site-packages/sklearn/utils/validation.py:2684: UserWarning: X has feature names, but RandomSurvivalForest was fitted without feature names
  warnings.warn(
/scratch.hpc/luca.cotugno/Foundation_model_clinical_data/.venv/lib/python3.12/site-packages/sklearn/utils/validation.py:2684: UserWarning: X has feature names, but RandomSurvivalForest was fitted without feature names
  warnings.warn(
/scratch.hpc/luca.cotugno/Foundation_model_clinical_data/.venv/lib/python3.12/site-packages/sklearn/utils/validation.py:2684: UserWarning: X has feature names, but RandomSurvivalForest was fitted without feature names
  warnings.warn(
/scratch.hpc/luca.cotugno/Foundation_model_clinical_data/.venv/lib/python3.12/site-packages/sklearn/utils/validation.py:2684: UserWarning: X has feature names, but RandomSurvivalForest was fitted without feature names
  warnings.warn(
/scratch.hpc/luca.cotugno/Foundation_model_clinical_data/.venv/lib/python3.12/site-packages/sklearn/utils/validation.py:2684: UserWarning: X has feature names, but RandomSurvivalForest was fitted without feature names
  warnings.warn(
/scratch.hpc/luca.cotugno/Foundation_model_clinical_data/.venv/lib/python3.12/site-packages/sklearn/utils/validation.py:2684: UserWarning: X has feature names, but RandomSurvivalForest was fitted without feature names
  warnings.warn(
/scratch.hpc/luca.cotugno/Foundation_model_clinical_data/.venv/lib/python3.12/site-packages/sklearn/utils/validation.py:2684: UserWarning: X has feature names, but RandomSurvivalForest was fitted without feature names
  warnings.warn(
/scratch.hpc/luca.cotugno/Foundation_model_clinical_data/.venv/lib/python3.12/site-packages/pycox/models/cox.py:251: RuntimeWarning: overflow encountered in exp
  expg = np.exp(self.predict(input, batch_size, True, eval_, num_workers=num_workers)).reshape(1, -1)
/scratch.hpc/luca.cotugno/Foundation_model_clinical_data/.venv/lib/python3.12/site-packages/sklearn/utils/validation.py:2684: UserWarning: X has feature names, but RandomSurvivalForest was fitted without feature names
  warnings.warn(
/scratch.hpc/luca.cotugno/Foundation_model_clinical_data/.venv/lib/python3.12/site-packages/sklearn/utils/validation.py:2684: UserWarning: X has feature names, but RandomSurvivalForest was fitted without feature names
  warnings.warn(

8:	[0s / 0s],		train_loss: 3.2003,	val_loss: 6.2804
9:	[0s / 0s],		train_loss: 3.1929,	val_loss: 6.2678
10:	[0s / 0s],		train_loss: 3.1983,	val_loss: 6.2654
11:	[0s / 0s],		train_loss: 3.1972,	val_loss: 6.2630
12:	[0s / 0s],		train_loss: 3.1766,	val_loss: 6.2729
13:	[0s / 0s],		train_loss: 3.1698,	val_loss: 6.2589
14:	[0s / 0s],		train_loss: 3.1845,	val_loss: 6.2615
15:	[0s / 0s],		train_loss: 3.1813,	val_loss: 6.2674
16:	[0s / 0s],		train_loss: 3.1884,	val_loss: 6.2521
17:	[0s / 0s],		train_loss: 3.1706,	val_loss: 6.2500
18:	[0s / 0s],		train_loss: 3.1729,	val_loss: 6.2565
19:	[0s / 0s],		train_loss: 3.1677,	val_loss: 6.2560
20:	[0s / 0s],		train_loss: 3.1794,	val_loss: 6.2547
21:	[0s / 0s],		train_loss: 3.1701,	val_loss: 6.2441
22:	[0s / 0s],		train_loss: 3.1827,	val_loss: 6.2498
23:	[0s / 0s],		train_loss: 3.1686,	val_loss: 6.2450
24:	[0s / 0s],		train_loss: 3.1651,	val_loss: 6.2500
25:	[0s / 0s],		train_loss: 3.1882,	val_loss: 6.2517
26:	[0s / 0s],		train_loss: 3.1766,	val_loss: 6.2475
27:	[0s / 0s],		train_loss: 3.1700,	val_loss: 6.2453
28:	[0s / 1s],		train_loss: 3.1711,	val_loss: 6.2426
29:	[0s / 1s],		train_loss: 3.1580,	val_loss: 6.2492
30:	[0s / 1s],		train_loss: 3.1584,	val_loss: 6.2407
31:	[0s / 1s],		train_loss: 3.1457,	val_loss: 6.2423
32:	[0s / 1s],		train_loss: 3.1653,	val_loss: 6.2449
33:	[0s / 1s],		train_loss: 3.1781,	val_loss: 6.2494
34:	[0s / 1s],		train_loss: 3.1727,	val_loss: 6.2409
35:	[0s / 1s],		train_loss: 3.1630,	val_loss: 6.2404
36:	[0s / 1s],		train_loss: 3.1682,	val_loss: 6.2495
37:	[0s / 1s],		train_loss: 3.1728,	val_loss: 6.2492
38:	[0s / 1s],		train_loss: 3.1642,	val_loss: 6.2438
39:	[0s / 1s],		train_loss: 3.1853,	val_loss: 6.2543
40:	[0s / 1s],		train_loss: 3.1838,	val_loss: 6.2609
41:	[0s / 1s],		train_loss: 3.1711,	val_loss: 6.2374
42:	[0s / 1s],		train_loss: 3.1701,	val_loss: 6.2521
43:	[0s / 1s],		train_loss: 3.1545,	val_loss: 6.2425
44:	[0s / 1s],		train_loss: 3.1480,	val_loss: 6.2485
45:	[0s / 1s],		train_loss: 3.1519,	val_loss: 6.2535
46:	[0s / 1s],		train_loss: 3.1633,	val_loss: 6.2453
47:	[0s / 1s],		train_loss: 3.1530,	val_loss: 6.2517
48:	[0s / 1s],		train_loss: 3.1706,	val_loss: 6.2528
49:	[0s / 1s],		train_loss: 3.1540,	val_loss: 6.2487
50:	[0s / 1s],		train_loss: 3.1468,	val_loss: 6.2579
51:	[0s / 1s],		train_loss: 3.1381,	val_loss: 6.2505
52:	[0s / 1s],		train_loss: 3.1465,	val_loss: 6.2531
53:	[0s / 2s],		train_loss: 3.1404,	val_loss: 6.2428
54:	[0s / 2s],		train_loss: 3.1642,	val_loss: 6.2541
55:	[0s / 2s],		train_loss: 3.1659,	val_loss: 6.2555
56:	[0s / 2s],		train_loss: 3.1537,	val_loss: 6.2581
57:	[0s / 2s],		train_loss: 3.1553,	val_loss: 6.2606
58:	[0s / 2s],		train_loss: 3.1443,	val_loss: 6.2440
59:	[0s / 2s],		train_loss: 3.1751,	val_loss: 6.2492
60:	[0s / 2s],		train_loss: 3.1613,	val_loss: 6.2593
61:	[0s / 2s],		train_loss: 3.1434,	val_loss: 6.2484
C-index TRAIN: 0.9254
C-index TEST:  0.7782
0:	[0s / 0s],		train_loss: 3.5089,	val_loss: 6.2950
1:	[0s / 0s],		train_loss: 3.2862,	val_loss: 6.3589
2:	[0s / 0s],		train_loss: 3.2337,	val_loss: 6.5498
3:	[0s / 0s],		train_loss: 3.2625,	val_loss: 8.8052
4:	[0s / 0s],		train_loss: 3.2400,	val_loss: 16.7998
5:	[0s / 0s],		train_loss: 3.2298,	val_loss: 25.2830
6:	[0s / 0s],		train_loss: 3.2351,	val_loss: 30.8053
7:	[0s / 0s],		train_loss: 3.2193,	val_loss: 29.9511
8:	[0s / 0s],		train_loss: 3.2014,	val_loss: 31.5675
9:	[0s / 0s],		train_loss: 3.2169,	val_loss: 32.5766
10:	[0s / 0s],		train_loss: 3.1859,	val_loss: 32.9708
11:	[0s / 0s],		train_loss: 3.1859,	val_loss: 32.3790
12:	[0s / 0s],		train_loss: 3.1969,	val_loss: 31.5907
13:	[0s / 0s],		train_loss: 3.1773,	val_loss: 33.9857
14:	[0s / 0s],		train_loss: 3.2003,	val_loss: 36.4080
15:	[0s / 0s],		train_loss: 3.1725,	val_loss: 37.6774
16:	[0s / 0s],		train_loss: 3.1893,	val_loss: 37.2405
17:	[0s / 0s],		train_loss: 3.1602,	val_loss: 37.1399
18:	[0s / 0s],		train_loss: 3.1992,	val_loss: 39.0069
19:	[0s / 0s],		train_loss: 3.1829,	val_loss: 38.1460
20:	[0s / 1s],		train_loss: 3.2049,	val_loss: 42.3422
C-index TRAIN: 0.9179
C-index TEST:  0.7677
  [ckpt] TABPFN RSF saved → checkpoints/tabpfn/OrmoniTirodei/NaN/seed77/fold4/tabpfn_rsf.pkl
C-index train: 0.9617
C-index test:  0.7754
  Fitting TABPFN Cox (embedding)...
C-index train: 0.9229
C-index test:  0.7770
X_train shape: (5162, 76), X_test shape: (1290, 76)
Generating TABPFN Embeddings...
Successfully generated embeddings with shape: (5162, 192)
0:	[0s / 0s],		train_loss: 3.6505,	val_loss: 6.2578
1:	[0s / 0s],		train_loss: 3.2980,	val_loss: 6.3055
2:	[0s / 0s],		train_loss: 3.2286,	val_loss: 6.2968
3:	[0s / 0s],		train_loss: 3.2371,	val_loss: 6.3052
4:	[0s / 0s],		train_loss: 3.2385,	val_loss: 6.2992
5:	[0s / 0s],		train_loss: 3.2311,	val_loss: 6.2767
6:	[0s / 0s],		train_loss: 3.2316,	val_loss: 6.2708
7:	[0s / 0s],		train_loss: 3.2217,	val_loss: 6.2763
8:	[0s / 0s],		train_loss: 3.1914,	val_loss: 6.2744
9:	[0s / 0s],		train_loss: 3.1992,	val_loss: 6.2961
10:	[0s / 0s],		train_loss: 3.2010,	val_loss: 6.3008
11:	[0s / 0s],		train_loss: 3.2038,	val_loss: 6.2723
12:	[0s / 0s],		train_loss: 3.2173,	val_loss: 6.2903
13:	[0s / 0s],		train_loss: 3.1916,	val_loss: 6.2641
14:	[0s / 0s],		train_loss: 3.1966,	val_loss: 6.2720
15:	[0s / 0s],		train_loss: 3.1935,	val_loss: 6.2698
16:	[0s / 0s],		train_loss: 3.2055,	val_loss: 6.2768
17:	[0s / 0s],		train_loss: 3.1968,	val_loss: 6.2922
18:	[0s / 0s],		train_loss: 3.1836,	val_loss: 6.2826
19:	[0s / 0s],		train_loss: 3.2144,	val_loss: 6.2890
20:	[0s / 0s],		train_loss: 3.1934,	val_loss: 6.3154
C-index TRAIN: 0.8943
C-index TEST:  0.7926
0:	[0s / 0s],		train_loss: 3.5882,	val_loss: 6.2926
1:	[0s / 0s],		train_loss: 3.3192,	val_loss: 6.3955
2:	[0s / 0s],		train_loss: 3.3057,	val_loss: 6.4118
3:	[0s / 0s],		train_loss: 3.2439,	val_loss: 6.3907
4:	[0s / 0s],		train_loss: 3.2641,	val_loss: 6.8245
5:	[0s / 0s],		train_loss: 3.2532,	val_loss: 13.5123
6:	[0s / 0s],		train_loss: 3.2353,	val_loss: 10.7703
7:	[0s / 0s],		train_loss: 3.2575,	val_loss: 15.1623
8:	[0s / 0s],		train_loss: 3.2387,	val_loss: 16.2151
9:	[0s / 0s],		train_loss: 3.2406,	val_loss: 17.5129
10:	[0s / 0s],		train_loss: 3.2220,	val_loss: 17.0124
11:	[0s / 0s],		train_loss: 3.2158,	val_loss: 18.1557
12:	[0s / 0s],		train_loss: 3.1993,	val_loss: 21.5313
13:	[0s / 0s],		train_loss: 3.2345,	val_loss: 18.1304
14:	[0s / 0s],		train_loss: 3.2184,	val_loss: 14.8268
15:	[0s / 0s],		train_loss: 3.2009,	val_loss: 14.5218
16:	[0s / 0s],		train_loss: 3.2297,	val_loss: 14.4486
17:	[0s / 0s],		train_loss: 3.2044,	val_loss: 19.3583
18:	[0s / 0s],		train_loss: 3.2018,	val_loss: 26.1462
19:	[0s / 1s],		train_loss: 3.1920,	val_loss: 24.5117
20:	[0s / 1s],		train_loss: 3.2084,	val_loss: 21.9830
C-index TRAIN: 0.9147
C-index TEST:  0.7932
  [ckpt] TABPFN RSF saved → checkpoints/tabpfn/OrmoniTirodei/NaN/seed77/fold5/tabpfn_rsf.pkl
C-index train: 0.9622
C-index test:  0.7837
  Fitting TABPFN Cox (embedding)...
C-index train: 0.9188
C-index test:  0.7932

  Preprocess: -1 | Seed: 77
  TABPFN Train Vanilla → mean: 0.914085 | std: 0.003746 | min: 0.908023 | max: 0.919118
  TABPFN Test Vanilla → mean: 0.789157 | std: 0.011802 | min: 0.775044 | max: 0.806579
  TABPFN Train Simple → mean: 0.905379 | std: 0.012308 | min: 0.893070 | max: 0.923328
  TABPFN Test Simple → mean: 0.791556 | std: 0.009857 | min: 0.779227 | max: 0.805381
  TABPFN Train RSF → mean: 0.960669 | std: 0.000749 | min: 0.959706 | max: 0.961397
  TABPFN Test RSF → mean: 0.789091 | std: 0.014787 | min: 0.768895 | max: 0.806696
  TABPFN Train Cox → mean: 0.917461 | std: 0.001817 | min: 0.915550 | max: 0.920726
  TABPFN Test Cox → mean: 0.775732 | std: 0.017820 | min: 0.751240 | max: 0.805619
  Train DeepSurv Vanilla → mean: 0.807447 | std: 0.004431 | min: 0.801849 | max: 0.812572
  Test DeepSurv Vanilla → mean: 0.789663 | std: 0.010191 | min: 0.777059 | max: 0.803755
  Train DeepSurv Simple → mean: 0.787120 | std: 0.005568 | min: 0.779169 | max: 0.794429
  Test DeepSurv Simple → mean: 0.777448 | std: 0.016581 | min: 0.758826 | max: 0.801952
  Train RSF  → mean: 0.908116 | std: 0.002443 | min: 0.905242 | max: 0.912100
  Test RSF   → mean: 0.796860 | std: 0.008740 | min: 0.783351 | max: 0.808696
  Train Cox  → mean: 0.800737 | std: 0.002377 | min: 0.797973 | max: 0.804055
  Test Cox   → mean: 0.793828 | std: 0.010610 | min: 0.779231 | max: 0.806035

  Preprocess: NaN | Seed: 77
  TABPFN Train Vanilla → mean: 0.917392 | std: 0.001786 | min: 0.914720 | max: 0.919551
  TABPFN Test Vanilla → mean: 0.788236 | std: 0.013460 | min: 0.767670 | max: 0.808856
  TABPFN Train Simple → mean: 0.915920 | std: 0.011019 | min: 0.894286 | max: 0.925389
  TABPFN Test Simple → mean: 0.795524 | std: 0.012180 | min: 0.778245 | max: 0.811396
  TABPFN Train RSF → mean: 0.960985 | std: 0.000890 | min: 0.959710 | max: 0.962152
  TABPFN Test RSF → mean: 0.787795 | std: 0.010016 | min: 0.775437 | max: 0.803140
  TABPFN Train Cox → mean: 0.919741 | std: 0.001708 | min: 0.917813 | max: 0.922856
  TABPFN Test Cox → mean: 0.793544 | std: 0.011680 | min: 0.777000 | max: 0.809961
Result saved in 'results/OrmoniTirodei/tabpfn/results_cv_OrmoniTirodei_tabpfn_seed77.txt'


Preprocess: Replace NaN with -1
Loading existing folds from tmp/splits/HURRAH_seed77.pkl
X_train shape: (13566, 61), X_test shape: (3392, 61)
Generating TABPFN Embeddings...
Successfully generated embeddings with shape: (13566, 192)
0:	[0s / 0s],		train_loss: 2.9210,	val_loss: 7.1216
1:	[0s / 0s],		train_loss: 2.6941,	val_loss: 7.1304
2:	[0s / 0s],		train_loss: 2.6725,	val_loss: 7.1429
3:	[0s / 0s],		train_loss: 2.6737,	val_loss: 7.1144
4:	[0s / 0s],		train_loss: 2.6569,	val_loss: 7.0943
5:	[0s / 0s],		train_loss: 2.6520,	val_loss: 7.1879
6:	[0s / 0s],		train_loss: 2.6351,	val_loss: 7.1798
7:	[0s / 0s],		train_loss: 2.6254,	val_loss: 7.1521
8:	[0s / 0s],		train_loss: 2.6226,	val_loss: 7.1529
9:	[0s / 0s],		train_loss: 2.6253,	val_loss: 7.1938
10:	[0s / 0s],		train_loss: 2.6137,	val_loss: 7.1581
11:	[0s / 1s],		train_loss: 2.6228,	val_loss: 7.1398
12:	[0s / 1s],		train_loss: 2.6072,	val_loss: 7.1636
13:	[0s / 1s],		train_loss: 2.6041,	val_loss: 7.1633
14:	[0s / 1s],		train_loss: 2.6135,	val_loss: 7.1498
15:	[0s / 1s],		train_loss: 2.6099,	val_loss: 7.1464
16:	[0s / 1s],		train_loss: 2.6074,	val_loss: 7.1646
17:	[0s / 1s],		train_loss: 2.6101,	val_loss: 7.1719
18:	[0s / 1s],		train_loss: 2.6055,	val_loss: 7.2100
19:	[0s / 1s],		train_loss: 2.6080,	val_loss: 7.1889
20:	[0s / 1s],		train_loss: 2.5969,	val_loss: 7.1576
21:	[0s / 1s],		train_loss: 2.6083,	val_loss: 7.2323
22:	[0s / 1s],		train_loss: 2.6099,	val_loss: 7.1947
23:	[0s / 1s],		train_loss: 2.6059,	val_loss: 7.2173
24:	[0s / 2s],		train_loss: 2.5995,	val_loss: 7.2314
C-index TRAIN: 0.9602
C-index TEST:  0.8481
0:	[0s / 0s],		train_loss: 2.9890,	val_loss: 7.0980
1:	[0s / 0s],		train_loss: 2.7576,	val_loss: 10.0825
2:	[0s / 0s],		train_loss: 2.7278,	val_loss: 12.5751
3:	[0s / 0s],		train_loss: 2.7095,	val_loss: 15.6495
4:	[0s / 0s],		train_loss: 2.6920,	val_loss: 14.4994
5:	[0s / 0s],		train_loss: 2.6656,	val_loss: 16.2954
6:	[0s / 0s],		train_loss: 2.6571,	val_loss: 15.7685
7:	[0s / 1s],		train_loss: 2.6608,	val_loss: 15.0502
8:	[0s / 1s],		train_loss: 2.6421,	val_loss: 15.0113
9:	[0s / 1s],		train_loss: 2.6436,	val_loss: 15.4627
10:	[0s / 1s],		train_loss: 2.6399,	val_loss: 16.2706
11:	[0s / 1s],		train_loss: 2.6307,	val_loss: 16.0937
12:	[0s / 1s],		train_loss: 2.6369,	val_loss: 15.6476
13:	[0s / 1s],		train_loss: 2.6191,	val_loss: 16.3642
14:	[0s / 1s],		train_loss: 2.6197,	val_loss: 18.5798
15:	[0s / 1s],		train_loss: 2.5839,	val_loss: 32.6961
16:	[0s / 2s],		train_loss: 2.6048,	val_loss: 38.4785
17:	[0s / 2s],		train_loss: 2.5698,	val_loss: 37.4460
18:	[0s / 2s],		train_loss: 2.5733,	val_loss: 36.2411
19:	[0s / 2s],		train_loss: 2.6340,	val_loss: 34.8270
20:	[0s / 2s],		train_loss: 2.5831,	val_loss: 34.0477
C-index TRAIN: 0.9549
C-index TEST:  0.8369
  [ckpt] TABPFN RSF saved → checkpoints/tabpfn/HURRAH/-1/seed77/fold1/tabpfn_rsf.pkl
C-index train: 0.9807
C-index test:  0.8466
  Fitting TABPFN Cox (embedding)...
C-index train: 0.9561
C-index test:  0.8474
0:	[0s / 0s],		train_loss: 4.6849,	val_loss: 7.2370
1:	[0s / 0s],		train_loss: 4.4517,	val_loss: 7.1062
2:	[0s / 0s],		train_loss: 4.4125,	val_loss: 11.2958
3:	[0s / 0s],		train_loss: 4.3821,	val_loss: 22.1110
4:	[0s / 0s],		train_loss: 4.3791,	val_loss: 7.1325
5:	[0s / 0s],		train_loss: 4.3326,	val_loss: 7.1025
6:	[0s / 0s],		train_loss: 4.3267,	val_loss: 7.0389
7:	[0s / 0s],		train_loss: 4.3335,	val_loss: 7.0790
8:	[0s / 1s],		train_loss: 4.3084,	val_loss: 7.0947
9:	[0s / 1s],		train_loss: 4.3116,	val_loss: 7.0212
10:	[0s / 1s],		train_loss: 4.3033,	val_loss: 7.0841
11:	[0s / 1s],		train_loss: 4.2949,	val_loss: 7.0978
12:	[0s / 1s],		train_loss: 4.2998,	val_loss: 7.0388
13:	[0s / 1s],		train_loss: 4.2948,	val_loss: 7.0553
14:	[0s / 1s],		train_loss: 4.2864,	val_loss: 7.0459
15:	[0s / 1s],		train_loss: 4.2761,	val_loss: 7.0380
16:	[0s / 1s],		train_loss: 4.2891,	val_loss: 7.0219
17:	[0s / 2s],		train_loss: 4.2756,	val_loss: 7.0381
18:	[0s / 2s],		train_loss: 4.2711,	val_loss: 7.0221
19:	[0s / 2s],		train_loss: 4.2613,	val_loss: 7.0646
20:	[0s / 2s],		train_loss: 4.2647,	val_loss: 7.1254
21:	[0s / 2s],		train_loss: 4.2525,	val_loss: 7.0720
22:	[0s / 2s],		train_loss: 4.2488,	val_loss: 7.0734
23:	[0s / 2s],		train_loss: 4.2531,	val_loss: 7.0273
24:	[0s / 2s],		train_loss: 4.2606,	val_loss: 7.0109
25:	[0s / 3s],		train_loss: 4.2555,	val_loss: 6.9896
26:	[0s / 3s],		train_loss: 4.2434,	val_loss: 7.0159
27:	[0s / 3s],		train_loss: 4.2492,	val_loss: 7.0317
28:	[0s / 3s],		train_loss: 4.2509,	val_loss: 7.2158
29:	[0s / 3s],		train_loss: 4.2617,	val_loss: 7.1265
30:	[0s / 3s],		train_loss: 4.2594,	val_loss: 7.1341
31:	[0s / 3s],		train_loss: 4.2524,	val_loss: 7.0903
32:	[0s / 3s],		train_loss: 4.2549,	val_loss: 7.0919
33:	[0s / 3s],		train_loss: 4.2457,	val_loss: 7.0172
34:	[0s / 4s],		train_loss: 4.2437,	val_loss: 7.0961
35:	[0s / 4s],		train_loss: 4.2341,	val_loss: 7.1870
36:	[0s / 4s],		train_loss: 4.2410,	val_loss: 7.0087
37:	[0s / 4s],		train_loss: 4.2255,	val_loss: 7.0438
38:	[0s / 4s],		train_loss: 4.2341,	val_loss: 7.0569
39:	[0s / 4s],		train_loss: 4.2192,	val_loss: 7.3189
40:	[0s / 4s],		train_loss: 4.2284,	val_loss: 7.0061
41:	[0s / 4s],		train_loss: 4.2387,	val_loss: 7.1474
42:	[0s / 5s],		train_loss: 4.2348,	val_loss: 7.0933
43:	[0s / 5s],		train_loss: 4.2273,	val_loss: 7.2172
44:	[0s / 5s],		train_loss: 4.2335,	val_loss: 7.0045
45:	[0s / 5s],		train_loss: 4.2366,	val_loss: 8.1925
C-index TRAIN: 0.8520
C-index TEST:  0.8500
0:	[0s / 0s],		train_loss: 11.2557,	val_loss: 7.7823
1:	[0s / 0s],		train_loss: 4.4752,	val_loss: 7.1776
2:	[0s / 0s],		train_loss: 4.3553,	val_loss: 7.0847
3:	[0s / 0s],		train_loss: 4.3940,	val_loss: 7.0668
4:	[0s / 0s],		train_loss: 4.4498,	val_loss: 7.1149
5:	[0s / 0s],		train_loss: 4.3864,	val_loss: 7.0495
6:	[0s / 0s],		train_loss: 4.3728,	val_loss: 7.1170
7:	[0s / 0s],		train_loss: 4.3861,	val_loss: 7.1385
8:	[0s / 0s],		train_loss: 4.3477,	val_loss: 7.1463
9:	[0s / 0s],		train_loss: 4.4107,	val_loss: 7.1056
10:	[0s / 0s],		train_loss: 4.4040,	val_loss: 7.0971
11:	[0s / 0s],		train_loss: 4.3935,	val_loss: 7.1137
12:	[0s / 1s],		train_loss: 4.4076,	val_loss: 7.1438
13:	[0s / 1s],		train_loss: 4.4219,	val_loss: 7.1645
14:	[0s / 1s],		train_loss: 4.4130,	val_loss: 7.1955
15:	[0s / 1s],		train_loss: 4.4189,	val_loss: 7.1401
16:	[0s / 1s],		train_loss: 4.3837,	val_loss: 7.1336
17:	[0s / 1s],		train_loss: 4.3872,	val_loss: 7.2782
18:	[0s / 1s],		train_loss: 4.4884,	val_loss: 7.1820
19:	[0s / 1s],		train_loss: 4.4663,	val_loss: 7.1292
20:	[0s / 1s],		train_loss: 4.3769,	val_loss: 7.1087
21:	[0s / 1s],		train_loss: 4.3972,	val_loss: 7.1054
22:	[0s / 1s],		train_loss: 4.3931,	val_loss: 7.1328
23:	[0s / 1s],		train_loss: 4.4237,	val_loss: 7.2144
24:	[0s / 1s],		train_loss: 4.3853,	val_loss: 7.1289
25:	[0s / 2s],		train_loss: 4.3864,	val_loss: 7.2186
C-index TRAIN: 0.8336
C-index TEST:  0.8362
  [ckpt] RSF baseline saved → checkpoints/tabpfn/HURRAH/-1/seed77/fold1/rsf_baseline.pkl
C-index train: 0.9406
C-index test:  0.8556
  Fitting Cox baseline...
C-index train: 0.8281
C-index test:  0.8244
X_train shape: (13566, 61), X_test shape: (3392, 61)
Generating TABPFN Embeddings...
Successfully generated embeddings with shape: (13566, 192)
0:	[0s / 0s],		train_loss: 2.9242,	val_loss: 7.1119
1:	[0s / 0s],		train_loss: 2.6721,	val_loss: 7.1294
2:	[0s / 0s],		train_loss: 2.6456,	val_loss: 7.0804
3:	[0s / 0s],		train_loss: 2.6339,	val_loss: 7.1716
4:	[0s / 0s],		train_loss: 2.6341,	val_loss: 7.1857
5:	[0s / 0s],		train_loss: 2.6043,	val_loss: 7.1414
6:	[0s / 0s],		train_loss: 2.6124,	val_loss: 7.1336
7:	[0s / 0s],		train_loss: 2.6050,	val_loss: 7.1206
8:	[0s / 0s],		train_loss: 2.5993,	val_loss: 7.0941
9:	[0s / 0s],		train_loss: 2.5967,	val_loss: 7.1215
10:	[0s / 0s],		train_loss: 2.5994,	val_loss: 7.1722
11:	[0s / 0s],		train_loss: 2.5916,	val_loss: 7.1517
12:	[0s / 1s],		train_loss: 2.5971,	val_loss: 7.1133
13:	[0s / 1s],		train_loss: 2.5878,	val_loss: 7.1355
14:	[0s / 1s],		train_loss: 2.5800,	val_loss: 7.0807
15:	[0s / 1s],		train_loss: 2.5911,	val_loss: 7.0963
16:	[0s / 1s],		train_loss: 2.5949,	val_loss: 7.1227
17:	[0s / 1s],		train_loss: 2.5763,	val_loss: 7.1714
18:	[0s / 1s],		train_loss: 2.5851,	val_loss: 7.1584
19:	[0s / 1s],		train_loss: 2.5774,	val_loss: 7.1737
20:	[0s / 1s],		train_loss: 2.5715,	val_loss: 7.1379
21:	[0s / 1s],		train_loss: 2.5682,	val_loss: 7.1723
22:	[0s / 1s],		train_loss: 2.5697,	val_loss: 7.1815
C-index TRAIN: 0.9592
C-index TEST:  0.8476
0:	[0s / 0s],		train_loss: 2.9789,	val_loss: 7.0875
1:	[0s / 0s],		train_loss: 2.7325,	val_loss: 11.6792
2:	[0s / 0s],		train_loss: 2.6917,	val_loss: 23.0725
3:	[0s / 0s],		train_loss: 2.6790,	val_loss: 19.4549
4:	[0s / 0s],		train_loss: 2.6583,	val_loss: 132.6470
5:	[0s / 0s],		train_loss: 2.6528,	val_loss: 402.2658
6:	[0s / 0s],		train_loss: 2.6316,	val_loss: 315.9998
7:	[0s / 0s],		train_loss: 2.6325,	val_loss: 85.7618
8:	[0s / 1s],		train_loss: 2.5834,	val_loss: 101.2102
9:	[0s / 1s],		train_loss: 2.5640,	val_loss: 44.3875
10:	[0s / 1s],		train_loss: 2.5446,	val_loss: 54.4406
11:	[0s / 1s],		train_loss: 2.5571,	val_loss: 72.4188
12:	[0s / 1s],		train_loss: 2.5883,	val_loss: 107.3619
13:	[0s / 1s],		train_loss: 2.5478,	val_loss: 37.3351
14:	[0s / 1s],		train_loss: 2.5346,	val_loss: 49.3161
15:	[0s / 1s],		train_loss: 2.5402,	val_loss: 16.6496
16:	[0s / 2s],		train_loss: 2.5643,	val_loss: 8.1123
17:	[0s / 2s],		train_loss: 2.5371,	val_loss: 19.6393
18:	[0s / 2s],		train_loss: 2.5204,	val_loss: 40.4979
19:	[0s / 2s],		train_loss: 2.5441,	val_loss: 18.7339
20:	[0s / 2s],		train_loss: 2.5317,	val_loss: 20.8679
C-index TRAIN: 0.9554
C-index TEST:  0.8446
  [ckpt] TABPFN RSF saved → checkpoints/tabpfn/HURRAH/-1/seed77/fold2/tabpfn_rsf.pkl
C-index train: 0.9807
C-index test:  0.8395
  Fitting TABPFN Cox (embedding)...
C-index train: 0.9584
C-index test:  0.8471
0:	[0s / 0s],		train_loss: 4.7128,	val_loss: 7.2338
1:	[0s / 0s],		train_loss: 4.4443,	val_loss: 7.1510
2:	[0s / 0s],		train_loss: 4.3991,	val_loss: 7.0755
3:	[0s / 0s],		train_loss: 4.3720,	val_loss: 7.0797
4:	[0s / 0s],		train_loss: 4.3506,	val_loss: 7.1517
5:	[0s / 0s],		train_loss: 4.3272,	val_loss: 7.0391
6:	[0s / 0s],		train_loss: 4.3026,	val_loss: 7.0282
7:	[0s / 0s],		train_loss: 4.3079,	val_loss: 7.0487
8:	[0s / 1s],		train_loss: 4.3042,	val_loss: 7.0389
9:	[0s / 1s],		train_loss: 4.2801,	val_loss: 7.0357
10:	[0s / 1s],		train_loss: 4.2931,	val_loss: 7.0611
11:	[0s / 1s],		train_loss: 4.2664,	val_loss: 7.0291
12:	[0s / 1s],		train_loss: 4.2856,	val_loss: 7.0755
13:	[0s / 1s],		train_loss: 4.2851,	val_loss: 7.0129
14:	[0s / 1s],		train_loss: 4.2671,	val_loss: 7.0195
15:	[0s / 1s],		train_loss: 4.2436,	val_loss: 7.0109
16:	[0s / 1s],		train_loss: 4.2380,	val_loss: 7.0182
17:	[0s / 2s],		train_loss: 4.2644,	val_loss: 7.0154
18:	[0s / 2s],		train_loss: 4.2560,	val_loss: 7.0097
19:	[0s / 2s],		train_loss: 4.2190,	val_loss: 7.0981
20:	[0s / 2s],		train_loss: 4.2466,	val_loss: 7.0598
21:	[0s / 2s],		train_loss: 4.2378,	val_loss: 7.0356
22:	[0s / 2s],		train_loss: 4.2509,	val_loss: 7.0553
23:	[0s / 2s],		train_loss: 4.2392,	val_loss: 7.0117
24:	[0s / 2s],		train_loss: 4.2413,	val_loss: 7.0312
25:	[0s / 3s],		train_loss: 4.2453,	val_loss: 6.9904
26:	[0s / 3s],		train_loss: 4.2408,	val_loss: 7.0234
27:	[0s / 3s],		train_loss: 4.2398,	val_loss: 7.0501
28:	[0s / 3s],		train_loss: 4.2279,	val_loss: 6.9970
29:	[0s / 3s],		train_loss: 4.2320,	val_loss: 7.0178
30:	[0s / 3s],		train_loss: 4.2178,	val_loss: 6.9943
31:	[0s / 3s],		train_loss: 4.2126,	val_loss: 7.0062
32:	[0s / 3s],		train_loss: 4.2210,	val_loss: 6.9737
33:	[0s / 3s],		train_loss: 4.2200,	val_loss: 7.0053
34:	[0s / 4s],		train_loss: 4.2062,	val_loss: 7.0132
35:	[0s / 4s],		train_loss: 4.2093,	val_loss: 6.9879
36:	[0s / 4s],		train_loss: 4.2084,	val_loss: 7.0049
37:	[0s / 4s],		train_loss: 4.2127,	val_loss: 7.0143
38:	[0s / 4s],		train_loss: 4.2203,	val_loss: 7.0816
39:	[0s / 4s],		train_loss: 4.2202,	val_loss: 6.9729
40:	[0s / 4s],		train_loss: 4.2241,	val_loss: 6.9832
41:	[0s / 4s],		train_loss: 4.2210,	val_loss: 7.0071
42:	[0s / 5s],		train_loss: 4.2116,	val_loss: 7.0146
43:	[0s / 5s],		train_loss: 4.2203,	val_loss: 7.0043
44:	[0s / 5s],		train_loss: 4.2079,	val_loss: 6.9986
45:	[0s / 5s],		train_loss: 4.2079,	val_loss: 7.0288
46:	[0s / 5s],		train_loss: 4.2002,	val_loss: 6.9927
47:	[0s / 5s],		train_loss: 4.2136,	val_loss: 6.9708
48:	[0s / 5s],		train_loss: 4.1950,	val_loss: 7.0038
49:	[0s / 5s],		train_loss: 4.2132,	val_loss: 6.9923
50:	[0s / 5s],		train_loss: 4.2002,	val_loss: 7.0273
51:	[0s / 6s],		train_loss: 4.1821,	val_loss: 6.9936
52:	[0s / 6s],		train_loss: 4.1976,	val_loss: 6.9836
53:	[0s / 6s],		train_loss: 4.1986,	val_loss: 6.9973
54:	[0s / 6s],		train_loss: 4.1896,	val_loss: 6.9910
55:	[0s / 6s],		train_loss: 4.1817,	val_loss: 7.0216
56:	[0s / 6s],		train_loss: 4.2034,	val_loss: 6.9904
57:	[0s / 6s],		train_loss: 4.1927,	val_loss: 7.0211
58:	[0s / 6s],		train_loss: 4.1853,	val_loss: 7.0182
59:	[0s / 6s],		train_loss: 4.1924,	val_loss: 6.9777
60:	[0s / 7s],		train_loss: 4.1873,	val_loss: 7.0309
61:	[0s / 7s],		train_loss: 4.1953,	val_loss: 7.0571
62:	[0s / 7s],		train_loss: 4.1981,	val_loss: 7.0541
63:	[0s / 7s],		train_loss: 4.1934,	val_loss: 7.1823
64:	[0s / 7s],		train_loss: 4.1963,	val_loss: 6.9620
65:	[0s / 7s],		train_loss: 4.1924,	val_loss: 6.9784
66:	[0s / 7s],		train_loss: 4.1866,	val_loss: 6.9900
67:	[0s / 7s],		train_loss: 4.1831,	val_loss: 7.0040
68:	[0s / 8s],		train_loss: 4.1754,	val_loss: 6.9959
69:	[0s / 8s],		train_loss: 4.1834,	val_loss: 6.9992
70:	[0s / 8s],		train_loss: 4.1888,	val_loss: 7.0405
71:	[0s / 8s],		train_loss: 4.1850,	val_loss: 7.0663
72:	[0s / 8s],		train_loss: 4.1773,	val_loss: 6.9890
73:	[0s / 8s],		train_loss: 4.1867,	val_loss: 7.0172
74:	[0s / 8s],		train_loss: 4.1828,	val_loss: 6.9890
75:	[0s / 8s],		train_loss: 4.1755,	val_loss: 7.0054
76:	[0s / 8s],		train_loss: 4.1883,	val_loss: 6.9857
77:	[0s / 9s],		train_loss: 4.1859,	val_loss: 7.0300
78:	[0s / 9s],		train_loss: 4.1859,	val_loss: 6.9887
79:	[0s / 9s],		train_loss: 4.1767,	val_loss: 6.9956
80:	[0s / 9s],		train_loss: 4.1914,	val_loss: 6.9685
81:	[0s / 9s],		train_loss: 4.1623,	val_loss: 6.9846
82:	[0s / 9s],		train_loss: 4.1771,	val_loss: 6.9725
83:	[0s / 9s],		train_loss: 4.1895,	val_loss: 6.9951
84:	[0s / 9s],		train_loss: 4.1777,	val_loss: 6.9831
C-index TRAIN: 0.8614
C-index TEST:  0.8479
0:	[0s / 0s],		train_loss: 12.1515,	val_loss: 7.4003
1:	[0s / 0s],		train_loss: 4.4549,	val_loss: 7.0939
2:	[0s / 0s],		train_loss: 4.3993,	val_loss: 7.1242
3:	[0s / 0s],		train_loss: 4.3721,	val_loss: 7.1350
4:	[0s / 0s],		train_loss: 4.3784,	val_loss: 7.2459
5:	[0s / 0s],		train_loss: 4.3725,	val_loss: 7.0395
6:	[0s / 0s],		train_loss: 4.3578,	val_loss: 7.0999
7:	[0s / 0s],		train_loss: 4.3737,	val_loss: 7.1792
8:	[0s / 0s],		train_loss: 4.4215,	val_loss: 7.0674
9:	[0s / 0s],		train_loss: 4.3835,	val_loss: 7.1773
10:	[0s / 0s],		train_loss: 4.3926,	val_loss: 7.1658
11:	[0s / 0s],		train_loss: 4.4112,	val_loss: 7.1365
12:	[0s / 1s],		train_loss: 4.3776,	val_loss: 7.1223
13:	[0s / 1s],		train_loss: 4.4271,	val_loss: 7.0786
14:	[0s / 1s],		train_loss: 4.3863,	val_loss: 7.3197
15:	[0s / 1s],		train_loss: 4.4779,	val_loss: 7.1243
16:	[0s / 1s],		train_loss: 4.3646,	val_loss: 7.2096
17:	[0s / 1s],		train_loss: 4.4713,	val_loss: 7.1721
18:	[0s / 1s],		train_loss: 4.4818,	val_loss: 7.1030
19:	[0s / 1s],		train_loss: 4.3631,	val_loss: 7.1277
20:	[0s / 1s],		train_loss: 4.3532,	val_loss: 7.0931
21:	[0s / 1s],		train_loss: 4.4105,	val_loss: 7.1021
22:	[0s / 1s],		train_loss: 4.4271,	val_loss: 7.1144
23:	[0s / 1s],		train_loss: 4.4025,	val_loss: 7.1500
24:	[0s / 2s],		train_loss: 4.3933,	val_loss: 7.1321
25:	[0s / 2s],		train_loss: 4.4218,	val_loss: 7.2028
C-index TRAIN: 0.8363
C-index TEST:  0.8403
  [ckpt] RSF baseline saved → checkpoints/tabpfn/HURRAH/-1/seed77/fold2/rsf_baseline.pkl
C-index train: 0.9420
C-index test:  0.8430
  Fitting Cox baseline...
C-index train: 0.8272
C-index test:  0.8290
X_train shape: (13566, 61), X_test shape: (3392, 61)
Generating TABPFN Embeddings...
Successfully generated embeddings with shape: (13566, 192)
0:	[0s / 0s],		train_loss: 2.9793,	val_loss: 7.1163
1:	[0s / 0s],		train_loss: 2.6960,	val_loss: 7.1217
2:	[0s / 0s],		train_loss: 2.6766,	val_loss: 7.2328
3:	[0s / 0s],		train_loss: 2.6561,	val_loss: 7.1172
4:	[0s / 0s],		train_loss: 2.6487,	val_loss: 7.1717
5:	[0s / 0s],		train_loss: 2.6424,	val_loss: 7.1217
6:	[0s / 0s],		train_loss: 2.6302,	val_loss: 7.1695
7:	[0s / 0s],		train_loss: 2.6343,	val_loss: 7.1476
8:	[0s / 0s],		train_loss: 2.6165,	val_loss: 7.1091
9:	[0s / 0s],		train_loss: 2.6397,	val_loss: 7.0933
10:	[0s / 0s],		train_loss: 2.6350,	val_loss: 7.1716
11:	[0s / 1s],		train_loss: 2.6116,	val_loss: 7.1260
12:	[0s / 1s],		train_loss: 2.6105,	val_loss: 7.0898
13:	[0s / 1s],		train_loss: 2.6203,	val_loss: 7.1225
14:	[0s / 1s],		train_loss: 2.6055,	val_loss: 7.1328
15:	[0s / 1s],		train_loss: 2.6100,	val_loss: 7.1009
16:	[0s / 1s],		train_loss: 2.6247,	val_loss: 7.0798
17:	[0s / 1s],		train_loss: 2.5993,	val_loss: 7.0667
18:	[0s / 1s],		train_loss: 2.5970,	val_loss: 7.0926
19:	[0s / 1s],		train_loss: 2.5913,	val_loss: 7.0850
20:	[0s / 1s],		train_loss: 2.5989,	val_loss: 7.0811
21:	[0s / 1s],		train_loss: 2.6034,	val_loss: 7.0775
22:	[0s / 1s],		train_loss: 2.5996,	val_loss: 7.1119
23:	[0s / 1s],		train_loss: 2.6024,	val_loss: 7.1087
24:	[0s / 2s],		train_loss: 2.5979,	val_loss: 7.1174
25:	[0s / 2s],		train_loss: 2.5904,	val_loss: 7.0984
26:	[0s / 2s],		train_loss: 2.5968,	val_loss: 7.1543
27:	[0s / 2s],		train_loss: 2.5943,	val_loss: 7.1346
28:	[0s / 2s],		train_loss: 2.5748,	val_loss: 7.1781
29:	[0s / 2s],		train_loss: 2.5924,	val_loss: 7.1464
30:	[0s / 2s],		train_loss: 2.5763,	val_loss: 7.1028
31:	[0s / 2s],		train_loss: 2.5974,	val_loss: 7.1646
32:	[0s / 2s],		train_loss: 2.5768,	val_loss: 7.1502
33:	[0s / 2s],		train_loss: 2.5747,	val_loss: 7.1968
34:	[0s / 2s],		train_loss: 2.5853,	val_loss: 7.2268
35:	[0s / 2s],		train_loss: 2.5888,	val_loss: 7.2183
36:	[0s / 3s],		train_loss: 2.5851,	val_loss: 7.2762
37:	[0s / 3s],		train_loss: 2.5743,	val_loss: 7.1903
C-index TRAIN: 0.9605
C-index TEST:  0.8427
0:	[0s / 0s],		train_loss: 2.9240,	val_loss: 7.2218
1:	[0s / 0s],		train_loss: 2.7364,	val_loss: 8.2281
2:	[0s / 0s],		train_loss: 2.6869,	val_loss: 9.1459
3:	[0s / 0s],		train_loss: 2.6801,	val_loss: 11.1476
4:	[0s / 0s],		train_loss: 2.6529,	val_loss: 10.7126
5:	[0s / 0s],		train_loss: 2.6527,	val_loss: 9.6773
6:	[0s / 0s],		train_loss: 2.6509,	val_loss: 21.5731
7:	[0s / 0s],		train_loss: 2.6442,	val_loss: 10.3372
8:	[0s / 1s],		train_loss: 2.6346,	val_loss: 9.2814
9:	[0s / 1s],		train_loss: 2.6157,	val_loss: 11.0539
10:	[0s / 1s],		train_loss: 2.6282,	val_loss: 11.6993
11:	[0s / 1s],		train_loss: 2.6162,	val_loss: 10.6306
12:	[0s / 1s],		train_loss: 2.6185,	val_loss: 10.6630
13:	[0s / 1s],		train_loss: 2.6217,	val_loss: 10.4777
14:	[0s / 1s],		train_loss: 2.6189,	val_loss: 11.6151
15:	[0s / 1s],		train_loss: 2.5942,	val_loss: 12.7540
16:	[0s / 2s],		train_loss: 2.6278,	val_loss: 12.9150
17:	[0s / 2s],		train_loss: 2.6052,	val_loss: 10.6200
18:	[0s / 2s],		train_loss: 2.6094,	val_loss: 12.6123
19:	[0s / 2s],		train_loss: 2.6077,	val_loss: 12.6773
20:	[0s / 2s],		train_loss: 2.5749,	val_loss: 60.1851
C-index TRAIN: 0.9572
C-index TEST:  0.8355
  [ckpt] TABPFN RSF saved → checkpoints/tabpfn/HURRAH/-1/seed77/fold3/tabpfn_rsf.pkl
C-index train: 0.9810
C-index test:  0.8055
  Fitting TABPFN Cox (embedding)...
C-index train: 0.9571
C-index test:  0.8355
0:	[0s / 0s],		train_loss: 4.6940,	val_loss: 7.2032
1:	[0s / 0s],		train_loss: 4.4499,	val_loss: 7.1685
2:	[0s / 0s],		train_loss: 4.3858,	val_loss: 7.2966
3:	[0s / 0s],		train_loss: 4.3544,	val_loss: 7.2286
4:	[0s / 0s],		train_loss: 4.3304,	val_loss: 7.1452
5:	[0s / 0s],		train_loss: 4.3187,	val_loss: 7.1380
6:	[0s / 0s],		train_loss: 4.3353,	val_loss: 7.2186
7:	[0s / 0s],		train_loss: 4.3131,	val_loss: 7.4959
8:	[0s / 1s],		train_loss: 4.2923,	val_loss: 7.1844
9:	[0s / 1s],		train_loss: 4.3110,	val_loss: 7.1305
10:	[0s / 1s],		train_loss: 4.2852,	val_loss: 7.6176
11:	[0s / 1s],		train_loss: 4.2960,	val_loss: 7.3628
12:	[0s / 1s],		train_loss: 4.2799,	val_loss: 7.3334
13:	[0s / 1s],		train_loss: 4.3046,	val_loss: 7.0815
14:	[0s / 1s],		train_loss: 4.2779,	val_loss: 7.2562
15:	[0s / 1s],		train_loss: 4.2670,	val_loss: 7.6276
16:	[0s / 1s],		train_loss: 4.2580,	val_loss: 7.1540
17:	[0s / 2s],		train_loss: 4.2617,	val_loss: 7.3472
18:	[0s / 2s],		train_loss: 4.2730,	val_loss: 7.6535
19:	[0s / 2s],		train_loss: 4.2568,	val_loss: 7.3528
20:	[0s / 2s],		train_loss: 4.2666,	val_loss: 11.8005
21:	[0s / 2s],		train_loss: 4.2700,	val_loss: 7.1971
22:	[0s / 2s],		train_loss: 4.2430,	val_loss: 7.1493
23:	[0s / 2s],		train_loss: 4.2656,	val_loss: 7.2369
24:	[0s / 2s],		train_loss: 4.2566,	val_loss: 7.2399
25:	[0s / 2s],		train_loss: 4.2606,	val_loss: 7.2489
26:	[0s / 3s],		train_loss: 4.2440,	val_loss: 7.7085
27:	[0s / 3s],		train_loss: 4.2508,	val_loss: 7.1509
28:	[0s / 3s],		train_loss: 4.2415,	val_loss: 7.1667
29:	[0s / 3s],		train_loss: 4.2316,	val_loss: 7.5161
30:	[0s / 3s],		train_loss: 4.2325,	val_loss: 7.1701
31:	[0s / 3s],		train_loss: 4.2363,	val_loss: 7.4427
32:	[0s / 3s],		train_loss: 4.2470,	val_loss: 7.1663
33:	[0s / 3s],		train_loss: 4.2299,	val_loss: 7.3002
C-index TRAIN: 0.8441
C-index TEST:  0.8310
0:	[0s / 0s],		train_loss: 7.9161,	val_loss: 7.2486
1:	[0s / 0s],		train_loss: 4.4129,	val_loss: 7.1025
2:	[0s / 0s],		train_loss: 4.3533,	val_loss: 7.0965
3:	[0s / 0s],		train_loss: 4.4391,	val_loss: 7.1967
4:	[0s / 0s],		train_loss: 4.4075,	val_loss: 7.0791
5:	[0s / 0s],		train_loss: 4.3774,	val_loss: 7.1936
6:	[0s / 0s],		train_loss: 4.3875,	val_loss: 7.1571
7:	[0s / 0s],		train_loss: 4.4617,	val_loss: 7.1468
8:	[0s / 0s],		train_loss: 4.3859,	val_loss: 7.1305
9:	[0s / 0s],		train_loss: 4.3967,	val_loss: 7.1350
10:	[0s / 0s],		train_loss: 4.3613,	val_loss: 7.1020
11:	[0s / 0s],		train_loss: 4.3849,	val_loss: 7.1645
12:	[0s / 1s],		train_loss: 4.3882,	val_loss: 7.1311
13:	[0s / 1s],		train_loss: 4.4266,	val_loss: 7.1944
14:	[0s / 1s],		train_loss: 4.3644,	val_loss: 7.1275
15:	[0s / 1s],		train_loss: 4.3758,	val_loss: 7.1641
16:	[0s / 1s],		train_loss: 4.4527,	val_loss: 7.1275
17:	[0s / 1s],		train_loss: 4.3625,	val_loss: 7.2066
18:	[0s / 1s],		train_loss: 4.4044,	val_loss: 7.1082
19:	[0s / 1s],		train_loss: 4.3972,	val_loss: 7.0863
20:	[0s / 1s],		train_loss: 4.4051,	val_loss: 7.1663
21:	[0s / 1s],		train_loss: 4.4201,	val_loss: 7.4593
22:	[0s / 1s],		train_loss: 4.4269,	val_loss: 7.6097
23:	[0s / 1s],		train_loss: 4.5083,	val_loss: 7.2142
24:	[0s / 2s],		train_loss: 4.4630,	val_loss: 7.2853
C-index TRAIN: 0.8332
C-index TEST:  0.8276
  [ckpt] RSF baseline saved → checkpoints/tabpfn/HURRAH/-1/seed77/fold3/rsf_baseline.pkl
C-index train: 0.9431
C-index test:  0.8557
  Fitting Cox baseline...
C-index train: 0.8301
C-index test:  0.8166
X_train shape: (13567, 61), X_test shape: (3391, 61)
Generating TABPFN Embeddings...
Successfully generated embeddings with shape: (13567, 192)
0:	[0s / 0s],		train_loss: 2.9982,	val_loss: 7.0982
1:	[0s / 0s],		train_loss: 2.6928,	val_loss: 7.0852
2:	[0s / 0s],		train_loss: 2.6645,	val_loss: 7.1168
3:	[0s / 0s],		train_loss: 2.6519,	val_loss: 7.1314
4:	[0s / 0s],		train_loss: 2.6398,	val_loss: 7.1448
5:	[0s / 0s],		train_loss: 2.6396,	val_loss: 7.1183
6:	[0s / 0s],		train_loss: 2.6356,	val_loss: 7.2357
7:	[0s / 0s],		train_loss: 2.6328,	val_loss: 7.1748
8:	[0s / 0s],		train_loss: 2.6049,	val_loss: 7.1697
9:	[0s / 0s],		train_loss: 2.6084,	val_loss: 7.1750
10:	[0s / 0s],		train_loss: 2.6138,	val_loss: 7.1339
11:	[0s / 0s],		train_loss: 2.6094,	val_loss: 7.2094
12:	[0s / 1s],		train_loss: 2.6140,	val_loss: 7.0853
13:	[0s / 1s],		train_loss: 2.6082,	val_loss: 7.0895
14:	[0s / 1s],		train_loss: 2.6025,	val_loss: 7.0798
15:	[0s / 1s],		train_loss: 2.6008,	val_loss: 7.1706
16:	[0s / 1s],		train_loss: 2.6127,	val_loss: 7.1386
17:	[0s / 1s],		train_loss: 2.5921,	val_loss: 7.1342
18:	[0s / 1s],		train_loss: 2.5970,	val_loss: 7.1459
19:	[0s / 1s],		train_loss: 2.6066,	val_loss: 7.1452
20:	[0s / 1s],		train_loss: 2.5993,	val_loss: 7.1280
21:	[0s / 1s],		train_loss: 2.5810,	val_loss: 7.1343
22:	[0s / 1s],		train_loss: 2.5836,	val_loss: 7.1249
23:	[0s / 1s],		train_loss: 2.5836,	val_loss: 7.1492
24:	[0s / 2s],		train_loss: 2.5748,	val_loss: 7.1877
25:	[0s / 2s],		train_loss: 2.5915,	val_loss: 7.1534
26:	[0s / 2s],		train_loss: 2.5792,	val_loss: 7.1552
27:	[0s / 2s],		train_loss: 2.5784,	val_loss: 7.1688
28:	[0s / 2s],		train_loss: 2.5717,	val_loss: 7.1877
29:	[0s / 2s],		train_loss: 2.5853,	val_loss: 7.1893
30:	[0s / 2s],		train_loss: 2.5854,	val_loss: 7.2001
31:	[0s / 2s],		train_loss: 2.5755,	val_loss: 7.2082
32:	[0s / 2s],		train_loss: 2.5658,	val_loss: 7.1898
33:	[0s / 2s],		train_loss: 2.5699,	val_loss: 7.2214
34:	[0s / 2s],		train_loss: 2.5621,	val_loss: 7.2178
C-index TRAIN: 0.9600
C-index TEST:  0.8395
0:	[0s / 0s],		train_loss: 3.0144,	val_loss: 7.0512
1:	[0s / 0s],		train_loss: 2.7463,	val_loss: 10.6984
2:	[0s / 0s],		train_loss: 2.6982,	val_loss: 13.8544
3:	[0s / 0s],		train_loss: 2.6904,	val_loss: 14.1854
4:	[0s / 0s],		train_loss: 2.6638,	val_loss: 14.9949
5:	[0s / 0s],		train_loss: 2.6430,	val_loss: 14.5408
6:	[0s / 0s],		train_loss: 2.6217,	val_loss: 14.5664
7:	[0s / 0s],		train_loss: 2.6361,	val_loss: 14.5459
8:	[0s / 1s],		train_loss: 2.5933,	val_loss: 14.7688
9:	[0s / 1s],		train_loss: 2.5599,	val_loss: 15.6732
10:	[0s / 1s],		train_loss: 2.5647,	val_loss: 14.8520
11:	[0s / 1s],		train_loss: 2.5558,	val_loss: 14.0434
12:	[0s / 1s],		train_loss: 2.6288,	val_loss: 14.6081
13:	[0s / 1s],		train_loss: 2.6137,	val_loss: 13.7623
14:	[0s / 1s],		train_loss: 2.6042,	val_loss: 15.3060
15:	[0s / 1s],		train_loss: 2.6028,	val_loss: 13.8347
16:	[0s / 2s],		train_loss: 2.6072,	val_loss: 11.1057
17:	[0s / 2s],		train_loss: 2.5837,	val_loss: 11.5423
18:	[0s / 2s],		train_loss: 2.5986,	val_loss: 13.8432
19:	[0s / 2s],		train_loss: 2.5941,	val_loss: 12.4911
20:	[0s / 2s],		train_loss: 2.5704,	val_loss: 11.8260
C-index TRAIN: 0.9542
C-index TEST:  0.8328
  [ckpt] TABPFN RSF saved → checkpoints/tabpfn/HURRAH/-1/seed77/fold4/tabpfn_rsf.pkl
C-index train: 0.9810
C-index test:  0.8152
  Fitting TABPFN Cox (embedding)...
C-index train: 0.9578
C-index test:  0.8383
0:	[0s / 0s],		train_loss: 4.6610,	val_loss: 7.2242
1:	[0s / 0s],		train_loss: 4.4262,	val_loss: 7.4417
2:	[0s / 0s],		train_loss: 4.3990,	val_loss: 7.1113
3:	[0s / 0s],		train_loss: 4.3497,	val_loss: 7.9913
4:	[0s / 0s],		train_loss: 4.3185,	val_loss: 7.0875
5:	[0s / 0s],		train_loss: 4.3191,	val_loss: 7.0919
6:	[0s / 0s],		train_loss: 4.2985,	val_loss: 7.0714
7:	[0s / 0s],		train_loss: 4.3074,	val_loss: 7.0661
8:	[0s / 1s],		train_loss: 4.2853,	val_loss: 7.0677
9:	[0s / 1s],		train_loss: 4.2711,	val_loss: 7.0359
10:	[0s / 1s],		train_loss: 4.2663,	val_loss: 7.0370
11:	[0s / 1s],		train_loss: 4.2593,	val_loss: 7.0595
12:	[0s / 1s],		train_loss: 4.2805,	val_loss: 7.0408
13:	[0s / 1s],		train_loss: 4.2553,	val_loss: 7.0260
14:	[0s / 1s],		train_loss: 4.2731,	val_loss: 7.0362
15:	[0s / 1s],		train_loss: 4.2611,	val_loss: 7.0110
16:	[0s / 1s],		train_loss: 4.2556,	val_loss: 7.0118
17:	[0s / 2s],		train_loss: 4.2471,	val_loss: 6.9973
18:	[0s / 2s],		train_loss: 4.2545,	val_loss: 7.0145
19:	[0s / 2s],		train_loss: 4.2401,	val_loss: 7.0238
20:	[0s / 2s],		train_loss: 4.2495,	val_loss: 7.0663
21:	[0s / 2s],		train_loss: 4.2462,	val_loss: 7.0339
22:	[0s / 2s],		train_loss: 4.2423,	val_loss: 6.9894
23:	[0s / 2s],		train_loss: 4.2430,	val_loss: 7.0212
24:	[0s / 2s],		train_loss: 4.2232,	val_loss: 7.0300
25:	[0s / 2s],		train_loss: 4.2387,	val_loss: 6.9960
26:	[0s / 3s],		train_loss: 4.2165,	val_loss: 6.9921
27:	[0s / 3s],		train_loss: 4.2314,	val_loss: 6.9919
28:	[0s / 3s],		train_loss: 4.2293,	val_loss: 6.9772
29:	[0s / 3s],		train_loss: 4.2412,	val_loss: 7.0357
30:	[0s / 3s],		train_loss: 4.2260,	val_loss: 6.9962
31:	[0s / 3s],		train_loss: 4.2244,	val_loss: 6.9962
32:	[0s / 3s],		train_loss: 4.2115,	val_loss: 6.9909
33:	[0s / 3s],		train_loss: 4.2021,	val_loss: 7.0041
34:	[0s / 4s],		train_loss: 4.2069,	val_loss: 6.9964
35:	[0s / 4s],		train_loss: 4.2148,	val_loss: 6.9891
36:	[0s / 4s],		train_loss: 4.2197,	val_loss: 7.0607
37:	[0s / 4s],		train_loss: 4.2062,	val_loss: 6.9831
38:	[0s / 4s],		train_loss: 4.2236,	val_loss: 7.0184
39:	[0s / 4s],		train_loss: 4.2229,	val_loss: 7.0101
40:	[0s / 4s],		train_loss: 4.2303,	val_loss: 6.9993
41:	[0s / 4s],		train_loss: 4.2242,	val_loss: 6.9753
42:	[0s / 4s],		train_loss: 4.2292,	val_loss: 7.0120
43:	[0s / 5s],		train_loss: 4.2198,	val_loss: 6.9868
44:	[0s / 5s],		train_loss: 4.2240,	val_loss: 7.0715
45:	[0s / 5s],		train_loss: 4.2186,	val_loss: 6.9858
46:	[0s / 5s],		train_loss: 4.2008,	val_loss: 6.9993
47:	[0s / 5s],		train_loss: 4.1952,	val_loss: 6.9697
48:	[0s / 5s],		train_loss: 4.2109,	val_loss: 6.9811
49:	[0s / 5s],		train_loss: 4.2035,	val_loss: 6.9895
50:	[0s / 5s],		train_loss: 4.1923,	val_loss: 6.9723
51:	[0s / 5s],		train_loss: 4.1956,	val_loss: 7.0400
52:	[0s / 6s],		train_loss: 4.1966,	val_loss: 7.0010
53:	[0s / 6s],		train_loss: 4.1920,	val_loss: 6.9731
54:	[0s / 6s],		train_loss: 4.2071,	val_loss: 6.9602
55:	[0s / 6s],		train_loss: 4.1995,	val_loss: 6.9540
56:	[0s / 6s],		train_loss: 4.1880,	val_loss: 6.9759
57:	[0s / 6s],		train_loss: 4.1913,	val_loss: 6.9952
58:	[0s / 6s],		train_loss: 4.2029,	val_loss: 6.9878
59:	[0s / 6s],		train_loss: 4.1845,	val_loss: 6.9719
60:	[0s / 7s],		train_loss: 4.1960,	val_loss: 6.9768
61:	[0s / 7s],		train_loss: 4.1808,	val_loss: 6.9685
62:	[0s / 7s],		train_loss: 4.1779,	val_loss: 6.9522
63:	[0s / 7s],		train_loss: 4.1776,	val_loss: 6.9846
64:	[0s / 7s],		train_loss: 4.1842,	val_loss: 6.9931
65:	[0s / 7s],		train_loss: 4.1850,	val_loss: 6.9743
66:	[0s / 7s],		train_loss: 4.1781,	val_loss: 6.9740
67:	[0s / 7s],		train_loss: 4.1693,	val_loss: 6.9819
68:	[0s / 7s],		train_loss: 4.1833,	val_loss: 6.9949
69:	[0s / 8s],		train_loss: 4.1841,	val_loss: 7.0381
70:	[0s / 8s],		train_loss: 4.1864,	val_loss: 6.9743
71:	[0s / 8s],		train_loss: 4.1913,	val_loss: 6.9932
72:	[0s / 8s],		train_loss: 4.1874,	val_loss: 9.5025
73:	[0s / 8s],		train_loss: 4.1851,	val_loss: 6.9712
74:	[0s / 8s],		train_loss: 4.1763,	val_loss: 6.9863
75:	[0s / 8s],		train_loss: 4.1627,	val_loss: 6.9607
76:	[0s / 8s],		train_loss: 4.1777,	val_loss: 6.9705
77:	[0s / 8s],		train_loss: 4.1819,	val_loss: 7.0211
78:	[0s / 9s],		train_loss: 4.1810,	val_loss: 6.9556
79:	[0s / 9s],		train_loss: 4.1959,	val_loss: 6.9695
80:	[0s / 9s],		train_loss: 4.1857,	val_loss: 6.9634
81:	[0s / 9s],		train_loss: 4.1662,	val_loss: 6.9712
82:	[0s / 9s],		train_loss: 4.1723,	val_loss: 6.9607
C-index TRAIN: 0.8628
C-index TEST:  0.8453
0:	[0s / 0s],		train_loss: 7.2504,	val_loss: 7.3119
1:	[0s / 0s],		train_loss: 4.4330,	val_loss: 7.1106
2:	[0s / 0s],		train_loss: 4.3749,	val_loss: 7.0867
3:	[0s / 0s],		train_loss: 4.3589,	val_loss: 7.0916
4:	[0s / 0s],		train_loss: 4.3786,	val_loss: 7.1659
5:	[0s / 0s],		train_loss: 4.3863,	val_loss: 7.1095
6:	[0s / 0s],		train_loss: 4.4737,	val_loss: 7.0281
7:	[0s / 0s],		train_loss: 4.4027,	val_loss: 7.4233
8:	[0s / 0s],		train_loss: 4.4218,	val_loss: 7.3019
9:	[0s / 0s],		train_loss: 4.4115,	val_loss: 7.0981
10:	[0s / 0s],		train_loss: 4.4516,	val_loss: 7.3792
11:	[0s / 0s],		train_loss: 4.4271,	val_loss: 7.2132
12:	[0s / 1s],		train_loss: 4.4601,	val_loss: 7.0691
13:	[0s / 1s],		train_loss: 4.5140,	val_loss: 7.6810
14:	[0s / 1s],		train_loss: 4.5383,	val_loss: 7.2343
15:	[0s / 1s],		train_loss: 4.3828,	val_loss: 7.1381
16:	[0s / 1s],		train_loss: 4.4881,	val_loss: 7.2823
17:	[0s / 1s],		train_loss: 4.5068,	val_loss: 7.1883
18:	[0s / 1s],		train_loss: 4.3528,	val_loss: 7.1167
19:	[0s / 1s],		train_loss: 4.4191,	val_loss: 7.1320
20:	[0s / 1s],		train_loss: 4.3905,	val_loss: 7.2380
21:	[0s / 1s],		train_loss: 4.4624,	val_loss: 7.1183
22:	[0s / 1s],		train_loss: 4.3628,	val_loss: 7.1882
23:	[0s / 1s],		train_loss: 4.3831,	val_loss: 7.0629
24:	[0s / 1s],		train_loss: 4.3791,	val_loss: 7.1712
25:	[0s / 2s],		train_loss: 4.3705,	val_loss: 7.2336
26:	[0s / 2s],		train_loss: 4.3934,	val_loss: 7.1091
C-index TRAIN: 0.8422
C-index TEST:  0.8300
  [ckpt] RSF baseline saved → checkpoints/tabpfn/HURRAH/-1/seed77/fold4/rsf_baseline.pkl
C-index train: 0.9410
C-index test:  0.8464
  Fitting Cox baseline...
C-index train: 0.8288
C-index test:  0.8247
X_train shape: (13567, 61), X_test shape: (3391, 61)
Generating TABPFN Embeddings...
Successfully generated embeddings with shape: (13567, 192)
0:	[0s / 0s],		train_loss: 3.0093,	val_loss: 7.1354
1:	[0s / 0s],		train_loss: 2.6886,	val_loss: 7.1170
2:	[0s / 0s],		train_loss: 2.6722,	val_loss: 7.1120
3:	[0s / 0s],		train_loss: 2.6555,	val_loss: 7.0633
4:	[0s / 0s],		train_loss: 2.6558,	val_loss: 7.0850
5:	[0s / 0s],		train_loss: 2.6319,	val_loss: 7.0538
6:	[0s / 0s],		train_loss: 2.6232,	val_loss: 7.0595
7:	[0s / 0s],		train_loss: 2.6158,	val_loss: 7.0449
8:	[0s / 0s],		train_loss: 2.6156,	val_loss: 7.0799
9:	[0s / 0s],		train_loss: 2.6191,	val_loss: 7.0755
10:	[0s / 0s],		train_loss: 2.6111,	val_loss: 7.1003
11:	[0s / 1s],		train_loss: 2.6203,	val_loss: 7.1066
12:	[0s / 1s],		train_loss: 2.6051,	val_loss: 7.0969
13:	[0s / 1s],		train_loss: 2.5997,	val_loss: 7.1231
14:	[0s / 1s],		train_loss: 2.5989,	val_loss: 7.1599
15:	[0s / 1s],		train_loss: 2.5933,	val_loss: 7.1990
16:	[0s / 1s],		train_loss: 2.5889,	val_loss: 7.1843
17:	[0s / 1s],		train_loss: 2.5993,	val_loss: 7.1857
18:	[0s / 1s],		train_loss: 2.5831,	val_loss: 7.2235
19:	[0s / 1s],		train_loss: 2.5904,	val_loss: 7.3037
20:	[0s / 1s],		train_loss: 2.5889,	val_loss: 7.2119
21:	[0s / 1s],		train_loss: 2.5794,	val_loss: 7.3294
22:	[0s / 1s],		train_loss: 2.5883,	val_loss: 7.2857
23:	[0s / 2s],		train_loss: 2.5717,	val_loss: 7.2818
24:	[0s / 2s],		train_loss: 2.5786,	val_loss: 7.3994
25:	[0s / 2s],		train_loss: 2.5886,	val_loss: 7.3912
26:	[0s / 2s],		train_loss: 2.5731,	val_loss: 7.3479
27:	[0s / 2s],		train_loss: 2.5755,	val_loss: 7.4129
C-index TRAIN: 0.9621
C-index TEST:  0.8481
0:	[0s / 0s],		train_loss: 2.9673,	val_loss: 7.0880
1:	[0s / 0s],		train_loss: 2.7434,	val_loss: 7.5216
2:	[0s / 0s],		train_loss: 2.7125,	val_loss: 8.0834
3:	[0s / 0s],		train_loss: 2.6914,	val_loss: 8.4062
4:	[0s / 0s],		train_loss: 2.6740,	val_loss: 8.0328
5:	[0s / 0s],		train_loss: 2.6629,	val_loss: 8.5999
6:	[0s / 0s],		train_loss: 2.6387,	val_loss: 9.1111
7:	[0s / 0s],		train_loss: 2.6277,	val_loss: 10.4356
8:	[0s / 1s],		train_loss: 2.6190,	val_loss: 9.1088
9:	[0s / 1s],		train_loss: 2.6234,	val_loss: 9.2332
10:	[0s / 1s],		train_loss: 2.6115,	val_loss: 13.1897
11:	[0s / 1s],		train_loss: 2.6002,	val_loss: 10.3029
12:	[0s / 1s],		train_loss: 2.5643,	val_loss: 8.5384
13:	[0s / 1s],		train_loss: 2.5575,	val_loss: 10.2308
14:	[0s / 1s],		train_loss: 2.5686,	val_loss: 9.2471
15:	[0s / 1s],		train_loss: 2.5564,	val_loss: 8.3339
16:	[0s / 2s],		train_loss: 2.5302,	val_loss: 14.5521
17:	[0s / 2s],		train_loss: 2.5401,	val_loss: 9.8880
18:	[0s / 2s],		train_loss: 2.5518,	val_loss: 11.1534
19:	[0s / 2s],		train_loss: 2.5550,	val_loss: 9.1920
20:	[0s / 2s],		train_loss: 2.5387,	val_loss: 10.2689
C-index TRAIN: 0.9575
C-index TEST:  0.8353
  [ckpt] TABPFN RSF saved → checkpoints/tabpfn/HURRAH/-1/seed77/fold5/tabpfn_rsf.pkl
C-index train: 0.9810
C-index test:  0.8381
  Fitting TABPFN Cox (embedding)...
C-index train: 0.9569
C-index test:  0.8477
0:	[0s / 0s],		train_loss: 4.6525,	val_loss: 7.1701
1:	[0s / 0s],		train_loss: 4.4563,	val_loss: 7.1529
2:	[0s / 0s],		train_loss: 4.3919,	val_loss: 7.0922
3:	[0s / 0s],		train_loss: 4.3869,	val_loss: 7.1528
4:	[0s / 0s],		train_loss: 4.3417,	val_loss: 7.0666
5:	[0s / 0s],		train_loss: 4.3514,	val_loss: 7.0951
6:	[0s / 0s],		train_loss: 4.3385,	val_loss: 7.0475
7:	[0s / 0s],		train_loss: 4.3127,	val_loss: 7.3865
8:	[0s / 1s],		train_loss: 4.3203,	val_loss: 7.0322
9:	[0s / 1s],		train_loss: 4.2972,	val_loss: 7.0478
10:	[0s / 1s],		train_loss: 4.3003,	val_loss: 7.0829
11:	[0s / 1s],		train_loss: 4.2995,	val_loss: 7.8017
12:	[0s / 1s],		train_loss: 4.2925,	val_loss: 7.0619
13:	[0s / 1s],		train_loss: 4.2775,	val_loss: 7.0637
14:	[0s / 1s],		train_loss: 4.2989,	val_loss: 7.0115
15:	[0s / 1s],		train_loss: 4.2851,	val_loss: 7.0075
16:	[0s / 1s],		train_loss: 4.2871,	val_loss: 7.0463
17:	[0s / 2s],		train_loss: 4.2950,	val_loss: 7.0066
18:	[0s / 2s],		train_loss: 4.2950,	val_loss: 7.0065
19:	[0s / 2s],		train_loss: 4.2805,	val_loss: 7.1026
20:	[0s / 2s],		train_loss: 4.2709,	val_loss: 7.0418
21:	[0s / 2s],		train_loss: 4.2890,	val_loss: 7.0499
22:	[0s / 2s],		train_loss: 4.2702,	val_loss: 7.0046
23:	[0s / 2s],		train_loss: 4.2517,	val_loss: 7.0385
24:	[0s / 2s],		train_loss: 4.2643,	val_loss: 7.0059
25:	[0s / 3s],		train_loss: 4.2762,	val_loss: 7.0020
26:	[0s / 3s],		train_loss: 4.2608,	val_loss: 6.9977
27:	[0s / 3s],		train_loss: 4.2591,	val_loss: 7.0087
28:	[0s / 3s],		train_loss: 4.2657,	val_loss: 7.0130
29:	[0s / 3s],		train_loss: 4.2486,	val_loss: 6.9938
30:	[0s / 3s],		train_loss: 4.2550,	val_loss: 7.0189
31:	[0s / 3s],		train_loss: 4.2475,	val_loss: 7.0206
32:	[0s / 3s],		train_loss: 4.2567,	val_loss: 7.0093
33:	[0s / 3s],		train_loss: 4.2542,	val_loss: 6.9913
34:	[0s / 4s],		train_loss: 4.2392,	val_loss: 7.0092
35:	[0s / 4s],		train_loss: 4.2233,	val_loss: 6.9868
36:	[0s / 4s],		train_loss: 4.2335,	val_loss: 6.9818
37:	[0s / 4s],		train_loss: 4.2389,	val_loss: 6.9717
38:	[0s / 4s],		train_loss: 4.2668,	val_loss: 6.9865
39:	[0s / 4s],		train_loss: 4.2301,	val_loss: 7.0507
40:	[0s / 4s],		train_loss: 4.2441,	val_loss: 6.9959
41:	[0s / 4s],		train_loss: 4.2351,	val_loss: 7.0069
42:	[0s / 4s],		train_loss: 4.2265,	val_loss: 6.9752
43:	[0s / 5s],		train_loss: 4.2317,	val_loss: 6.9974
44:	[0s / 5s],		train_loss: 4.2347,	val_loss: 6.9902
45:	[0s / 5s],		train_loss: 4.2461,	val_loss: 6.9772
46:	[0s / 5s],		train_loss: 4.2142,	val_loss: 7.0360
47:	[0s / 5s],		train_loss: 4.2268,	val_loss: 6.9771
48:	[0s / 5s],		train_loss: 4.2306,	val_loss: 6.9973
49:	[0s / 5s],		train_loss: 4.2243,	val_loss: 7.0010
50:	[0s / 5s],		train_loss: 4.2303,	val_loss: 7.0822
51:	[0s / 5s],		train_loss: 4.2345,	val_loss: 7.0036
52:	[0s / 6s],		train_loss: 4.2284,	val_loss: 6.9820
53:	[0s / 6s],		train_loss: 4.2020,	val_loss: 7.0128
54:	[0s / 6s],		train_loss: 4.2046,	val_loss: 6.9913
55:	[0s / 6s],		train_loss: 4.2167,	val_loss: 6.9882
56:	[0s / 6s],		train_loss: 4.2209,	val_loss: 6.9978
57:	[0s / 6s],		train_loss: 4.2254,	val_loss: 7.0661
C-index TRAIN: 0.8539
C-index TEST:  0.8535
0:	[0s / 0s],		train_loss: 6.9008,	val_loss: 7.3539
1:	[0s / 0s],		train_loss: 4.4185,	val_loss: 7.0786
2:	[0s / 0s],		train_loss: 4.3917,	val_loss: 7.1661
3:	[0s / 0s],		train_loss: 4.3895,	val_loss: 7.0356
4:	[0s / 0s],		train_loss: 4.4194,	val_loss: 7.0799
5:	[0s / 0s],		train_loss: 4.4280,	val_loss: 7.1083
6:	[0s / 0s],		train_loss: 4.4332,	val_loss: 7.0844
7:	[0s / 0s],		train_loss: 4.4207,	val_loss: 7.1897
8:	[0s / 0s],		train_loss: 4.4299,	val_loss: 7.1887
9:	[0s / 0s],		train_loss: 4.4169,	val_loss: 7.3021
10:	[0s / 0s],		train_loss: 4.6158,	val_loss: 8.6009
11:	[0s / 0s],		train_loss: 4.8348,	val_loss: 7.2229
12:	[0s / 1s],		train_loss: 4.3967,	val_loss: 7.1391
13:	[0s / 1s],		train_loss: 4.4661,	val_loss: 7.1608
14:	[0s / 1s],		train_loss: 4.4177,	val_loss: 7.1498
15:	[0s / 1s],		train_loss: 4.4365,	val_loss: 7.2352
16:	[0s / 1s],		train_loss: 4.6816,	val_loss: 8.3758
17:	[0s / 1s],		train_loss: 4.6508,	val_loss: 7.1394
18:	[0s / 1s],		train_loss: 4.4195,	val_loss: 7.1404
19:	[0s / 1s],		train_loss: 4.3857,	val_loss: 7.4004
20:	[0s / 1s],		train_loss: 4.4050,	val_loss: 7.1166
21:	[0s / 1s],		train_loss: 4.4946,	val_loss: 7.5750
22:	[0s / 1s],		train_loss: 4.4676,	val_loss: 7.1275
23:	[0s / 1s],		train_loss: 4.4529,	val_loss: 7.1648
C-index TRAIN: 0.8354
C-index TEST:  0.8412
  [ckpt] RSF baseline saved → checkpoints/tabpfn/HURRAH/-1/seed77/fold5/rsf_baseline.pkl
C-index train: 0.9407
C-index test:  0.8579
  Fitting Cox baseline...
C-index train: 0.8271
C-index test:  0.8344


Preprocess: Keep NaN
Loading existing folds from tmp/splits/HURRAH_seed77.pkl
X_train shape: (13566, 61), X_test shape: (3392, 61)
Generating TABPFN Embeddings...
Successfully generated embeddings with shape: (13566, 192)
0:	[0s / 0s],		train_loss: 2.9179,	val_loss: 7.1346
1:	[0s / 0s],		train_loss: 2.6822,	val_loss: 7.1442
2:	[0s / 0s],		train_loss: 2.6702,	val_loss: 7.1330
3:	[0s / 0s],		train_loss: 2.6730,	val_loss: 7.0880
4:	[0s / 0s],		train_loss: 2.6567,	val_loss: 7.1176
5:	[0s / 0s],		train_loss: 2.6614,	val_loss: 7.1189
6:	[0s / 0s],		train_loss: 2.6535,	val_loss: 7.0776
7:	[0s / 0s],		train_loss: 2.6387,	val_loss: 7.0900
8:	[0s / 0s],		train_loss: 2.6511,	val_loss: 7.0877
9:	[0s / 0s],		train_loss: 2.6478,	val_loss: 7.0719
10:	[0s / 0s],		train_loss: 2.6401,	val_loss: 7.1018
11:	[0s / 1s],		train_loss: 2.6402,	val_loss: 7.1357
12:	[0s / 1s],		train_loss: 2.6369,	val_loss: 7.1150
13:	[0s / 1s],		train_loss: 2.6350,	val_loss: 7.1132
14:	[0s / 1s],		train_loss: 2.6438,	val_loss: 7.1303
15:	[0s / 1s],		train_loss: 2.6354,	val_loss: 7.1811
16:	[0s / 1s],		train_loss: 2.6307,	val_loss: 7.2530
17:	[0s / 1s],		train_loss: 2.6329,	val_loss: 7.1643
18:	[0s / 1s],		train_loss: 2.6484,	val_loss: 7.1509
19:	[0s / 1s],		train_loss: 2.6338,	val_loss: 7.2146
20:	[0s / 1s],		train_loss: 2.6247,	val_loss: 7.1039
21:	[0s / 1s],		train_loss: 2.6286,	val_loss: 7.1932
22:	[0s / 1s],		train_loss: 2.6353,	val_loss: 7.2074
23:	[0s / 2s],		train_loss: 2.6276,	val_loss: 7.2159
24:	[0s / 2s],		train_loss: 2.6236,	val_loss: 7.3589
25:	[0s / 2s],		train_loss: 2.6267,	val_loss: 7.2851
26:	[0s / 2s],		train_loss: 2.6449,	val_loss: 7.2636
27:	[0s / 2s],		train_loss: 2.6253,	val_loss: 7.2210
28:	[0s / 2s],		train_loss: 2.6266,	val_loss: 7.3366
29:	[0s / 2s],		train_loss: 2.6217,	val_loss: 7.4101
C-index TRAIN: 0.9567
C-index TEST:  0.8332
0:	[0s / 0s],		train_loss: 2.9727,	val_loss: 7.1939
1:	[0s / 0s],		train_loss: 2.7511,	val_loss: 12.0139
2:	[0s / 0s],		train_loss: 2.7042,	val_loss: 16.1525
3:	[0s / 0s],		train_loss: 2.7015,	val_loss: 18.8353
4:	[0s / 0s],		train_loss: 2.6746,	val_loss: 16.6894
5:	[0s / 0s],		train_loss: 2.6506,	val_loss: 17.7400
6:	[0s / 0s],		train_loss: 2.6401,	val_loss: 18.9709
7:	[0s / 0s],		train_loss: 2.6176,	val_loss: 18.5146
8:	[0s / 1s],		train_loss: 2.6210,	val_loss: 17.1944
9:	[0s / 1s],		train_loss: 2.6134,	val_loss: 18.0503
10:	[0s / 1s],		train_loss: 2.5998,	val_loss: 18.3132
11:	[0s / 1s],		train_loss: 2.6193,	val_loss: 20.1360
12:	[0s / 1s],		train_loss: 2.6208,	val_loss: 18.2636
13:	[0s / 1s],		train_loss: 2.6126,	val_loss: 17.8703
14:	[0s / 1s],		train_loss: 2.6006,	val_loss: 34.0204
15:	[0s / 1s],		train_loss: 2.6214,	val_loss: 18.3305
16:	[0s / 2s],		train_loss: 2.6232,	val_loss: 25.0286
17:	[0s / 2s],		train_loss: 2.6089,	val_loss: 18.6468
18:	[0s / 2s],		train_loss: 2.5899,	val_loss: 17.7915
19:	[0s / 2s],		train_loss: 2.5958,	val_loss: 18.5159
20:	[0s / 2s],		train_loss: 2.5732,	val_loss: 17.9982
C-index TRAIN: 0.9560
C-index TEST:  0.8224
  [ckpt] TABPFN RSF saved → checkpoints/tabpfn/HURRAH/NaN/seed77/fold1/tabpfn_rsf.pkl
C-index train: 0.9808
C-index test:  0.8375
  Fitting TABPFN Cox (embedding)...
C-index train: 0.9558
C-index test:  0.8351
X_train shape: (13566, 61), X_test shape: (3392, 61)
Generating TABPFN Embeddings...
Successfully generated embeddings with shape: (13566, 192)
0:	[0s / 0s],		train_loss: 2.9284,	val_loss: 7.1555
1:	[0s / 0s],		train_loss: 2.6966,	val_loss: 7.0875
2:	[0s / 0s],		train_loss: 2.6692,	val_loss: 7.0748
3:	[0s / 0s],		train_loss: 2.6675,	val_loss: 7.0876
4:	[0s / 0s],		train_loss: 2.6729,	val_loss: 7.0769
5:	[0s / 0s],		train_loss: 2.6559,	val_loss: 7.1315
6:	[0s / 0s],		train_loss: 2.6590,	val_loss: 7.0935
7:	[0s / 0s],		train_loss: 2.6565,	val_loss: 7.1314
8:	[0s / 0s],		train_loss: 2.6518,	val_loss: 7.1587
9:	[0s / 0s],		train_loss: 2.6652,	val_loss: 7.2766
10:	[0s / 0s],		train_loss: 2.6784,	val_loss: 7.1238
11:	[0s / 1s],		train_loss: 2.6484,	val_loss: 7.1630
12:	[0s / 1s],		train_loss: 2.6570,	val_loss: 7.1849
13:	[0s / 1s],		train_loss: 2.6515,	val_loss: 7.1566
14:	[0s / 1s],		train_loss: 2.6359,	val_loss: 7.2367
15:	[0s / 1s],		train_loss: 2.6544,	val_loss: 7.2847
16:	[0s / 1s],		train_loss: 2.6583,	val_loss: 7.2081
17:	[0s / 1s],		train_loss: 2.6469,	val_loss: 7.1716
18:	[0s / 1s],		train_loss: 2.6507,	val_loss: 7.3410
19:	[0s / 1s],		train_loss: 2.6404,	val_loss: 7.2754
20:	[0s / 1s],		train_loss: 2.6406,	val_loss: 7.3951
21:	[0s / 1s],		train_loss: 2.6411,	val_loss: 7.3975
22:	[0s / 1s],		train_loss: 2.6358,	val_loss: 7.3360
C-index TRAIN: 0.9568
C-index TEST:  0.8355
0:	[0s / 0s],		train_loss: 2.9811,	val_loss: 7.0982
1:	[0s / 0s],		train_loss: 2.7487,	val_loss: 7.1416
2:	[0s / 0s],		train_loss: 2.7219,	val_loss: 7.1635
3:	[0s / 0s],		train_loss: 2.6875,	val_loss: 7.2327
4:	[0s / 0s],		train_loss: 2.6706,	val_loss: 7.2402
5:	[0s / 0s],		train_loss: 2.6767,	val_loss: 7.2922
6:	[0s / 0s],		train_loss: 2.6687,	val_loss: 7.3568
7:	[0s / 0s],		train_loss: 2.6544,	val_loss: 7.4720
8:	[0s / 1s],		train_loss: 2.6386,	val_loss: 7.4736
9:	[0s / 1s],		train_loss: 2.6438,	val_loss: 7.4403
10:	[0s / 1s],		train_loss: 2.6429,	val_loss: 7.5970
11:	[0s / 1s],		train_loss: 2.6214,	val_loss: 7.3239
12:	[0s / 1s],		train_loss: 2.6209,	val_loss: 7.7221
13:	[0s / 1s],		train_loss: 2.6224,	val_loss: 7.6443
14:	[0s / 1s],		train_loss: 2.6131,	val_loss: 8.3268
15:	[0s / 1s],		train_loss: 2.6297,	val_loss: 30.4350
16:	[0s / 1s],		train_loss: 2.6337,	val_loss: 45.3690
17:	[0s / 2s],		train_loss: 2.6353,	val_loss: 139.8105
18:	[0s / 2s],		train_loss: 2.6337,	val_loss: 126.4067
19:	[0s / 2s],		train_loss: 2.6253,	val_loss: 81.7421
20:	[0s / 2s],		train_loss: 2.6254,	val_loss: 52.7729
C-index TRAIN: 0.9573
C-index TEST:  0.8291
  [ckpt] TABPFN RSF saved → checkpoints/tabpfn/HURRAH/NaN/seed77/fold2/tabpfn_rsf.pkl
C-index train: 0.9810
C-index test:  0.8398
  Fitting TABPFN Cox (embedding)...
C-index train: 0.9548
C-index test:  0.8403
X_train shape: (13566, 61), X_test shape: (3392, 61)
Generating TABPFN Embeddings...
Successfully generated embeddings with shape: (13566, 192)
0:	[0s / 0s],		train_loss: 2.9671,	val_loss: 7.1669
1:	[0s / 0s],		train_loss: 2.7069,	val_loss: 7.1445
2:	[0s / 0s],		train_loss: 2.6811,	val_loss: 7.1246
3:	[0s / 0s],		train_loss: 2.6658,	val_loss: 7.1187
4:	[0s / 0s],		train_loss: 2.6566,	val_loss: 7.0958
5:	[0s / 0s],		train_loss: 2.6482,	val_loss: 7.1182
6:	[0s / 0s],		train_loss: 2.6562,	val_loss: 7.0948
7:	[0s / 0s],		train_loss: 2.6586,	val_loss: 7.0896
8:	[0s / 0s],		train_loss: 2.6389,	val_loss: 7.1252
9:	[0s / 0s],		train_loss: 2.6528,	val_loss: 7.1157
10:	[0s / 0s],		train_loss: 2.6552,	val_loss: 7.0989
11:	[0s / 1s],		train_loss: 2.6365,	val_loss: 7.0647
12:	[0s / 1s],		train_loss: 2.6314,	val_loss: 7.1490
13:	[0s / 1s],		train_loss: 2.6479,	val_loss: 7.1586
14:	[0s / 1s],		train_loss: 2.6448,	val_loss: 7.1288
15:	[0s / 1s],		train_loss: 2.6319,	val_loss: 7.1594
16:	[0s / 1s],		train_loss: 2.6425,	val_loss: 7.1241
17:	[0s / 1s],		train_loss: 2.6286,	val_loss: 7.2215
18:	[0s / 1s],		train_loss: 2.6304,	val_loss: 7.1468
19:	[0s / 1s],		train_loss: 2.6216,	val_loss: 7.1738
20:	[0s / 1s],		train_loss: 2.6265,	val_loss: 7.1917
21:	[0s / 1s],		train_loss: 2.6293,	val_loss: 7.2091
22:	[0s / 1s],		train_loss: 2.6322,	val_loss: 7.1122
23:	[0s / 2s],		train_loss: 2.6298,	val_loss: 7.1751
24:	[0s / 2s],		train_loss: 2.6367,	val_loss: 7.1761
25:	[0s / 2s],		train_loss: 2.6276,	val_loss: 7.2093
26:	[0s / 2s],		train_loss: 2.6376,	val_loss: 7.2226
27:	[0s / 2s],		train_loss: 2.6361,	val_loss: 7.1726
28:	[0s / 2s],		train_loss: 2.6121,	val_loss: 7.2522
29:	[0s / 2s],		train_loss: 2.6146,	val_loss: 7.1627
30:	[0s / 2s],		train_loss: 2.6174,	val_loss: 7.2302
31:	[0s / 2s],		train_loss: 2.6219,	val_loss: 7.2650
C-index TRAIN: 0.9570
C-index TEST:  0.8319
0:	[0s / 0s],		train_loss: 2.9218,	val_loss: 7.0557
1:	[0s / 0s],		train_loss: 2.7463,	val_loss: 7.6241
2:	[0s / 0s],		train_loss: 2.7042,	val_loss: 8.6718
3:	[0s / 0s],		train_loss: 2.6923,	val_loss: 8.4014
4:	[0s / 0s],		train_loss: 2.6685,	val_loss: 9.8025
5:	[0s / 0s],		train_loss: 2.6655,	val_loss: 9.8873
6:	[0s / 0s],		train_loss: 2.6552,	val_loss: 9.8540
7:	[0s / 0s],		train_loss: 2.6414,	val_loss: 10.3341
8:	[0s / 1s],		train_loss: 2.6246,	val_loss: 10.2375
9:	[0s / 1s],		train_loss: 2.6260,	val_loss: 9.6871
10:	[0s / 1s],		train_loss: 2.6222,	val_loss: 11.2233
11:	[0s / 1s],		train_loss: 2.6193,	val_loss: 13.0149
12:	[0s / 1s],		train_loss: 2.6058,	val_loss: 13.6839
13:	[0s / 1s],		train_loss: 2.6001,	val_loss: 13.5436
14:	[0s / 1s],		train_loss: 2.6040,	val_loss: 14.8798
15:	[0s / 1s],		train_loss: 2.6071,	val_loss: 14.7030
16:	[0s / 2s],		train_loss: 2.5957,	val_loss: 14.7702
17:	[0s / 2s],		train_loss: 2.5928,	val_loss: 14.6358
18:	[0s / 2s],		train_loss: 2.6035,	val_loss: 16.3245
19:	[0s / 2s],		train_loss: 2.5902,	val_loss: 14.6735
20:	[0s / 2s],		train_loss: 2.6130,	val_loss: 14.7875
C-index TRAIN: 0.9542
C-index TEST:  0.8341
  [ckpt] TABPFN RSF saved → checkpoints/tabpfn/HURRAH/NaN/seed77/fold3/tabpfn_rsf.pkl
C-index train: 0.9813
C-index test:  0.8218
  Fitting TABPFN Cox (embedding)...
C-index train: 0.9551
C-index test:  0.8344
X_train shape: (13567, 61), X_test shape: (3391, 61)
Generating TABPFN Embeddings...
Successfully generated embeddings with shape: (13567, 192)
0:	[0s / 0s],		train_loss: 2.9861,	val_loss: 7.1329
1:	[0s / 0s],		train_loss: 2.6753,	val_loss: 7.0884
2:	[0s / 0s],		train_loss: 2.6654,	val_loss: 7.0940
3:	[0s / 0s],		train_loss: 2.6608,	val_loss: 7.1241
4:	[0s / 0s],		train_loss: 2.6362,	val_loss: 7.1016
5:	[0s / 0s],		train_loss: 2.6479,	val_loss: 7.0912
6:	[0s / 0s],		train_loss: 2.6533,	val_loss: 7.1115
7:	[0s / 0s],		train_loss: 2.6472,	val_loss: 7.1090
8:	[0s / 0s],		train_loss: 2.6401,	val_loss: 7.1050
9:	[0s / 0s],		train_loss: 2.6383,	val_loss: 7.1038
10:	[0s / 0s],		train_loss: 2.6557,	val_loss: 7.1476
11:	[0s / 0s],		train_loss: 2.6482,	val_loss: 7.1110
12:	[0s / 1s],		train_loss: 2.6353,	val_loss: 7.1146
13:	[0s / 1s],		train_loss: 2.6408,	val_loss: 7.1303
14:	[0s / 1s],		train_loss: 2.6396,	val_loss: 7.1870
15:	[0s / 1s],		train_loss: 2.6334,	val_loss: 7.1131
16:	[0s / 1s],		train_loss: 2.6383,	val_loss: 7.1706
17:	[0s / 1s],		train_loss: 2.6318,	val_loss: 7.2088
18:	[0s / 1s],		train_loss: 2.6252,	val_loss: 7.1891
19:	[0s / 1s],		train_loss: 2.6464,	val_loss: 7.1651
20:	[0s / 1s],		train_loss: 2.6248,	val_loss: 7.2405
21:	[0s / 1s],		train_loss: 2.6234,	val_loss: 7.1740
C-index TRAIN: 0.9575
C-index TEST:  0.8295
0:	[0s / 0s],		train_loss: 3.0067,	val_loss: 7.0847
1:	[0s / 0s],		train_loss: 2.7359,	val_loss: 8.8734
2:	[0s / 0s],		train_loss: 2.6849,	val_loss: 9.9905
3:	[0s / 0s],		train_loss: 2.6763,	val_loss: 10.3894
4:	[0s / 0s],		train_loss: 2.6627,	val_loss: 10.6317
5:	[0s / 0s],		train_loss: 2.6412,	val_loss: 10.7465
6:	[0s / 0s],		train_loss: 2.6320,	val_loss: 10.6024
7:	[0s / 1s],		train_loss: 2.6277,	val_loss: 11.0665
8:	[0s / 1s],		train_loss: 2.6188,	val_loss: 10.8700
9:	[0s / 2s],		train_loss: 2.6165,	val_loss: 10.5937
10:	[0s / 2s],		train_loss: 2.6152,	val_loss: 10.1763
11:	[0s / 3s],		train_loss: 2.6039,	val_loss: 9.8535
12:	[0s / 3s],		train_loss: 2.5881,	val_loss: 9.7018
13:	[0s / 3s],		train_loss: 2.5921,	val_loss: 9.6525
14:	[0s / 3s],		train_loss: 2.5853,	val_loss: 10.1672
15:	[0s / 3s],		train_loss: 2.6155,	val_loss: 9.8910
16:	[0s / 4s],		train_loss: 2.5718,	val_loss: 9.7473
17:	[0s / 4s],		train_loss: 2.5770,	val_loss: 9.3958
18:	[0s / 4s],		train_loss: 2.5949,	val_loss: 11.2203
19:	[0s / 4s],		train_loss: 2.5770,	val_loss: 12.0687
20:	[0s / 4s],		train_loss: 2.5728,	val_loss: 11.4439
C-index TRAIN: 0.9538
C-index TEST:  0.8308
  [ckpt] TABPFN RSF saved → checkpoints/tabpfn/HURRAH/NaN/seed77/fold4/tabpfn_rsf.pkl
C-index train: 0.9813
C-index test:  0.8358
  Fitting TABPFN Cox (embedding)...
C-index train: 0.9574
C-index test:  0.8338
X_train shape: (13567, 61), X_test shape: (3391, 61)
Generating TABPFN Embeddings...
Successfully generated embeddings with shape: (13567, 192)
0:	[0s / 0s],		train_loss: 2.9790,	val_loss: 7.1664
1:	[0s / 0s],		train_loss: 2.7027,	val_loss: 7.0671
2:	[0s / 0s],		train_loss: 2.6913,	val_loss: 7.0577
3:	[0s / 0s],		train_loss: 2.6858,	val_loss: 7.0715
4:	[0s / 0s],		train_loss: 2.6815,	val_loss: 7.0757
5:	[0s / 0s],		train_loss: 2.6660,	val_loss: 7.0701
6:	[0s / 0s],		train_loss: 2.6611,	val_loss: 7.0979
7:	[0s / 0s],		train_loss: 2.6545,	val_loss: 7.0776
8:	[0s / 0s],		train_loss: 2.6486,	val_loss: 7.0999
9:	[0s / 0s],		train_loss: 2.6440,	val_loss: 7.0992
10:	[0s / 0s],		train_loss: 2.6496,	val_loss: 7.2204
11:	[0s / 1s],		train_loss: 2.6583,	val_loss: 7.0813
12:	[0s / 1s],		train_loss: 2.6460,	val_loss: 7.1311
13:	[0s / 1s],		train_loss: 2.6425,	val_loss: 7.0816
14:	[0s / 1s],		train_loss: 2.6319,	val_loss: 7.2503
15:	[0s / 1s],		train_loss: 2.6368,	val_loss: 7.2425
16:	[0s / 1s],		train_loss: 2.6331,	val_loss: 7.1801
17:	[0s / 1s],		train_loss: 2.6326,	val_loss: 7.1758
18:	[0s / 1s],		train_loss: 2.6284,	val_loss: 7.2402
19:	[0s / 1s],		train_loss: 2.6281,	val_loss: 7.2677
20:	[0s / 1s],		train_loss: 2.6346,	val_loss: 7.2230
21:	[0s / 1s],		train_loss: 2.6294,	val_loss: 7.3274
22:	[0s / 1s],		train_loss: 2.6222,	val_loss: 7.2076
C-index TRAIN: 0.9553
C-index TEST:  0.8418
0:	[0s / 0s],		train_loss: 2.9969,	val_loss: 7.1296
1:	[0s / 0s],		train_loss: 2.7898,	val_loss: 7.1174
2:	[0s / 0s],		train_loss: 2.7307,	val_loss: 7.1372
3:	[0s / 0s],		train_loss: 2.7100,	val_loss: 7.0517
4:	[0s / 0s],		train_loss: 2.6829,	val_loss: 7.0690
5:	[0s / 0s],		train_loss: 2.6801,	val_loss: 7.1815
6:	[0s / 0s],		train_loss: 2.6508,	val_loss: 7.1168
7:	[0s / 0s],		train_loss: 2.6466,	val_loss: 7.0661
8:	[0s / 1s],		train_loss: 2.6373,	val_loss: 7.1128
9:	[0s / 1s],		train_loss: 2.6351,	val_loss: 7.1431
10:	[0s / 1s],		train_loss: 2.6071,	val_loss: 7.0578
11:	[0s / 1s],		train_loss: 2.6304,	val_loss: 7.0557
12:	[0s / 1s],		train_loss: 2.6277,	val_loss: 7.0780
13:	[0s / 1s],		train_loss: 2.6095,	val_loss: 7.0723
14:	[0s / 1s],		train_loss: 2.6073,	val_loss: 7.1733
15:	[0s / 1s],		train_loss: 2.5884,	val_loss: 8.0085
16:	[0s / 2s],		train_loss: 2.5873,	val_loss: 7.7796
17:	[0s / 2s],		train_loss: 2.5897,	val_loss: 7.6130
18:	[0s / 2s],		train_loss: 2.5713,	val_loss: 7.4882
19:	[0s / 2s],		train_loss: 2.6282,	val_loss: 7.4893
20:	[0s / 2s],		train_loss: 2.5913,	val_loss: 7.7297
21:	[0s / 2s],		train_loss: 2.5796,	val_loss: 7.3932
22:	[0s / 2s],		train_loss: 2.5742,	val_loss: 7.6054
23:	[0s / 2s],		train_loss: 2.5791,	val_loss: 7.5618
C-index TRAIN: 0.9545
C-index TEST:  0.8446
  [ckpt] TABPFN RSF saved → checkpoints/tabpfn/HURRAH/NaN/seed77/fold5/tabpfn_rsf.pkl
C-index train: 0.9814
C-index test:  0.8306
  Fitting TABPFN Cox (embedding)...
C-index train: 0.9552
C-index test:  0.8449

  Preprocess: -1 | Seed: 77
  TABPFN Train Vanilla → mean: 0.955816 | std: 0.001302 | min: 0.954162 | max: 0.957468
  TABPFN Test Vanilla → mean: 0.837001 | std: 0.004020 | min: 0.832761 | max: 0.844588
  TABPFN Train Simple → mean: 0.960406 | std: 0.000958 | min: 0.959221 | max: 0.962136
  TABPFN Test Simple → mean: 0.845199 | std: 0.003497 | min: 0.839494 | max: 0.848117
  TABPFN Train RSF → mean: 0.980880 | std: 0.000134 | min: 0.980703 | max: 0.981028
  TABPFN Test RSF → mean: 0.828978 | std: 0.015796 | min: 0.805471 | max: 0.846599
  TABPFN Train Cox → mean: 0.957255 | std: 0.000775 | min: 0.956098 | max: 0.958353
  TABPFN Test Cox → mean: 0.843183 | std: 0.005218 | min: 0.835502 | max: 0.847680
  Train DeepSurv Vanilla → mean: 0.854841 | std: 0.006777 | min: 0.844130 | max: 0.862801
  Test DeepSurv Vanilla → mean: 0.845522 | std: 0.007762 | min: 0.830957 | max: 0.853491
  Train DeepSurv Simple → mean: 0.836140 | std: 0.003239 | min: 0.833202 | max: 0.842197
  Test DeepSurv Simple → mean: 0.835039 | std: 0.005429 | min: 0.827553 | max: 0.841155
  Train RSF  → mean: 0.941463 | std: 0.000942 | min: 0.940567 | max: 0.943058
  Test RSF   → mean: 0.851730 | std: 0.005869 | min: 0.843047 | max: 0.857889
  Train Cox  → mean: 0.828262 | std: 0.001085 | min: 0.827136 | max: 0.830059
  Test Cox   → mean: 0.825806 | std: 0.005888 | min: 0.816560 | max: 0.834430

  Preprocess: NaN | Seed: 77
  TABPFN Train Vanilla → mean: 0.955150 | std: 0.001317 | min: 0.953755 | max: 0.957332
  TABPFN Test Vanilla → mean: 0.832194 | std: 0.007293 | min: 0.822406 | max: 0.844648
  TABPFN Train Simple → mean: 0.956649 | std: 0.000747 | min: 0.955276 | max: 0.957522
  TABPFN Test Simple → mean: 0.834361 | std: 0.004183 | min: 0.829455 | max: 0.841750
  TABPFN Train RSF → mean: 0.981161 | std: 0.000230 | min: 0.980772 | max: 0.981399
  TABPFN Test RSF → mean: 0.833114 | std: 0.006417 | min: 0.821792 | max: 0.839805
  TABPFN Train Cox → mean: 0.955646 | std: 0.000928 | min: 0.954770 | max: 0.957391
  TABPFN Test Cox → mean: 0.837693 | std: 0.004270 | min: 0.833827 | max: 0.844882
Result saved in 'results/HURRAH/tabpfn/results_cv_HURRAH_tabpfn_seed77.txt'
