/scratch.hpc/luca.cotugno/Foundation_model_clinical_data/.venv/lib/python3.12/site-packages/torchtuples/tupletree.py:146: UserWarning: The given NumPy array is not writable, and PyTorch does not support non-writable tensors. This means writing to this tensor will result in undefined behavior. You may want to copy the array to protect its data or make it writable before converting it to a tensor. This type of warning will be suppressed for the rest of this program. (Triggered internally at /pytorch/torch/csrc/utils/tensor_numpy.cpp:213.)
  return torch.from_numpy(data)
/scratch.hpc/luca.cotugno/Foundation_model_clinical_data/.venv/lib/python3.12/site-packages/sklearn/impute/_iterative.py:867: ConvergenceWarning: [IterativeImputer] Early stopping criterion not reached.
  warnings.warn(
STARTED

============================================================
Dataset: OrmoniTirodei
============================================================
Loading existing folds from tmp/splits/OrmoniTirodei_seed123.pkl
Generating NaN ordering → tmp/masks/OrmoniTirodei_tabpfn_seed123_fold0_eval.npy
Generating NaN ordering → tmp/masks/OrmoniTirodei_tabpfn_seed123_fold1_train.npy
Generating NaN ordering → tmp/masks/OrmoniTirodei_tabpfn_seed123_fold1_test.npy
[fold=1, target=10%] actual NaN%: 10.0%
X_train shape: (5161, 76), X_test shape: (1291, 76)
Generating TabPFN Embeddings...
Successfully generated embeddings with shape: (5161, 192)
Fitting SimpleImputer (mean)...
Fitting SimpleImputer (median)...
Fitting SimpleImputer (constant, fill=-1)...
Fitting KNNImputer...
Fitting IterativeImputer (BayesianRidge, MICE-like)...
Fitting DeepSurv Simple pilot model...
0:	[0s / 0s],		train_loss: 65.8457,	val_loss: 18.7103
1:	[0s / 0s],		train_loss: 11.9714,	val_loss: 12.5891
2:	[0s / 0s],		train_loss: 8.7380,	val_loss: 11.3652
3:	[0s / 0s],		train_loss: 7.5905,	val_loss: 9.8957
4:	[0s / 0s],		train_loss: 7.9451,	val_loss: 9.9834
5:	[0s / 0s],		train_loss: 6.8616,	val_loss: 9.4116
6:	[0s / 1s],		train_loss: 6.4295,	val_loss: 7.8614
7:	[0s / 1s],		train_loss: 6.3490,	val_loss: 8.9696
8:	[0s / 1s],		train_loss: 6.6651,	val_loss: 8.3170
9:	[0s / 1s],		train_loss: 5.3497,	val_loss: 6.3923
10:	[0s / 1s],		train_loss: 4.8463,	val_loss: 6.9931
11:	[0s / 1s],		train_loss: 4.9755,	val_loss: 9.2216
12:	[0s / 1s],		train_loss: 8.7016,	val_loss: 11.5013
13:	[0s / 1s],		train_loss: 8.4856,	val_loss: 10.0460
14:	[0s / 1s],		train_loss: 7.0561,	val_loss: 8.3983
15:	[0s / 1s],		train_loss: 5.9112,	val_loss: 9.2801
16:	[0s / 1s],		train_loss: 6.9954,	val_loss: 9.4449
17:	[0s / 1s],		train_loss: 6.0858,	val_loss: 9.3113
18:	[0s / 1s],		train_loss: 7.1843,	val_loss: 10.2260
19:	[0s / 1s],		train_loss: 6.8624,	val_loss: 8.8559
20:	[0s / 1s],		train_loss: 5.9290,	val_loss: 7.5474
21:	[0s / 1s],		train_loss: 5.4426,	val_loss: 8.4069
22:	[0s / 2s],		train_loss: 6.2490,	val_loss: 8.1872
23:	[0s / 2s],		train_loss: 5.4476,	val_loss: 7.4670
24:	[0s / 2s],		train_loss: 8.0640,	val_loss: 12.4080
25:	[0s / 2s],		train_loss: 9.7861,	val_loss: 10.6593
26:	[0s / 2s],		train_loss: 7.8779,	val_loss: 10.7946
27:	[0s / 2s],		train_loss: 8.2801,	val_loss: 10.5729
28:	[0s / 2s],		train_loss: 9.2473,	val_loss: 12.0692
29:	[0s / 2s],		train_loss: 8.8025,	val_loss: 10.7547
Saved fixed_epochs=10 → nan/tabpfn/OrmoniTirodei/nan_percentage0.1/seed123/fold1/fixed_epochs_deepsurv_simple.json
Fitting DeepSurv Vanilla pilot model...
0:	[0s / 0s],		train_loss: 4.7453,	val_loss: 6.4736
1:	[0s / 0s],		train_loss: 4.5525,	val_loss: 6.3795
2:	[0s / 0s],		train_loss: 4.4994,	val_loss: 6.4262
3:	[0s / 0s],		train_loss: 4.4857,	val_loss: 6.3630
4:	[0s / 0s],		train_loss: 4.4668,	val_loss: 6.3642
5:	[0s / 0s],		train_loss: 4.4632,	val_loss: 6.3454
6:	[0s / 0s],		train_loss: 4.4763,	val_loss: 6.3777
7:	[0s / 0s],		train_loss: 4.4473,	val_loss: 6.3342
8:	[0s / 0s],		train_loss: 4.4229,	val_loss: 6.3354
9:	[0s / 0s],		train_loss: 4.4133,	val_loss: 6.3481
10:	[0s / 1s],		train_loss: 4.4030,	val_loss: 6.3329
11:	[0s / 1s],		train_loss: 4.4016,	val_loss: 6.3440
12:	[0s / 1s],		train_loss: 4.3878,	val_loss: 6.3352
13:	[0s / 1s],		train_loss: 4.3982,	val_loss: 6.3203
14:	[0s / 1s],		train_loss: 4.4059,	val_loss: 6.3448
15:	[0s / 1s],		train_loss: 4.3869,	val_loss: 6.3393
16:	[0s / 1s],		train_loss: 4.4047,	val_loss: 6.3299
17:	[0s / 1s],		train_loss: 4.3779,	val_loss: 6.3518
18:	[0s / 1s],		train_loss: 4.3851,	val_loss: 6.3520
19:	[0s / 1s],		train_loss: 4.3984,	val_loss: 6.3198
20:	[0s / 1s],		train_loss: 4.3941,	val_loss: 6.3237
21:	[0s / 2s],		train_loss: 4.3892,	val_loss: 6.3419
22:	[0s / 2s],		train_loss: 4.3628,	val_loss: 6.3700
23:	[0s / 2s],		train_loss: 4.3791,	val_loss: 6.3287
24:	[0s / 2s],		train_loss: 4.3596,	val_loss: 6.3657
25:	[0s / 2s],		train_loss: 4.3752,	val_loss: 6.3374
26:	[0s / 2s],		train_loss: 4.3472,	val_loss: 6.3465
27:	[0s / 2s],		train_loss: 4.3615,	val_loss: 6.3563
28:	[0s / 2s],		train_loss: 4.3447,	val_loss: 6.3342
29:	[0s / 2s],		train_loss: 4.3542,	val_loss: 6.3627
30:	[0s / 2s],		train_loss: 4.3489,	val_loss: 6.3462
31:	[0s / 2s],		train_loss: 4.3633,	val_loss: 6.3304
32:	[0s / 2s],		train_loss: 4.3230,	val_loss: 6.3669
33:	[0s / 3s],		train_loss: 4.3386,	val_loss: 6.3677
34:	[0s / 3s],		train_loss: 4.3414,	val_loss: 6.3545
35:	[0s / 3s],		train_loss: 4.3377,	val_loss: 6.3528
36:	[0s / 3s],		train_loss: 4.3378,	val_loss: 6.3311
37:	[0s / 3s],		train_loss: 4.3590,	val_loss: 6.3477
38:	[0s / 3s],		train_loss: 4.3840,	val_loss: 6.3376
39:	[0s / 3s],		train_loss: 4.3572,	val_loss: 6.3360
Saved fixed_epochs=20 → nan/tabpfn/OrmoniTirodei/nan_percentage0.1/seed123/fold1/fixed_epochs_deepsurv_vanilla.json
Evaluating method: embeddings
Fitting Random Survival Forest model...
C-index TRAIN: 0.9251055376026569
C-index TEST : 0.7790125543442539
Fitting deepsurv_simple.pt...
0:	[0s / 0s],		train_loss: 3.6323
1:	[0s / 0s],		train_loss: 3.2944
2:	[0s / 0s],		train_loss: 3.2597
3:	[0s / 0s],		train_loss: 3.2485
4:	[0s / 0s],		train_loss: 3.2525
5:	[0s / 0s],		train_loss: 3.2295
6:	[0s / 0s],		train_loss: 3.2461
7:	[0s / 0s],		train_loss: 3.2311
8:	[0s / 0s],		train_loss: 3.2073
9:	[0s / 0s],		train_loss: 3.2426
C-index TRAIN: 0.9100307220572663
C-index TEST : 0.7318609913894288
Fitting deepsurv_vanilla.pt...
0:	[0s / 0s],		train_loss: 3.4683
1:	[0s / 0s],		train_loss: 3.3220
2:	[0s / 0s],		train_loss: 3.2920
3:	[0s / 0s],		train_loss: 3.2655
4:	[0s / 0s],		train_loss: 3.2726
5:	[0s / 0s],		train_loss: 3.2607
6:	[0s / 0s],		train_loss: 3.2546
7:	[0s / 0s],		train_loss: 3.2429
8:	[0s / 0s],		train_loss: 3.2528
9:	[0s / 0s],		train_loss: 3.2496
10:	[0s / 0s],		train_loss: 3.2478
11:	[0s / 0s],		train_loss: 3.2230
12:	[0s / 1s],		train_loss: 3.2523
13:	[0s / 1s],		train_loss: 3.2321
14:	[0s / 1s],		train_loss: 3.2398
15:	[0s / 1s],		train_loss: 3.2239
16:	[0s / 1s],		train_loss: 3.2290
17:	[0s / 1s],		train_loss: 3.2033
18:	[0s / 1s],		train_loss: 3.2146
19:	[0s / 1s],		train_loss: 3.2065
C-index TRAIN: 0.9198738587600471
C-index TEST : 0.6351916016413608
Fitting Cox model...
C-index TRAIN: 0.9173516638150333
C-index TEST : 0.7405936317454952
Evaluating method: mean
Fitting Random Survival Forest model...
C-index TRAIN: 0.8008480243701644
C-index TEST : 0.7696022736164712
Fitting deepsurv_simple.pt...
0:	[0s / 0s],		train_loss: 155.4022
1:	[0s / 0s],		train_loss: 21.2019
2:	[0s / 0s],		train_loss: 11.3320
3:	[0s / 0s],		train_loss: 10.2770
4:	[0s / 0s],		train_loss: 8.8235
5:	[0s / 0s],		train_loss: 7.0502
6:	[0s / 0s],		train_loss: 5.6812
7:	[0s / 0s],		train_loss: 4.8740
8:	[0s / 0s],		train_loss: 4.7328
9:	[0s / 0s],		train_loss: 5.2391
C-index TRAIN: 0.7643012065780475
C-index TEST : 0.7408596799283861
Fitting deepsurv_vanilla.pt...
0:	[0s / 0s],		train_loss: 4.7433
1:	[0s / 0s],		train_loss: 4.5724
2:	[0s / 0s],		train_loss: 4.4963
3:	[0s / 0s],		train_loss: 4.4992
4:	[0s / 0s],		train_loss: 4.4691
5:	[0s / 0s],		train_loss: 4.4580
6:	[0s / 0s],		train_loss: 4.4678
7:	[0s / 0s],		train_loss: 4.4391
8:	[0s / 0s],		train_loss: 4.4164
9:	[0s / 0s],		train_loss: 4.4269
10:	[0s / 0s],		train_loss: 4.4403
11:	[0s / 0s],		train_loss: 4.4179
12:	[0s / 1s],		train_loss: 4.4072
13:	[0s / 1s],		train_loss: 4.4341
14:	[0s / 1s],		train_loss: 4.4099
15:	[0s / 1s],		train_loss: 4.4056
16:	[0s / 1s],		train_loss: 4.3943
17:	[0s / 1s],		train_loss: 4.3920
18:	[0s / 1s],		train_loss: 4.3898
19:	[0s / 1s],		train_loss: 4.3680
C-index TRAIN: 0.7898497538752697
C-index TEST : 0.7746102394120649
Fitting Cox model...
C-index TRAIN: 0.7944091561511917
C-index TEST : 0.7833303598536422
Evaluating method: median
Fitting Random Survival Forest model...
C-index TRAIN: 0.8019437851560445
C-index TEST : 0.7708167053219026
Fitting deepsurv_simple.pt...
0:	[0s / 0s],		train_loss: 99.6854
1:	[0s / 0s],		train_loss: 15.1659
2:	[0s / 0s],		train_loss: 11.8664
3:	[0s / 0s],		train_loss: 10.3427
4:	[0s / 0s],		train_loss: 8.8616
5:	[0s / 0s],		train_loss: 7.9456
6:	[0s / 0s],		train_loss: 7.0113
7:	[0s / 0s],		train_loss: 6.4300
8:	[0s / 0s],		train_loss: 6.0513
9:	[0s / 0s],		train_loss: 6.3091
C-index TRAIN: 0.7695063018749644
C-index TEST : 0.7543342378971551
Fitting deepsurv_vanilla.pt...
0:	[0s / 0s],		train_loss: 4.8701
1:	[0s / 0s],		train_loss: 4.6035
2:	[0s / 0s],		train_loss: 4.4978
3:	[0s / 0s],		train_loss: 4.4977
4:	[0s / 0s],		train_loss: 4.4865
5:	[0s / 0s],		train_loss: 4.4782
6:	[0s / 0s],		train_loss: 4.4491
7:	[0s / 0s],		train_loss: 4.4373
8:	[0s / 0s],		train_loss: 4.4211
9:	[0s / 0s],		train_loss: 4.4332
10:	[0s / 0s],		train_loss: 4.4110
11:	[0s / 1s],		train_loss: 4.4159
12:	[0s / 1s],		train_loss: 4.3912
13:	[0s / 1s],		train_loss: 4.3862
14:	[0s / 1s],		train_loss: 4.4053
15:	[0s / 1s],		train_loss: 4.3910
16:	[0s / 1s],		train_loss: 4.3768
17:	[0s / 1s],		train_loss: 4.4243
18:	[0s / 1s],		train_loss: 4.4006
19:	[0s / 1s],		train_loss: 4.4032
C-index TRAIN: 0.7966387468423934
C-index TEST : 0.7807011778109556
Fitting Cox model...
C-index TRAIN: 0.7937478094046841
C-index TEST : 0.7821159281482107
Evaluating method: constant
Fitting Random Survival Forest model...
C-index TRAIN: 0.8000799729385062
C-index TEST : 0.7694301247922477
Fitting deepsurv_simple.pt...
0:	[0s / 0s],		train_loss: 20.7953
1:	[0s / 0s],		train_loss: 10.4752
2:	[0s / 0s],		train_loss: 8.1069
3:	[0s / 0s],		train_loss: 6.6452
4:	[0s / 0s],		train_loss: 7.0253
5:	[0s / 0s],		train_loss: 6.2261
6:	[0s / 0s],		train_loss: 6.0035
7:	[0s / 0s],		train_loss: 5.5516
8:	[0s / 0s],		train_loss: 6.3167
9:	[0s / 0s],		train_loss: 5.9026
C-index TRAIN: 0.7105842896617239
C-index TEST : 0.6717873116926611
Fitting deepsurv_vanilla.pt...
0:	[0s / 0s],		train_loss: 4.8623
1:	[0s / 0s],		train_loss: 4.7371
2:	[0s / 0s],		train_loss: 4.6933
3:	[0s / 0s],		train_loss: 4.6544
4:	[0s / 0s],		train_loss: 4.6017
5:	[0s / 0s],		train_loss: 4.5678
6:	[0s / 0s],		train_loss: 4.5257
7:	[0s / 0s],		train_loss: 4.4976
8:	[0s / 0s],		train_loss: 4.4899
9:	[0s / 0s],		train_loss: 4.5038
10:	[0s / 0s],		train_loss: 4.4543
11:	[0s / 0s],		train_loss: 4.4638
12:	[0s / 1s],		train_loss: 4.4279
13:	[0s / 1s],		train_loss: 4.4413
14:	[0s / 1s],		train_loss: 4.4233
15:	[0s / 1s],		train_loss: 4.4539
16:	[0s / 1s],		train_loss: 4.4468
17:	[0s / 1s],		train_loss: 4.4398
18:	[0s / 1s],		train_loss: 4.4176
19:	[0s / 1s],		train_loss: 4.4255
C-index TRAIN: 0.7891450583504197
C-index TEST : 0.7573202375027779
Fitting Cox model...
C-index TRAIN: 0.7415277220995036
C-index TEST : 0.7077570260195123
Evaluating method: knn
Fitting Random Survival Forest model...
C-index TRAIN: 0.8020010277735994
C-index TEST : 0.7692704958825132
Fitting deepsurv_simple.pt...
0:	[0s / 0s],		train_loss: 159.2044
1:	[0s / 0s],		train_loss: 21.2699
2:	[0s / 0s],		train_loss: 12.1996
3:	[0s / 0s],		train_loss: 9.8220
4:	[0s / 0s],		train_loss: 8.4376
5:	[0s / 0s],		train_loss: 6.9467
6:	[0s / 0s],		train_loss: 7.7932
7:	[0s / 0s],		train_loss: 7.0775
8:	[0s / 0s],		train_loss: 6.2905
9:	[0s / 0s],		train_loss: 7.1498
C-index TRAIN: 0.7526269544926748
C-index TEST : 0.7336403842361756
Fitting deepsurv_vanilla.pt...
0:	[0s / 0s],		train_loss: 5.2269
1:	[0s / 0s],		train_loss: 4.6760
2:	[0s / 0s],		train_loss: 4.5400
3:	[0s / 0s],		train_loss: 4.5082
4:	[0s / 0s],		train_loss: 4.4778
5:	[0s / 0s],		train_loss: 4.4775
6:	[0s / 0s],		train_loss: 4.4777
7:	[0s / 0s],		train_loss: 4.4647
8:	[0s / 0s],		train_loss: 4.4361
9:	[0s / 0s],		train_loss: 4.4155
10:	[0s / 0s],		train_loss: 4.4331
11:	[0s / 0s],		train_loss: 4.4448
12:	[0s / 1s],		train_loss: 4.4118
13:	[0s / 1s],		train_loss: 4.4073
14:	[0s / 1s],		train_loss: 4.4069
15:	[0s / 1s],		train_loss: 4.4198
16:	[0s / 1s],		train_loss: 4.3752
17:	[0s / 1s],		train_loss: 4.4158
18:	[0s / 1s],		train_loss: 4.3595
19:	[0s / 1s],		train_loss: 4.3953
C-index TRAIN: 0.7948608911767823
C-index TEST : 0.7751861554785581
Fitting Cox model...
C-index TRAIN: 0.794412675923792
C-index TEST : 0.7832802801956863
Evaluating method: imputer_bayesian
Fitting Random Survival Forest model...
C-index TRAIN: 0.8004173153545819
C-index TEST : 0.7740468432600606
Fitting deepsurv_simple.pt...
0:	[0s / 0s],		train_loss: 34.6206
1:	[0s / 0s],		train_loss: 11.5468
2:	[0s / 0s],		train_loss: 8.8460
3:	[0s / 0s],		train_loss: 7.3742
4:	[0s / 0s],		train_loss: 6.4527
5:	[0s / 0s],		train_loss: 5.3747
6:	[0s / 0s],		train_loss: 5.3092
7:	[0s / 0s],		train_loss: 4.6885
8:	[0s / 0s],		train_loss: 4.5813
9:	[0s / 0s],		train_loss: 5.2315
C-index TRAIN: 0.7370581666504881
C-index TEST : 0.7212096741379256
Fitting deepsurv_vanilla.pt...
0:	[0s / 0s],		train_loss: 4.7811
1:	[0s / 0s],		train_loss: 4.5631
2:	[0s / 0s],		train_loss: 4.5206
3:	[0s / 0s],		train_loss: 4.4657
4:	[0s / 0s],		train_loss: 4.4683
5:	[0s / 0s],		train_loss: 4.4734
6:	[0s / 0s],		train_loss: 4.4440
7:	[0s / 0s],		train_loss: 4.4515
8:	[0s / 0s],		train_loss: 4.4241
9:	[0s / 0s],		train_loss: 4.4218
10:	[0s / 0s],		train_loss: 4.4034
11:	[0s / 1s],		train_loss: 4.3942
12:	[0s / 1s],		train_loss: 4.4152
13:	[0s / 1s],		train_loss: 4.4280
14:	[0s / 1s],		train_loss: 4.4028
15:	[0s / 1s],		train_loss: 4.3839
16:	[0s / 1s],		train_loss: 4.3627
17:	[0s / 1s],		train_loss: 4.3996
18:	[0s / 1s],		train_loss: 4.3727
19:	[0s / 1s],		train_loss: 4.3727
C-index TRAIN: 0.7946386823749795
C-index TEST : 0.7812207542622484
Fitting Cox model...
C-index TRAIN: 0.7967818533862806
C-index TEST : 0.7847732799984977
[fold=1, target=30%] actual NaN%: 30.0%
X_train shape: (5161, 76), X_test shape: (1291, 76)
Generating TabPFN Embeddings...
Successfully generated embeddings with shape: (5161, 192)
Fitting SimpleImputer (mean)...
Fitting SimpleImputer (median)...
Fitting SimpleImputer (constant, fill=-1)...
Fitting KNNImputer...
Fitting IterativeImputer (BayesianRidge, MICE-like)...
Fitting DeepSurv Simple pilot model...
0:	[0s / 0s],		train_loss: 22.5375,	val_loss: 12.6378
1:	[0s / 0s],		train_loss: 11.2763,	val_loss: 14.9082
2:	[0s / 0s],		train_loss: 9.7568,	val_loss: 11.7643
3:	[0s / 0s],		train_loss: 8.4943,	val_loss: 9.9987
4:	[0s / 0s],		train_loss: 7.2292,	val_loss: 9.7958
5:	[0s / 0s],		train_loss: 7.3417,	val_loss: 8.5312
6:	[0s / 0s],		train_loss: 6.0276,	val_loss: 7.3546
7:	[0s / 0s],		train_loss: 5.2033,	val_loss: 7.5211
8:	[0s / 0s],		train_loss: 5.2195,	val_loss: 6.9944
9:	[0s / 0s],		train_loss: 4.7618,	val_loss: 6.6708
10:	[0s / 0s],		train_loss: 4.5705,	val_loss: 6.6312
11:	[0s / 0s],		train_loss: 4.7021,	val_loss: 6.7488
12:	[0s / 0s],		train_loss: 4.6662,	val_loss: 6.7045
13:	[0s / 0s],		train_loss: 4.8323,	val_loss: 7.5113
14:	[0s / 1s],		train_loss: 5.8184,	val_loss: 8.4825
15:	[0s / 1s],		train_loss: 6.2538,	val_loss: 8.3002
16:	[0s / 1s],		train_loss: 6.0703,	val_loss: 8.3572
17:	[0s / 1s],		train_loss: 5.7456,	val_loss: 7.0762
18:	[0s / 1s],		train_loss: 6.1230,	val_loss: 9.6799
19:	[0s / 1s],		train_loss: 9.3819,	val_loss: 11.7970
20:	[0s / 1s],		train_loss: 9.3175,	val_loss: 10.6108
21:	[0s / 1s],		train_loss: 7.6137,	val_loss: 8.8180
22:	[0s / 1s],		train_loss: 7.2031,	val_loss: 9.5784
23:	[0s / 1s],		train_loss: 7.6171,	val_loss: 8.5238
24:	[0s / 1s],		train_loss: 6.1553,	val_loss: 7.2310
25:	[0s / 1s],		train_loss: 4.8320,	val_loss: 6.5920
26:	[0s / 1s],		train_loss: 4.5951,	val_loss: 6.6010
27:	[0s / 1s],		train_loss: 4.7769,	val_loss: 6.9084
28:	[0s / 1s],		train_loss: 4.6024,	val_loss: 6.5606
29:	[0s / 2s],		train_loss: 4.5878,	val_loss: 6.7537
30:	[0s / 2s],		train_loss: 4.6827,	val_loss: 6.5928
31:	[0s / 2s],		train_loss: 4.5409,	val_loss: 6.5821
32:	[0s / 2s],		train_loss: 5.0225,	val_loss: 7.4816
33:	[0s / 2s],		train_loss: 5.0728,	val_loss: 7.3247
34:	[0s / 2s],		train_loss: 5.3042,	val_loss: 8.1974
35:	[0s / 2s],		train_loss: 5.7673,	val_loss: 8.4708
36:	[0s / 2s],		train_loss: 7.3557,	val_loss: 9.9362
37:	[0s / 2s],		train_loss: 8.5295,	val_loss: 11.0502
38:	[0s / 2s],		train_loss: 8.7632,	val_loss: 12.0894
39:	[0s / 2s],		train_loss: 8.7249,	val_loss: 9.8179
40:	[0s / 2s],		train_loss: 7.8796,	val_loss: 9.8835
41:	[0s / 2s],		train_loss: 7.2117,	val_loss: 9.0302
42:	[0s / 2s],		train_loss: 6.5621,	val_loss: 9.1380
43:	[0s / 2s],		train_loss: 8.8927,	val_loss: 13.2324
44:	[0s / 3s],		train_loss: 9.5599,	val_loss: 13.3354
45:	[0s / 3s],		train_loss: 12.7307,	val_loss: 13.8274
46:	[0s / 3s],		train_loss: 10.6006,	val_loss: 10.2087
47:	[0s / 3s],		train_loss: 7.2204,	val_loss: 7.7234
48:	[0s / 3s],		train_loss: 5.3243,	val_loss: 16.9285
Saved fixed_epochs=29 → nan/tabpfn/OrmoniTirodei/nan_percentage0.3/seed123/fold1/fixed_epochs_deepsurv_simple.json
Fitting DeepSurv Vanilla pilot model...
0:	[0s / 0s],		train_loss: 4.8812,	val_loss: 6.6199
1:	[0s / 0s],		train_loss: 4.6883,	val_loss: 6.4892
2:	[0s / 0s],		train_loss: 4.6430,	val_loss: 6.4923
3:	[0s / 0s],		train_loss: 4.5701,	val_loss: 6.4230
4:	[0s / 0s],		train_loss: 4.5776,	val_loss: 6.4254
5:	[0s / 0s],		train_loss: 4.5192,	val_loss: 6.4093
6:	[0s / 0s],		train_loss: 4.5227,	val_loss: 6.3921
7:	[0s / 0s],		train_loss: 4.5053,	val_loss: 6.4085
8:	[0s / 0s],		train_loss: 4.5014,	val_loss: 6.4020
9:	[0s / 1s],		train_loss: 4.5263,	val_loss: 6.4107
10:	[0s / 1s],		train_loss: 4.5041,	val_loss: 6.4012
11:	[0s / 1s],		train_loss: 4.5173,	val_loss: 6.3996
12:	[0s / 1s],		train_loss: 4.4961,	val_loss: 6.3719
13:	[0s / 1s],		train_loss: 4.4600,	val_loss: 6.4108
14:	[0s / 1s],		train_loss: 4.4658,	val_loss: 6.4078
15:	[0s / 1s],		train_loss: 4.4690,	val_loss: 6.3827
16:	[0s / 1s],		train_loss: 4.4624,	val_loss: 6.3755
17:	[0s / 1s],		train_loss: 4.4497,	val_loss: 6.4114
18:	[0s / 1s],		train_loss: 4.4667,	val_loss: 6.3947
19:	[0s / 1s],		train_loss: 4.4387,	val_loss: 6.3747
20:	[0s / 2s],		train_loss: 4.4222,	val_loss: 6.3782
21:	[0s / 2s],		train_loss: 4.4571,	val_loss: 6.3985
22:	[0s / 2s],		train_loss: 4.4264,	val_loss: 6.4007
23:	[0s / 2s],		train_loss: 4.4416,	val_loss: 6.3958
24:	[0s / 2s],		train_loss: 4.4329,	val_loss: 6.4428
25:	[0s / 2s],		train_loss: 4.4432,	val_loss: 6.3893
26:	[0s / 2s],		train_loss: 4.4195,	val_loss: 6.3754
27:	[0s / 2s],		train_loss: 4.4039,	val_loss: 6.4982
28:	[0s / 2s],		train_loss: 4.4222,	val_loss: 6.7080
29:	[0s / 2s],		train_loss: 4.4459,	val_loss: 7.4558
30:	[0s / 3s],		train_loss: 4.4744,	val_loss: 8.6653
31:	[0s / 3s],		train_loss: 4.4342,	val_loss: 9.6703
32:	[0s / 3s],		train_loss: 4.4150,	val_loss: 8.9839
Saved fixed_epochs=13 → nan/tabpfn/OrmoniTirodei/nan_percentage0.3/seed123/fold1/fixed_epochs_deepsurv_vanilla.json
Evaluating method: embeddings
Fitting Random Survival Forest model...
C-index TRAIN: 0.9235751775262149
C-index TEST : 0.7467518646847642
Fitting deepsurv_simple.pt...
0:	[0s / 0s],		train_loss: 3.5456
1:	[0s / 0s],		train_loss: 3.3026
2:	[0s / 0s],		train_loss: 3.2506
3:	[0s / 0s],		train_loss: 3.2382
4:	[0s / 0s],		train_loss: 3.2238
5:	[0s / 0s],		train_loss: 3.2457
6:	[0s / 0s],		train_loss: 3.2296
7:	[0s / 0s],		train_loss: 3.2316
8:	[0s / 0s],		train_loss: 3.2397
9:	[0s / 0s],		train_loss: 3.2496
10:	[0s / 0s],		train_loss: 3.2507
11:	[0s / 0s],		train_loss: 3.2251
12:	[0s / 0s],		train_loss: 3.2454
13:	[0s / 0s],		train_loss: 3.2208
14:	[0s / 0s],		train_loss: 3.2265
15:	[0s / 0s],		train_loss: 3.2185
16:	[0s / 1s],		train_loss: 3.2354
17:	[0s / 1s],		train_loss: 3.2410
18:	[0s / 1s],		train_loss: 3.2294
19:	[0s / 1s],		train_loss: 3.2157
20:	[0s / 1s],		train_loss: 3.2194
21:	[0s / 1s],		train_loss: 3.2218
22:	[0s / 1s],		train_loss: 3.2356
23:	[0s / 1s],		train_loss: 3.2194
24:	[0s / 1s],		train_loss: 3.2103
25:	[0s / 1s],		train_loss: 3.2280
26:	[0s / 1s],		train_loss: 3.2277
27:	[0s / 1s],		train_loss: 3.2333
28:	[0s / 1s],		train_loss: 3.2464
C-index TRAIN: 0.9177127183833648
C-index TEST : 0.4286317924448576
Fitting deepsurv_vanilla.pt...
0:	[0s / 0s],		train_loss: 3.4627
1:	[0s / 0s],		train_loss: 3.2974
2:	[0s / 0s],		train_loss: 3.3025
3:	[0s / 0s],		train_loss: 3.2827
4:	[0s / 0s],		train_loss: 3.2788
5:	[0s / 0s],		train_loss: 3.2507
6:	[0s / 0s],		train_loss: 3.2856
7:	[0s / 0s],		train_loss: 3.2509
8:	[0s / 0s],		train_loss: 3.2475
9:	[0s / 0s],		train_loss: 3.2562
10:	[0s / 0s],		train_loss: 3.2497
11:	[0s / 1s],		train_loss: 3.2389
12:	[0s / 1s],		train_loss: 3.2553
C-index TRAIN: 0.9171741931754944
C-index TEST : 0.3546437927828953
Fitting Cox model...
C-index TRAIN: 0.9166228856355486
C-index TEST : 0.6885796470010109
Evaluating method: mean
Fitting Random Survival Forest model...
C-index TRAIN: 0.7859291903263311
C-index TEST : 0.7561777953056581
Fitting deepsurv_simple.pt...
0:	[0s / 0s],		train_loss: 58.0986
1:	[0s / 0s],		train_loss: 13.7086
2:	[0s / 0s],		train_loss: 9.2258
3:	[0s / 0s],		train_loss: 8.1449
4:	[0s / 0s],		train_loss: 6.8165
5:	[0s / 0s],		train_loss: 5.9260
6:	[0s / 0s],		train_loss: 6.2807
7:	[0s / 0s],		train_loss: 5.6238
8:	[0s / 0s],		train_loss: 5.3917
9:	[0s / 0s],		train_loss: 6.0029
10:	[0s / 0s],		train_loss: 5.0925
11:	[0s / 0s],		train_loss: 4.8754
12:	[0s / 0s],		train_loss: 5.4838
13:	[0s / 0s],		train_loss: 5.8607
14:	[0s / 0s],		train_loss: 5.0806
15:	[0s / 0s],		train_loss: 4.7908
16:	[0s / 0s],		train_loss: 4.6722
17:	[0s / 0s],		train_loss: 4.7722
18:	[0s / 1s],		train_loss: 4.6822
19:	[0s / 1s],		train_loss: 4.6106
20:	[0s / 1s],		train_loss: 4.7731
21:	[0s / 1s],		train_loss: 4.6040
22:	[0s / 1s],		train_loss: 4.5605
23:	[0s / 1s],		train_loss: 4.8652
24:	[0s / 1s],		train_loss: 6.2672
25:	[0s / 1s],		train_loss: 8.2317
26:	[0s / 1s],		train_loss: 7.2984
27:	[0s / 1s],		train_loss: 5.6148
28:	[0s / 1s],		train_loss: 4.9731
C-index TRAIN: 0.7440339854422205
C-index TEST : 0.7401742146101142
Fitting deepsurv_vanilla.pt...
0:	[0s / 0s],		train_loss: 4.8688
1:	[0s / 0s],		train_loss: 4.6599
2:	[0s / 0s],		train_loss: 4.5945
3:	[0s / 0s],		train_loss: 4.5723
4:	[0s / 0s],		train_loss: 4.5360
5:	[0s / 0s],		train_loss: 4.5154
6:	[0s / 0s],		train_loss: 4.4981
7:	[0s / 0s],		train_loss: 4.5295
8:	[0s / 0s],		train_loss: 4.4733
9:	[0s / 0s],		train_loss: 4.4937
10:	[0s / 0s],		train_loss: 4.4979
11:	[0s / 0s],		train_loss: 4.5020
12:	[0s / 1s],		train_loss: 4.4923
C-index TRAIN: 0.7748066162832832
C-index TEST : 0.7594705328162609
Fitting Cox model...
C-index TRAIN: 0.7784964494757021
C-index TEST : 0.7628571696855311
Evaluating method: median
Fitting Random Survival Forest model...
C-index TRAIN: 0.784030643510762
C-index TEST : 0.7558147177854775
Fitting deepsurv_simple.pt...
0:	[0s / 0s],		train_loss: 24.5854
1:	[0s / 0s],		train_loss: 9.4711
2:	[0s / 0s],		train_loss: 7.0709
3:	[0s / 0s],		train_loss: 6.8306
4:	[0s / 0s],		train_loss: 6.0075
5:	[0s / 0s],		train_loss: 5.8770
6:	[0s / 0s],		train_loss: 6.7081
7:	[0s / 0s],		train_loss: 6.5951
8:	[0s / 0s],		train_loss: 5.5619
9:	[0s / 0s],		train_loss: 5.4012
10:	[0s / 0s],		train_loss: 6.1834
11:	[0s / 0s],		train_loss: 5.8553
12:	[0s / 0s],		train_loss: 6.9464
13:	[0s / 0s],		train_loss: 6.6540
14:	[0s / 0s],		train_loss: 6.3053
15:	[0s / 0s],		train_loss: 5.8945
16:	[0s / 1s],		train_loss: 6.6856
17:	[0s / 1s],		train_loss: 6.3893
18:	[0s / 1s],		train_loss: 5.6104
19:	[0s / 1s],		train_loss: 5.2815
20:	[0s / 1s],		train_loss: 7.9207
21:	[0s / 1s],		train_loss: 7.2703
22:	[0s / 1s],		train_loss: 6.6670
23:	[0s / 1s],		train_loss: 5.7067
24:	[0s / 1s],		train_loss: 5.3823
25:	[0s / 1s],		train_loss: 4.8261
26:	[0s / 1s],		train_loss: 4.8906
27:	[0s / 1s],		train_loss: 5.1102
28:	[0s / 1s],		train_loss: 6.4408
C-index TRAIN: 0.7571742228156847
C-index TEST : 0.7444654153012135
Fitting deepsurv_vanilla.pt...
0:	[0s / 0s],		train_loss: 4.8966
1:	[0s / 0s],		train_loss: 4.6324
2:	[0s / 0s],		train_loss: 4.5781
3:	[0s / 0s],		train_loss: 4.5477
4:	[0s / 0s],		train_loss: 4.5375
5:	[0s / 0s],		train_loss: 4.5411
6:	[0s / 0s],		train_loss: 4.4991
7:	[0s / 0s],		train_loss: 4.5209
8:	[0s / 0s],		train_loss: 4.5195
9:	[0s / 0s],		train_loss: 4.5127
10:	[0s / 0s],		train_loss: 4.4989
11:	[0s / 0s],		train_loss: 4.4808
12:	[0s / 1s],		train_loss: 4.4695
C-index TRAIN: 0.7691773883880109
C-index TEST : 0.7502715256454798
Fitting Cox model...
C-index TRAIN: 0.7757282409510351
C-index TEST : 0.7598367403150637
Evaluating method: constant
Fitting Random Survival Forest model...
C-index TRAIN: 0.7804779888241662
C-index TEST : 0.7482386045303311
Fitting deepsurv_simple.pt...
0:	[0s / 0s],		train_loss: 19.7993
1:	[0s / 0s],		train_loss: 8.9656
2:	[0s / 0s],		train_loss: 8.3792
3:	[0s / 0s],		train_loss: 7.4726
4:	[0s / 0s],		train_loss: 6.8563
5:	[0s / 0s],		train_loss: 6.8792
6:	[0s / 0s],		train_loss: 6.7706
7:	[0s / 0s],		train_loss: 6.4714
8:	[0s / 0s],		train_loss: 6.4919
9:	[0s / 0s],		train_loss: 7.2771
10:	[0s / 0s],		train_loss: 7.1669
11:	[0s / 0s],		train_loss: 5.8196
12:	[0s / 0s],		train_loss: 5.1890
13:	[0s / 0s],		train_loss: 5.1757
14:	[0s / 0s],		train_loss: 5.4007
15:	[0s / 0s],		train_loss: 4.9317
16:	[0s / 1s],		train_loss: 5.2721
17:	[0s / 1s],		train_loss: 5.7517
18:	[0s / 1s],		train_loss: 5.9772
19:	[0s / 1s],		train_loss: 5.0714
20:	[0s / 1s],		train_loss: 5.1660
21:	[0s / 1s],		train_loss: 6.4083
22:	[0s / 1s],		train_loss: 8.9600
23:	[0s / 1s],		train_loss: 9.4656
24:	[0s / 1s],		train_loss: 7.2866
25:	[0s / 1s],		train_loss: 6.1535
26:	[0s / 1s],		train_loss: 5.4743
27:	[0s / 1s],		train_loss: 5.2490
28:	[0s / 1s],		train_loss: 6.7926
C-index TRAIN: 0.6368335681083408
C-index TEST : 0.6289629441830912
Fitting deepsurv_vanilla.pt...
0:	[0s / 0s],		train_loss: 4.9059
1:	[0s / 0s],		train_loss: 4.8515
2:	[0s / 0s],		train_loss: 4.8089
3:	[0s / 0s],		train_loss: 4.7939
4:	[0s / 0s],		train_loss: 4.7035
5:	[0s / 0s],		train_loss: 4.6797
6:	[0s / 0s],		train_loss: 4.6791
7:	[0s / 0s],		train_loss: 4.6783
8:	[0s / 0s],		train_loss: 4.6495
9:	[0s / 0s],		train_loss: 4.6233
10:	[0s / 0s],		train_loss: 4.5942
11:	[0s / 0s],		train_loss: 4.5926
12:	[0s / 1s],		train_loss: 4.5571
C-index TRAIN: 0.7472228994182372
C-index TEST : 0.695043052855949
Fitting Cox model...
C-index TRAIN: 0.6773609708347937
C-index TEST : 0.6489541176433765
Evaluating method: knn
Fitting Random Survival Forest model...
C-index TRAIN: 0.7869841032249268
C-index TEST : 0.7553107912272959
Fitting deepsurv_simple.pt...
0:	[0s / 0s],		train_loss: 54.9901
1:	[0s / 0s],		train_loss: 14.7885
2:	[0s / 0s],		train_loss: 9.8863
3:	[0s / 0s],		train_loss: 8.1412
4:	[0s / 0s],		train_loss: 6.2299
5:	[0s / 0s],		train_loss: 5.0800
6:	[0s / 0s],		train_loss: 4.9093
7:	[0s / 0s],		train_loss: 5.0824
8:	[0s / 0s],		train_loss: 5.1116
9:	[0s / 0s],		train_loss: 4.6517
10:	[0s / 0s],		train_loss: 4.5881
11:	[0s / 0s],		train_loss: 4.6549
12:	[0s / 0s],		train_loss: 4.7827
13:	[0s / 0s],		train_loss: 5.1291
14:	[0s / 0s],		train_loss: 5.3189
15:	[0s / 0s],		train_loss: 5.1696
16:	[0s / 1s],		train_loss: 7.0691
17:	[0s / 1s],		train_loss: 6.6672
18:	[0s / 1s],		train_loss: 5.5689
19:	[0s / 1s],		train_loss: 5.2853
20:	[0s / 1s],		train_loss: 6.2954
21:	[0s / 1s],		train_loss: 6.4442
22:	[0s / 1s],		train_loss: 5.3840
23:	[0s / 1s],		train_loss: 5.2874
24:	[0s / 1s],		train_loss: 5.7003
25:	[0s / 1s],		train_loss: 5.6880
26:	[0s / 1s],		train_loss: 4.9992
27:	[0s / 1s],		train_loss: 4.9374
28:	[0s / 1s],		train_loss: 6.9839
C-index TRAIN: 0.7309143109507906
C-index TEST : 0.724178458861126
Fitting deepsurv_vanilla.pt...
0:	[0s / 0s],		train_loss: 4.8641
1:	[0s / 0s],		train_loss: 4.6823
2:	[0s / 0s],		train_loss: 4.6131
3:	[0s / 0s],		train_loss: 4.6042
4:	[0s / 0s],		train_loss: 4.5846
5:	[0s / 0s],		train_loss: 4.5560
6:	[0s / 0s],		train_loss: 4.5527
7:	[0s / 0s],		train_loss: 4.5297
8:	[0s / 0s],		train_loss: 4.5590
9:	[0s / 0s],		train_loss: 4.5511
10:	[0s / 0s],		train_loss: 4.5109
11:	[0s / 1s],		train_loss: 4.5005
12:	[0s / 1s],		train_loss: 4.4996
C-index TRAIN: 0.7724190989530344
C-index TEST : 0.7525407601466082
Fitting Cox model...
C-index TRAIN: 0.7732682904056927
C-index TEST : 0.76037509663809
Evaluating method: imputer_bayesian
Fitting Random Survival Forest model...
C-index TRAIN: 0.7883032769453413
C-index TEST : 0.7616443029694108
Fitting deepsurv_simple.pt...
0:	[0s / 0s],		train_loss: 88.3844
1:	[0s / 0s],		train_loss: 16.7701
2:	[0s / 0s],		train_loss: 11.5613
3:	[0s / 0s],		train_loss: 7.6249
4:	[0s / 0s],		train_loss: 6.4125
5:	[0s / 0s],		train_loss: 6.6471
6:	[0s / 0s],		train_loss: 5.6287
7:	[0s / 0s],		train_loss: 4.8970
8:	[0s / 0s],		train_loss: 7.2740
9:	[0s / 0s],		train_loss: 7.1229
10:	[0s / 0s],		train_loss: 6.6416
11:	[0s / 0s],		train_loss: 5.5296
12:	[0s / 0s],		train_loss: 4.8716
13:	[0s / 0s],		train_loss: 6.0652
14:	[0s / 0s],		train_loss: 5.7199
15:	[0s / 0s],		train_loss: 4.8441
16:	[0s / 1s],		train_loss: 5.3355
17:	[0s / 1s],		train_loss: 5.3461
18:	[0s / 1s],		train_loss: 4.8104
19:	[0s / 1s],		train_loss: 4.7093
20:	[0s / 1s],		train_loss: 5.3121
21:	[0s / 1s],		train_loss: 8.2747
22:	[0s / 1s],		train_loss: 9.4649
23:	[0s / 1s],		train_loss: 14.3389
24:	[0s / 1s],		train_loss: 12.0049
25:	[0s / 1s],		train_loss: 7.3609
26:	[0s / 1s],		train_loss: 8.3524
27:	[0s / 1s],		train_loss: 6.2814
28:	[0s / 1s],		train_loss: 5.2120
C-index TRAIN: 0.7496663626077144
C-index TEST : 0.7508568316478399
Fitting deepsurv_vanilla.pt...
0:	[0s / 0s],		train_loss: 4.8555
1:	[0s / 0s],		train_loss: 4.6023
2:	[0s / 0s],		train_loss: 4.5461
3:	[0s / 0s],		train_loss: 4.5268
4:	[0s / 0s],		train_loss: 4.5075
5:	[0s / 0s],		train_loss: 4.4786
6:	[0s / 0s],		train_loss: 4.4550
7:	[0s / 0s],		train_loss: 4.4723
8:	[0s / 0s],		train_loss: 4.4392
9:	[0s / 0s],		train_loss: 4.4688
10:	[0s / 0s],		train_loss: 4.4504
11:	[0s / 1s],		train_loss: 4.4527
12:	[0s / 1s],		train_loss: 4.4411
C-index TRAIN: 0.782823454134399
C-index TEST : 0.772920050956052
Fitting Cox model...
C-index TRAIN: 0.7813209743619763
C-index TEST : 0.7715679001912417
[fold=1, target=50%] actual NaN%: 50.0%
X_train shape: (5161, 76), X_test shape: (1291, 76)
Generating TabPFN Embeddings...
Successfully generated embeddings with shape: (5161, 192)
Fitting SimpleImputer (mean)...
Fitting SimpleImputer (median)...
Fitting SimpleImputer (constant, fill=-1)...
Fitting KNNImputer...
Fitting IterativeImputer (BayesianRidge, MICE-like)...
Fitting DeepSurv Simple pilot model...
0:	[0s / 0s],		train_loss: 11.9615,	val_loss: 9.9412
1:	[0s / 0s],		train_loss: 7.7200,	val_loss: 9.4354
2:	[0s / 0s],		train_loss: 6.4412,	val_loss: 8.0965
3:	[0s / 0s],		train_loss: 5.3209,	val_loss: 7.4739
4:	[0s / 0s],		train_loss: 6.0130,	val_loss: 8.1801
5:	[0s / 0s],		train_loss: 5.7288,	val_loss: 7.6901
6:	[0s / 0s],		train_loss: 5.2665,	val_loss: 7.1278
7:	[0s / 0s],		train_loss: 4.7978,	val_loss: 6.8888
8:	[0s / 0s],		train_loss: 4.8115,	val_loss: 6.6550
9:	[0s / 0s],		train_loss: 5.0359,	val_loss: 7.2640
10:	[0s / 1s],		train_loss: 4.9850,	val_loss: 6.8470
11:	[0s / 1s],		train_loss: 4.8844,	val_loss: 6.8197
12:	[0s / 1s],		train_loss: 4.9599,	val_loss: 6.8231
13:	[0s / 1s],		train_loss: 4.8363,	val_loss: 7.7697
14:	[0s / 1s],		train_loss: 5.8467,	val_loss: 9.4314
15:	[0s / 1s],		train_loss: 10.0495,	val_loss: 13.3159
16:	[0s / 1s],		train_loss: 9.2672,	val_loss: 10.4290
17:	[0s / 1s],		train_loss: 8.3183,	val_loss: 12.9394
18:	[0s / 1s],		train_loss: 10.3102,	val_loss: 11.2540
19:	[0s / 2s],		train_loss: 8.0360,	val_loss: 9.2123
20:	[0s / 2s],		train_loss: 6.1151,	val_loss: 7.9136
21:	[0s / 2s],		train_loss: 6.6524,	val_loss: 7.8716
22:	[0s / 2s],		train_loss: 5.6793,	val_loss: 7.6009
23:	[0s / 2s],		train_loss: 5.8724,	val_loss: 9.6128
24:	[0s / 2s],		train_loss: 6.9439,	val_loss: 7.7541
25:	[0s / 2s],		train_loss: 5.2593,	val_loss: 6.6025
26:	[0s / 2s],		train_loss: 6.5535,	val_loss: 9.1261
27:	[0s / 2s],		train_loss: 7.5243,	val_loss: 8.5657
28:	[0s / 3s],		train_loss: 6.6591,	val_loss: 7.3819
29:	[0s / 3s],		train_loss: 5.0455,	val_loss: 7.9532
30:	[0s / 3s],		train_loss: 4.8430,	val_loss: 6.8016
31:	[0s / 3s],		train_loss: 4.6109,	val_loss: 6.5988
32:	[0s / 3s],		train_loss: 4.6881,	val_loss: 6.6014
33:	[0s / 3s],		train_loss: 4.6137,	val_loss: 6.7406
34:	[0s / 3s],		train_loss: 4.6661,	val_loss: 7.6840
35:	[0s / 3s],		train_loss: 5.9058,	val_loss: 8.2782
36:	[0s / 3s],		train_loss: 6.1741,	val_loss: 9.9514
37:	[0s / 4s],		train_loss: 10.0518,	val_loss: 13.2288
38:	[0s / 4s],		train_loss: 9.0374,	val_loss: 11.6560
39:	[0s / 4s],		train_loss: 8.5339,	val_loss: 12.7834
40:	[0s / 4s],		train_loss: 10.2017,	val_loss: 11.3330
41:	[0s / 4s],		train_loss: 8.3064,	val_loss: 10.5214
42:	[0s / 4s],		train_loss: 6.6655,	val_loss: 8.2102
43:	[0s / 4s],		train_loss: 5.1920,	val_loss: 7.0655
44:	[0s / 4s],		train_loss: 5.5196,	val_loss: 7.6019
45:	[0s / 4s],		train_loss: 6.3547,	val_loss: 9.9830
46:	[0s / 4s],		train_loss: 9.7185,	val_loss: 10.9021
47:	[0s / 5s],		train_loss: 7.4711,	val_loss: 8.3926
48:	[0s / 5s],		train_loss: 6.5823,	val_loss: 12.6114
49:	[0s / 5s],		train_loss: 8.8270,	val_loss: 11.4079
50:	[0s / 5s],		train_loss: 8.2794,	val_loss: 8.4211
51:	[0s / 5s],		train_loss: 8.0349,	val_loss: 11.3392
Saved fixed_epochs=32 → nan/tabpfn/OrmoniTirodei/nan_percentage0.5/seed123/fold1/fixed_epochs_deepsurv_simple.json
Fitting DeepSurv Vanilla pilot model...
0:	[0s / 0s],		train_loss: 4.8845,	val_loss: 6.7155
1:	[0s / 0s],		train_loss: 4.7411,	val_loss: 6.5463
2:	[0s / 0s],		train_loss: 4.6841,	val_loss: 6.5337
3:	[0s / 0s],		train_loss: 4.6555,	val_loss: 6.5273
4:	[0s / 0s],		train_loss: 4.6461,	val_loss: 6.5421
5:	[0s / 0s],		train_loss: 4.6475,	val_loss: 6.5345
6:	[0s / 0s],		train_loss: 4.6312,	val_loss: 6.5042
7:	[0s / 0s],		train_loss: 4.5707,	val_loss: 6.4824
8:	[0s / 0s],		train_loss: 4.5997,	val_loss: 6.6087
9:	[0s / 1s],		train_loss: 4.6078,	val_loss: 6.5185
10:	[0s / 1s],		train_loss: 4.5949,	val_loss: 6.4547
11:	[0s / 1s],		train_loss: 4.5438,	val_loss: 6.4983
12:	[0s / 1s],		train_loss: 4.5663,	val_loss: 6.4819
13:	[0s / 1s],		train_loss: 4.5611,	val_loss: 6.4548
14:	[0s / 1s],		train_loss: 4.5670,	val_loss: 6.4611
15:	[0s / 1s],		train_loss: 4.5144,	val_loss: 6.4472
16:	[0s / 1s],		train_loss: 4.5236,	val_loss: 6.4730
17:	[0s / 1s],		train_loss: 4.5316,	val_loss: 6.4699
18:	[0s / 1s],		train_loss: 4.5510,	val_loss: 6.4745
19:	[0s / 1s],		train_loss: 4.5417,	val_loss: 6.4717
20:	[0s / 1s],		train_loss: 4.5331,	val_loss: 6.4574
21:	[0s / 2s],		train_loss: 4.5379,	val_loss: 6.4994
22:	[0s / 2s],		train_loss: 4.5096,	val_loss: 6.4793
23:	[0s / 2s],		train_loss: 4.4996,	val_loss: 6.4480
24:	[0s / 2s],		train_loss: 4.4982,	val_loss: 6.4667
25:	[0s / 2s],		train_loss: 4.5066,	val_loss: 6.4697
26:	[0s / 2s],		train_loss: 4.5039,	val_loss: 6.4798
27:	[0s / 2s],		train_loss: 4.5319,	val_loss: 6.4813
28:	[0s / 2s],		train_loss: 4.5129,	val_loss: 6.4530
29:	[0s / 2s],		train_loss: 4.5147,	val_loss: 6.4870
30:	[0s / 2s],		train_loss: 4.5374,	val_loss: 6.4335
31:	[0s / 2s],		train_loss: 4.5035,	val_loss: 6.4689
32:	[0s / 3s],		train_loss: 4.5140,	val_loss: 6.4788
33:	[0s / 3s],		train_loss: 4.5111,	val_loss: 6.4668
34:	[0s / 3s],		train_loss: 4.4891,	val_loss: 6.4737
35:	[0s / 3s],		train_loss: 4.4798,	val_loss: 6.4518
36:	[0s / 3s],		train_loss: 4.4964,	val_loss: 6.5023
37:	[0s / 3s],		train_loss: 4.5127,	val_loss: 6.5018
38:	[0s / 3s],		train_loss: 4.5140,	val_loss: 6.4720
39:	[0s / 3s],		train_loss: 4.5160,	val_loss: 6.5110
40:	[0s / 3s],		train_loss: 4.4900,	val_loss: 6.4554
41:	[0s / 3s],		train_loss: 4.4948,	val_loss: 6.4817
42:	[0s / 4s],		train_loss: 4.5050,	val_loss: 6.4707
43:	[0s / 4s],		train_loss: 4.5342,	val_loss: 6.4846
44:	[0s / 4s],		train_loss: 4.5367,	val_loss: 6.5505
45:	[0s / 4s],		train_loss: 4.4899,	val_loss: 6.5190
46:	[0s / 4s],		train_loss: 4.5184,	val_loss: 6.4679
47:	[0s / 4s],		train_loss: 4.4975,	val_loss: 6.4767
48:	[0s / 4s],		train_loss: 4.4920,	val_loss: 6.4666
49:	[0s / 5s],		train_loss: 4.4807,	val_loss: 6.4570
50:	[0s / 5s],		train_loss: 4.4764,	val_loss: 6.4654
Saved fixed_epochs=31 → nan/tabpfn/OrmoniTirodei/nan_percentage0.5/seed123/fold1/fixed_epochs_deepsurv_vanilla.json
Evaluating method: embeddings
Fitting Random Survival Forest model...
C-index TRAIN: 0.919265123351357
C-index TEST : 0.7223771561640234
Fitting deepsurv_simple.pt...
0:	[0s / 0s],		train_loss: 3.6195
1:	[0s / 0s],		train_loss: 3.3486
2:	[0s / 0s],		train_loss: 3.2892
3:	[0s / 0s],		train_loss: 3.2847
4:	[0s / 0s],		train_loss: 3.2584
5:	[0s / 0s],		train_loss: 3.2713
6:	[0s / 0s],		train_loss: 3.2777
7:	[0s / 0s],		train_loss: 3.2745
8:	[0s / 0s],		train_loss: 3.2700
9:	[0s / 0s],		train_loss: 3.2686
10:	[0s / 0s],		train_loss: 3.2533
11:	[0s / 0s],		train_loss: 3.2514
12:	[0s / 0s],		train_loss: 3.2707
13:	[0s / 0s],		train_loss: 3.2729
14:	[0s / 0s],		train_loss: 3.2649
15:	[0s / 0s],		train_loss: 3.2593
16:	[0s / 1s],		train_loss: 3.2674
17:	[0s / 1s],		train_loss: 3.2652
18:	[0s / 1s],		train_loss: 3.2507
19:	[0s / 1s],		train_loss: 3.2641
20:	[0s / 1s],		train_loss: 3.2557
21:	[0s / 1s],		train_loss: 3.2510
22:	[0s / 1s],		train_loss: 3.2330
23:	[0s / 1s],		train_loss: 3.2452
24:	[0s / 1s],		train_loss: 3.2266
25:	[0s / 1s],		train_loss: 3.2599
26:	[0s / 1s],		train_loss: 3.2539
27:	[0s / 1s],		train_loss: 3.2388
28:	[0s / 1s],		train_loss: 3.2335
29:	[0s / 1s],		train_loss: 3.2431
30:	[0s / 1s],		train_loss: 3.2354
31:	[0s / 1s],		train_loss: 3.2333
C-index TRAIN: 0.9150515850462276
C-index TEST : 0.6956220989010645
Fitting deepsurv_vanilla.pt...
0:	[0s / 0s],		train_loss: 3.5544
1:	[0s / 0s],		train_loss: 3.3343
2:	[0s / 0s],		train_loss: 3.3180
3:	[0s / 0s],		train_loss: 3.2845
4:	[0s / 0s],		train_loss: 3.2874
5:	[0s / 0s],		train_loss: 3.3052
6:	[0s / 0s],		train_loss: 3.2978
7:	[0s / 0s],		train_loss: 3.2705
8:	[0s / 0s],		train_loss: 3.2921
9:	[0s / 0s],		train_loss: 3.2708
10:	[0s / 0s],		train_loss: 3.2550
11:	[0s / 1s],		train_loss: 3.2715
12:	[0s / 1s],		train_loss: 3.2631
13:	[0s / 1s],		train_loss: 3.2779
14:	[0s / 1s],		train_loss: 3.2662
15:	[0s / 1s],		train_loss: 3.2703
16:	[0s / 1s],		train_loss: 3.2598
17:	[0s / 1s],		train_loss: 3.2699
18:	[0s / 1s],		train_loss: 3.2723
19:	[0s / 1s],		train_loss: 3.2512
20:	[0s / 1s],		train_loss: 3.2483
21:	[0s / 1s],		train_loss: 3.2440
22:	[0s / 1s],		train_loss: 3.2662
23:	[0s / 2s],		train_loss: 3.2439
24:	[0s / 2s],		train_loss: 3.2638
25:	[0s / 2s],		train_loss: 3.2498
26:	[0s / 2s],		train_loss: 3.2624
27:	[0s / 2s],		train_loss: 3.2644
28:	[0s / 2s],		train_loss: 3.2493
29:	[0s / 2s],		train_loss: 3.2364
30:	[0s / 2s],		train_loss: 3.2492
C-index TRAIN: 0.9137418591364775
C-index TEST : 0.4756878910517041
Fitting Cox model...
C-index TRAIN: 0.9127224218406707
C-index TEST : 0.7334416305936631
Evaluating method: mean
Fitting Random Survival Forest model...
C-index TRAIN: 0.766251253224297
C-index TEST : 0.7141672222378721
Fitting deepsurv_simple.pt...
0:	[0s / 0s],		train_loss: 98.7029
1:	[0s / 0s],		train_loss: 12.2087
2:	[0s / 0s],		train_loss: 9.7674
3:	[0s / 0s],		train_loss: 10.1213
4:	[0s / 0s],		train_loss: 8.6744
5:	[0s / 0s],		train_loss: 6.9944
6:	[0s / 0s],		train_loss: 6.4560
7:	[0s / 0s],		train_loss: 7.1024
8:	[0s / 0s],		train_loss: 6.0069
9:	[0s / 0s],		train_loss: 5.0298
10:	[0s / 0s],		train_loss: 5.4325
11:	[0s / 0s],		train_loss: 5.3272
12:	[0s / 0s],		train_loss: 5.3444
13:	[0s / 0s],		train_loss: 5.0619
14:	[0s / 0s],		train_loss: 5.3274
15:	[0s / 0s],		train_loss: 4.9912
16:	[0s / 1s],		train_loss: 5.8890
17:	[0s / 1s],		train_loss: 5.9217
18:	[0s / 1s],		train_loss: 4.9288
19:	[0s / 1s],		train_loss: 5.4590
20:	[0s / 1s],		train_loss: 6.5581
21:	[0s / 1s],		train_loss: 5.2575
22:	[0s / 1s],		train_loss: 4.7346
23:	[0s / 1s],		train_loss: 4.7556
24:	[0s / 1s],		train_loss: 5.3077
25:	[0s / 1s],		train_loss: 4.9800
26:	[0s / 1s],		train_loss: 5.2391
27:	[0s / 1s],		train_loss: 8.7980
28:	[0s / 1s],		train_loss: 11.1062
29:	[0s / 1s],		train_loss: 10.0801
30:	[0s / 1s],		train_loss: 6.8246
31:	[0s / 1s],		train_loss: 5.2821
C-index TRAIN: 0.7012575406496685
C-index TEST : 0.6854481033894538
Fitting deepsurv_vanilla.pt...
0:	[0s / 0s],		train_loss: 4.9034
1:	[0s / 0s],		train_loss: 4.7012
2:	[0s / 0s],		train_loss: 4.6741
3:	[0s / 0s],		train_loss: 4.6670
4:	[0s / 0s],		train_loss: 4.6613
5:	[0s / 0s],		train_loss: 4.6419
6:	[0s / 0s],		train_loss: 4.6215
7:	[0s / 0s],		train_loss: 4.6407
8:	[0s / 0s],		train_loss: 4.5794
9:	[0s / 0s],		train_loss: 4.5826
10:	[0s / 0s],		train_loss: 4.5776
11:	[0s / 1s],		train_loss: 4.5409
12:	[0s / 1s],		train_loss: 4.5901
13:	[0s / 1s],		train_loss: 4.5734
14:	[0s / 1s],		train_loss: 4.5491
15:	[0s / 1s],		train_loss: 4.5445
16:	[0s / 1s],		train_loss: 4.5516
17:	[0s / 1s],		train_loss: 4.5590
18:	[0s / 1s],		train_loss: 4.5578
19:	[0s / 1s],		train_loss: 4.5290
20:	[0s / 1s],		train_loss: 4.5222
21:	[0s / 1s],		train_loss: 4.5598
22:	[0s / 1s],		train_loss: 4.5248
23:	[0s / 2s],		train_loss: 4.5145
24:	[0s / 2s],		train_loss: 4.5427
25:	[0s / 2s],		train_loss: 4.5360
26:	[0s / 2s],		train_loss: 4.5155
27:	[0s / 2s],		train_loss: 4.5118
28:	[0s / 2s],		train_loss: 4.5424
29:	[0s / 2s],		train_loss: 4.5216
30:	[0s / 2s],		train_loss: 4.5275
C-index TRAIN: 0.7635138890226815
C-index TEST : 0.7308625282089324
Fitting Cox model...
C-index TRAIN: 0.7597045688130364
C-index TEST : 0.7358172843679478
Evaluating method: median
Fitting Random Survival Forest model...
C-index TRAIN: 0.7618518153505064
C-index TEST : 0.7117446187842537
Fitting deepsurv_simple.pt...
0:	[0s / 0s],		train_loss: 37.7111
1:	[0s / 0s],		train_loss: 9.1153
2:	[0s / 0s],		train_loss: 7.6156
3:	[0s / 0s],		train_loss: 6.9200
4:	[0s / 0s],		train_loss: 6.5658
5:	[0s / 0s],		train_loss: 6.0936
6:	[0s / 0s],		train_loss: 5.5602
7:	[0s / 0s],		train_loss: 5.0050
8:	[0s / 0s],		train_loss: 4.8318
9:	[0s / 0s],		train_loss: 4.9143
10:	[0s / 0s],		train_loss: 5.1941
11:	[0s / 0s],		train_loss: 5.5016
12:	[0s / 0s],		train_loss: 6.4400
13:	[0s / 0s],		train_loss: 6.5359
14:	[0s / 0s],		train_loss: 6.1048
15:	[0s / 0s],		train_loss: 5.5327
16:	[0s / 1s],		train_loss: 5.3031
17:	[0s / 1s],		train_loss: 4.8371
18:	[0s / 1s],		train_loss: 4.8517
19:	[0s / 1s],		train_loss: 5.0871
20:	[0s / 1s],		train_loss: 6.2739
21:	[0s / 1s],		train_loss: 6.5219
22:	[0s / 1s],		train_loss: 5.9973
23:	[0s / 1s],		train_loss: 5.6606
24:	[0s / 1s],		train_loss: 7.0546
25:	[0s / 1s],		train_loss: 6.7468
26:	[0s / 1s],		train_loss: 6.1028
27:	[0s / 1s],		train_loss: 5.4485
28:	[0s / 1s],		train_loss: 5.3447
29:	[0s / 1s],		train_loss: 6.4121
30:	[0s / 1s],		train_loss: 8.0944
31:	[0s / 1s],		train_loss: 8.2594
C-index TRAIN: 0.6188878222537066
C-index TEST : 0.5806783289670131
Fitting deepsurv_vanilla.pt...
0:	[0s / 0s],		train_loss: 4.8857
1:	[0s / 0s],		train_loss: 4.7024
2:	[0s / 0s],		train_loss: 4.6814
3:	[0s / 0s],		train_loss: 4.6245
4:	[0s / 0s],		train_loss: 4.6095
5:	[0s / 0s],		train_loss: 4.6167
6:	[0s / 0s],		train_loss: 4.6210
7:	[0s / 0s],		train_loss: 4.6159
8:	[0s / 0s],		train_loss: 4.6185
9:	[0s / 0s],		train_loss: 4.5535
10:	[0s / 0s],		train_loss: 4.5580
11:	[0s / 1s],		train_loss: 4.5935
12:	[0s / 1s],		train_loss: 4.5990
13:	[0s / 1s],		train_loss: 4.5843
14:	[0s / 1s],		train_loss: 4.5619
15:	[0s / 1s],		train_loss: 4.5783
16:	[0s / 1s],		train_loss: 4.5434
17:	[0s / 1s],		train_loss: 4.5288
18:	[0s / 1s],		train_loss: 4.5296
19:	[0s / 1s],		train_loss: 4.5418
20:	[0s / 1s],		train_loss: 4.5130
21:	[0s / 1s],		train_loss: 4.5460
22:	[0s / 1s],		train_loss: 4.5501
23:	[0s / 1s],		train_loss: 4.5631
24:	[0s / 2s],		train_loss: 4.5384
25:	[0s / 2s],		train_loss: 4.5498
26:	[0s / 2s],		train_loss: 4.5314
27:	[0s / 2s],		train_loss: 4.5118
28:	[0s / 2s],		train_loss: 4.5249
29:	[0s / 2s],		train_loss: 4.5536
30:	[0s / 2s],		train_loss: 4.5524
C-index TRAIN: 0.7561799796816495
C-index TEST : 0.7337483684986431
Fitting Cox model...
C-index TRAIN: 0.7557218534900213
C-index TEST : 0.7320581800426303
Evaluating method: constant
Fitting Random Survival Forest model...
C-index TRAIN: 0.7564183979625333
C-index TEST : 0.7046818220231555
Fitting deepsurv_simple.pt...
0:	[0s / 0s],		train_loss: 62.6257
1:	[0s / 0s],		train_loss: 10.2856
2:	[0s / 0s],		train_loss: 7.6001
3:	[0s / 0s],		train_loss: 7.0656
4:	[0s / 0s],		train_loss: 6.6547
5:	[0s / 0s],		train_loss: 6.5625
6:	[0s / 0s],		train_loss: 5.8352
7:	[0s / 0s],		train_loss: 5.6266
8:	[0s / 0s],		train_loss: 5.5852
9:	[0s / 0s],		train_loss: 5.6117
10:	[0s / 0s],		train_loss: 5.4595
11:	[0s / 0s],		train_loss: 6.2776
12:	[0s / 0s],		train_loss: 6.5012
13:	[0s / 0s],		train_loss: 6.6342
14:	[0s / 0s],		train_loss: 6.2442
15:	[0s / 0s],		train_loss: 6.2911
16:	[0s / 1s],		train_loss: 6.0834
17:	[0s / 1s],		train_loss: 5.7426
18:	[0s / 1s],		train_loss: 5.5577
19:	[0s / 1s],		train_loss: 5.8663
20:	[0s / 1s],		train_loss: 6.7533
21:	[0s / 1s],		train_loss: 8.7916
22:	[0s / 1s],		train_loss: 7.5825
23:	[0s / 1s],		train_loss: 6.7428
24:	[0s / 1s],		train_loss: 5.9345
25:	[0s / 1s],		train_loss: 5.6472
26:	[0s / 1s],		train_loss: 5.9418
27:	[0s / 1s],		train_loss: 5.5938
28:	[0s / 1s],		train_loss: 5.6471
29:	[0s / 1s],		train_loss: 6.3228
30:	[0s / 1s],		train_loss: 5.9836
31:	[0s / 1s],		train_loss: 5.1582
C-index TRAIN: 0.5982779790429035
C-index TEST : 0.5700661364482881
Fitting deepsurv_vanilla.pt...
0:	[0s / 0s],		train_loss: 5.0095
1:	[0s / 0s],		train_loss: 4.9170
2:	[0s / 0s],		train_loss: 4.8894
3:	[0s / 0s],		train_loss: 4.8869
4:	[0s / 0s],		train_loss: 4.8544
5:	[0s / 0s],		train_loss: 4.8379
6:	[0s / 0s],		train_loss: 4.8218
7:	[0s / 0s],		train_loss: 4.8125
8:	[0s / 0s],		train_loss: 4.8058
9:	[0s / 0s],		train_loss: 4.7427
10:	[0s / 0s],		train_loss: 4.7330
11:	[0s / 1s],		train_loss: 4.7395
12:	[0s / 1s],		train_loss: 4.7011
13:	[0s / 1s],		train_loss: 4.6818
14:	[0s / 1s],		train_loss: 4.6520
15:	[0s / 1s],		train_loss: 4.6655
16:	[0s / 1s],		train_loss: 4.6566
17:	[0s / 1s],		train_loss: 4.6379
18:	[0s / 1s],		train_loss: 4.6042
19:	[0s / 1s],		train_loss: 4.5875
20:	[0s / 1s],		train_loss: 4.5912
21:	[0s / 1s],		train_loss: 4.5967
22:	[0s / 1s],		train_loss: 4.5805
23:	[0s / 2s],		train_loss: 4.5656
24:	[0s / 2s],		train_loss: 4.5577
25:	[0s / 2s],		train_loss: 4.5504
26:	[0s / 2s],		train_loss: 4.5213
27:	[0s / 2s],		train_loss: 4.4703
28:	[0s / 2s],		train_loss: 4.4539
29:	[0s / 2s],		train_loss: 4.5325
30:	[0s / 2s],		train_loss: 4.4965
C-index TRAIN: 0.8034669204360961
C-index TEST : 0.6274010848505904
Fitting Cox model...
C-index TRAIN: 0.6322900974347156
C-index TEST : 0.5952655943359907
Evaluating method: knn
Fitting Random Survival Forest model...
C-index TRAIN: 0.7636806150932295
C-index TEST : 0.7071529401454189
Fitting deepsurv_simple.pt...
0:	[0s / 0s],		train_loss: 57.5748
1:	[0s / 0s],		train_loss: 11.4503
2:	[0s / 0s],		train_loss: 8.2662
3:	[0s / 0s],		train_loss: 6.0199
4:	[0s / 0s],		train_loss: 6.8212
5:	[0s / 0s],		train_loss: 7.0605
6:	[0s / 0s],		train_loss: 6.5633
7:	[0s / 0s],		train_loss: 5.5294
8:	[0s / 0s],		train_loss: 5.8846
9:	[0s / 0s],		train_loss: 6.5446
10:	[0s / 0s],		train_loss: 6.3539
11:	[0s / 0s],		train_loss: 5.9419
12:	[0s / 0s],		train_loss: 5.5208
13:	[0s / 0s],		train_loss: 5.2966
14:	[0s / 0s],		train_loss: 5.1073
15:	[0s / 0s],		train_loss: 5.5783
16:	[0s / 1s],		train_loss: 5.5650
17:	[0s / 1s],		train_loss: 5.0137
18:	[0s / 1s],		train_loss: 7.5079
19:	[0s / 1s],		train_loss: 8.0072
20:	[0s / 1s],		train_loss: 7.1143
21:	[0s / 1s],		train_loss: 6.4195
22:	[0s / 1s],		train_loss: 9.1272
23:	[0s / 1s],		train_loss: 10.2483
24:	[0s / 1s],		train_loss: 10.0604
25:	[0s / 1s],		train_loss: 8.3117
26:	[0s / 1s],		train_loss: 6.5996
27:	[0s / 1s],		train_loss: 5.4317
28:	[0s / 1s],		train_loss: 6.1132
29:	[0s / 1s],		train_loss: 5.8404
30:	[0s / 1s],		train_loss: 5.7807
31:	[0s / 1s],		train_loss: 5.7430
C-index TRAIN: 0.708673145765269
C-index TEST : 0.683160089016592
Fitting deepsurv_vanilla.pt...
0:	[0s / 0s],		train_loss: 4.8764
1:	[0s / 0s],		train_loss: 4.7366
2:	[0s / 0s],		train_loss: 4.6880
3:	[0s / 0s],		train_loss: 4.6513
4:	[0s / 0s],		train_loss: 4.6526
5:	[0s / 0s],		train_loss: 4.6558
6:	[0s / 0s],		train_loss: 4.6099
7:	[0s / 0s],		train_loss: 4.6135
8:	[0s / 0s],		train_loss: 4.6028
9:	[0s / 0s],		train_loss: 4.5620
10:	[0s / 0s],		train_loss: 4.6040
11:	[0s / 1s],		train_loss: 4.6000
12:	[0s / 1s],		train_loss: 4.6025
13:	[0s / 1s],		train_loss: 4.5698
14:	[0s / 1s],		train_loss: 4.5532
15:	[0s / 1s],		train_loss: 4.5726
16:	[0s / 1s],		train_loss: 4.5581
17:	[0s / 1s],		train_loss: 4.5763
18:	[0s / 1s],		train_loss: 4.5357
19:	[0s / 1s],		train_loss: 4.5533
20:	[0s / 1s],		train_loss: 4.5606
21:	[0s / 1s],		train_loss: 4.5420
22:	[0s / 2s],		train_loss: 4.5305
23:	[0s / 2s],		train_loss: 4.5221
24:	[0s / 2s],		train_loss: 4.5451
25:	[0s / 2s],		train_loss: 4.5168
26:	[0s / 2s],		train_loss: 4.5396
27:	[0s / 2s],		train_loss: 4.5291
28:	[0s / 2s],		train_loss: 4.5043
29:	[0s / 2s],		train_loss: 4.5296
30:	[0s / 2s],		train_loss: 4.5271
C-index TRAIN: 0.7596288010765317
C-index TEST : 0.7124113042307921
Fitting Cox model...
C-index TRAIN: 0.7523575066375501
C-index TEST : 0.7276230003349077
Evaluating method: imputer_bayesian
Fitting Random Survival Forest model...
C-index TRAIN: 0.7627161047751088
C-index TEST : 0.7276214353455965
Fitting deepsurv_simple.pt...
0:	[0s / 0s],		train_loss: 96.1289
1:	[0s / 0s],		train_loss: 20.3097
2:	[0s / 0s],		train_loss: 13.2593
3:	[0s / 0s],		train_loss: 9.7837
4:	[0s / 0s],		train_loss: 7.0667
5:	[0s / 0s],		train_loss: 5.9435
6:	[0s / 0s],		train_loss: 5.9676
7:	[0s / 0s],		train_loss: 5.6887
8:	[0s / 0s],		train_loss: 5.7073
9:	[0s / 0s],		train_loss: 10.3220
10:	[0s / 0s],		train_loss: 9.6833
11:	[0s / 0s],		train_loss: 7.5470
12:	[0s / 0s],		train_loss: 5.8307
13:	[0s / 0s],		train_loss: 5.8354
14:	[0s / 0s],		train_loss: 6.2320
15:	[0s / 0s],		train_loss: 7.4371
16:	[0s / 1s],		train_loss: 7.5158
17:	[0s / 1s],		train_loss: 7.2345
18:	[0s / 1s],		train_loss: 6.6344
19:	[0s / 1s],		train_loss: 6.4942
20:	[0s / 1s],		train_loss: 8.7734
21:	[0s / 1s],		train_loss: 7.5414
22:	[0s / 1s],		train_loss: 5.3633
23:	[0s / 1s],		train_loss: 4.8405
24:	[0s / 1s],		train_loss: 5.0315
25:	[0s / 1s],		train_loss: 5.1977
26:	[0s / 1s],		train_loss: 5.7427
27:	[0s / 1s],		train_loss: 6.1852
28:	[0s / 1s],		train_loss: 5.7106
29:	[0s / 1s],		train_loss: 5.9027
30:	[0s / 1s],		train_loss: 7.2603
31:	[0s / 1s],		train_loss: 11.1219
C-index TRAIN: 0.6149673513303628
C-index TEST : 0.6098293848653014
Fitting deepsurv_vanilla.pt...
0:	[0s / 0s],		train_loss: 4.8117
1:	[0s / 0s],		train_loss: 4.6539
2:	[0s / 0s],		train_loss: 4.5961
3:	[0s / 0s],		train_loss: 4.5975
4:	[0s / 0s],		train_loss: 4.5738
5:	[0s / 0s],		train_loss: 4.5432
6:	[0s / 0s],		train_loss: 4.5284
7:	[0s / 0s],		train_loss: 4.5297
8:	[0s / 0s],		train_loss: 4.5153
9:	[0s / 0s],		train_loss: 4.5255
10:	[0s / 0s],		train_loss: 4.5112
11:	[0s / 1s],		train_loss: 4.5216
12:	[0s / 1s],		train_loss: 4.5315
13:	[0s / 1s],		train_loss: 4.5186
14:	[0s / 1s],		train_loss: 4.5043
15:	[0s / 1s],		train_loss: 4.5188
16:	[0s / 1s],		train_loss: 4.5215
17:	[0s / 1s],		train_loss: 4.5266
18:	[0s / 1s],		train_loss: 4.5222
19:	[0s / 1s],		train_loss: 4.5164
20:	[0s / 1s],		train_loss: 4.5357
21:	[0s / 1s],		train_loss: 4.5331
22:	[0s / 1s],		train_loss: 4.5144
23:	[0s / 1s],		train_loss: 4.4896
24:	[0s / 2s],		train_loss: 4.4549
25:	[0s / 2s],		train_loss: 4.4967
26:	[0s / 2s],		train_loss: 4.4801
27:	[0s / 2s],		train_loss: 4.4848
28:	[0s / 2s],		train_loss: 4.4763
29:	[0s / 2s],		train_loss: 4.5072
30:	[0s / 2s],		train_loss: 4.4700
C-index TRAIN: 0.7693270713491251
C-index TEST : 0.73582041434657
Fitting Cox model...
C-index TRAIN: 0.7629562829422928
C-index TEST : 0.7425529983630211
[fold=1, target=70%] actual NaN%: 70.0%
X_train shape: (5161, 76), X_test shape: (1291, 76)
Generating TabPFN Embeddings...
Successfully generated embeddings with shape: (5161, 192)
Fitting SimpleImputer (mean)...
Fitting SimpleImputer (median)...
Fitting SimpleImputer (constant, fill=-1)...
Fitting KNNImputer...
Fitting IterativeImputer (BayesianRidge, MICE-like)...
Fitting DeepSurv Simple pilot model...
0:	[0s / 0s],		train_loss: 20.9661,	val_loss: 9.6319
1:	[0s / 0s],		train_loss: 7.6519,	val_loss: 9.7652
2:	[0s / 0s],		train_loss: 6.7899,	val_loss: 8.0916
3:	[0s / 0s],		train_loss: 5.4690,	val_loss: 7.0919
4:	[0s / 0s],		train_loss: 5.0102,	val_loss: 6.9268
5:	[0s / 0s],		train_loss: 4.8631,	val_loss: 9.0895
6:	[0s / 0s],		train_loss: 5.3473,	val_loss: 7.1650
7:	[0s / 0s],		train_loss: 5.2219,	val_loss: 6.8173
8:	[0s / 0s],		train_loss: 4.8831,	val_loss: 6.7537
9:	[0s / 0s],		train_loss: 4.7903,	val_loss: 6.8261
10:	[0s / 0s],		train_loss: 5.0593,	val_loss: 7.3745
11:	[0s / 0s],		train_loss: 6.4773,	val_loss: 7.9672
12:	[0s / 0s],		train_loss: 5.8152,	val_loss: 6.9852
13:	[0s / 0s],		train_loss: 4.8529,	val_loss: 6.9368
14:	[0s / 0s],		train_loss: 5.2659,	val_loss: 6.9755
15:	[0s / 1s],		train_loss: 5.0213,	val_loss: 6.7706
16:	[0s / 1s],		train_loss: 5.0996,	val_loss: 7.3469
17:	[0s / 1s],		train_loss: 5.4548,	val_loss: 6.8864
18:	[0s / 1s],		train_loss: 4.7792,	val_loss: 6.6765
19:	[0s / 1s],		train_loss: 4.7297,	val_loss: 6.7805
20:	[0s / 1s],		train_loss: 4.7519,	val_loss: 6.8932
21:	[0s / 1s],		train_loss: 4.9142,	val_loss: 6.8804
22:	[0s / 1s],		train_loss: 4.8335,	val_loss: 6.6713
23:	[0s / 1s],		train_loss: 4.9051,	val_loss: 7.0828
24:	[0s / 1s],		train_loss: 4.9120,	val_loss: 6.9200
25:	[0s / 1s],		train_loss: 4.8926,	val_loss: 7.0003
26:	[0s / 1s],		train_loss: 4.9089,	val_loss: 8.0893
27:	[0s / 1s],		train_loss: 5.1828,	val_loss: 6.9516
28:	[0s / 1s],		train_loss: 5.5260,	val_loss: 8.3240
29:	[0s / 1s],		train_loss: 5.4216,	val_loss: 7.9047
30:	[0s / 1s],		train_loss: 8.8930,	val_loss: 14.4998
31:	[0s / 2s],		train_loss: 9.9784,	val_loss: 13.8189
32:	[0s / 2s],		train_loss: 9.9441,	val_loss: 13.9533
33:	[0s / 2s],		train_loss: 9.2676,	val_loss: 11.7346
34:	[0s / 2s],		train_loss: 10.1340,	val_loss: 13.0123
35:	[0s / 2s],		train_loss: 9.8325,	val_loss: 10.2529
36:	[0s / 2s],		train_loss: 6.9704,	val_loss: 7.4181
37:	[0s / 2s],		train_loss: 5.4861,	val_loss: 7.3437
38:	[0s / 2s],		train_loss: 6.1520,	val_loss: 8.1958
39:	[0s / 2s],		train_loss: 5.6955,	val_loss: 6.9911
40:	[0s / 2s],		train_loss: 4.9583,	val_loss: 7.3319
41:	[0s / 2s],		train_loss: 5.6045,	val_loss: 7.2131
42:	[0s / 2s],		train_loss: 5.0357,	val_loss: 9.0390
Saved fixed_epochs=23 → nan/tabpfn/OrmoniTirodei/nan_percentage0.7/seed123/fold1/fixed_epochs_deepsurv_simple.json
Fitting DeepSurv Vanilla pilot model...
0:	[0s / 0s],		train_loss: 4.9704,	val_loss: 6.8144
1:	[0s / 0s],		train_loss: 4.8201,	val_loss: 6.7269
2:	[0s / 0s],		train_loss: 4.7838,	val_loss: 6.6737
3:	[0s / 0s],		train_loss: 4.7619,	val_loss: 6.6465
4:	[0s / 0s],		train_loss: 4.7322,	val_loss: 6.6381
5:	[0s / 0s],		train_loss: 4.7212,	val_loss: 6.6640
6:	[0s / 0s],		train_loss: 4.7184,	val_loss: 6.6375
7:	[0s / 0s],		train_loss: 4.6901,	val_loss: 6.6331
8:	[0s / 0s],		train_loss: 4.6980,	val_loss: 6.6445
9:	[0s / 0s],		train_loss: 4.7123,	val_loss: 6.6491
10:	[0s / 0s],		train_loss: 4.6776,	val_loss: 6.6874
11:	[0s / 1s],		train_loss: 4.6798,	val_loss: 6.5963
12:	[0s / 1s],		train_loss: 4.6827,	val_loss: 6.6100
13:	[0s / 1s],		train_loss: 4.6594,	val_loss: 6.5795
14:	[0s / 1s],		train_loss: 4.6514,	val_loss: 6.7010
15:	[0s / 1s],		train_loss: 4.6538,	val_loss: 6.6496
16:	[0s / 1s],		train_loss: 4.6295,	val_loss: 6.6203
17:	[0s / 1s],		train_loss: 4.6542,	val_loss: 6.6261
18:	[0s / 1s],		train_loss: 4.6485,	val_loss: 6.5894
19:	[0s / 1s],		train_loss: 4.6543,	val_loss: 6.6314
20:	[0s / 1s],		train_loss: 4.6648,	val_loss: 6.6248
21:	[0s / 1s],		train_loss: 4.6491,	val_loss: 6.6143
22:	[0s / 2s],		train_loss: 4.6561,	val_loss: 6.6025
23:	[0s / 2s],		train_loss: 4.6274,	val_loss: 6.6551
24:	[0s / 2s],		train_loss: 4.6262,	val_loss: 6.6416
25:	[0s / 2s],		train_loss: 4.6320,	val_loss: 6.6438
26:	[0s / 2s],		train_loss: 4.6105,	val_loss: 6.6467
27:	[0s / 2s],		train_loss: 4.6335,	val_loss: 6.6296
28:	[0s / 2s],		train_loss: 4.6191,	val_loss: 6.5998
29:	[0s / 2s],		train_loss: 4.6365,	val_loss: 6.5979
30:	[0s / 2s],		train_loss: 4.6106,	val_loss: 6.8048
31:	[0s / 2s],		train_loss: 4.6094,	val_loss: 6.6686
32:	[0s / 2s],		train_loss: 4.6258,	val_loss: 6.6153
33:	[0s / 2s],		train_loss: 4.6140,	val_loss: 6.6413
Saved fixed_epochs=14 → nan/tabpfn/OrmoniTirodei/nan_percentage0.7/seed123/fold1/fixed_epochs_deepsurv_vanilla.json
Evaluating method: embeddings
Fitting Random Survival Forest model...
C-index TRAIN: 0.9190739441237952
C-index TEST : 0.6902995702539352
Fitting deepsurv_simple.pt...
0:	[0s / 0s],		train_loss: 3.5359
1:	[0s / 0s],		train_loss: 3.3047
2:	[0s / 0s],		train_loss: 3.2906
3:	[0s / 0s],		train_loss: 3.2890
4:	[0s / 0s],		train_loss: 3.2881
5:	[0s / 0s],		train_loss: 3.2807
6:	[0s / 0s],		train_loss: 3.2867
7:	[0s / 0s],		train_loss: 3.2712
8:	[0s / 0s],		train_loss: 3.2815
9:	[0s / 0s],		train_loss: 3.2724
10:	[0s / 0s],		train_loss: 3.2932
11:	[0s / 0s],		train_loss: 3.2502
12:	[0s / 0s],		train_loss: 3.2590
13:	[0s / 0s],		train_loss: 3.2632
14:	[0s / 0s],		train_loss: 3.2883
15:	[0s / 0s],		train_loss: 3.2759
16:	[0s / 0s],		train_loss: 3.2610
17:	[0s / 1s],		train_loss: 3.2611
18:	[0s / 1s],		train_loss: 3.2752
19:	[0s / 1s],		train_loss: 3.2739
20:	[0s / 1s],		train_loss: 3.2633
21:	[0s / 1s],		train_loss: 3.2496
22:	[0s / 1s],		train_loss: 3.2687
C-index TRAIN: 0.9114256635141854
C-index TEST : 0.5620972108760497
Fitting deepsurv_vanilla.pt...
0:	[0s / 0s],		train_loss: 3.4905
1:	[0s / 0s],		train_loss: 3.3278
2:	[0s / 0s],		train_loss: 3.2999
3:	[0s / 0s],		train_loss: 3.3175
4:	[0s / 0s],		train_loss: 3.2864
5:	[0s / 0s],		train_loss: 3.3104
6:	[0s / 0s],		train_loss: 3.3094
7:	[0s / 0s],		train_loss: 3.3043
8:	[0s / 0s],		train_loss: 3.2992
9:	[0s / 0s],		train_loss: 3.2804
10:	[0s / 0s],		train_loss: 3.2918
11:	[0s / 1s],		train_loss: 3.2869
12:	[0s / 1s],		train_loss: 3.2583
13:	[0s / 1s],		train_loss: 3.2764
C-index TRAIN: 0.9114245520070484
C-index TEST : 0.4993536594145062
Fitting Cox model...
C-index TRAIN: 0.9109304870846576
C-index TEST : 0.6379585027434262
Evaluating method: mean
Fitting Random Survival Forest model...
C-index TRAIN: 0.7449405121380285
C-index TEST : 0.6748812955607513
Fitting deepsurv_simple.pt...
0:	[0s / 0s],		train_loss: 44.5042
1:	[0s / 0s],		train_loss: 8.7899
2:	[0s / 0s],		train_loss: 8.2916
3:	[0s / 0s],		train_loss: 7.4078
4:	[0s / 0s],		train_loss: 6.2462
5:	[0s / 0s],		train_loss: 5.5075
6:	[0s / 0s],		train_loss: 5.1606
7:	[0s / 0s],		train_loss: 5.0688
8:	[0s / 0s],		train_loss: 4.8442
9:	[0s / 0s],		train_loss: 4.6971
10:	[0s / 0s],		train_loss: 4.7357
11:	[0s / 0s],		train_loss: 4.6884
12:	[0s / 0s],		train_loss: 4.6883
13:	[0s / 0s],		train_loss: 4.8081
14:	[0s / 0s],		train_loss: 4.8200
15:	[0s / 0s],		train_loss: 4.7803
16:	[0s / 1s],		train_loss: 5.1124
17:	[0s / 1s],		train_loss: 6.2509
18:	[0s / 1s],		train_loss: 5.9505
19:	[0s / 1s],		train_loss: 5.7190
20:	[0s / 1s],		train_loss: 5.6664
21:	[0s / 1s],		train_loss: 6.0221
22:	[0s / 1s],		train_loss: 6.0462
C-index TRAIN: 0.6098758150126082
C-index TEST : 0.5748346588792799
Fitting deepsurv_vanilla.pt...
0:	[0s / 0s],		train_loss: 4.9478
1:	[0s / 0s],		train_loss: 4.8036
2:	[0s / 0s],		train_loss: 4.7937
3:	[0s / 0s],		train_loss: 4.7398
4:	[0s / 0s],		train_loss: 4.7381
5:	[0s / 0s],		train_loss: 4.7137
6:	[0s / 0s],		train_loss: 4.7180
7:	[0s / 0s],		train_loss: 4.7071
8:	[0s / 0s],		train_loss: 4.7153
9:	[0s / 0s],		train_loss: 4.6788
10:	[0s / 0s],		train_loss: 4.7024
11:	[0s / 1s],		train_loss: 4.6914
12:	[0s / 1s],		train_loss: 4.6664
13:	[0s / 1s],		train_loss: 4.6909
C-index TRAIN: 0.7190995458381838
C-index TEST : 0.6874434647611357
Fitting Cox model...
C-index TRAIN: 0.7309967477301171
C-index TEST : 0.6974656563095674
Evaluating method: median
Fitting Random Survival Forest model...
C-index TRAIN: 0.7362334283548435
C-index TEST : 0.67631482576974
Fitting deepsurv_simple.pt...
0:	[0s / 0s],		train_loss: 12.6888
1:	[0s / 0s],		train_loss: 6.3899
2:	[0s / 0s],		train_loss: 6.0039
3:	[0s / 0s],		train_loss: 6.3395
4:	[0s / 0s],		train_loss: 6.2662
5:	[0s / 0s],		train_loss: 6.0585
6:	[0s / 0s],		train_loss: 5.9125
7:	[0s / 0s],		train_loss: 5.6524
8:	[0s / 0s],		train_loss: 5.3715
9:	[0s / 0s],		train_loss: 5.1339
10:	[0s / 0s],		train_loss: 5.0686
11:	[0s / 0s],		train_loss: 5.2678
12:	[0s / 0s],		train_loss: 5.2826
13:	[0s / 0s],		train_loss: 5.3762
14:	[0s / 0s],		train_loss: 5.6150
15:	[0s / 0s],		train_loss: 5.5244
16:	[0s / 0s],		train_loss: 6.1511
17:	[0s / 1s],		train_loss: 5.9835
18:	[0s / 1s],		train_loss: 5.7527
19:	[0s / 1s],		train_loss: 5.4038
20:	[0s / 1s],		train_loss: 5.1585
21:	[0s / 1s],		train_loss: 4.9379
22:	[0s / 1s],		train_loss: 4.7705
C-index TRAIN: 0.7131982765711339
C-index TEST : 0.6757123048849576
Fitting deepsurv_vanilla.pt...
0:	[0s / 0s],		train_loss: 4.9460
1:	[0s / 0s],		train_loss: 4.8290
2:	[0s / 0s],		train_loss: 4.7802
3:	[0s / 0s],		train_loss: 4.7459
4:	[0s / 0s],		train_loss: 4.7359
5:	[0s / 0s],		train_loss: 4.7577
6:	[0s / 0s],		train_loss: 4.7103
7:	[0s / 0s],		train_loss: 4.6975
8:	[0s / 0s],		train_loss: 4.6839
9:	[0s / 0s],		train_loss: 4.7046
10:	[0s / 0s],		train_loss: 4.6869
11:	[0s / 0s],		train_loss: 4.6673
12:	[0s / 1s],		train_loss: 4.6407
13:	[0s / 1s],		train_loss: 4.6590
C-index TRAIN: 0.7253743741288563
C-index TEST : 0.689509250651818
Fitting Cox model...
C-index TRAIN: 0.7247178439132758
C-index TEST : 0.6925359399795299
Evaluating method: constant
Fitting Random Survival Forest model...
C-index TRAIN: 0.7280322655701772
C-index TEST : 0.6584379528687819
Fitting deepsurv_simple.pt...
0:	[0s / 0s],		train_loss: 14.0823
1:	[0s / 0s],		train_loss: 7.1509
2:	[0s / 0s],		train_loss: 6.0005
3:	[0s / 0s],		train_loss: 5.5339
4:	[0s / 0s],		train_loss: 5.6831
5:	[0s / 0s],		train_loss: 6.7588
6:	[0s / 0s],		train_loss: 6.5253
7:	[0s / 0s],		train_loss: 6.1294
8:	[0s / 0s],		train_loss: 6.0895
9:	[0s / 0s],		train_loss: 5.9383
10:	[0s / 0s],		train_loss: 5.8373
11:	[0s / 0s],		train_loss: 5.9540
12:	[0s / 0s],		train_loss: 5.5493
13:	[0s / 0s],		train_loss: 5.6437
14:	[0s / 0s],		train_loss: 6.4111
15:	[0s / 0s],		train_loss: 6.1249
16:	[0s / 1s],		train_loss: 5.6391
17:	[0s / 1s],		train_loss: 5.2196
18:	[0s / 1s],		train_loss: 5.2276
19:	[0s / 1s],		train_loss: 6.1120
20:	[0s / 1s],		train_loss: 5.5493
21:	[0s / 1s],		train_loss: 5.5732
22:	[0s / 1s],		train_loss: 5.5366
C-index TRAIN: 0.5667529504956952
C-index TEST : 0.5461562297529508
Fitting deepsurv_vanilla.pt...
0:	[0s / 0s],		train_loss: 5.0105
1:	[0s / 0s],		train_loss: 4.9351
2:	[0s / 0s],		train_loss: 4.9208
3:	[0s / 0s],		train_loss: 4.8859
4:	[0s / 0s],		train_loss: 4.8706
5:	[0s / 0s],		train_loss: 4.8892
6:	[0s / 0s],		train_loss: 4.8655
7:	[0s / 0s],		train_loss: 4.8600
8:	[0s / 0s],		train_loss: 4.8585
9:	[0s / 0s],		train_loss: 4.8200
10:	[0s / 0s],		train_loss: 4.8165
11:	[0s / 1s],		train_loss: 4.8028
12:	[0s / 1s],		train_loss: 4.7879
13:	[0s / 1s],		train_loss: 4.7640
C-index TRAIN: 0.7031755388401348
C-index TEST : 0.5789990954361782
Fitting Cox model...
C-index TRAIN: 0.5942063431489294
C-index TEST : 0.5737720311370273
Evaluating method: knn
Fitting Random Survival Forest model...
C-index TRAIN: 0.7396664107730235
C-index TEST : 0.6664851279065764
Fitting deepsurv_simple.pt...
0:	[0s / 0s],		train_loss: 56.5119
1:	[0s / 0s],		train_loss: 10.3685
2:	[0s / 0s],		train_loss: 8.8819
3:	[0s / 0s],		train_loss: 7.6316
4:	[0s / 0s],		train_loss: 8.2469
5:	[0s / 0s],		train_loss: 9.7069
6:	[0s / 0s],		train_loss: 9.5499
7:	[0s / 0s],		train_loss: 8.7982
8:	[0s / 0s],		train_loss: 7.5142
9:	[0s / 0s],		train_loss: 6.0175
10:	[0s / 0s],		train_loss: 5.0850
11:	[0s / 0s],		train_loss: 6.9516
12:	[0s / 0s],		train_loss: 7.0610
13:	[0s / 0s],		train_loss: 6.2466
14:	[0s / 0s],		train_loss: 5.2989
15:	[0s / 0s],		train_loss: 4.8294
16:	[0s / 0s],		train_loss: 4.8428
17:	[0s / 1s],		train_loss: 4.7489
18:	[0s / 1s],		train_loss: 5.2543
19:	[0s / 1s],		train_loss: 5.3138
20:	[0s / 1s],		train_loss: 7.3238
21:	[0s / 1s],		train_loss: 7.8646
22:	[0s / 1s],		train_loss: 8.6526
C-index TRAIN: 0.6119220996518019
C-index TEST : 0.5846862665927992
Fitting deepsurv_vanilla.pt...
0:	[0s / 0s],		train_loss: 4.9444
1:	[0s / 0s],		train_loss: 4.8368
2:	[0s / 0s],		train_loss: 4.8047
3:	[0s / 0s],		train_loss: 4.7882
4:	[0s / 0s],		train_loss: 4.7923
5:	[0s / 0s],		train_loss: 4.7650
6:	[0s / 0s],		train_loss: 4.7499
7:	[0s / 0s],		train_loss: 4.7815
8:	[0s / 0s],		train_loss: 4.7735
9:	[0s / 0s],		train_loss: 4.7331
10:	[0s / 0s],		train_loss: 4.7252
11:	[0s / 0s],		train_loss: 4.7242
12:	[0s / 1s],		train_loss: 4.7199
13:	[0s / 1s],		train_loss: 4.7142
C-index TRAIN: 0.7007572698124295
C-index TEST : 0.6559089301420071
Fitting Cox model...
C-index TRAIN: 0.714650738522392
C-index TEST : 0.6803884929465932
Evaluating method: imputer_bayesian
Fitting Random Survival Forest model...
C-index TRAIN: 0.7326512261035228
C-index TEST : 0.6675978353067848
Fitting deepsurv_simple.pt...
0:	[0s / 0s],		train_loss: 56.9333
1:	[0s / 0s],		train_loss: 13.0037
2:	[0s / 0s],		train_loss: 9.7904
3:	[0s / 0s],		train_loss: 7.7709
4:	[0s / 0s],		train_loss: 6.3213
5:	[0s / 0s],		train_loss: 5.3868
6:	[0s / 0s],		train_loss: 5.3602
7:	[0s / 0s],		train_loss: 4.9559
8:	[0s / 0s],		train_loss: 5.0072
9:	[0s / 0s],		train_loss: 5.0970
10:	[0s / 0s],		train_loss: 5.7958
11:	[0s / 0s],		train_loss: 5.1674
12:	[0s / 0s],		train_loss: 6.3420
13:	[0s / 0s],		train_loss: 6.4015
14:	[0s / 0s],		train_loss: 5.0673
15:	[0s / 1s],		train_loss: 5.0583
16:	[0s / 1s],		train_loss: 6.0952
17:	[0s / 1s],		train_loss: 6.3371
18:	[0s / 1s],		train_loss: 6.6049
19:	[0s / 1s],		train_loss: 5.8989
20:	[0s / 1s],		train_loss: 5.1378
21:	[0s / 1s],		train_loss: 4.8827
22:	[0s / 1s],		train_loss: 5.0640
C-index TRAIN: 0.6598091616346269
C-index TEST : 0.6186058449220792
Fitting deepsurv_vanilla.pt...
0:	[0s / 0s],		train_loss: 4.8999
1:	[0s / 0s],		train_loss: 4.7808
2:	[0s / 0s],		train_loss: 4.7767
3:	[0s / 0s],		train_loss: 4.7308
4:	[0s / 0s],		train_loss: 4.7275
5:	[0s / 0s],		train_loss: 4.7093
6:	[0s / 0s],		train_loss: 4.6879
7:	[0s / 0s],		train_loss: 4.6974
8:	[0s / 0s],		train_loss: 4.6792
9:	[0s / 0s],		train_loss: 4.7111
10:	[0s / 0s],		train_loss: 4.6765
11:	[0s / 1s],		train_loss: 4.6633
12:	[0s / 1s],		train_loss: 4.6469
13:	[0s / 1s],		train_loss: 4.6496
C-index TRAIN: 0.7240694647500332
C-index TEST : 0.671950070581018
Fitting Cox model...
C-index TRAIN: 0.7265799888701086
C-index TEST : 0.6899067579368433
[fold=1, target=90%] actual NaN%: 90.0%
X_train shape: (5161, 76), X_test shape: (1291, 76)
Generating TabPFN Embeddings...
Successfully generated embeddings with shape: (5161, 192)
Fitting SimpleImputer (mean)...
Fitting SimpleImputer (median)...
Fitting SimpleImputer (constant, fill=-1)...
Fitting KNNImputer...
Fitting IterativeImputer (BayesianRidge, MICE-like)...
Fitting DeepSurv Simple pilot model...
0:	[0s / 0s],		train_loss: 25.0665,	val_loss: 8.5340
1:	[0s / 0s],		train_loss: 8.1318,	val_loss: 9.0388
2:	[0s / 0s],		train_loss: 6.6855,	val_loss: 7.8280
3:	[0s / 0s],		train_loss: 5.8558,	val_loss: 7.3004
4:	[0s / 0s],		train_loss: 5.4862,	val_loss: 7.2205
5:	[0s / 0s],		train_loss: 5.2732,	val_loss: 7.0720
6:	[0s / 0s],		train_loss: 5.0888,	val_loss: 6.9944
7:	[0s / 0s],		train_loss: 5.0178,	val_loss: 6.9295
8:	[0s / 0s],		train_loss: 4.9679,	val_loss: 6.8686
9:	[0s / 0s],		train_loss: 4.9197,	val_loss: 6.8153
10:	[0s / 0s],		train_loss: 4.9601,	val_loss: 6.8348
11:	[0s / 0s],		train_loss: 4.9754,	val_loss: 6.7997
12:	[0s / 0s],		train_loss: 5.2328,	val_loss: 6.9695
13:	[0s / 0s],		train_loss: 5.0392,	val_loss: 6.8529
14:	[0s / 1s],		train_loss: 4.9531,	val_loss: 6.8678
15:	[0s / 1s],		train_loss: 4.9860,	val_loss: 6.7630
16:	[0s / 1s],		train_loss: 4.8962,	val_loss: 6.7741
17:	[0s / 1s],		train_loss: 4.8615,	val_loss: 6.7538
18:	[0s / 1s],		train_loss: 4.8716,	val_loss: 6.7416
19:	[0s / 1s],		train_loss: 4.8294,	val_loss: 6.7819
20:	[0s / 1s],		train_loss: 4.8766,	val_loss: 6.7447
21:	[0s / 1s],		train_loss: 4.8740,	val_loss: 6.7369
22:	[0s / 1s],		train_loss: 4.9571,	val_loss: 7.1803
23:	[0s / 1s],		train_loss: 5.0521,	val_loss: 11.4263
24:	[0s / 1s],		train_loss: 5.1015,	val_loss: 6.8299
25:	[0s / 1s],		train_loss: 4.8636,	val_loss: 6.7489
26:	[0s / 1s],		train_loss: 4.8918,	val_loss: 7.0509
27:	[0s / 1s],		train_loss: 5.0251,	val_loss: 6.7907
28:	[0s / 1s],		train_loss: 4.8760,	val_loss: 7.0040
29:	[0s / 1s],		train_loss: 5.7706,	val_loss: 7.9510
30:	[0s / 2s],		train_loss: 6.0044,	val_loss: 7.5568
31:	[0s / 2s],		train_loss: 5.9821,	val_loss: 7.8992
32:	[0s / 2s],		train_loss: 7.8659,	val_loss: 14.8522
33:	[0s / 2s],		train_loss: 12.9633,	val_loss: 14.2768
34:	[0s / 2s],		train_loss: 11.3023,	val_loss: 13.5311
35:	[0s / 2s],		train_loss: 10.3100,	val_loss: 9.7951
36:	[0s / 2s],		train_loss: 7.0302,	val_loss: 7.9848
37:	[0s / 2s],		train_loss: 6.0729,	val_loss: 7.7806
38:	[0s / 2s],		train_loss: 5.8156,	val_loss: 7.3901
39:	[0s / 2s],		train_loss: 5.4014,	val_loss: 7.1335
40:	[0s / 2s],		train_loss: 5.1306,	val_loss: 7.0059
41:	[0s / 2s],		train_loss: 5.1586,	val_loss: 6.8599
Saved fixed_epochs=22 → nan/tabpfn/OrmoniTirodei/nan_percentage0.9/seed123/fold1/fixed_epochs_deepsurv_simple.json
Fitting DeepSurv Vanilla pilot model...
0:	[0s / 0s],		train_loss: 4.9689,	val_loss: 7.1668
1:	[0s / 0s],		train_loss: 4.9529,	val_loss: 6.8586
2:	[0s / 0s],		train_loss: 4.9086,	val_loss: 6.8078
3:	[0s / 0s],		train_loss: 4.8915,	val_loss: 6.7986
4:	[0s / 0s],		train_loss: 4.8977,	val_loss: 6.7844
5:	[0s / 0s],		train_loss: 4.8478,	val_loss: 6.7669
6:	[0s / 0s],		train_loss: 4.8707,	val_loss: 6.7800
7:	[0s / 0s],		train_loss: 4.8776,	val_loss: 6.7680
8:	[0s / 0s],		train_loss: 4.8585,	val_loss: 6.7726
9:	[0s / 0s],		train_loss: 4.8635,	val_loss: 6.7860
10:	[0s / 0s],		train_loss: 4.8697,	val_loss: 6.7774
11:	[0s / 1s],		train_loss: 4.8511,	val_loss: 6.7373
12:	[0s / 1s],		train_loss: 4.8559,	val_loss: 6.7567
13:	[0s / 1s],		train_loss: 4.8486,	val_loss: 6.7593
14:	[0s / 1s],		train_loss: 4.8578,	val_loss: 6.7530
15:	[0s / 1s],		train_loss: 4.8385,	val_loss: 6.7497
16:	[0s / 1s],		train_loss: 4.8409,	val_loss: 6.7376
17:	[0s / 1s],		train_loss: 4.8275,	val_loss: 6.7490
18:	[0s / 1s],		train_loss: 4.8404,	val_loss: 6.7779
19:	[0s / 1s],		train_loss: 4.8254,	val_loss: 34.7970
20:	[0s / 1s],		train_loss: 4.8369,	val_loss: 6.7909
21:	[0s / 1s],		train_loss: 4.8655,	val_loss: 6.7559
22:	[0s / 1s],		train_loss: 4.8397,	val_loss: 6.7547
23:	[0s / 2s],		train_loss: 4.8297,	val_loss: 6.7422
24:	[0s / 2s],		train_loss: 4.8169,	val_loss: 6.7578
25:	[0s / 2s],		train_loss: 4.8103,	val_loss: 6.7434
26:	[0s / 2s],		train_loss: 4.8270,	val_loss: 6.7346
27:	[0s / 2s],		train_loss: 4.8115,	val_loss: 6.7671
28:	[0s / 2s],		train_loss: 4.8149,	val_loss: 6.7421
29:	[0s / 2s],		train_loss: 4.8114,	val_loss: 6.7419
30:	[0s / 2s],		train_loss: 4.8248,	val_loss: 6.7263
31:	[0s / 2s],		train_loss: 4.8120,	val_loss: 6.7314
32:	[0s / 2s],		train_loss: 4.7884,	val_loss: 6.7400
33:	[0s / 2s],		train_loss: 4.8185,	val_loss: 6.7459
34:	[0s / 3s],		train_loss: 4.8086,	val_loss: 6.7861
35:	[0s / 3s],		train_loss: 4.8306,	val_loss: 6.7296
36:	[0s / 3s],		train_loss: 4.7943,	val_loss: 6.7373
37:	[0s / 3s],		train_loss: 4.7947,	val_loss: 6.7130
38:	[0s / 3s],		train_loss: 4.8188,	val_loss: 6.7312
39:	[0s / 3s],		train_loss: 4.8076,	val_loss: 6.7221
40:	[0s / 3s],		train_loss: 4.7972,	val_loss: 6.7712
41:	[0s / 3s],		train_loss: 4.8302,	val_loss: 6.7445
42:	[0s / 3s],		train_loss: 4.8084,	val_loss: 6.7329
43:	[0s / 3s],		train_loss: 4.7873,	val_loss: 6.7383
44:	[0s / 3s],		train_loss: 4.7779,	val_loss: 6.7271
45:	[0s / 3s],		train_loss: 4.7784,	val_loss: 6.7275
46:	[0s / 4s],		train_loss: 4.7855,	val_loss: 77.5422
47:	[0s / 4s],		train_loss: 4.7822,	val_loss: 43.4968
48:	[0s / 4s],		train_loss: 4.7992,	val_loss: 54.1565
49:	[0s / 4s],		train_loss: 4.8042,	val_loss: 23.5427
50:	[0s / 4s],		train_loss: 4.8063,	val_loss: 44.4372
51:	[0s / 4s],		train_loss: 4.8008,	val_loss: 85.9122
52:	[0s / 4s],		train_loss: 4.7774,	val_loss: 132.1357
53:	[0s / 4s],		train_loss: 4.7711,	val_loss: 35.6564
54:	[0s / 4s],		train_loss: 4.7760,	val_loss: 93.6269
55:	[0s / 4s],		train_loss: 4.7763,	val_loss: 91.0622
56:	[0s / 4s],		train_loss: 4.7837,	val_loss: 125.5641
57:	[0s / 4s],		train_loss: 4.8019,	val_loss: 205.0807
Saved fixed_epochs=38 → nan/tabpfn/OrmoniTirodei/nan_percentage0.9/seed123/fold1/fixed_epochs_deepsurv_vanilla.json
Evaluating method: embeddings
Fitting Random Survival Forest model...
C-index TRAIN: 0.91529231896698
C-index TEST : 0.5464347978503307
Fitting deepsurv_simple.pt...
0:	[0s / 0s],		train_loss: 3.5530
1:	[0s / 0s],		train_loss: 3.3261
2:	[0s / 0s],		train_loss: 3.3222
3:	[0s / 0s],		train_loss: 3.3159
4:	[0s / 0s],		train_loss: 3.3114
5:	[0s / 0s],		train_loss: 3.3069
6:	[0s / 0s],		train_loss: 3.3019
7:	[0s / 0s],		train_loss: 3.3011
8:	[0s / 0s],		train_loss: 3.2919
9:	[0s / 0s],		train_loss: 3.3023
10:	[0s / 0s],		train_loss: 3.3169
11:	[0s / 0s],		train_loss: 3.2993
12:	[0s / 0s],		train_loss: 3.3131
13:	[0s / 0s],		train_loss: 3.2922
14:	[0s / 0s],		train_loss: 3.3061
15:	[0s / 0s],		train_loss: 3.2928
16:	[0s / 1s],		train_loss: 3.2854
17:	[0s / 1s],		train_loss: 3.3050
18:	[0s / 1s],		train_loss: 3.3068
19:	[0s / 1s],		train_loss: 3.3002
20:	[0s / 1s],		train_loss: 3.2807
21:	[0s / 1s],		train_loss: 3.2994
C-index TRAIN: 0.9011214366007444
C-index TEST : 0.547824508358608
Fitting deepsurv_vanilla.pt...
0:	[0s / 0s],		train_loss: 3.4873
1:	[0s / 0s],		train_loss: 3.3307
2:	[0s / 0s],		train_loss: 3.3407
3:	[0s / 0s],		train_loss: 3.3161
4:	[0s / 0s],		train_loss: 3.3129
5:	[0s / 0s],		train_loss: 3.3249
6:	[0s / 0s],		train_loss: 3.3173
7:	[0s / 0s],		train_loss: 3.3121
8:	[0s / 0s],		train_loss: 3.3297
9:	[0s / 0s],		train_loss: 3.3115
10:	[0s / 0s],		train_loss: 3.3165
11:	[0s / 0s],		train_loss: 3.3097
12:	[0s / 1s],		train_loss: 3.2936
13:	[0s / 1s],		train_loss: 3.3083
14:	[0s / 1s],		train_loss: 3.3034
15:	[0s / 1s],		train_loss: 3.2859
16:	[0s / 1s],		train_loss: 3.3041
17:	[0s / 1s],		train_loss: 3.2934
18:	[0s / 1s],		train_loss: 3.2821
19:	[0s / 1s],		train_loss: 3.3068
20:	[0s / 1s],		train_loss: 3.2778
21:	[0s / 1s],		train_loss: 3.3026
22:	[0s / 1s],		train_loss: 3.2932
23:	[0s / 1s],		train_loss: 3.2930
24:	[0s / 2s],		train_loss: 3.2945
25:	[0s / 2s],		train_loss: 3.2981
26:	[0s / 2s],		train_loss: 3.2902
27:	[0s / 2s],		train_loss: 3.2993
28:	[0s / 2s],		train_loss: 3.3076
29:	[0s / 2s],		train_loss: 3.2924
30:	[0s / 2s],		train_loss: 3.2904
31:	[0s / 2s],		train_loss: 3.2980
32:	[0s / 2s],		train_loss: 3.2890
33:	[0s / 2s],		train_loss: 3.2875
34:	[0s / 2s],		train_loss: 3.2838
35:	[0s / 2s],		train_loss: 3.2787
36:	[0s / 3s],		train_loss: 3.2766
37:	[0s / 3s],		train_loss: 3.2946
C-index TRAIN: 0.902869652076036
C-index TEST : 0.41652503513401
Fitting Cox model...
C-index TRAIN: 0.9004952875802416
C-index TEST : 0.5482001057932774
Evaluating method: mean
Fitting Random Survival Forest model...
C-index TRAIN: 0.6789419971115634
C-index TEST : 0.5780820116998601
Fitting deepsurv_simple.pt...
0:	[0s / 0s],		train_loss: 18.0570
1:	[0s / 0s],		train_loss: 6.6313
2:	[0s / 0s],		train_loss: 6.0205
3:	[0s / 0s],		train_loss: 5.9153
4:	[0s / 0s],		train_loss: 5.6228
5:	[0s / 0s],		train_loss: 5.1686
6:	[0s / 0s],		train_loss: 5.1466
7:	[0s / 0s],		train_loss: 5.0138
8:	[0s / 0s],		train_loss: 4.9031
9:	[0s / 0s],		train_loss: 4.8950
10:	[0s / 0s],		train_loss: 5.0575
11:	[0s / 0s],		train_loss: 4.8850
12:	[0s / 0s],		train_loss: 4.8522
13:	[0s / 0s],		train_loss: 4.8242
14:	[0s / 0s],		train_loss: 4.9990
15:	[0s / 0s],		train_loss: 5.3080
16:	[0s / 1s],		train_loss: 5.6163
17:	[0s / 1s],		train_loss: 6.2294
18:	[0s / 1s],		train_loss: 5.4223
19:	[0s / 1s],		train_loss: 5.0758
20:	[0s / 1s],		train_loss: 6.4835
21:	[0s / 1s],		train_loss: 5.6202
C-index TRAIN: 0.6059051410169105
C-index TEST : 0.5838380423861705
Fitting deepsurv_vanilla.pt...
0:	[0s / 0s],		train_loss: 5.0228
1:	[0s / 0s],		train_loss: 4.9244
2:	[0s / 0s],		train_loss: 4.9036
3:	[0s / 0s],		train_loss: 4.8948
4:	[0s / 0s],		train_loss: 4.8813
5:	[0s / 0s],		train_loss: 4.8832
6:	[0s / 0s],		train_loss: 4.8433
7:	[0s / 0s],		train_loss: 4.8724
8:	[0s / 0s],		train_loss: 4.8767
9:	[0s / 0s],		train_loss: 4.8530
10:	[0s / 0s],		train_loss: 4.8609
11:	[0s / 1s],		train_loss: 4.8521
12:	[0s / 1s],		train_loss: 4.8556
13:	[0s / 1s],		train_loss: 4.8465
14:	[0s / 1s],		train_loss: 4.8224
15:	[0s / 1s],		train_loss: 4.8312
16:	[0s / 1s],		train_loss: 4.8637
17:	[0s / 1s],		train_loss: 4.8567
18:	[0s / 1s],		train_loss: 4.8165
19:	[0s / 1s],		train_loss: 4.8392
20:	[0s / 1s],		train_loss: 4.8379
21:	[0s / 1s],		train_loss: 4.8311
22:	[0s / 1s],		train_loss: 4.8164
23:	[0s / 2s],		train_loss: 4.8197
24:	[0s / 2s],		train_loss: 4.8163
25:	[0s / 2s],		train_loss: 4.8225
26:	[0s / 2s],		train_loss: 4.8263
27:	[0s / 2s],		train_loss: 4.8142
28:	[0s / 2s],		train_loss: 4.7957
29:	[0s / 2s],		train_loss: 4.8364
30:	[0s / 2s],		train_loss: 4.8178
31:	[0s / 2s],		train_loss: 4.7977
32:	[0s / 2s],		train_loss: 4.8016
33:	[0s / 2s],		train_loss: 4.8061
34:	[0s / 2s],		train_loss: 4.8115
35:	[0s / 3s],		train_loss: 4.7798
36:	[0s / 3s],		train_loss: 4.7949
37:	[0s / 3s],		train_loss: 4.7949
C-index TRAIN: 0.6523240873229647
C-index TEST : 0.6227499366179329
Fitting Cox model...
C-index TRAIN: 0.6514709129697321
C-index TEST : 0.6238986387722972
Evaluating method: median
Fitting Random Survival Forest model...
C-index TRAIN: 0.6684615963169099
C-index TEST : 0.5836079889574354
Fitting deepsurv_simple.pt...
0:	[0s / 0s],		train_loss: 68.2469
1:	[0s / 0s],		train_loss: 8.4781
2:	[0s / 0s],		train_loss: 5.5685
3:	[0s / 0s],		train_loss: 5.5711
4:	[0s / 0s],		train_loss: 5.4344
5:	[0s / 0s],		train_loss: 5.3717
6:	[0s / 0s],		train_loss: 5.3454
7:	[0s / 0s],		train_loss: 5.3073
8:	[0s / 0s],		train_loss: 5.2580
9:	[0s / 0s],		train_loss: 5.1579
10:	[0s / 0s],		train_loss: 5.0712
11:	[0s / 0s],		train_loss: 5.7214
12:	[0s / 0s],		train_loss: 6.9025
13:	[0s / 0s],		train_loss: 5.7423
14:	[0s / 0s],		train_loss: 5.5711
15:	[0s / 0s],		train_loss: 5.4658
16:	[0s / 1s],		train_loss: 5.5513
17:	[0s / 1s],		train_loss: 5.6420
18:	[0s / 1s],		train_loss: 5.5546
19:	[0s / 1s],		train_loss: 5.6576
20:	[0s / 1s],		train_loss: 5.4808
21:	[0s / 1s],		train_loss: 5.8970
C-index TRAIN: 0.6338577856258415
C-index TEST : 0.6051438068677991
Fitting deepsurv_vanilla.pt...
0:	[0s / 0s],		train_loss: 5.0549
1:	[0s / 0s],		train_loss: 4.9636
2:	[0s / 0s],		train_loss: 4.9490
3:	[0s / 0s],		train_loss: 4.9347
4:	[0s / 0s],		train_loss: 4.9010
5:	[0s / 0s],		train_loss: 4.8741
6:	[0s / 0s],		train_loss: 4.9155
7:	[0s / 0s],		train_loss: 4.9085
8:	[0s / 0s],		train_loss: 4.8667
9:	[0s / 0s],		train_loss: 4.8714
10:	[0s / 0s],		train_loss: 4.8411
11:	[0s / 1s],		train_loss: 4.8428
12:	[0s / 1s],		train_loss: 4.8656
13:	[0s / 1s],		train_loss: 4.8339
14:	[0s / 1s],		train_loss: 4.8429
15:	[0s / 1s],		train_loss: 4.8337
16:	[0s / 1s],		train_loss: 4.8117
17:	[0s / 1s],		train_loss: 4.8343
18:	[0s / 1s],		train_loss: 4.8314
19:	[0s / 1s],		train_loss: 4.7982
20:	[0s / 1s],		train_loss: 4.8296
21:	[0s / 1s],		train_loss: 4.8251
22:	[0s / 1s],		train_loss: 4.8171
23:	[0s / 2s],		train_loss: 4.8113
24:	[0s / 2s],		train_loss: 4.8086
25:	[0s / 2s],		train_loss: 4.8159
26:	[0s / 2s],		train_loss: 4.8084
27:	[0s / 2s],		train_loss: 4.8252
28:	[0s / 2s],		train_loss: 4.8141
29:	[0s / 2s],		train_loss: 4.8013
30:	[0s / 2s],		train_loss: 4.8090
31:	[0s / 2s],		train_loss: 4.7777
32:	[0s / 2s],		train_loss: 4.8061
33:	[0s / 2s],		train_loss: 4.8096
34:	[0s / 2s],		train_loss: 4.8254
35:	[0s / 2s],		train_loss: 4.7980
36:	[0s / 3s],		train_loss: 4.8137
37:	[0s / 3s],		train_loss: 4.7870
C-index TRAIN: 0.6527304358071283
C-index TEST : 0.6129421486051251
Fitting Cox model...
C-index TRAIN: 0.6498156935915685
C-index TEST : 0.6146151221787155
Evaluating method: constant
Fitting Random Survival Forest model...
C-index TRAIN: 0.6710926263357537
C-index TEST : 0.5698564278805975
Fitting deepsurv_simple.pt...
0:	[0s / 0s],		train_loss: 63.9641
1:	[0s / 0s],		train_loss: 11.6810
2:	[0s / 0s],		train_loss: 6.8006
3:	[0s / 0s],		train_loss: 5.8730
4:	[0s / 0s],		train_loss: 5.6125
5:	[0s / 0s],		train_loss: 5.5250
6:	[0s / 0s],		train_loss: 5.4570
7:	[0s / 0s],		train_loss: 5.3782
8:	[0s / 0s],		train_loss: 5.2970
9:	[0s / 0s],		train_loss: 5.3321
10:	[0s / 0s],		train_loss: 5.2416
11:	[0s / 0s],		train_loss: 5.2662
12:	[0s / 0s],		train_loss: 5.1541
13:	[0s / 0s],		train_loss: 5.1666
14:	[0s / 0s],		train_loss: 5.1399
15:	[0s / 0s],		train_loss: 5.0533
16:	[0s / 0s],		train_loss: 5.0272
17:	[0s / 1s],		train_loss: 5.1321
18:	[0s / 1s],		train_loss: 5.1321
19:	[0s / 1s],		train_loss: 5.2805
20:	[0s / 1s],		train_loss: 5.3385
21:	[0s / 1s],		train_loss: 5.2970
C-index TRAIN: 0.5424386392485027
C-index TEST : 0.5264858791014457
Fitting deepsurv_vanilla.pt...
0:	[0s / 0s],		train_loss: 5.0482
1:	[0s / 0s],		train_loss: 4.9764
2:	[0s / 0s],		train_loss: 4.9324
3:	[0s / 0s],		train_loss: 4.9253
4:	[0s / 0s],		train_loss: 4.9214
5:	[0s / 0s],		train_loss: 4.9130
6:	[0s / 0s],		train_loss: 4.9034
7:	[0s / 0s],		train_loss: 4.9115
8:	[0s / 0s],		train_loss: 4.8865
9:	[0s / 0s],		train_loss: 4.9071
10:	[0s / 0s],		train_loss: 4.8883
11:	[0s / 1s],		train_loss: 4.8904
12:	[0s / 1s],		train_loss: 4.8634
13:	[0s / 1s],		train_loss: 4.8748
14:	[0s / 1s],		train_loss: 4.8467
15:	[0s / 1s],		train_loss: 4.8638
16:	[0s / 1s],		train_loss: 4.8523
17:	[0s / 1s],		train_loss: 4.8599
18:	[0s / 1s],		train_loss: 4.8446
19:	[0s / 1s],		train_loss: 4.8287
20:	[0s / 1s],		train_loss: 4.8358
21:	[0s / 1s],		train_loss: 4.8420
22:	[0s / 1s],		train_loss: 4.8312
23:	[0s / 2s],		train_loss: 4.8101
24:	[0s / 2s],		train_loss: 4.8234
25:	[0s / 2s],		train_loss: 4.8122
26:	[0s / 2s],		train_loss: 4.8120
27:	[0s / 2s],		train_loss: 4.7873
28:	[0s / 2s],		train_loss: 4.7484
29:	[0s / 2s],		train_loss: 4.7996
30:	[0s / 2s],		train_loss: 4.7737
31:	[0s / 2s],		train_loss: 4.7638
32:	[0s / 2s],		train_loss: 4.7796
33:	[0s / 2s],		train_loss: 4.7339
34:	[0s / 2s],		train_loss: 4.7520
35:	[0s / 3s],		train_loss: 4.7543
36:	[0s / 3s],		train_loss: 4.7536
37:	[0s / 3s],		train_loss: 4.7433
C-index TRAIN: 0.6885902495629924
C-index TEST : 0.5232291363449988
Fitting Cox model...
C-index TRAIN: 0.5795473238983667
C-index TEST : 0.5299742402759389
Evaluating method: knn
Fitting Random Survival Forest model...
C-index TRAIN: 0.697935060566024
C-index TEST : 0.588323301751849
Fitting deepsurv_simple.pt...
0:	[0s / 0s],		train_loss: 52.6617
1:	[0s / 0s],		train_loss: 13.1012
2:	[0s / 0s],		train_loss: 10.3320
3:	[0s / 0s],		train_loss: 7.2669
4:	[0s / 0s],		train_loss: 6.3601
5:	[0s / 0s],		train_loss: 6.4736
6:	[0s / 0s],		train_loss: 5.1747
7:	[0s / 0s],		train_loss: 5.4549
8:	[0s / 0s],		train_loss: 5.4721
9:	[0s / 0s],		train_loss: 4.9733
10:	[0s / 0s],		train_loss: 4.9531
11:	[0s / 0s],		train_loss: 5.0831
12:	[0s / 0s],		train_loss: 5.0362
13:	[0s / 0s],		train_loss: 5.4418
14:	[0s / 0s],		train_loss: 6.0178
15:	[0s / 0s],		train_loss: 7.5599
16:	[0s / 0s],		train_loss: 6.2317
17:	[0s / 1s],		train_loss: 8.0909
18:	[0s / 1s],		train_loss: 10.8992
19:	[0s / 1s],		train_loss: 9.5221
20:	[0s / 1s],		train_loss: 7.3655
21:	[0s / 1s],		train_loss: 8.4744
C-index TRAIN: 0.553327518915999
C-index TEST : 0.5701850756359335
Fitting deepsurv_vanilla.pt...
0:	[0s / 0s],		train_loss: 5.0062
1:	[0s / 0s],		train_loss: 4.9409
2:	[0s / 0s],		train_loss: 4.9323
3:	[0s / 0s],		train_loss: 4.9103
4:	[0s / 0s],		train_loss: 4.8991
5:	[0s / 0s],		train_loss: 4.9055
6:	[0s / 0s],		train_loss: 4.9123
7:	[0s / 0s],		train_loss: 4.9000
8:	[0s / 0s],		train_loss: 4.8827
9:	[0s / 0s],		train_loss: 4.8847
10:	[0s / 0s],		train_loss: 4.9266
11:	[0s / 1s],		train_loss: 4.8994
12:	[0s / 1s],		train_loss: 4.9007
13:	[0s / 1s],		train_loss: 4.8923
14:	[0s / 1s],		train_loss: 4.8925
15:	[0s / 1s],		train_loss: 4.8738
16:	[0s / 1s],		train_loss: 4.8757
17:	[0s / 1s],		train_loss: 4.8892
18:	[0s / 1s],		train_loss: 4.8837
19:	[0s / 1s],		train_loss: 4.8595
20:	[0s / 1s],		train_loss: 4.8685
21:	[0s / 1s],		train_loss: 4.8707
22:	[0s / 1s],		train_loss: 4.8595
23:	[0s / 2s],		train_loss: 4.8717
24:	[0s / 2s],		train_loss: 4.8623
25:	[0s / 2s],		train_loss: 4.8665
26:	[0s / 2s],		train_loss: 4.8451
27:	[0s / 2s],		train_loss: 4.8532
28:	[0s / 2s],		train_loss: 4.8500
29:	[0s / 2s],		train_loss: 4.8523
30:	[0s / 2s],		train_loss: 4.8562
31:	[0s / 2s],		train_loss: 4.8490
32:	[0s / 2s],		train_loss: 4.8531
33:	[0s / 2s],		train_loss: 4.8542
34:	[0s / 2s],		train_loss: 4.8567
35:	[0s / 3s],		train_loss: 4.8518
36:	[0s / 3s],		train_loss: 4.8487
37:	[0s / 3s],		train_loss: 4.8345
C-index TRAIN: 0.6248829212482373
C-index TEST : 0.561718483462758
Fitting Cox model...
C-index TRAIN: 0.6207405193998751
C-index TEST : 0.586579903659258
Evaluating method: imputer_bayesian
Fitting Random Survival Forest model...
C-index TRAIN: 0.6540043156117106
C-index TEST : 0.5776516396393012
Fitting deepsurv_simple.pt...
0:	[0s / 0s],		train_loss: 29.8421
1:	[0s / 0s],		train_loss: 8.6451
2:	[0s / 0s],		train_loss: 7.9327
3:	[0s / 0s],		train_loss: 9.0040
4:	[0s / 0s],		train_loss: 9.4543
5:	[0s / 0s],		train_loss: 8.6688
6:	[0s / 0s],		train_loss: 5.8508
7:	[0s / 0s],		train_loss: 5.3239
8:	[0s / 0s],		train_loss: 5.1657
9:	[0s / 0s],		train_loss: 5.0872
10:	[0s / 0s],		train_loss: 4.9555
11:	[0s / 0s],		train_loss: 4.8700
12:	[0s / 0s],		train_loss: 4.8602
13:	[0s / 0s],		train_loss: 4.9273
14:	[0s / 0s],		train_loss: 4.9393
15:	[0s / 0s],		train_loss: 4.8622
16:	[0s / 0s],		train_loss: 4.9622
17:	[0s / 1s],		train_loss: 5.1248
18:	[0s / 1s],		train_loss: 5.0054
19:	[0s / 1s],		train_loss: 5.0727
20:	[0s / 1s],		train_loss: 8.3037
21:	[0s / 1s],		train_loss: 7.8686
C-index TRAIN: 0.540411528107422
C-index TEST : 0.535586291945626
Fitting deepsurv_vanilla.pt...
0:	[0s / 0s],		train_loss: 5.0517
1:	[0s / 0s],		train_loss: 4.9562
2:	[0s / 0s],		train_loss: 4.9310
3:	[0s / 0s],		train_loss: 4.8976
4:	[0s / 0s],		train_loss: 4.8870
5:	[0s / 0s],		train_loss: 4.9211
6:	[0s / 0s],		train_loss: 4.8850
7:	[0s / 0s],		train_loss: 4.8712
8:	[0s / 0s],		train_loss: 4.8656
9:	[0s / 0s],		train_loss: 4.8504
10:	[0s / 0s],		train_loss: 4.8616
11:	[0s / 1s],		train_loss: 4.8407
12:	[0s / 1s],		train_loss: 4.8409
13:	[0s / 1s],		train_loss: 4.8260
14:	[0s / 1s],		train_loss: 4.8616
15:	[0s / 1s],		train_loss: 4.8647
16:	[0s / 1s],		train_loss: 4.8458
17:	[0s / 1s],		train_loss: 4.8490
18:	[0s / 1s],		train_loss: 4.8419
19:	[0s / 1s],		train_loss: 4.8356
20:	[0s / 1s],		train_loss: 4.8462
21:	[0s / 1s],		train_loss: 4.8316
22:	[0s / 1s],		train_loss: 4.8293
23:	[0s / 2s],		train_loss: 4.8488
24:	[0s / 2s],		train_loss: 4.8193
25:	[0s / 2s],		train_loss: 4.8390
26:	[0s / 2s],		train_loss: 4.8401
27:	[0s / 2s],		train_loss: 4.8185
28:	[0s / 2s],		train_loss: 4.8252
29:	[0s / 2s],		train_loss: 4.8208
30:	[0s / 2s],		train_loss: 4.8231
31:	[0s / 2s],		train_loss: 4.8082
32:	[0s / 2s],		train_loss: 4.7985
33:	[0s / 2s],		train_loss: 4.8238
34:	[0s / 2s],		train_loss: 4.8303
35:	[0s / 3s],		train_loss: 4.8110
36:	[0s / 3s],		train_loss: 4.7987
37:	[0s / 3s],		train_loss: 4.8036
C-index TRAIN: 0.6490320810599924
C-index TEST : 0.6114413238557581
Fitting Cox model...
C-index TRAIN: 0.6497186219682717
C-index TEST : 0.6152379879245424
Generating NaN ordering → tmp/masks/OrmoniTirodei_tabpfn_seed123_fold2_train.npy
Generating NaN ordering → tmp/masks/OrmoniTirodei_tabpfn_seed123_fold2_test.npy
[fold=2, target=10%] actual NaN%: 10.0%
X_train shape: (5161, 76), X_test shape: (1291, 76)
Generating TabPFN Embeddings...
Successfully generated embeddings with shape: (5161, 192)
Fitting SimpleImputer (mean)...
Fitting SimpleImputer (median)...
Fitting SimpleImputer (constant, fill=-1)...
Fitting KNNImputer...
Fitting IterativeImputer (BayesianRidge, MICE-like)...
Fitting DeepSurv Simple pilot model...
0:	[0s / 0s],		train_loss: 183.3843,	val_loss: 24.5841
1:	[0s / 0s],		train_loss: 17.4615,	val_loss: 18.4215
2:	[0s / 0s],		train_loss: 13.2880,	val_loss: 14.2375
3:	[0s / 0s],		train_loss: 10.7689,	val_loss: 12.6693
4:	[0s / 0s],		train_loss: 9.4784,	val_loss: 11.2079
5:	[0s / 0s],		train_loss: 8.0190,	val_loss: 9.7307
6:	[0s / 0s],		train_loss: 7.6922,	val_loss: 10.1501
7:	[0s / 0s],		train_loss: 7.3075,	val_loss: 8.7836
8:	[0s / 0s],		train_loss: 5.9499,	val_loss: 7.2287
9:	[0s / 0s],		train_loss: 5.1043,	val_loss: 7.0722
10:	[0s / 0s],		train_loss: 5.2727,	val_loss: 7.1765
11:	[0s / 0s],		train_loss: 4.9155,	val_loss: 6.9625
12:	[0s / 0s],		train_loss: 4.8273,	val_loss: 6.7530
13:	[0s / 0s],		train_loss: 4.7349,	val_loss: 6.6934
14:	[0s / 0s],		train_loss: 4.9728,	val_loss: 6.8392
15:	[0s / 1s],		train_loss: 5.5261,	val_loss: 8.0234
16:	[0s / 1s],		train_loss: 6.6985,	val_loss: 8.1958
17:	[0s / 1s],		train_loss: 5.1753,	val_loss: 7.0915
18:	[0s / 1s],		train_loss: 5.7000,	val_loss: 8.0354
19:	[0s / 1s],		train_loss: 5.3186,	val_loss: 6.5571
20:	[0s / 1s],		train_loss: 4.9319,	val_loss: 7.1180
21:	[0s / 1s],		train_loss: 4.9075,	val_loss: 6.7315
22:	[0s / 1s],		train_loss: 4.8490,	val_loss: 6.8307
23:	[0s / 1s],		train_loss: 5.0258,	val_loss: 6.8828
24:	[0s / 1s],		train_loss: 4.7550,	val_loss: 6.6143
25:	[0s / 1s],		train_loss: 5.3770,	val_loss: 6.9258
26:	[0s / 1s],		train_loss: 5.3540,	val_loss: 7.9436
27:	[0s / 1s],		train_loss: 5.4602,	val_loss: 7.3533
28:	[0s / 1s],		train_loss: 5.2828,	val_loss: 7.0203
29:	[0s / 1s],		train_loss: 5.0627,	val_loss: 7.9381
30:	[0s / 2s],		train_loss: 5.5481,	val_loss: 8.5230
31:	[0s / 2s],		train_loss: 7.4706,	val_loss: 11.1517
32:	[0s / 2s],		train_loss: 9.0439,	val_loss: 9.9396
33:	[0s / 2s],		train_loss: 6.9795,	val_loss: 9.8074
34:	[0s / 2s],		train_loss: 6.5486,	val_loss: 8.1602
35:	[0s / 2s],		train_loss: 5.6319,	val_loss: 7.7498
36:	[0s / 2s],		train_loss: 5.1168,	val_loss: 6.7646
37:	[0s / 2s],		train_loss: 4.7032,	val_loss: 6.6662
38:	[0s / 2s],		train_loss: 5.3403,	val_loss: 7.7141
39:	[0s / 2s],		train_loss: 5.7223,	val_loss: 7.3107
Saved fixed_epochs=20 → nan/tabpfn/OrmoniTirodei/nan_percentage0.1/seed123/fold2/fixed_epochs_deepsurv_simple.json
Fitting DeepSurv Vanilla pilot model...
0:	[0s / 0s],		train_loss: 4.8828,	val_loss: 6.6082
1:	[0s / 0s],		train_loss: 4.6151,	val_loss: 6.4337
2:	[0s / 0s],		train_loss: 4.5881,	val_loss: 6.3794
3:	[0s / 0s],		train_loss: 4.5076,	val_loss: 6.3596
4:	[0s / 0s],		train_loss: 4.4774,	val_loss: 6.3549
5:	[0s / 0s],		train_loss: 4.4453,	val_loss: 6.4216
6:	[0s / 0s],		train_loss: 4.4771,	val_loss: 6.3586
7:	[0s / 0s],		train_loss: 4.4766,	val_loss: 6.3517
8:	[0s / 0s],		train_loss: 4.4379,	val_loss: 6.3393
9:	[0s / 0s],		train_loss: 4.4560,	val_loss: 6.3593
10:	[0s / 1s],		train_loss: 4.4423,	val_loss: 6.3239
11:	[0s / 1s],		train_loss: 4.4112,	val_loss: 6.3226
12:	[0s / 1s],		train_loss: 4.4193,	val_loss: 6.3235
13:	[0s / 1s],		train_loss: 4.4028,	val_loss: 6.3419
14:	[0s / 1s],		train_loss: 4.4240,	val_loss: 6.3198
15:	[0s / 1s],		train_loss: 4.3984,	val_loss: 6.3522
16:	[0s / 1s],		train_loss: 4.3776,	val_loss: 6.3413
17:	[0s / 1s],		train_loss: 4.4048,	val_loss: 6.3313
18:	[0s / 1s],		train_loss: 4.4153,	val_loss: 6.3190
19:	[0s / 1s],		train_loss: 4.3964,	val_loss: 6.3289
20:	[0s / 1s],		train_loss: 4.3885,	val_loss: 6.3447
21:	[0s / 1s],		train_loss: 4.4086,	val_loss: 6.3990
22:	[0s / 2s],		train_loss: 4.3857,	val_loss: 6.3187
23:	[0s / 2s],		train_loss: 4.4062,	val_loss: 6.3130
24:	[0s / 2s],		train_loss: 4.3764,	val_loss: 6.3142
25:	[0s / 2s],		train_loss: 4.3796,	val_loss: 6.3185
26:	[0s / 2s],		train_loss: 4.3573,	val_loss: 6.3262
27:	[0s / 2s],		train_loss: 4.3619,	val_loss: 6.4602
28:	[0s / 2s],		train_loss: 4.3588,	val_loss: 6.4235
29:	[0s / 2s],		train_loss: 4.3798,	val_loss: 6.4160
30:	[0s / 2s],		train_loss: 4.3295,	val_loss: 6.4004
31:	[0s / 2s],		train_loss: 4.3948,	val_loss: 6.4638
32:	[0s / 2s],		train_loss: 4.3862,	val_loss: 6.4313
33:	[0s / 3s],		train_loss: 4.3715,	val_loss: 6.4100
34:	[0s / 3s],		train_loss: 4.3629,	val_loss: 6.4400
35:	[0s / 3s],		train_loss: 4.3529,	val_loss: 6.4238
36:	[0s / 3s],		train_loss: 4.3554,	val_loss: 6.4407
37:	[0s / 3s],		train_loss: 4.3231,	val_loss: 6.3963
38:	[0s / 3s],		train_loss: 4.3433,	val_loss: 6.4144
39:	[0s / 3s],		train_loss: 4.3534,	val_loss: 9.3110
40:	[0s / 3s],		train_loss: 4.3428,	val_loss: 6.4081
41:	[0s / 3s],		train_loss: 4.3485,	val_loss: 6.4329
42:	[0s / 3s],		train_loss: 4.3230,	val_loss: 6.3801
43:	[0s / 4s],		train_loss: 4.3724,	val_loss: 6.3880
Saved fixed_epochs=24 → nan/tabpfn/OrmoniTirodei/nan_percentage0.1/seed123/fold2/fixed_epochs_deepsurv_vanilla.json
Evaluating method: embeddings
Fitting Random Survival Forest model...
C-index TRAIN: 0.9224469259585024
C-index TEST : 0.7669061080730374
Fitting deepsurv_simple.pt...
0:	[0s / 0s],		train_loss: 3.5932
1:	[0s / 0s],		train_loss: 3.2943
2:	[0s / 0s],		train_loss: 3.2865
3:	[0s / 0s],		train_loss: 3.2618
4:	[0s / 0s],		train_loss: 3.2446
5:	[0s / 0s],		train_loss: 3.2427
6:	[0s / 0s],		train_loss: 3.2504
7:	[0s / 0s],		train_loss: 3.2523
8:	[0s / 0s],		train_loss: 3.2463
9:	[0s / 0s],		train_loss: 3.2502
10:	[0s / 0s],		train_loss: 3.2425
11:	[0s / 0s],		train_loss: 3.2357
12:	[0s / 0s],		train_loss: 3.2249
13:	[0s / 0s],		train_loss: 3.2161
14:	[0s / 0s],		train_loss: 3.2365
15:	[0s / 1s],		train_loss: 3.2287
16:	[0s / 1s],		train_loss: 3.2274
17:	[0s / 1s],		train_loss: 3.2270
18:	[0s / 1s],		train_loss: 3.2397
19:	[0s / 1s],		train_loss: 3.2298
C-index TRAIN: 0.9183124626778874
C-index TEST : 0.7822473506966973
Fitting deepsurv_vanilla.pt...
0:	[0s / 0s],		train_loss: 3.4399
1:	[0s / 0s],		train_loss: 3.3051
2:	[0s / 0s],		train_loss: 3.2899
3:	[0s / 0s],		train_loss: 3.2950
4:	[0s / 0s],		train_loss: 3.2721
5:	[0s / 0s],		train_loss: 3.2853
6:	[0s / 0s],		train_loss: 3.2471
7:	[0s / 0s],		train_loss: 3.2805
8:	[0s / 0s],		train_loss: 3.2486
9:	[0s / 0s],		train_loss: 3.2501
10:	[0s / 0s],		train_loss: 3.2440
11:	[0s / 0s],		train_loss: 3.2351
12:	[0s / 1s],		train_loss: 3.2340
13:	[0s / 1s],		train_loss: 3.2597
14:	[0s / 1s],		train_loss: 3.2475
15:	[0s / 1s],		train_loss: 3.2291
16:	[0s / 1s],		train_loss: 3.2380
17:	[0s / 1s],		train_loss: 3.2275
18:	[0s / 1s],		train_loss: 3.2233
19:	[0s / 1s],		train_loss: 3.2227
20:	[0s / 1s],		train_loss: 3.2177
21:	[0s / 1s],		train_loss: 3.2204
22:	[0s / 1s],		train_loss: 3.2239
23:	[0s / 1s],		train_loss: 3.2121
C-index TRAIN: 0.92005970423236
C-index TEST : 0.5000865078629468
Fitting Cox model...
C-index TRAIN: 0.9178391430415603
C-index TEST : 0.7806160595668428
Evaluating method: mean
Fitting Random Survival Forest model...
C-index TRAIN: 0.7969091809703025
C-index TEST : 0.770442116970989
Fitting deepsurv_simple.pt...
0:	[0s / 0s],		train_loss: 69.5529
1:	[0s / 0s],		train_loss: 14.4456
2:	[0s / 0s],		train_loss: 10.9281
3:	[0s / 0s],		train_loss: 9.0976
4:	[0s / 0s],		train_loss: 7.6272
5:	[0s / 0s],		train_loss: 7.1474
6:	[0s / 0s],		train_loss: 7.4623
7:	[0s / 0s],		train_loss: 7.0299
8:	[0s / 0s],		train_loss: 7.0503
9:	[0s / 0s],		train_loss: 5.6582
10:	[0s / 0s],		train_loss: 5.0897
11:	[0s / 0s],		train_loss: 5.2047
12:	[0s / 0s],		train_loss: 5.2611
13:	[0s / 0s],		train_loss: 5.3135
14:	[0s / 0s],		train_loss: 4.5126
15:	[0s / 0s],		train_loss: 4.5684
16:	[0s / 1s],		train_loss: 5.0136
17:	[0s / 1s],		train_loss: 4.8296
18:	[0s / 1s],		train_loss: 4.5694
19:	[0s / 1s],		train_loss: 4.8698
C-index TRAIN: 0.7573534084030353
C-index TEST : 0.7639432137671085
Fitting deepsurv_vanilla.pt...
0:	[0s / 0s],		train_loss: 4.7683
1:	[0s / 0s],		train_loss: 4.5464
2:	[0s / 0s],		train_loss: 4.5324
3:	[0s / 0s],		train_loss: 4.4695
4:	[0s / 0s],		train_loss: 4.4518
5:	[0s / 0s],		train_loss: 4.4652
6:	[0s / 0s],		train_loss: 4.4239
7:	[0s / 0s],		train_loss: 4.4541
8:	[0s / 0s],		train_loss: 4.4575
9:	[0s / 0s],		train_loss: 4.4335
10:	[0s / 0s],		train_loss: 4.4389
11:	[0s / 0s],		train_loss: 4.4429
12:	[0s / 1s],		train_loss: 4.4100
13:	[0s / 1s],		train_loss: 4.4106
14:	[0s / 1s],		train_loss: 4.4258
15:	[0s / 1s],		train_loss: 4.3993
16:	[0s / 1s],		train_loss: 4.3932
17:	[0s / 1s],		train_loss: 4.3953
18:	[0s / 1s],		train_loss: 4.3818
19:	[0s / 1s],		train_loss: 4.4187
20:	[0s / 1s],		train_loss: 4.3929
21:	[0s / 1s],		train_loss: 4.3773
22:	[0s / 1s],		train_loss: 4.3889
23:	[0s / 1s],		train_loss: 4.3816
C-index TRAIN: 0.801114340275107
C-index TEST : 0.7921895758025149
Fitting Cox model...
C-index TRAIN: 0.7942745696089218
C-index TEST : 0.7961318626996632
Evaluating method: median
Fitting Random Survival Forest model...
C-index TRAIN: 0.7964713486943439
C-index TEST : 0.7723437451725523
Fitting deepsurv_simple.pt...
0:	[0s / 0s],		train_loss: 59.0095
1:	[0s / 0s],		train_loss: 11.2084
2:	[0s / 0s],		train_loss: 8.7589
3:	[0s / 0s],		train_loss: 8.1275
4:	[0s / 0s],		train_loss: 7.8100
5:	[0s / 0s],		train_loss: 8.0364
6:	[0s / 0s],		train_loss: 6.6674
7:	[0s / 0s],		train_loss: 5.4349
8:	[0s / 0s],		train_loss: 5.7037
9:	[0s / 0s],		train_loss: 5.3478
10:	[0s / 0s],		train_loss: 5.0024
11:	[0s / 0s],		train_loss: 5.1960
12:	[0s / 0s],		train_loss: 4.8302
13:	[0s / 0s],		train_loss: 4.8395
14:	[0s / 0s],		train_loss: 4.7904
15:	[0s / 0s],		train_loss: 5.0178
16:	[0s / 1s],		train_loss: 4.7464
17:	[0s / 1s],		train_loss: 4.7455
18:	[0s / 1s],		train_loss: 5.2236
19:	[0s / 1s],		train_loss: 8.3009
C-index TRAIN: 0.7031392193300953
C-index TEST : 0.7025612506565329
Fitting deepsurv_vanilla.pt...
0:	[0s / 0s],		train_loss: 4.7789
1:	[0s / 0s],		train_loss: 4.5604
2:	[0s / 0s],		train_loss: 4.5670
3:	[0s / 0s],		train_loss: 4.5276
4:	[0s / 0s],		train_loss: 4.4898
5:	[0s / 0s],		train_loss: 4.4664
6:	[0s / 0s],		train_loss: 4.4945
7:	[0s / 0s],		train_loss: 4.4567
8:	[0s / 0s],		train_loss: 4.4571
9:	[0s / 0s],		train_loss: 4.4533
10:	[0s / 0s],		train_loss: 4.4542
11:	[0s / 1s],		train_loss: 4.4000
12:	[0s / 1s],		train_loss: 4.4035
13:	[0s / 1s],		train_loss: 4.4331
14:	[0s / 1s],		train_loss: 4.4270
15:	[0s / 1s],		train_loss: 4.4165
16:	[0s / 1s],		train_loss: 4.4108
17:	[0s / 1s],		train_loss: 4.4232
18:	[0s / 1s],		train_loss: 4.4037
19:	[0s / 1s],		train_loss: 4.3740
20:	[0s / 1s],		train_loss: 4.4031
21:	[0s / 1s],		train_loss: 4.3924
22:	[0s / 1s],		train_loss: 4.3648
23:	[0s / 2s],		train_loss: 4.3845
C-index TRAIN: 0.7933476248922838
C-index TEST : 0.7865264003460315
Fitting Cox model...
C-index TRAIN: 0.7929557775466455
C-index TEST : 0.7953687397658109
Evaluating method: constant
Fitting Random Survival Forest model...
C-index TRAIN: 0.7931824507385272
C-index TEST : 0.7694132913152285
Fitting deepsurv_simple.pt...
0:	[0s / 0s],		train_loss: 89.3262
1:	[0s / 0s],		train_loss: 10.8024
2:	[0s / 0s],		train_loss: 9.0909
3:	[0s / 0s],		train_loss: 7.9762
4:	[0s / 0s],		train_loss: 7.6121
5:	[0s / 0s],		train_loss: 7.9223
6:	[0s / 0s],		train_loss: 6.3864
7:	[0s / 0s],		train_loss: 5.6079
8:	[0s / 0s],		train_loss: 5.2940
9:	[0s / 0s],		train_loss: 5.0143
10:	[0s / 0s],		train_loss: 4.7536
11:	[0s / 0s],		train_loss: 4.8880
12:	[0s / 0s],		train_loss: 5.8365
13:	[0s / 0s],		train_loss: 6.5927
14:	[0s / 0s],		train_loss: 6.5171
15:	[0s / 0s],		train_loss: 5.4582
16:	[0s / 1s],		train_loss: 5.2987
17:	[0s / 1s],		train_loss: 6.7901
18:	[0s / 1s],		train_loss: 6.8369
19:	[0s / 1s],		train_loss: 6.5225
C-index TRAIN: 0.7094651664617319
C-index TEST : 0.7316696017548738
Fitting deepsurv_vanilla.pt...
0:	[0s / 0s],		train_loss: 4.9517
1:	[0s / 0s],		train_loss: 4.7441
2:	[0s / 0s],		train_loss: 4.7004
3:	[0s / 0s],		train_loss: 4.6307
4:	[0s / 0s],		train_loss: 4.6131
5:	[0s / 0s],		train_loss: 4.5769
6:	[0s / 0s],		train_loss: 4.5713
7:	[0s / 0s],		train_loss: 4.5346
8:	[0s / 0s],		train_loss: 4.5411
9:	[0s / 0s],		train_loss: 4.5476
10:	[0s / 0s],		train_loss: 4.5283
11:	[0s / 1s],		train_loss: 4.5030
12:	[0s / 1s],		train_loss: 4.4777
13:	[0s / 1s],		train_loss: 4.5010
14:	[0s / 1s],		train_loss: 4.4968
15:	[0s / 1s],		train_loss: 4.4746
16:	[0s / 1s],		train_loss: 4.4616
17:	[0s / 1s],		train_loss: 4.4595
18:	[0s / 1s],		train_loss: 4.4435
19:	[0s / 1s],		train_loss: 4.4794
20:	[0s / 1s],		train_loss: 4.4795
21:	[0s / 1s],		train_loss: 4.4433
22:	[0s / 1s],		train_loss: 4.4417
23:	[0s / 2s],		train_loss: 4.4294
C-index TRAIN: 0.7817308096060382
C-index TEST : 0.7513362375258751
Fitting Cox model...
C-index TRAIN: 0.7369504057635933
C-index TEST : 0.743575246392931
Evaluating method: knn
Fitting Random Survival Forest model...
C-index TRAIN: 0.7988975879371216
C-index TEST : 0.7721351994315198
Fitting deepsurv_simple.pt...
0:	[0s / 0s],		train_loss: 79.4642
1:	[0s / 0s],		train_loss: 13.4595
2:	[0s / 0s],		train_loss: 11.6926
3:	[0s / 0s],		train_loss: 10.3421
4:	[0s / 0s],		train_loss: 8.9892
5:	[0s / 0s],		train_loss: 7.9422
6:	[0s / 0s],		train_loss: 7.3858
7:	[0s / 0s],		train_loss: 7.2733
8:	[0s / 0s],		train_loss: 6.3629
9:	[0s / 0s],		train_loss: 5.5777
10:	[0s / 0s],		train_loss: 5.5713
11:	[0s / 0s],		train_loss: 5.4596
12:	[0s / 0s],		train_loss: 5.1961
13:	[0s / 0s],		train_loss: 5.3048
14:	[0s / 0s],		train_loss: 5.8261
15:	[0s / 0s],		train_loss: 5.0519
16:	[0s / 1s],		train_loss: 4.7399
17:	[0s / 1s],		train_loss: 4.9551
18:	[0s / 1s],		train_loss: 5.9619
19:	[0s / 1s],		train_loss: 6.7016
C-index TRAIN: 0.7607919664048034
C-index TEST : 0.7683952791423363
Fitting deepsurv_vanilla.pt...
0:	[0s / 0s],		train_loss: 4.8844
1:	[0s / 0s],		train_loss: 4.6258
2:	[0s / 0s],		train_loss: 4.5455
3:	[0s / 0s],		train_loss: 4.5010
4:	[0s / 0s],		train_loss: 4.5108
5:	[0s / 0s],		train_loss: 4.4890
6:	[0s / 0s],		train_loss: 4.5062
7:	[0s / 0s],		train_loss: 4.4318
8:	[0s / 0s],		train_loss: 4.4455
9:	[0s / 0s],		train_loss: 4.4497
10:	[0s / 0s],		train_loss: 4.4237
11:	[0s / 1s],		train_loss: 4.4381
12:	[0s / 1s],		train_loss: 4.4247
13:	[0s / 1s],		train_loss: 4.4296
14:	[0s / 1s],		train_loss: 4.3965
15:	[0s / 1s],		train_loss: 4.4384
16:	[0s / 1s],		train_loss: 4.3981
17:	[0s / 1s],		train_loss: 4.4214
18:	[0s / 1s],		train_loss: 4.4324
19:	[0s / 1s],		train_loss: 4.3970
20:	[0s / 1s],		train_loss: 4.4106
21:	[0s / 1s],		train_loss: 4.4334
22:	[0s / 1s],		train_loss: 4.3990
23:	[0s / 2s],		train_loss: 4.4035
C-index TRAIN: 0.7926074068624008
C-index TEST : 0.7894707572527574
Fitting Cox model...
C-index TRAIN: 0.7938106327563572
C-index TEST : 0.7940464052893379
Evaluating method: imputer_bayesian
Fitting Random Survival Forest model...
C-index TRAIN: 0.7986131316610797
C-index TEST : 0.7794034047023203
Fitting deepsurv_simple.pt...
0:	[0s / 0s],		train_loss: 150.4649
1:	[0s / 0s],		train_loss: 27.7282
2:	[0s / 0s],		train_loss: 13.6914
3:	[0s / 0s],		train_loss: 9.9027
4:	[0s / 0s],		train_loss: 8.5782
5:	[0s / 0s],		train_loss: 7.3471
6:	[0s / 0s],		train_loss: 6.4881
7:	[0s / 0s],		train_loss: 4.7081
8:	[0s / 0s],		train_loss: 4.5565
9:	[0s / 0s],		train_loss: 4.5734
10:	[0s / 0s],		train_loss: 4.5250
11:	[0s / 0s],		train_loss: 5.4428
12:	[0s / 0s],		train_loss: 4.9170
13:	[0s / 0s],		train_loss: 5.1524
14:	[0s / 0s],		train_loss: 6.4933
15:	[0s / 0s],		train_loss: 5.3654
16:	[0s / 0s],		train_loss: 4.6053
17:	[0s / 1s],		train_loss: 5.1413
18:	[0s / 1s],		train_loss: 6.1821
19:	[0s / 1s],		train_loss: 5.9182
C-index TRAIN: 0.7733571860418365
C-index TEST : 0.790901226557914
Fitting deepsurv_vanilla.pt...
0:	[0s / 0s],		train_loss: 4.8039
1:	[0s / 0s],		train_loss: 4.5899
2:	[0s / 0s],		train_loss: 4.5370
3:	[0s / 0s],		train_loss: 4.5106
4:	[0s / 0s],		train_loss: 4.4787
5:	[0s / 0s],		train_loss: 4.4711
6:	[0s / 0s],		train_loss: 4.4532
7:	[0s / 0s],		train_loss: 4.4507
8:	[0s / 0s],		train_loss: 4.4293
9:	[0s / 0s],		train_loss: 4.4396
10:	[0s / 0s],		train_loss: 4.4443
11:	[0s / 1s],		train_loss: 4.4354
12:	[0s / 1s],		train_loss: 4.4259
13:	[0s / 1s],		train_loss: 4.3864
14:	[0s / 1s],		train_loss: 4.3908
15:	[0s / 1s],		train_loss: 4.4059
16:	[0s / 1s],		train_loss: 4.3993
17:	[0s / 1s],		train_loss: 4.3841
18:	[0s / 1s],		train_loss: 4.4006
19:	[0s / 1s],		train_loss: 4.3752
20:	[0s / 1s],		train_loss: 4.3732
21:	[0s / 1s],		train_loss: 4.3903
22:	[0s / 1s],		train_loss: 4.3891
23:	[0s / 1s],		train_loss: 4.4055
C-index TRAIN: 0.788861911063101
C-index TEST : 0.7937498069020916
Fitting Cox model...
C-index TRAIN: 0.7949991806321507
C-index TEST : 0.7970680013594093
[fold=2, target=30%] actual NaN%: 30.0%
X_train shape: (5161, 76), X_test shape: (1291, 76)
Generating TabPFN Embeddings...
Successfully generated embeddings with shape: (5161, 192)
Fitting SimpleImputer (mean)...
Fitting SimpleImputer (median)...
Fitting SimpleImputer (constant, fill=-1)...
Fitting KNNImputer...
Fitting IterativeImputer (BayesianRidge, MICE-like)...
Fitting DeepSurv Simple pilot model...
0:	[0s / 0s],		train_loss: 152.2584,	val_loss: 32.1068
1:	[0s / 0s],		train_loss: 19.8124,	val_loss: 14.3029
2:	[0s / 0s],		train_loss: 12.0376,	val_loss: 12.9062
3:	[0s / 0s],		train_loss: 9.6477,	val_loss: 10.5969
4:	[0s / 0s],		train_loss: 7.4842,	val_loss: 9.0280
5:	[0s / 0s],		train_loss: 6.4375,	val_loss: 8.1107
6:	[0s / 0s],		train_loss: 5.6132,	val_loss: 7.5418
7:	[0s / 0s],		train_loss: 5.1342,	val_loss: 7.0029
8:	[0s / 0s],		train_loss: 4.8113,	val_loss: 6.6545
9:	[0s / 0s],		train_loss: 4.5925,	val_loss: 6.4518
10:	[0s / 0s],		train_loss: 4.5243,	val_loss: 6.4455
11:	[0s / 0s],		train_loss: 4.4926,	val_loss: 6.4962
12:	[0s / 0s],		train_loss: 4.5081,	val_loss: 6.4195
13:	[0s / 0s],		train_loss: 4.5404,	val_loss: 6.4885
14:	[0s / 0s],		train_loss: 4.7865,	val_loss: 6.9395
15:	[0s / 1s],		train_loss: 5.3740,	val_loss: 7.5199
16:	[0s / 1s],		train_loss: 5.3298,	val_loss: 7.0754
17:	[0s / 1s],		train_loss: 4.8926,	val_loss: 6.5801
18:	[0s / 1s],		train_loss: 5.0667,	val_loss: 8.1866
19:	[0s / 1s],		train_loss: 6.0593,	val_loss: 8.0411
20:	[0s / 1s],		train_loss: 6.0635,	val_loss: 7.7002
21:	[0s / 1s],		train_loss: 5.3257,	val_loss: 7.1650
22:	[0s / 1s],		train_loss: 4.7227,	val_loss: 6.6308
23:	[0s / 1s],		train_loss: 4.6102,	val_loss: 6.8220
24:	[0s / 1s],		train_loss: 4.8601,	val_loss: 6.9746
25:	[0s / 1s],		train_loss: 5.0522,	val_loss: 7.9080
26:	[0s / 1s],		train_loss: 9.2801,	val_loss: 13.0396
27:	[0s / 1s],		train_loss: 10.2351,	val_loss: 10.6477
28:	[0s / 1s],		train_loss: 8.1191,	val_loss: 9.0603
29:	[0s / 1s],		train_loss: 8.9247,	val_loss: 11.7284
30:	[0s / 1s],		train_loss: 9.2616,	val_loss: 10.1744
31:	[0s / 2s],		train_loss: 6.8765,	val_loss: 8.3153
32:	[0s / 2s],		train_loss: 5.9840,	val_loss: 7.2901
Saved fixed_epochs=13 → nan/tabpfn/OrmoniTirodei/nan_percentage0.3/seed123/fold2/fixed_epochs_deepsurv_simple.json
Fitting DeepSurv Vanilla pilot model...
0:	[0s / 0s],		train_loss: 5.0354,	val_loss: 6.7976
1:	[0s / 0s],		train_loss: 4.7233,	val_loss: 6.5187
2:	[0s / 0s],		train_loss: 4.6263,	val_loss: 6.4909
3:	[0s / 0s],		train_loss: 4.5796,	val_loss: 6.4301
4:	[0s / 0s],		train_loss: 4.5671,	val_loss: 6.4126
5:	[0s / 0s],		train_loss: 4.5423,	val_loss: 6.4064
6:	[0s / 0s],		train_loss: 4.5223,	val_loss: 6.4468
7:	[0s / 0s],		train_loss: 4.5220,	val_loss: 6.3881
8:	[0s / 0s],		train_loss: 4.5353,	val_loss: 6.3865
9:	[0s / 0s],		train_loss: 4.4989,	val_loss: 6.3852
10:	[0s / 1s],		train_loss: 4.5102,	val_loss: 6.3678
11:	[0s / 1s],		train_loss: 4.5110,	val_loss: 6.3926
12:	[0s / 1s],		train_loss: 4.4972,	val_loss: 6.3673
13:	[0s / 1s],		train_loss: 4.4937,	val_loss: 6.3769
14:	[0s / 1s],		train_loss: 4.4753,	val_loss: 6.3627
15:	[0s / 1s],		train_loss: 4.4642,	val_loss: 6.3592
16:	[0s / 1s],		train_loss: 4.4584,	val_loss: 6.3674
17:	[0s / 1s],		train_loss: 4.4633,	val_loss: 6.3638
18:	[0s / 1s],		train_loss: 4.4549,	val_loss: 6.3893
19:	[0s / 1s],		train_loss: 4.4561,	val_loss: 6.3957
20:	[0s / 1s],		train_loss: 4.4599,	val_loss: 6.3946
21:	[0s / 1s],		train_loss: 4.4429,	val_loss: 6.4026
22:	[0s / 2s],		train_loss: 4.4531,	val_loss: 6.3933
23:	[0s / 2s],		train_loss: 4.4282,	val_loss: 6.3817
24:	[0s / 2s],		train_loss: 4.4284,	val_loss: 6.3661
25:	[0s / 2s],		train_loss: 4.4255,	val_loss: 6.3769
26:	[0s / 2s],		train_loss: 4.4167,	val_loss: 6.3755
27:	[0s / 2s],		train_loss: 4.4310,	val_loss: 6.4045
28:	[0s / 2s],		train_loss: 4.4489,	val_loss: 6.4106
29:	[0s / 2s],		train_loss: 4.4632,	val_loss: 6.4001
30:	[0s / 2s],		train_loss: 4.4114,	val_loss: 6.3904
31:	[0s / 2s],		train_loss: 4.4484,	val_loss: 6.3714
32:	[0s / 2s],		train_loss: 4.4439,	val_loss: 6.4124
33:	[0s / 2s],		train_loss: 4.4285,	val_loss: 6.4075
34:	[0s / 3s],		train_loss: 4.4176,	val_loss: 6.5316
35:	[0s / 3s],		train_loss: 4.4242,	val_loss: 7.1052
Saved fixed_epochs=16 → nan/tabpfn/OrmoniTirodei/nan_percentage0.3/seed123/fold2/fixed_epochs_deepsurv_vanilla.json
Evaluating method: embeddings
Fitting Random Survival Forest model...
C-index TRAIN: 0.9216156670564702
C-index TEST : 0.7532378657274384
Fitting deepsurv_simple.pt...
0:	[0s / 0s],		train_loss: 3.5763
1:	[0s / 0s],		train_loss: 3.2987
2:	[0s / 0s],		train_loss: 3.2525
3:	[0s / 0s],		train_loss: 3.2484
4:	[0s / 0s],		train_loss: 3.2447
5:	[0s / 0s],		train_loss: 3.2436
6:	[0s / 0s],		train_loss: 3.2428
7:	[0s / 0s],		train_loss: 3.2312
8:	[0s / 0s],		train_loss: 3.2518
9:	[0s / 0s],		train_loss: 3.2189
10:	[0s / 0s],		train_loss: 3.2270
11:	[0s / 0s],		train_loss: 3.2205
12:	[0s / 0s],		train_loss: 3.2470
C-index TRAIN: 0.9119261312943151
C-index TEST : 0.7394537646368214
Fitting deepsurv_vanilla.pt...
0:	[0s / 0s],		train_loss: 3.4419
1:	[0s / 0s],		train_loss: 3.3058
2:	[0s / 0s],		train_loss: 3.2752
3:	[0s / 0s],		train_loss: 3.2930
4:	[0s / 0s],		train_loss: 3.2724
5:	[0s / 0s],		train_loss: 3.2626
6:	[0s / 0s],		train_loss: 3.2619
7:	[0s / 0s],		train_loss: 3.2645
8:	[0s / 0s],		train_loss: 3.2538
9:	[0s / 0s],		train_loss: 3.2544
10:	[0s / 0s],		train_loss: 3.2495
11:	[0s / 1s],		train_loss: 3.2551
12:	[0s / 1s],		train_loss: 3.2504
13:	[0s / 1s],		train_loss: 3.2506
14:	[0s / 1s],		train_loss: 3.2508
15:	[0s / 1s],		train_loss: 3.2588
C-index TRAIN: 0.9167245426496758
C-index TEST : 0.5102480921926653
Fitting Cox model...
C-index TRAIN: 0.9168822848955018
C-index TEST : 0.7468316495195724
Evaluating method: mean
Fitting Random Survival Forest model...
C-index TRAIN: 0.7877940387923298
C-index TEST : 0.7482528501251274
Fitting deepsurv_simple.pt...
0:	[0s / 0s],		train_loss: 146.9643
1:	[0s / 0s],		train_loss: 14.6124
2:	[0s / 0s],		train_loss: 14.6343
3:	[0s / 0s],		train_loss: 12.1827
4:	[0s / 0s],		train_loss: 10.3870
5:	[0s / 0s],		train_loss: 9.0678
6:	[0s / 0s],		train_loss: 7.8146
7:	[0s / 0s],		train_loss: 6.7570
8:	[0s / 0s],		train_loss: 6.1873
9:	[0s / 0s],		train_loss: 6.2171
10:	[0s / 0s],		train_loss: 5.5657
11:	[0s / 0s],		train_loss: 5.0269
12:	[0s / 0s],		train_loss: 4.6021
C-index TRAIN: 0.7706666495732785
C-index TEST : 0.7691599468594557
Fitting deepsurv_vanilla.pt...
0:	[0s / 0s],		train_loss: 4.8195
1:	[0s / 0s],		train_loss: 4.6523
2:	[0s / 0s],		train_loss: 4.5977
3:	[0s / 0s],		train_loss: 4.5763
4:	[0s / 0s],		train_loss: 4.5562
5:	[0s / 0s],		train_loss: 4.5439
6:	[0s / 0s],		train_loss: 4.5380
7:	[0s / 0s],		train_loss: 4.5322
8:	[0s / 0s],		train_loss: 4.5210
9:	[0s / 0s],		train_loss: 4.5254
10:	[0s / 0s],		train_loss: 4.4871
11:	[0s / 1s],		train_loss: 4.4903
12:	[0s / 1s],		train_loss: 4.4776
13:	[0s / 1s],		train_loss: 4.4691
14:	[0s / 1s],		train_loss: 4.4685
15:	[0s / 1s],		train_loss: 4.4601
C-index TRAIN: 0.7847085893161121
C-index TEST : 0.7720795872339111
Fitting Cox model...
C-index TRAIN: 0.781306633460902
C-index TEST : 0.7734142799765193
Evaluating method: median
Fitting Random Survival Forest model...
C-index TRAIN: 0.7857988502095241
C-index TEST : 0.7484042388852844
Fitting deepsurv_simple.pt...
0:	[0s / 0s],		train_loss: 27.3805
1:	[0s / 0s],		train_loss: 11.8715
2:	[0s / 0s],		train_loss: 8.2297
3:	[0s / 0s],		train_loss: 7.2078
4:	[0s / 0s],		train_loss: 6.4991
5:	[0s / 0s],		train_loss: 5.5304
6:	[0s / 0s],		train_loss: 5.8588
7:	[0s / 0s],		train_loss: 7.1583
8:	[0s / 0s],		train_loss: 7.2138
9:	[0s / 0s],		train_loss: 5.9109
10:	[0s / 0s],		train_loss: 4.8959
11:	[0s / 0s],		train_loss: 4.6007
12:	[0s / 0s],		train_loss: 4.6868
C-index TRAIN: 0.7483201101111479
C-index TEST : 0.7434238576327741
Fitting deepsurv_vanilla.pt...
0:	[0s / 0s],		train_loss: 4.9138
1:	[0s / 0s],		train_loss: 4.6792
2:	[0s / 0s],		train_loss: 4.6025
3:	[0s / 0s],		train_loss: 4.5759
4:	[0s / 0s],		train_loss: 4.5468
5:	[0s / 0s],		train_loss: 4.5439
6:	[0s / 0s],		train_loss: 4.5495
7:	[0s / 0s],		train_loss: 4.5285
8:	[0s / 0s],		train_loss: 4.5150
9:	[0s / 0s],		train_loss: 4.5260
10:	[0s / 0s],		train_loss: 4.4972
11:	[0s / 1s],		train_loss: 4.5035
12:	[0s / 1s],		train_loss: 4.5058
13:	[0s / 1s],		train_loss: 4.4749
14:	[0s / 1s],		train_loss: 4.4594
15:	[0s / 1s],		train_loss: 4.4881
C-index TRAIN: 0.765736043155603
C-index TEST : 0.759585380171162
Fitting Cox model...
C-index TRAIN: 0.7799672178541184
C-index TEST : 0.7683535699941298
Evaluating method: constant
Fitting Random Survival Forest model...
C-index TRAIN: 0.7808877525501663
C-index TEST : 0.7377004356288812
Fitting deepsurv_simple.pt...
0:	[0s / 0s],		train_loss: 71.6379
1:	[0s / 0s],		train_loss: 17.2732
2:	[0s / 0s],		train_loss: 10.6587
3:	[0s / 0s],		train_loss: 8.8367
4:	[0s / 0s],		train_loss: 7.4094
5:	[0s / 0s],		train_loss: 6.9639
6:	[0s / 0s],		train_loss: 6.4581
7:	[0s / 0s],		train_loss: 5.8035
8:	[0s / 0s],		train_loss: 5.5373
9:	[0s / 0s],		train_loss: 5.6058
10:	[0s / 0s],		train_loss: 5.9635
11:	[0s / 0s],		train_loss: 6.1196
12:	[0s / 0s],		train_loss: 5.6393
C-index TRAIN: 0.670537204316898
C-index TEST : 0.6678036271511107
Fitting deepsurv_vanilla.pt...
0:	[0s / 0s],		train_loss: 4.9835
1:	[0s / 0s],		train_loss: 4.8680
2:	[0s / 0s],		train_loss: 4.8145
3:	[0s / 0s],		train_loss: 4.8265
4:	[0s / 0s],		train_loss: 4.7493
5:	[0s / 0s],		train_loss: 4.7184
6:	[0s / 0s],		train_loss: 4.7012
7:	[0s / 0s],		train_loss: 4.6598
8:	[0s / 0s],		train_loss: 4.6503
9:	[0s / 0s],		train_loss: 4.6344
10:	[0s / 0s],		train_loss: 4.6093
11:	[0s / 1s],		train_loss: 4.6147
12:	[0s / 1s],		train_loss: 4.6023
13:	[0s / 1s],		train_loss: 4.6019
14:	[0s / 1s],		train_loss: 4.5888
15:	[0s / 1s],		train_loss: 4.5528
C-index TRAIN: 0.7675351222678913
C-index TEST : 0.690749837797757
Fitting Cox model...
C-index TRAIN: 0.6933553912360713
C-index TEST : 0.6719714524052276
Evaluating method: knn
Fitting Random Survival Forest model...
C-index TRAIN: 0.7850694084461404
C-index TEST : 0.7456792412024593
Fitting deepsurv_simple.pt...
0:	[0s / 0s],		train_loss: 27.5223
1:	[0s / 0s],		train_loss: 13.4154
2:	[0s / 0s],		train_loss: 8.9735
3:	[0s / 0s],		train_loss: 7.4269
4:	[0s / 0s],		train_loss: 7.6670
5:	[0s / 0s],		train_loss: 8.2263
6:	[0s / 0s],		train_loss: 6.9926
7:	[0s / 0s],		train_loss: 6.0601
8:	[0s / 0s],		train_loss: 5.7701
9:	[0s / 0s],		train_loss: 4.8436
10:	[0s / 0s],		train_loss: 5.0295
11:	[0s / 0s],		train_loss: 4.9856
12:	[0s / 0s],		train_loss: 5.2585
C-index TRAIN: 0.7476883050382018
C-index TEST : 0.7450273426638243
Fitting deepsurv_vanilla.pt...
0:	[0s / 0s],		train_loss: 4.8390
1:	[0s / 0s],		train_loss: 4.6659
2:	[0s / 0s],		train_loss: 4.6690
3:	[0s / 0s],		train_loss: 4.6061
4:	[0s / 0s],		train_loss: 4.6020
5:	[0s / 0s],		train_loss: 4.5562
6:	[0s / 0s],		train_loss: 4.5773
7:	[0s / 0s],		train_loss: 4.5377
8:	[0s / 0s],		train_loss: 4.5173
9:	[0s / 0s],		train_loss: 4.5260
10:	[0s / 0s],		train_loss: 4.5289
11:	[0s / 0s],		train_loss: 4.5229
12:	[0s / 1s],		train_loss: 4.5335
13:	[0s / 1s],		train_loss: 4.5029
14:	[0s / 1s],		train_loss: 4.5100
15:	[0s / 1s],		train_loss: 4.5020
C-index TRAIN: 0.7778496814870058
C-index TEST : 0.7482034170605864
Fitting Cox model...
C-index TRAIN: 0.7774639654654102
C-index TEST : 0.7682639725646492
Evaluating method: imputer_bayesian
Fitting Random Survival Forest model...
C-index TRAIN: 0.7819453130486839
C-index TEST : 0.751889269935428
Fitting deepsurv_simple.pt...
0:	[0s / 0s],		train_loss: 95.7659
1:	[0s / 0s],		train_loss: 27.2021
2:	[0s / 0s],		train_loss: 13.6040
3:	[0s / 0s],		train_loss: 9.0736
4:	[0s / 0s],		train_loss: 7.4682
5:	[0s / 0s],		train_loss: 7.8967
6:	[0s / 0s],		train_loss: 6.9061
7:	[0s / 0s],		train_loss: 7.6376
8:	[0s / 0s],		train_loss: 7.5075
9:	[0s / 0s],		train_loss: 8.5123
10:	[0s / 0s],		train_loss: 8.6794
11:	[0s / 0s],		train_loss: 7.1165
12:	[0s / 0s],		train_loss: 8.9914
C-index TRAIN: 0.6698334955347239
C-index TEST : 0.6854373281428615
Fitting deepsurv_vanilla.pt...
0:	[0s / 0s],		train_loss: 4.8966
1:	[0s / 0s],		train_loss: 4.6365
2:	[0s / 0s],		train_loss: 4.5696
3:	[0s / 0s],		train_loss: 4.5345
4:	[0s / 0s],		train_loss: 4.5183
5:	[0s / 0s],		train_loss: 4.5079
6:	[0s / 0s],		train_loss: 4.5093
7:	[0s / 0s],		train_loss: 4.5144
8:	[0s / 0s],		train_loss: 4.4841
9:	[0s / 0s],		train_loss: 4.5132
10:	[0s / 0s],		train_loss: 4.4775
11:	[0s / 0s],		train_loss: 4.4946
12:	[0s / 1s],		train_loss: 4.4621
13:	[0s / 1s],		train_loss: 4.4732
14:	[0s / 1s],		train_loss: 4.4526
15:	[0s / 1s],		train_loss: 4.4526
C-index TRAIN: 0.7846242371611003
C-index TEST : 0.7765996230728829
Fitting Cox model...
C-index TRAIN: 0.7821640898383895
C-index TEST : 0.7736614452992245
[fold=2, target=50%] actual NaN%: 50.0%
X_train shape: (5161, 76), X_test shape: (1291, 76)
Generating TabPFN Embeddings...
Successfully generated embeddings with shape: (5161, 192)
Fitting SimpleImputer (mean)...
Fitting SimpleImputer (median)...
Fitting SimpleImputer (constant, fill=-1)...
Fitting KNNImputer...
Fitting IterativeImputer (BayesianRidge, MICE-like)...
Fitting DeepSurv Simple pilot model...
0:	[0s / 0s],		train_loss: 61.9430,	val_loss: 26.7624
1:	[0s / 0s],		train_loss: 14.6495,	val_loss: 15.1117
2:	[0s / 0s],		train_loss: 11.5648,	val_loss: 11.7499
3:	[0s / 0s],		train_loss: 8.6916,	val_loss: 9.4617
4:	[0s / 0s],		train_loss: 7.0852,	val_loss: 8.1319
5:	[0s / 0s],		train_loss: 5.8137,	val_loss: 7.4014
6:	[0s / 0s],		train_loss: 5.1607,	val_loss: 6.9466
7:	[0s / 0s],		train_loss: 4.8830,	val_loss: 6.8029
8:	[0s / 0s],		train_loss: 4.6914,	val_loss: 6.4845
9:	[0s / 0s],		train_loss: 4.6054,	val_loss: 6.5929
10:	[0s / 0s],		train_loss: 4.6119,	val_loss: 6.6473
11:	[0s / 0s],		train_loss: 4.5962,	val_loss: 6.4969
12:	[0s / 0s],		train_loss: 4.6148,	val_loss: 6.6031
13:	[0s / 0s],		train_loss: 4.6687,	val_loss: 6.7146
14:	[0s / 0s],		train_loss: 4.7221,	val_loss: 6.7899
15:	[0s / 1s],		train_loss: 5.2334,	val_loss: 7.6056
16:	[0s / 1s],		train_loss: 6.5810,	val_loss: 8.3553
17:	[0s / 1s],		train_loss: 5.7426,	val_loss: 7.9062
18:	[0s / 1s],		train_loss: 6.8771,	val_loss: 9.9155
19:	[0s / 1s],		train_loss: 7.2490,	val_loss: 8.6838
20:	[0s / 1s],		train_loss: 8.5455,	val_loss: 13.2396
21:	[0s / 1s],		train_loss: 11.4292,	val_loss: 13.4388
22:	[0s / 1s],		train_loss: 9.8115,	val_loss: 10.0391
23:	[0s / 1s],		train_loss: 6.8732,	val_loss: 7.8889
24:	[0s / 1s],		train_loss: 5.1733,	val_loss: 7.0003
25:	[0s / 1s],		train_loss: 4.8226,	val_loss: 7.2258
26:	[0s / 1s],		train_loss: 5.5410,	val_loss: 8.9640
27:	[0s / 1s],		train_loss: 6.2063,	val_loss: 8.8253
28:	[0s / 1s],		train_loss: 6.0260,	val_loss: 8.3337
Saved fixed_epochs=9 → nan/tabpfn/OrmoniTirodei/nan_percentage0.5/seed123/fold2/fixed_epochs_deepsurv_simple.json
Fitting DeepSurv Vanilla pilot model...
0:	[0s / 0s],		train_loss: 4.9516,	val_loss: 6.6701
1:	[0s / 0s],		train_loss: 4.7639,	val_loss: 6.6188
2:	[0s / 0s],		train_loss: 4.6787,	val_loss: 6.5387
3:	[0s / 0s],		train_loss: 4.6620,	val_loss: 6.5081
4:	[0s / 0s],		train_loss: 4.6484,	val_loss: 6.5389
5:	[0s / 0s],		train_loss: 4.6332,	val_loss: 6.5510
6:	[0s / 0s],		train_loss: 4.6267,	val_loss: 14.0744
7:	[0s / 0s],		train_loss: 4.6227,	val_loss: 6.5071
8:	[0s / 0s],		train_loss: 4.5936,	val_loss: 6.4841
9:	[0s / 0s],		train_loss: 4.5861,	val_loss: 6.5039
10:	[0s / 0s],		train_loss: 4.5813,	val_loss: 14.5995
11:	[0s / 1s],		train_loss: 4.6080,	val_loss: 6.5906
12:	[0s / 1s],		train_loss: 4.5528,	val_loss: 6.4655
13:	[0s / 1s],		train_loss: 4.5829,	val_loss: 14.3200
14:	[0s / 1s],		train_loss: 4.5852,	val_loss: 23.9537
15:	[0s / 1s],		train_loss: 4.5608,	val_loss: 6.4711
16:	[0s / 1s],		train_loss: 4.5681,	val_loss: 6.5020
17:	[0s / 1s],		train_loss: 4.5521,	val_loss: 6.4590
18:	[0s / 1s],		train_loss: 4.5446,	val_loss: 6.4644
19:	[0s / 1s],		train_loss: 4.5582,	val_loss: 6.4729
20:	[0s / 1s],		train_loss: 4.5490,	val_loss: 6.5203
21:	[0s / 1s],		train_loss: 4.5865,	val_loss: 6.5320
22:	[0s / 1s],		train_loss: 4.5921,	val_loss: 6.4853
23:	[0s / 2s],		train_loss: 4.5671,	val_loss: 6.4911
24:	[0s / 2s],		train_loss: 4.5638,	val_loss: 6.4564
25:	[0s / 2s],		train_loss: 4.5417,	val_loss: 6.4610
26:	[0s / 2s],		train_loss: 4.5223,	val_loss: 6.4503
27:	[0s / 2s],		train_loss: 4.5172,	val_loss: 6.4613
28:	[0s / 2s],		train_loss: 4.5481,	val_loss: 6.5657
29:	[0s / 2s],		train_loss: 4.5407,	val_loss: 6.4910
30:	[0s / 2s],		train_loss: 4.5410,	val_loss: 6.4495
31:	[0s / 2s],		train_loss: 4.5245,	val_loss: 6.4886
32:	[0s / 2s],		train_loss: 4.5283,	val_loss: 6.4837
33:	[0s / 2s],		train_loss: 4.4978,	val_loss: 10.3431
34:	[0s / 3s],		train_loss: 4.5312,	val_loss: 6.4544
35:	[0s / 3s],		train_loss: 4.5185,	val_loss: 6.4348
36:	[0s / 3s],		train_loss: 4.4985,	val_loss: 6.4874
37:	[0s / 3s],		train_loss: 4.5222,	val_loss: 6.4383
38:	[0s / 3s],		train_loss: 4.5154,	val_loss: 6.4711
39:	[0s / 3s],		train_loss: 4.5205,	val_loss: 9.3827
40:	[0s / 3s],		train_loss: 4.4908,	val_loss: 16.6267
41:	[0s / 3s],		train_loss: 4.5246,	val_loss: 27.5778
42:	[0s / 3s],		train_loss: 4.5378,	val_loss: 6.4572
43:	[0s / 3s],		train_loss: 4.5007,	val_loss: 6.4598
44:	[0s / 3s],		train_loss: 4.5193,	val_loss: 6.5288
45:	[0s / 4s],		train_loss: 4.5357,	val_loss: 6.4441
46:	[0s / 4s],		train_loss: 4.5015,	val_loss: 6.4882
47:	[0s / 4s],		train_loss: 4.4839,	val_loss: 6.5115
48:	[0s / 4s],		train_loss: 4.5620,	val_loss: 6.5495
49:	[0s / 4s],		train_loss: 4.5129,	val_loss: 6.4882
50:	[0s / 4s],		train_loss: 4.4942,	val_loss: 6.4644
51:	[0s / 4s],		train_loss: 4.4880,	val_loss: 6.4782
52:	[0s / 4s],		train_loss: 4.4999,	val_loss: 6.4827
53:	[0s / 4s],		train_loss: 4.4983,	val_loss: 6.4558
54:	[0s / 4s],		train_loss: 4.5026,	val_loss: 6.4775
55:	[0s / 4s],		train_loss: 4.5086,	val_loss: 6.4606
Saved fixed_epochs=36 → nan/tabpfn/OrmoniTirodei/nan_percentage0.5/seed123/fold2/fixed_epochs_deepsurv_vanilla.json
Evaluating method: embeddings
Fitting Random Survival Forest model...
C-index TRAIN: 0.9204836016809489
C-index TEST : 0.7551333147959342
Fitting deepsurv_simple.pt...
0:	[0s / 0s],		train_loss: 3.6117
1:	[0s / 0s],		train_loss: 3.3072
2:	[0s / 0s],		train_loss: 3.2878
3:	[0s / 0s],		train_loss: 3.2858
4:	[0s / 0s],		train_loss: 3.2672
5:	[0s / 0s],		train_loss: 3.2790
6:	[0s / 0s],		train_loss: 3.2773
7:	[0s / 0s],		train_loss: 3.2599
8:	[0s / 0s],		train_loss: 3.2567
C-index TRAIN: 0.9121323667393879
C-index TEST : 0.7385886860073532
Fitting deepsurv_vanilla.pt...
0:	[0s / 0s],		train_loss: 3.4511
1:	[0s / 0s],		train_loss: 3.3072
2:	[0s / 0s],		train_loss: 3.2909
3:	[0s / 0s],		train_loss: 3.2920
4:	[0s / 0s],		train_loss: 3.2651
5:	[0s / 0s],		train_loss: 3.2882
6:	[0s / 0s],		train_loss: 3.2885
7:	[0s / 0s],		train_loss: 3.2617
8:	[0s / 0s],		train_loss: 3.2677
9:	[0s / 0s],		train_loss: 3.2707
10:	[0s / 0s],		train_loss: 3.2620
11:	[0s / 0s],		train_loss: 3.2381
12:	[0s / 1s],		train_loss: 3.2484
13:	[0s / 1s],		train_loss: 3.2325
14:	[0s / 1s],		train_loss: 3.2632
15:	[0s / 1s],		train_loss: 3.2391
16:	[0s / 1s],		train_loss: 3.2477
17:	[0s / 1s],		train_loss: 3.2614
18:	[0s / 1s],		train_loss: 3.2741
19:	[0s / 1s],		train_loss: 3.2280
20:	[0s / 1s],		train_loss: 3.2422
21:	[0s / 1s],		train_loss: 3.2565
22:	[0s / 1s],		train_loss: 3.2427
23:	[0s / 1s],		train_loss: 3.2340
24:	[0s / 2s],		train_loss: 3.2576
25:	[0s / 2s],		train_loss: 3.2568
26:	[0s / 2s],		train_loss: 3.2539
27:	[0s / 2s],		train_loss: 3.2308
28:	[0s / 2s],		train_loss: 3.2279
29:	[0s / 2s],		train_loss: 3.2516
30:	[0s / 2s],		train_loss: 3.2604
31:	[0s / 2s],		train_loss: 3.2435
32:	[0s / 2s],		train_loss: 3.2419
33:	[0s / 2s],		train_loss: 3.2330
34:	[0s / 2s],		train_loss: 3.2458
35:	[0s / 2s],		train_loss: 3.2487
C-index TRAIN: 0.91452711327231
C-index TEST : 0.469271171254673
Fitting Cox model...
C-index TRAIN: 0.9118679766147585
C-index TEST : 0.7199493311088454
Evaluating method: mean
Fitting Random Survival Forest model...
C-index TRAIN: 0.7682054803632271
C-index TEST : 0.7236938857478296
Fitting deepsurv_simple.pt...
0:	[0s / 0s],		train_loss: 119.2758
1:	[0s / 0s],		train_loss: 12.2429
2:	[0s / 0s],		train_loss: 11.4644
3:	[0s / 0s],		train_loss: 10.4532
4:	[0s / 0s],		train_loss: 9.6842
5:	[0s / 0s],		train_loss: 7.7965
6:	[0s / 0s],		train_loss: 6.3609
7:	[0s / 0s],		train_loss: 6.4783
8:	[0s / 0s],		train_loss: 5.9125
C-index TRAIN: 0.7123114014014349
C-index TEST : 0.7056060184756079
Fitting deepsurv_vanilla.pt...
0:	[0s / 0s],		train_loss: 4.9076
1:	[0s / 0s],		train_loss: 4.7516
2:	[0s / 0s],		train_loss: 4.6860
3:	[0s / 0s],		train_loss: 4.6742
4:	[0s / 0s],		train_loss: 4.6823
5:	[0s / 0s],		train_loss: 4.6349
6:	[0s / 0s],		train_loss: 4.6302
7:	[0s / 0s],		train_loss: 4.6399
8:	[0s / 0s],		train_loss: 4.5970
9:	[0s / 0s],		train_loss: 4.6127
10:	[0s / 0s],		train_loss: 4.5871
11:	[0s / 1s],		train_loss: 4.5806
12:	[0s / 1s],		train_loss: 4.5765
13:	[0s / 1s],		train_loss: 4.5864
14:	[0s / 1s],		train_loss: 4.5880
15:	[0s / 1s],		train_loss: 4.5576
16:	[0s / 1s],		train_loss: 4.5598
17:	[0s / 1s],		train_loss: 4.5712
18:	[0s / 1s],		train_loss: 4.5518
19:	[0s / 1s],		train_loss: 4.5378
20:	[0s / 1s],		train_loss: 4.5616
21:	[0s / 1s],		train_loss: 4.5616
22:	[0s / 1s],		train_loss: 4.5453
23:	[0s / 1s],		train_loss: 4.5538
24:	[0s / 2s],		train_loss: 4.5247
25:	[0s / 2s],		train_loss: 4.5546
26:	[0s / 2s],		train_loss: 4.5454
27:	[0s / 2s],		train_loss: 4.5193
28:	[0s / 2s],		train_loss: 4.5394
29:	[0s / 2s],		train_loss: 4.5423
30:	[0s / 2s],		train_loss: 4.5280
31:	[0s / 2s],		train_loss: 4.5285
32:	[0s / 2s],		train_loss: 4.5176
33:	[0s / 2s],		train_loss: 4.5360
34:	[0s / 2s],		train_loss: 4.5124
35:	[0s / 2s],		train_loss: 4.5184
C-index TRAIN: 0.7636709017394009
C-index TEST : 0.7508851608119381
Fitting Cox model...
C-index TRAIN: 0.7609746055421966
C-index TEST : 0.7540365186764297
Evaluating method: median
Fitting Random Survival Forest model...
C-index TRAIN: 0.7682355795903458
C-index TEST : 0.7236398183334878
Fitting deepsurv_simple.pt...
0:	[0s / 0s],		train_loss: 134.8889
1:	[0s / 0s],		train_loss: 24.6147
2:	[0s / 0s],		train_loss: 12.2644
3:	[0s / 0s],		train_loss: 8.8320
4:	[0s / 0s],		train_loss: 7.9808
5:	[0s / 0s],		train_loss: 7.3201
6:	[0s / 0s],		train_loss: 6.8010
7:	[0s / 0s],		train_loss: 6.4000
8:	[0s / 0s],		train_loss: 5.8934
C-index TRAIN: 0.7338312340051406
C-index TEST : 0.7378765409213087
Fitting deepsurv_vanilla.pt...
0:	[0s / 0s],		train_loss: 4.8673
1:	[0s / 0s],		train_loss: 4.7405
2:	[0s / 0s],		train_loss: 4.6991
3:	[0s / 0s],		train_loss: 4.6412
4:	[0s / 0s],		train_loss: 4.6493
5:	[0s / 0s],		train_loss: 4.6600
6:	[0s / 0s],		train_loss: 4.6180
7:	[0s / 0s],		train_loss: 4.6101
8:	[0s / 0s],		train_loss: 4.6304
9:	[0s / 0s],		train_loss: 4.6101
10:	[0s / 0s],		train_loss: 4.5845
11:	[0s / 0s],		train_loss: 4.5814
12:	[0s / 1s],		train_loss: 4.5723
13:	[0s / 1s],		train_loss: 4.5891
14:	[0s / 1s],		train_loss: 4.5535
15:	[0s / 1s],		train_loss: 4.6108
16:	[0s / 1s],		train_loss: 4.5796
17:	[0s / 1s],		train_loss: 4.5277
18:	[0s / 1s],		train_loss: 4.5424
19:	[0s / 1s],		train_loss: 4.5524
20:	[0s / 1s],		train_loss: 4.5294
21:	[0s / 1s],		train_loss: 4.5388
22:	[0s / 1s],		train_loss: 4.5605
23:	[0s / 1s],		train_loss: 4.5496
24:	[0s / 2s],		train_loss: 4.5204
25:	[0s / 2s],		train_loss: 4.5374
26:	[0s / 2s],		train_loss: 4.5399
27:	[0s / 2s],		train_loss: 4.5731
28:	[0s / 2s],		train_loss: 4.5233
29:	[0s / 2s],		train_loss: 4.5371
30:	[0s / 2s],		train_loss: 4.5250
31:	[0s / 2s],		train_loss: 4.5032
32:	[0s / 2s],		train_loss: 4.5365
33:	[0s / 2s],		train_loss: 4.5399
34:	[0s / 2s],		train_loss: 4.5622
35:	[0s / 2s],		train_loss: 4.5503
C-index TRAIN: 0.7644276557644293
C-index TEST : 0.7519603299657058
Fitting Cox model...
C-index TRAIN: 0.7556098828025279
C-index TEST : 0.7490870330892576
Evaluating method: constant
Fitting Random Survival Forest model...
C-index TRAIN: 0.7632767319225342
C-index TEST : 0.7141162294930021
Fitting deepsurv_simple.pt...
0:	[0s / 0s],		train_loss: 25.6615
1:	[0s / 0s],		train_loss: 9.8319
2:	[0s / 0s],		train_loss: 7.2379
3:	[0s / 0s],		train_loss: 6.4288
4:	[0s / 0s],		train_loss: 5.7447
5:	[0s / 0s],		train_loss: 5.8845
6:	[0s / 0s],		train_loss: 6.0132
7:	[0s / 0s],		train_loss: 6.1982
8:	[0s / 0s],		train_loss: 5.7187
C-index TRAIN: 0.6273976728466697
C-index TEST : 0.6024253097290451
Fitting deepsurv_vanilla.pt...
0:	[0s / 0s],		train_loss: 5.0501
1:	[0s / 0s],		train_loss: 4.9118
2:	[0s / 0s],		train_loss: 4.8868
3:	[0s / 0s],		train_loss: 4.8677
4:	[0s / 0s],		train_loss: 4.8483
5:	[0s / 0s],		train_loss: 4.8321
6:	[0s / 0s],		train_loss: 4.8154
7:	[0s / 0s],		train_loss: 4.7965
8:	[0s / 0s],		train_loss: 4.7780
9:	[0s / 0s],		train_loss: 4.7455
10:	[0s / 0s],		train_loss: 4.7632
11:	[0s / 1s],		train_loss: 4.7343
12:	[0s / 1s],		train_loss: 4.7219
13:	[0s / 1s],		train_loss: 4.7209
14:	[0s / 1s],		train_loss: 4.6719
15:	[0s / 1s],		train_loss: 4.6682
16:	[0s / 1s],		train_loss: 4.6566
17:	[0s / 1s],		train_loss: 4.6545
18:	[0s / 1s],		train_loss: 4.6418
19:	[0s / 1s],		train_loss: 4.6199
20:	[0s / 1s],		train_loss: 4.5977
21:	[0s / 1s],		train_loss: 4.6047
22:	[0s / 1s],		train_loss: 4.5728
23:	[0s / 2s],		train_loss: 4.5584
24:	[0s / 2s],		train_loss: 4.5567
25:	[0s / 2s],		train_loss: 4.5266
26:	[0s / 2s],		train_loss: 4.5144
27:	[0s / 2s],		train_loss: 4.5271
28:	[0s / 2s],		train_loss: 4.5458
29:	[0s / 2s],		train_loss: 4.5161
30:	[0s / 2s],		train_loss: 4.4793
31:	[0s / 2s],		train_loss: 4.5043
32:	[0s / 2s],		train_loss: 4.4878
33:	[0s / 2s],		train_loss: 4.4703
34:	[0s / 2s],		train_loss: 4.4692
35:	[0s / 3s],		train_loss: 4.4831
C-index TRAIN: 0.8107752631917294
C-index TEST : 0.6438563969475083
Fitting Cox model...
C-index TRAIN: 0.6516016318983434
C-index TEST : 0.611826860691445
Evaluating method: knn
Fitting Random Survival Forest model...
C-index TRAIN: 0.7703006281076987
C-index TEST : 0.725325176877684
Fitting deepsurv_simple.pt...
0:	[0s / 0s],		train_loss: 188.5832
1:	[0s / 0s],		train_loss: 28.2132
2:	[0s / 0s],		train_loss: 14.9556
3:	[0s / 0s],		train_loss: 11.5511
4:	[0s / 0s],		train_loss: 10.2808
5:	[0s / 0s],		train_loss: 9.1854
6:	[0s / 0s],		train_loss: 7.5965
7:	[0s / 0s],		train_loss: 6.8115
8:	[0s / 0s],		train_loss: 5.9173
C-index TRAIN: 0.6923495753965202
C-index TEST : 0.6863441159205363
Fitting deepsurv_vanilla.pt...
0:	[0s / 0s],		train_loss: 4.9184
1:	[0s / 0s],		train_loss: 4.8077
2:	[0s / 0s],		train_loss: 4.6972
3:	[0s / 0s],		train_loss: 4.6601
4:	[0s / 0s],		train_loss: 4.6896
5:	[0s / 0s],		train_loss: 4.6812
6:	[0s / 0s],		train_loss: 4.6271
7:	[0s / 0s],		train_loss: 4.6497
8:	[0s / 0s],		train_loss: 4.6237
9:	[0s / 0s],		train_loss: 4.6413
10:	[0s / 0s],		train_loss: 4.6253
11:	[0s / 0s],		train_loss: 4.6121
12:	[0s / 1s],		train_loss: 4.6008
13:	[0s / 1s],		train_loss: 4.5711
14:	[0s / 1s],		train_loss: 4.6059
15:	[0s / 1s],		train_loss: 4.6002
16:	[0s / 1s],		train_loss: 4.5774
17:	[0s / 1s],		train_loss: 4.5718
18:	[0s / 1s],		train_loss: 4.5771
19:	[0s / 1s],		train_loss: 4.5808
20:	[0s / 1s],		train_loss: 4.5589
21:	[0s / 1s],		train_loss: 4.5774
22:	[0s / 1s],		train_loss: 4.5650
23:	[0s / 1s],		train_loss: 4.5713
24:	[0s / 2s],		train_loss: 4.6320
25:	[0s / 2s],		train_loss: 4.5792
26:	[0s / 2s],		train_loss: 4.5723
27:	[0s / 2s],		train_loss: 4.5872
28:	[0s / 2s],		train_loss: 4.5561
29:	[0s / 2s],		train_loss: 4.5632
30:	[0s / 2s],		train_loss: 4.5535
31:	[0s / 2s],		train_loss: 4.5619
32:	[0s / 2s],		train_loss: 4.5840
33:	[0s / 2s],		train_loss: 4.6133
34:	[0s / 2s],		train_loss: 4.5675
35:	[0s / 2s],		train_loss: 4.5643
C-index TRAIN: 0.760376894346882
C-index TEST : 0.7375135168535855
Fitting Cox model...
C-index TRAIN: 0.7507609344732393
C-index TEST : 0.7427874069268081
Evaluating method: imputer_bayesian
Fitting Random Survival Forest model...
C-index TRAIN: 0.7673175531632244
C-index TEST : 0.740967652238391
Fitting deepsurv_simple.pt...
0:	[0s / 0s],		train_loss: 47.0832
1:	[0s / 0s],		train_loss: 18.7707
2:	[0s / 0s],		train_loss: 13.2404
3:	[0s / 0s],		train_loss: 8.6690
4:	[0s / 0s],		train_loss: 6.0642
5:	[0s / 0s],		train_loss: 6.3447
6:	[0s / 0s],		train_loss: 6.2261
7:	[0s / 0s],		train_loss: 5.8044
8:	[0s / 0s],		train_loss: 7.8526
C-index TRAIN: 0.628524071392394
C-index TEST : 0.6357756356783143
Fitting deepsurv_vanilla.pt...
0:	[0s / 0s],		train_loss: 4.8182
1:	[0s / 0s],		train_loss: 4.6574
2:	[0s / 0s],		train_loss: 4.6420
3:	[0s / 0s],		train_loss: 4.6141
4:	[0s / 0s],		train_loss: 4.6100
5:	[0s / 0s],		train_loss: 4.5775
6:	[0s / 0s],		train_loss: 4.5776
7:	[0s / 0s],		train_loss: 4.5639
8:	[0s / 0s],		train_loss: 4.5617
9:	[0s / 0s],		train_loss: 4.5535
10:	[0s / 0s],		train_loss: 4.5624
11:	[0s / 0s],		train_loss: 4.5480
12:	[0s / 1s],		train_loss: 4.5640
13:	[0s / 1s],		train_loss: 4.5214
14:	[0s / 1s],		train_loss: 4.5319
15:	[0s / 1s],		train_loss: 4.5389
16:	[0s / 1s],		train_loss: 4.5386
17:	[0s / 1s],		train_loss: 4.5369
18:	[0s / 1s],		train_loss: 4.5210
19:	[0s / 1s],		train_loss: 4.5280
20:	[0s / 1s],		train_loss: 4.5099
21:	[0s / 1s],		train_loss: 4.4989
22:	[0s / 1s],		train_loss: 4.4931
23:	[0s / 1s],		train_loss: 4.5124
24:	[0s / 2s],		train_loss: 4.4790
25:	[0s / 2s],		train_loss: 4.5162
26:	[0s / 2s],		train_loss: 4.5039
27:	[0s / 2s],		train_loss: 4.4740
28:	[0s / 2s],		train_loss: 4.4761
29:	[0s / 2s],		train_loss: 4.4882
30:	[0s / 2s],		train_loss: 4.5281
31:	[0s / 2s],		train_loss: 4.4909
32:	[0s / 2s],		train_loss: 4.4816
33:	[0s / 2s],		train_loss: 4.4709
34:	[0s / 2s],		train_loss: 4.4857
35:	[0s / 2s],		train_loss: 4.4858
C-index TRAIN: 0.7802540895002377
C-index TEST : 0.7553125096548954
Fitting Cox model...
C-index TRAIN: 0.7611055929194727
C-index TEST : 0.7595483053727562
[fold=2, target=70%] actual NaN%: 70.0%
X_train shape: (5161, 76), X_test shape: (1291, 76)
Generating TabPFN Embeddings...
Successfully generated embeddings with shape: (5161, 192)
Fitting SimpleImputer (mean)...
Fitting SimpleImputer (median)...
Fitting SimpleImputer (constant, fill=-1)...
Fitting KNNImputer...
Fitting IterativeImputer (BayesianRidge, MICE-like)...
Fitting DeepSurv Simple pilot model...
0:	[0s / 0s],		train_loss: 70.4099,	val_loss: 12.8131
1:	[0s / 0s],		train_loss: 8.3793,	val_loss: 10.2836
2:	[0s / 0s],		train_loss: 8.5811,	val_loss: 9.6021
3:	[0s / 0s],		train_loss: 6.9667,	val_loss: 8.2086
4:	[0s / 0s],		train_loss: 5.8919,	val_loss: 7.8677
5:	[0s / 0s],		train_loss: 5.6944,	val_loss: 7.4199
6:	[0s / 0s],		train_loss: 5.5602,	val_loss: 7.2839
7:	[0s / 0s],		train_loss: 5.8319,	val_loss: 7.8505
8:	[0s / 0s],		train_loss: 6.0621,	val_loss: 7.3520
9:	[0s / 0s],		train_loss: 5.4475,	val_loss: 7.6051
10:	[0s / 0s],		train_loss: 5.4864,	val_loss: 7.1845
11:	[0s / 0s],		train_loss: 5.0309,	val_loss: 6.8668
12:	[0s / 0s],		train_loss: 4.8724,	val_loss: 6.7709
13:	[0s / 0s],		train_loss: 4.8850,	val_loss: 6.9279
14:	[0s / 0s],		train_loss: 4.8530,	val_loss: 6.7467
15:	[0s / 0s],		train_loss: 4.9546,	val_loss: 6.8366
16:	[0s / 1s],		train_loss: 4.8695,	val_loss: 6.7395
17:	[0s / 1s],		train_loss: 4.9439,	val_loss: 6.9981
18:	[0s / 1s],		train_loss: 7.9824,	val_loss: 10.0938
19:	[0s / 1s],		train_loss: 8.6360,	val_loss: 8.9628
20:	[0s / 1s],		train_loss: 6.4731,	val_loss: 7.1705
21:	[0s / 1s],		train_loss: 5.1067,	val_loss: 6.8403
22:	[0s / 1s],		train_loss: 5.1457,	val_loss: 6.9347
23:	[0s / 1s],		train_loss: 5.5344,	val_loss: 8.5306
24:	[0s / 1s],		train_loss: 7.9227,	val_loss: 9.5833
25:	[0s / 1s],		train_loss: 7.2205,	val_loss: 7.9179
26:	[0s / 1s],		train_loss: 5.4682,	val_loss: 6.8309
27:	[0s / 1s],		train_loss: 4.9211,	val_loss: 7.0256
28:	[0s / 1s],		train_loss: 4.8229,	val_loss: 6.7747
29:	[0s / 1s],		train_loss: 4.8853,	val_loss: 6.9457
30:	[0s / 1s],		train_loss: 5.2166,	val_loss: 7.4729
31:	[0s / 2s],		train_loss: 5.3658,	val_loss: 6.9550
32:	[0s / 2s],		train_loss: 4.9140,	val_loss: 6.9258
33:	[0s / 2s],		train_loss: 4.8763,	val_loss: 8.0236
34:	[0s / 2s],		train_loss: 6.9834,	val_loss: 9.8037
35:	[0s / 2s],		train_loss: 6.9063,	val_loss: 7.2662
36:	[0s / 2s],		train_loss: 5.3025,	val_loss: 7.8579
Saved fixed_epochs=17 → nan/tabpfn/OrmoniTirodei/nan_percentage0.7/seed123/fold2/fixed_epochs_deepsurv_simple.json
Fitting DeepSurv Vanilla pilot model...
0:	[0s / 0s],		train_loss: 5.1613,	val_loss: 6.8353
1:	[0s / 0s],		train_loss: 4.8760,	val_loss: 6.7030
2:	[0s / 0s],		train_loss: 4.9146,	val_loss: 6.7303
3:	[0s / 0s],		train_loss: 4.8324,	val_loss: 6.6672
4:	[0s / 0s],		train_loss: 4.7779,	val_loss: 6.6525
5:	[0s / 0s],		train_loss: 4.7751,	val_loss: 6.6453
6:	[0s / 0s],		train_loss: 4.7493,	val_loss: 6.6266
7:	[0s / 0s],		train_loss: 4.7387,	val_loss: 6.6305
8:	[0s / 0s],		train_loss: 4.7540,	val_loss: 6.6310
9:	[0s / 0s],		train_loss: 4.7265,	val_loss: 6.6139
10:	[0s / 0s],		train_loss: 4.7136,	val_loss: 6.6135
11:	[0s / 1s],		train_loss: 4.6956,	val_loss: 6.6088
12:	[0s / 1s],		train_loss: 4.6964,	val_loss: 6.6141
13:	[0s / 1s],		train_loss: 4.6830,	val_loss: 6.6170
14:	[0s / 1s],		train_loss: 4.6779,	val_loss: 6.6403
15:	[0s / 1s],		train_loss: 4.6679,	val_loss: 6.6262
16:	[0s / 1s],		train_loss: 4.6847,	val_loss: 6.6152
17:	[0s / 1s],		train_loss: 4.6816,	val_loss: 6.6323
18:	[0s / 1s],		train_loss: 4.6778,	val_loss: 6.5929
19:	[0s / 1s],		train_loss: 4.6628,	val_loss: 6.5886
20:	[0s / 1s],		train_loss: 4.6690,	val_loss: 6.5851
21:	[0s / 1s],		train_loss: 4.6572,	val_loss: 6.6051
22:	[0s / 1s],		train_loss: 4.6716,	val_loss: 6.6336
23:	[0s / 2s],		train_loss: 4.6539,	val_loss: 6.5829
24:	[0s / 2s],		train_loss: 4.6584,	val_loss: 6.5744
25:	[0s / 2s],		train_loss: 4.6525,	val_loss: 6.6055
26:	[0s / 2s],		train_loss: 4.6489,	val_loss: 6.5788
27:	[0s / 2s],		train_loss: 4.6729,	val_loss: 6.6074
28:	[0s / 2s],		train_loss: 4.6610,	val_loss: 6.6015
29:	[0s / 2s],		train_loss: 4.6367,	val_loss: 6.6198
30:	[0s / 2s],		train_loss: 4.6335,	val_loss: 6.6127
31:	[0s / 2s],		train_loss: 4.6579,	val_loss: 6.6048
32:	[0s / 2s],		train_loss: 4.6456,	val_loss: 6.6295
33:	[0s / 2s],		train_loss: 4.6435,	val_loss: 6.5841
34:	[0s / 3s],		train_loss: 4.6414,	val_loss: 6.5946
35:	[0s / 3s],		train_loss: 4.6202,	val_loss: 6.5855
36:	[0s / 3s],		train_loss: 4.6463,	val_loss: 6.6601
37:	[0s / 3s],		train_loss: 4.6455,	val_loss: 6.7611
38:	[0s / 3s],		train_loss: 4.6589,	val_loss: 6.6401
39:	[0s / 3s],		train_loss: 4.6471,	val_loss: 6.6379
40:	[0s / 3s],		train_loss: 4.6656,	val_loss: 6.5967
41:	[0s / 3s],		train_loss: 4.6408,	val_loss: 6.6240
42:	[0s / 3s],		train_loss: 4.6351,	val_loss: 6.6265
43:	[0s / 3s],		train_loss: 4.6496,	val_loss: 6.5923
44:	[0s / 3s],		train_loss: 4.6302,	val_loss: 6.6045
Saved fixed_epochs=25 → nan/tabpfn/OrmoniTirodei/nan_percentage0.7/seed123/fold2/fixed_epochs_deepsurv_vanilla.json
Evaluating method: embeddings
Fitting Random Survival Forest model...
C-index TRAIN: 0.9165634560452811
C-index TEST : 0.6973213458151821
Fitting deepsurv_simple.pt...
0:	[0s / 0s],		train_loss: 3.5720
1:	[0s / 0s],		train_loss: 3.3155
2:	[0s / 0s],		train_loss: 3.2915
3:	[0s / 0s],		train_loss: 3.2663
4:	[0s / 0s],		train_loss: 3.2821
5:	[0s / 0s],		train_loss: 3.2952
6:	[0s / 0s],		train_loss: 3.2773
7:	[0s / 0s],		train_loss: 3.2791
8:	[0s / 0s],		train_loss: 3.2878
9:	[0s / 0s],		train_loss: 3.2872
10:	[0s / 0s],		train_loss: 3.2850
11:	[0s / 0s],		train_loss: 3.2870
12:	[0s / 0s],		train_loss: 3.2894
13:	[0s / 0s],		train_loss: 3.2683
14:	[0s / 0s],		train_loss: 3.2832
15:	[0s / 0s],		train_loss: 3.2902
16:	[0s / 0s],		train_loss: 3.2713
C-index TRAIN: 0.9080380357615978
C-index TEST : 0.7129483733432199
Fitting deepsurv_vanilla.pt...
0:	[0s / 0s],		train_loss: 3.4501
1:	[0s / 0s],		train_loss: 3.3376
2:	[0s / 0s],		train_loss: 3.3235
3:	[0s / 0s],		train_loss: 3.2871
4:	[0s / 0s],		train_loss: 3.2958
5:	[0s / 0s],		train_loss: 3.3131
6:	[0s / 0s],		train_loss: 3.2914
7:	[0s / 0s],		train_loss: 3.2886
8:	[0s / 0s],		train_loss: 3.3003
9:	[0s / 0s],		train_loss: 3.2935
10:	[0s / 0s],		train_loss: 3.3075
11:	[0s / 0s],		train_loss: 3.2927
12:	[0s / 1s],		train_loss: 3.2820
13:	[0s / 1s],		train_loss: 3.2793
14:	[0s / 1s],		train_loss: 3.2727
15:	[0s / 1s],		train_loss: 3.2748
16:	[0s / 1s],		train_loss: 3.2824
17:	[0s / 1s],		train_loss: 3.2582
18:	[0s / 1s],		train_loss: 3.2849
19:	[0s / 1s],		train_loss: 3.2767
20:	[0s / 1s],		train_loss: 3.2592
21:	[0s / 1s],		train_loss: 3.2780
22:	[0s / 1s],		train_loss: 3.2762
23:	[0s / 1s],		train_loss: 3.2663
24:	[0s / 1s],		train_loss: 3.2796
C-index TRAIN: 0.9085797289508859
C-index TEST : 0.4336700960855192
Fitting Cox model...
C-index TRAIN: 0.9068432636629125
C-index TEST : 0.7086075323632094
Evaluating method: mean
Fitting Random Survival Forest model...
C-index TRAIN: 0.7485637837924208
C-index TEST : 0.6747536070689282
Fitting deepsurv_simple.pt...
0:	[0s / 0s],		train_loss: 13.8567
1:	[0s / 0s],		train_loss: 7.8610
2:	[0s / 0s],		train_loss: 10.6275
3:	[0s / 0s],		train_loss: 11.1028
4:	[0s / 0s],		train_loss: 8.5376
5:	[0s / 0s],		train_loss: 6.6226
6:	[0s / 0s],		train_loss: 5.7733
7:	[0s / 0s],		train_loss: 4.9724
8:	[0s / 0s],		train_loss: 5.3055
9:	[0s / 0s],		train_loss: 5.1666
10:	[0s / 0s],		train_loss: 4.8810
11:	[0s / 0s],		train_loss: 4.7813
12:	[0s / 0s],		train_loss: 4.8787
13:	[0s / 0s],		train_loss: 4.7595
14:	[0s / 0s],		train_loss: 4.8411
15:	[0s / 0s],		train_loss: 4.9871
16:	[0s / 0s],		train_loss: 5.0504
C-index TRAIN: 0.7174016080419189
C-index TEST : 0.7059505051441283
Fitting deepsurv_vanilla.pt...
0:	[0s / 0s],		train_loss: 4.9885
1:	[0s / 0s],		train_loss: 4.8750
2:	[0s / 0s],		train_loss: 4.8194
3:	[0s / 0s],		train_loss: 4.7791
4:	[0s / 0s],		train_loss: 4.7798
5:	[0s / 0s],		train_loss: 4.7446
6:	[0s / 0s],		train_loss: 4.7543
7:	[0s / 0s],		train_loss: 4.7495
8:	[0s / 0s],		train_loss: 4.7189
9:	[0s / 0s],		train_loss: 4.7203
10:	[0s / 0s],		train_loss: 4.7415
11:	[0s / 0s],		train_loss: 4.6922
12:	[0s / 1s],		train_loss: 4.7110
13:	[0s / 1s],		train_loss: 4.6737
14:	[0s / 1s],		train_loss: 4.6975
15:	[0s / 1s],		train_loss: 4.6804
16:	[0s / 1s],		train_loss: 4.6690
17:	[0s / 1s],		train_loss: 4.6931
18:	[0s / 1s],		train_loss: 4.6934
19:	[0s / 1s],		train_loss: 4.6869
20:	[0s / 1s],		train_loss: 4.7170
21:	[0s / 1s],		train_loss: 4.6916
22:	[0s / 1s],		train_loss: 4.6791
23:	[0s / 1s],		train_loss: 4.6788
24:	[0s / 2s],		train_loss: 4.6812
C-index TRAIN: 0.7160132347416427
C-index TEST : 0.708480860135323
Fitting Cox model...
C-index TRAIN: 0.726289519634915
C-index TEST : 0.7111718725862761
Evaluating method: median
Fitting Random Survival Forest model...
C-index TRAIN: 0.7480874913929216
C-index TEST : 0.6764683164951957
Fitting deepsurv_simple.pt...
0:	[0s / 0s],		train_loss: 48.9452
1:	[0s / 0s],		train_loss: 8.8614
2:	[0s / 0s],		train_loss: 7.1340
3:	[0s / 0s],		train_loss: 6.0736
4:	[0s / 0s],		train_loss: 5.5389
5:	[0s / 0s],		train_loss: 5.7086
6:	[0s / 0s],		train_loss: 5.4323
7:	[0s / 0s],		train_loss: 5.4832
8:	[0s / 0s],		train_loss: 5.2752
9:	[0s / 0s],		train_loss: 5.5846
10:	[0s / 0s],		train_loss: 5.6941
11:	[0s / 0s],		train_loss: 5.5101
12:	[0s / 0s],		train_loss: 5.7918
13:	[0s / 0s],		train_loss: 5.9160
14:	[0s / 0s],		train_loss: 5.9100
15:	[0s / 0s],		train_loss: 5.6602
16:	[0s / 1s],		train_loss: 6.9853
C-index TRAIN: 0.6940762863053347
C-index TEST : 0.6969691352303272
Fitting deepsurv_vanilla.pt...
0:	[0s / 0s],		train_loss: 4.9540
1:	[0s / 0s],		train_loss: 4.8370
2:	[0s / 0s],		train_loss: 4.8139
3:	[0s / 0s],		train_loss: 4.7784
4:	[0s / 0s],		train_loss: 4.7579
5:	[0s / 0s],		train_loss: 4.7575
6:	[0s / 0s],		train_loss: 4.6935
7:	[0s / 0s],		train_loss: 4.7456
8:	[0s / 0s],		train_loss: 4.7015
9:	[0s / 0s],		train_loss: 4.7212
10:	[0s / 0s],		train_loss: 4.7107
11:	[0s / 0s],		train_loss: 4.6886
12:	[0s / 1s],		train_loss: 4.6905
13:	[0s / 1s],		train_loss: 4.6940
14:	[0s / 1s],		train_loss: 4.7089
15:	[0s / 1s],		train_loss: 4.6948
16:	[0s / 1s],		train_loss: 4.6971
17:	[0s / 1s],		train_loss: 4.6846
18:	[0s / 1s],		train_loss: 4.6546
19:	[0s / 1s],		train_loss: 4.6595
20:	[0s / 1s],		train_loss: 4.6715
21:	[0s / 1s],		train_loss: 4.6703
22:	[0s / 1s],		train_loss: 4.6848
23:	[0s / 1s],		train_loss: 4.6556
24:	[0s / 2s],		train_loss: 4.6819
C-index TRAIN: 0.7101293932330248
C-index TEST : 0.6970927178916798
Fitting Cox model...
C-index TRAIN: 0.7188810222143444
C-index TEST : 0.7114066796428461
Evaluating method: constant
Fitting Random Survival Forest model...
C-index TRAIN: 0.739490074501161
C-index TEST : 0.6673185652053018
Fitting deepsurv_simple.pt...
0:	[0s / 0s],		train_loss: 90.2937
1:	[0s / 0s],		train_loss: 11.7830
2:	[0s / 0s],		train_loss: 8.2532
3:	[0s / 0s],		train_loss: 7.3710
4:	[0s / 0s],		train_loss: 7.1556
5:	[0s / 0s],		train_loss: 6.9492
6:	[0s / 0s],		train_loss: 6.6824
7:	[0s / 0s],		train_loss: 7.2621
8:	[0s / 0s],		train_loss: 6.2722
9:	[0s / 0s],		train_loss: 6.0105
10:	[0s / 0s],		train_loss: 5.5966
11:	[0s / 0s],		train_loss: 5.4286
12:	[0s / 0s],		train_loss: 5.2553
13:	[0s / 0s],		train_loss: 5.0837
14:	[0s / 0s],		train_loss: 5.1215
15:	[0s / 0s],		train_loss: 5.0179
16:	[0s / 1s],		train_loss: 5.2455
C-index TRAIN: 0.5705219317461008
C-index TEST : 0.5774090895047425
Fitting deepsurv_vanilla.pt...
0:	[0s / 0s],		train_loss: 5.0143
1:	[0s / 0s],		train_loss: 4.9310
2:	[0s / 0s],		train_loss: 4.9400
3:	[0s / 0s],		train_loss: 4.8872
4:	[0s / 0s],		train_loss: 4.8832
5:	[0s / 0s],		train_loss: 4.8897
6:	[0s / 0s],		train_loss: 4.8588
7:	[0s / 0s],		train_loss: 4.8615
8:	[0s / 0s],		train_loss: 4.8322
9:	[0s / 1s],		train_loss: 4.8110
10:	[0s / 1s],		train_loss: 4.8097
11:	[0s / 1s],		train_loss: 4.7864
12:	[0s / 1s],		train_loss: 4.7824
13:	[0s / 1s],		train_loss: 4.7794
14:	[0s / 1s],		train_loss: 4.7634
15:	[0s / 1s],		train_loss: 4.7396
16:	[0s / 1s],		train_loss: 4.7185
17:	[0s / 1s],		train_loss: 4.7224
18:	[0s / 1s],		train_loss: 4.7113
19:	[0s / 1s],		train_loss: 4.6762
20:	[0s / 1s],		train_loss: 4.6974
21:	[0s / 2s],		train_loss: 4.6684
22:	[0s / 2s],		train_loss: 4.6745
23:	[0s / 2s],		train_loss: 4.6434
24:	[0s / 2s],		train_loss: 4.6472
C-index TRAIN: 0.7708847760710401
C-index TEST : 0.5795439799796088
Fitting Cox model...
C-index TRAIN: 0.6113045265150038
C-index TEST : 0.582401829023388
Evaluating method: knn
Fitting Random Survival Forest model...
C-index TRAIN: 0.7415602324552163
C-index TEST : 0.6723360212562177
Fitting deepsurv_simple.pt...
0:	[0s / 0s],		train_loss: 19.8446
1:	[0s / 0s],		train_loss: 11.4260
2:	[0s / 0s],		train_loss: 7.5539
3:	[0s / 0s],		train_loss: 7.7769
4:	[0s / 0s],		train_loss: 7.5874
5:	[0s / 0s],		train_loss: 8.6080
6:	[0s / 0s],		train_loss: 6.9626
7:	[0s / 0s],		train_loss: 5.5982
8:	[0s / 0s],		train_loss: 4.9110
9:	[0s / 0s],		train_loss: 5.2714
10:	[0s / 0s],		train_loss: 5.2916
11:	[0s / 0s],		train_loss: 6.4806
12:	[0s / 0s],		train_loss: 8.6019
13:	[0s / 0s],		train_loss: 9.6060
14:	[0s / 0s],		train_loss: 12.2084
15:	[0s / 0s],		train_loss: 13.3576
16:	[0s / 1s],		train_loss: 11.3888
C-index TRAIN: 0.5814826953597768
C-index TEST : 0.5668752124076992
Fitting deepsurv_vanilla.pt...
0:	[0s / 0s],		train_loss: 4.9891
1:	[0s / 0s],		train_loss: 4.8932
2:	[0s / 0s],		train_loss: 4.8495
3:	[0s / 0s],		train_loss: 4.8321
4:	[0s / 0s],		train_loss: 4.8010
5:	[0s / 0s],		train_loss: 4.8099
6:	[0s / 0s],		train_loss: 4.7846
7:	[0s / 0s],		train_loss: 4.7907
8:	[0s / 0s],		train_loss: 4.7702
9:	[0s / 0s],		train_loss: 4.7771
10:	[0s / 0s],		train_loss: 4.7832
11:	[0s / 0s],		train_loss: 4.7726
12:	[0s / 1s],		train_loss: 4.7630
13:	[0s / 1s],		train_loss: 4.7773
14:	[0s / 1s],		train_loss: 4.7634
15:	[0s / 1s],		train_loss: 4.7437
16:	[0s / 1s],		train_loss: 4.7434
17:	[0s / 1s],		train_loss: 4.7378
18:	[0s / 1s],		train_loss: 4.7342
19:	[0s / 1s],		train_loss: 4.7643
20:	[0s / 1s],		train_loss: 4.7405
21:	[0s / 1s],		train_loss: 4.7357
22:	[0s / 1s],		train_loss: 4.7183
23:	[0s / 1s],		train_loss: 4.7239
24:	[0s / 2s],		train_loss: 4.7026
C-index TRAIN: 0.7062497514955786
C-index TEST : 0.663682145395001
Fitting Cox model...
C-index TRAIN: 0.7085932178637798
C-index TEST : 0.682754039608243
Evaluating method: imputer_bayesian
Fitting Random Survival Forest model...
C-index TRAIN: 0.733577248551614
C-index TEST : 0.7024855562764544
Fitting deepsurv_simple.pt...
0:	[0s / 0s],		train_loss: 54.7763
1:	[0s / 0s],		train_loss: 13.7902
2:	[0s / 0s],		train_loss: 11.6677
3:	[0s / 0s],		train_loss: 10.1955
4:	[0s / 0s],		train_loss: 7.1572
5:	[0s / 0s],		train_loss: 6.5970
6:	[0s / 0s],		train_loss: 7.1842
7:	[0s / 0s],		train_loss: 7.4576
8:	[0s / 0s],		train_loss: 6.4020
9:	[0s / 0s],		train_loss: 5.4520
10:	[0s / 0s],		train_loss: 5.8472
11:	[0s / 0s],		train_loss: 6.6608
12:	[0s / 0s],		train_loss: 6.1206
13:	[0s / 0s],		train_loss: 7.7750
14:	[0s / 0s],		train_loss: 8.3375
15:	[0s / 0s],		train_loss: 6.7667
16:	[0s / 0s],		train_loss: 8.1682
C-index TRAIN: 0.5824389961127405
C-index TEST : 0.57341891432632
Fitting deepsurv_vanilla.pt...
0:	[0s / 0s],		train_loss: 5.0450
1:	[0s / 0s],		train_loss: 4.8560
2:	[0s / 0s],		train_loss: 4.7792
3:	[0s / 0s],		train_loss: 4.7427
4:	[0s / 0s],		train_loss: 4.7529
5:	[0s / 0s],		train_loss: 4.7192
6:	[0s / 0s],		train_loss: 4.6954
7:	[0s / 0s],		train_loss: 4.7166
8:	[0s / 0s],		train_loss: 4.6924
9:	[0s / 0s],		train_loss: 4.7000
10:	[0s / 0s],		train_loss: 4.6969
11:	[0s / 0s],		train_loss: 4.6959
12:	[0s / 1s],		train_loss: 4.6799
13:	[0s / 1s],		train_loss: 4.6814
14:	[0s / 1s],		train_loss: 4.6914
15:	[0s / 1s],		train_loss: 4.6677
16:	[0s / 1s],		train_loss: 4.6743
17:	[0s / 1s],		train_loss: 4.7047
18:	[0s / 1s],		train_loss: 4.6554
19:	[0s / 1s],		train_loss: 4.6529
20:	[0s / 1s],		train_loss: 4.6499
21:	[0s / 1s],		train_loss: 4.6456
22:	[0s / 1s],		train_loss: 4.6392
23:	[0s / 1s],		train_loss: 4.6627
24:	[0s / 2s],		train_loss: 4.6473
C-index TRAIN: 0.7252436643913881
C-index TEST : 0.7082923965767602
Fitting Cox model...
C-index TRAIN: 0.7245361467563995
C-index TEST : 0.7173664534865758
[fold=2, target=90%] actual NaN%: 90.0%
X_train shape: (5161, 76), X_test shape: (1291, 76)
Generating TabPFN Embeddings...
Successfully generated embeddings with shape: (5161, 192)
Fitting SimpleImputer (mean)...
Fitting SimpleImputer (median)...
Fitting SimpleImputer (constant, fill=-1)...
Fitting KNNImputer...
Fitting IterativeImputer (BayesianRidge, MICE-like)...
Fitting DeepSurv Simple pilot model...
0:	[0s / 0s],		train_loss: 22.4569,	val_loss: 10.9707
1:	[0s / 0s],		train_loss: 6.1507,	val_loss: 7.8503
2:	[0s / 0s],		train_loss: 5.9039,	val_loss: 7.9907
3:	[0s / 0s],		train_loss: 6.3314,	val_loss: 7.7012
4:	[0s / 0s],		train_loss: 5.4840,	val_loss: 7.3088
5:	[0s / 0s],		train_loss: 5.2974,	val_loss: 7.1875
6:	[0s / 0s],		train_loss: 5.2075,	val_loss: 7.0479
7:	[0s / 0s],		train_loss: 5.0734,	val_loss: 7.0239
8:	[0s / 0s],		train_loss: 5.0187,	val_loss: 6.9831
9:	[0s / 0s],		train_loss: 4.9877,	val_loss: 6.9877
10:	[0s / 0s],		train_loss: 5.0501,	val_loss: 6.8609
11:	[0s / 0s],		train_loss: 5.4469,	val_loss: 8.8802
12:	[0s / 0s],		train_loss: 6.2548,	val_loss: 6.9640
13:	[0s / 0s],		train_loss: 4.9548,	val_loss: 6.8313
14:	[0s / 0s],		train_loss: 4.9548,	val_loss: 6.8153
15:	[0s / 1s],		train_loss: 4.8604,	val_loss: 6.7768
16:	[0s / 1s],		train_loss: 4.8984,	val_loss: 6.7795
17:	[0s / 1s],		train_loss: 4.8585,	val_loss: 6.8256
18:	[0s / 1s],		train_loss: 7.1825,	val_loss: 10.7957
19:	[0s / 1s],		train_loss: 7.4198,	val_loss: 7.5302
20:	[0s / 1s],		train_loss: 5.1040,	val_loss: 6.8085
21:	[0s / 1s],		train_loss: 5.0871,	val_loss: 7.1111
22:	[0s / 1s],		train_loss: 5.0209,	val_loss: 6.8829
23:	[0s / 1s],		train_loss: 4.8562,	val_loss: 6.8137
24:	[0s / 1s],		train_loss: 4.8853,	val_loss: 6.8209
25:	[0s / 1s],		train_loss: 4.8702,	val_loss: 6.7972
26:	[0s / 1s],		train_loss: 4.8294,	val_loss: 6.8199
27:	[0s / 1s],		train_loss: 4.8207,	val_loss: 6.9514
28:	[0s / 1s],		train_loss: 5.0387,	val_loss: 7.6384
29:	[0s / 1s],		train_loss: 5.2625,	val_loss: 7.5111
30:	[0s / 2s],		train_loss: 5.1959,	val_loss: 7.2992
31:	[0s / 2s],		train_loss: 5.1106,	val_loss: 7.2376
32:	[0s / 2s],		train_loss: 5.0289,	val_loss: 7.0549
33:	[0s / 2s],		train_loss: 6.3992,	val_loss: 10.1977
34:	[0s / 2s],		train_loss: 8.1227,	val_loss: 10.4322
35:	[0s / 2s],		train_loss: 7.3118,	val_loss: 8.7001
Saved fixed_epochs=16 → nan/tabpfn/OrmoniTirodei/nan_percentage0.9/seed123/fold2/fixed_epochs_deepsurv_simple.json
Fitting DeepSurv Vanilla pilot model...
0:	[0s / 0s],		train_loss: 4.9721,	val_loss: 6.8628
1:	[0s / 0s],		train_loss: 4.9192,	val_loss: 6.8093
2:	[0s / 0s],		train_loss: 4.9626,	val_loss: 8.3160
3:	[0s / 0s],		train_loss: 4.9291,	val_loss: 70.3070
4:	[0s / 0s],		train_loss: 4.8644,	val_loss: 31.0661
5:	[0s / 0s],		train_loss: 4.8828,	val_loss: 71.6570
6:	[0s / 0s],		train_loss: 4.8615,	val_loss: 356.0246
7:	[0s / 0s],		train_loss: 4.8473,	val_loss: 6.8870
8:	[0s / 0s],		train_loss: 4.8451,	val_loss: 7.3567
9:	[0s / 0s],		train_loss: 4.8275,	val_loss: 7.7157
10:	[0s / 0s],		train_loss: 4.8487,	val_loss: 7.5000
11:	[0s / 1s],		train_loss: 4.8628,	val_loss: 9.4567
12:	[0s / 1s],		train_loss: 4.8689,	val_loss: 7.8498
13:	[0s / 1s],		train_loss: 4.8479,	val_loss: 239.2257
14:	[0s / 1s],		train_loss: 4.8404,	val_loss: 174.4892
15:	[0s / 1s],		train_loss: 4.8328,	val_loss: 7.3505
16:	[0s / 1s],		train_loss: 4.8334,	val_loss: 309.1117
17:	[0s / 1s],		train_loss: 4.8482,	val_loss: 7.5664
18:	[0s / 1s],		train_loss: 4.8210,	val_loss: 7.2404
19:	[0s / 1s],		train_loss: 4.8275,	val_loss: 6.7868
20:	[0s / 1s],		train_loss: 4.8079,	val_loss: 225.6917
21:	[0s / 1s],		train_loss: 4.8089,	val_loss: 6.8177
22:	[0s / 1s],		train_loss: 4.8058,	val_loss: 7.3225
23:	[0s / 2s],		train_loss: 4.8039,	val_loss: 7.2371
24:	[0s / 2s],		train_loss: 4.8026,	val_loss: 7.1809
25:	[0s / 2s],		train_loss: 4.7877,	val_loss: 6.8601
26:	[0s / 2s],		train_loss: 4.7910,	val_loss: 170.4885
27:	[0s / 2s],		train_loss: 4.7911,	val_loss: 7.2718
28:	[0s / 2s],		train_loss: 4.7934,	val_loss: 6.9176
29:	[0s / 2s],		train_loss: 4.7778,	val_loss: 7.1829
30:	[0s / 2s],		train_loss: 4.7796,	val_loss: 7.1448
31:	[0s / 2s],		train_loss: 4.7650,	val_loss: 186.0064
32:	[0s / 2s],		train_loss: 4.7935,	val_loss: 117.2532
33:	[0s / 2s],		train_loss: 4.7768,	val_loss: 530.0007
34:	[0s / 3s],		train_loss: 4.7794,	val_loss: 597.4220
35:	[0s / 3s],		train_loss: 4.7651,	val_loss: 681.5250
36:	[0s / 3s],		train_loss: 4.7925,	val_loss: 600.1191
37:	[0s / 3s],		train_loss: 4.7680,	val_loss: 328.9439
38:	[0s / 3s],		train_loss: 4.7832,	val_loss: 371.3326
39:	[0s / 3s],		train_loss: 4.7852,	val_loss: 237.2640
Saved fixed_epochs=20 → nan/tabpfn/OrmoniTirodei/nan_percentage0.9/seed123/fold2/fixed_epochs_deepsurv_vanilla.json
Evaluating method: embeddings
Fitting Random Survival Forest model...
C-index TRAIN: 0.917538150770373
C-index TEST : 0.6227623814378843
Fitting deepsurv_simple.pt...
0:	[0s / 0s],		train_loss: 3.5648
1:	[0s / 0s],		train_loss: 3.3232
2:	[0s / 0s],		train_loss: 3.3163
3:	[0s / 0s],		train_loss: 3.3192
4:	[0s / 0s],		train_loss: 3.3296
5:	[0s / 0s],		train_loss: 3.2889
6:	[0s / 0s],		train_loss: 3.3062
7:	[0s / 0s],		train_loss: 3.2971
8:	[0s / 0s],		train_loss: 3.2942
9:	[0s / 0s],		train_loss: 3.2881
10:	[0s / 0s],		train_loss: 3.2939
11:	[0s / 0s],		train_loss: 3.2964
12:	[0s / 0s],		train_loss: 3.2925
13:	[0s / 0s],		train_loss: 3.2814
14:	[0s / 0s],		train_loss: 3.2951
15:	[0s / 0s],		train_loss: 3.2917
C-index TRAIN: 0.8939879209200404
C-index TEST : 0.6014984397689004
Fitting deepsurv_vanilla.pt...
0:	[0s / 0s],		train_loss: 3.5143
1:	[0s / 0s],		train_loss: 3.3522
2:	[0s / 0s],		train_loss: 3.3391
3:	[0s / 0s],		train_loss: 3.3191
4:	[0s / 0s],		train_loss: 3.3051
5:	[0s / 0s],		train_loss: 3.3155
6:	[0s / 0s],		train_loss: 3.3020
7:	[0s / 0s],		train_loss: 3.3136
8:	[0s / 0s],		train_loss: 3.3186
9:	[0s / 0s],		train_loss: 3.3081
10:	[0s / 0s],		train_loss: 3.2963
11:	[0s / 0s],		train_loss: 3.3125
12:	[0s / 1s],		train_loss: 3.2933
13:	[0s / 1s],		train_loss: 3.2931
14:	[0s / 1s],		train_loss: 3.2752
15:	[0s / 1s],		train_loss: 3.2728
16:	[0s / 1s],		train_loss: 3.2874
17:	[0s / 1s],		train_loss: 3.2892
18:	[0s / 1s],		train_loss: 3.2777
19:	[0s / 1s],		train_loss: 3.2836
C-index TRAIN: 0.9032187221651823
C-index TEST : 0.5000865078629468
Fitting Cox model...
C-index TRAIN: 0.9010961692602167
C-index TEST : 0.6192788951710075
Evaluating method: mean
Fitting Random Survival Forest model...
C-index TRAIN: 0.6886712454651427
C-index TEST : 0.5844316742361046
Fitting deepsurv_simple.pt...
0:	[0s / 0s],		train_loss: 20.4338
1:	[0s / 0s],		train_loss: 7.2703
2:	[0s / 0s],		train_loss: 6.0673
3:	[0s / 0s],		train_loss: 5.4777
4:	[0s / 0s],		train_loss: 5.2644
5:	[0s / 0s],		train_loss: 5.1331
6:	[0s / 0s],		train_loss: 5.0618
7:	[0s / 0s],		train_loss: 5.0442
8:	[0s / 0s],		train_loss: 4.9646
9:	[0s / 0s],		train_loss: 4.9210
10:	[0s / 0s],		train_loss: 4.8942
11:	[0s / 0s],		train_loss: 4.8967
12:	[0s / 0s],		train_loss: 4.8483
13:	[0s / 0s],		train_loss: 4.8492
14:	[0s / 0s],		train_loss: 4.8665
15:	[0s / 0s],		train_loss: 4.8225
C-index TRAIN: 0.6521883810294604
C-index TEST : 0.6263231068681064
Fitting deepsurv_vanilla.pt...
0:	[0s / 0s],		train_loss: 5.0028
1:	[0s / 0s],		train_loss: 4.9500
2:	[0s / 0s],		train_loss: 4.9301
3:	[0s / 0s],		train_loss: 4.8808
4:	[0s / 0s],		train_loss: 4.8759
5:	[0s / 0s],		train_loss: 4.8721
6:	[0s / 0s],		train_loss: 4.8738
7:	[0s / 0s],		train_loss: 4.8799
8:	[0s / 0s],		train_loss: 4.8537
9:	[0s / 0s],		train_loss: 4.8396
10:	[0s / 0s],		train_loss: 4.8500
11:	[0s / 0s],		train_loss: 4.8356
12:	[0s / 1s],		train_loss: 4.8485
13:	[0s / 1s],		train_loss: 4.8546
14:	[0s / 1s],		train_loss: 4.8215
15:	[0s / 1s],		train_loss: 4.8156
16:	[0s / 1s],		train_loss: 4.8188
17:	[0s / 1s],		train_loss: 4.8173
18:	[0s / 1s],		train_loss: 4.8108
19:	[0s / 1s],		train_loss: 4.8010
C-index TRAIN: 0.651204117722908
C-index TEST : 0.6334167516297463
Fitting Cox model...
C-index TRAIN: 0.6598209504741371
C-index TEST : 0.6345475329811228
Evaluating method: median
Fitting Random Survival Forest model...
C-index TRAIN: 0.6841477218043632
C-index TEST : 0.6024901906262551
Fitting deepsurv_simple.pt...
0:	[0s / 0s],		train_loss: 16.2403
1:	[0s / 0s],		train_loss: 5.6631
2:	[0s / 0s],		train_loss: 5.5866
3:	[0s / 0s],		train_loss: 5.3897
4:	[0s / 0s],		train_loss: 5.3261
5:	[0s / 0s],		train_loss: 5.2731
6:	[0s / 0s],		train_loss: 5.2017
7:	[0s / 0s],		train_loss: 5.1548
8:	[0s / 0s],		train_loss: 5.0855
9:	[0s / 0s],		train_loss: 5.0373
10:	[0s / 0s],		train_loss: 5.0830
11:	[0s / 0s],		train_loss: 5.0143
12:	[0s / 0s],		train_loss: 5.0315
13:	[0s / 0s],		train_loss: 4.9778
14:	[0s / 0s],		train_loss: 5.0205
15:	[0s / 0s],		train_loss: 4.9770
C-index TRAIN: 0.6426195208723277
C-index TEST : 0.6216717644514475
Fitting deepsurv_vanilla.pt...
0:	[0s / 0s],		train_loss: 5.0849
1:	[0s / 0s],		train_loss: 4.9137
2:	[0s / 0s],		train_loss: 4.9207
3:	[0s / 0s],		train_loss: 4.8932
4:	[0s / 0s],		train_loss: 4.8798
5:	[0s / 0s],		train_loss: 4.8735
6:	[0s / 0s],		train_loss: 4.8686
7:	[0s / 0s],		train_loss: 4.8614
8:	[0s / 0s],		train_loss: 4.8664
9:	[0s / 0s],		train_loss: 4.8535
10:	[0s / 0s],		train_loss: 4.8467
11:	[0s / 0s],		train_loss: 4.8427
12:	[0s / 1s],		train_loss: 4.8530
13:	[0s / 1s],		train_loss: 4.8423
14:	[0s / 1s],		train_loss: 4.8228
15:	[0s / 1s],		train_loss: 4.8210
16:	[0s / 1s],		train_loss: 4.8376
17:	[0s / 1s],		train_loss: 4.8351
18:	[0s / 1s],		train_loss: 4.8494
19:	[0s / 1s],		train_loss: 4.8149
C-index TRAIN: 0.641892958973267
C-index TEST : 0.610589489294652
Fitting Cox model...
C-index TRAIN: 0.6528519575088096
C-index TEST : 0.6278879723174838
Evaluating method: constant
Fitting Random Survival Forest model...
C-index TRAIN: 0.6848233751340995
C-index TEST : 0.6010334600055612
Fitting deepsurv_simple.pt...
0:	[0s / 0s],		train_loss: 32.7983
1:	[0s / 0s],		train_loss: 6.8362
2:	[0s / 0s],		train_loss: 5.6552
3:	[0s / 0s],		train_loss: 5.3791
4:	[0s / 0s],		train_loss: 5.4243
5:	[0s / 0s],		train_loss: 5.2470
6:	[0s / 0s],		train_loss: 5.2441
7:	[0s / 0s],		train_loss: 5.1779
8:	[0s / 0s],		train_loss: 5.1189
9:	[0s / 0s],		train_loss: 5.0920
10:	[0s / 0s],		train_loss: 5.3124
11:	[0s / 0s],		train_loss: 6.7051
12:	[0s / 0s],		train_loss: 5.5735
13:	[0s / 0s],		train_loss: 5.5714
14:	[0s / 0s],		train_loss: 5.4698
15:	[0s / 0s],		train_loss: 5.3702
C-index TRAIN: 0.5684546536563686
C-index TEST : 0.5307504557110637
Fitting deepsurv_vanilla.pt...
0:	[0s / 0s],		train_loss: 5.0461
1:	[0s / 0s],		train_loss: 4.9633
2:	[0s / 0s],		train_loss: 4.9323
3:	[0s / 0s],		train_loss: 4.9307
4:	[0s / 0s],		train_loss: 4.9183
5:	[0s / 0s],		train_loss: 4.9296
6:	[0s / 0s],		train_loss: 4.9008
7:	[0s / 0s],		train_loss: 4.9181
8:	[0s / 0s],		train_loss: 4.9197
9:	[0s / 0s],		train_loss: 4.8988
10:	[0s / 0s],		train_loss: 4.8838
11:	[0s / 0s],		train_loss: 4.8919
12:	[0s / 1s],		train_loss: 4.8975
13:	[0s / 1s],		train_loss: 4.9015
14:	[0s / 1s],		train_loss: 4.8821
15:	[0s / 1s],		train_loss: 4.8535
16:	[0s / 1s],		train_loss: 4.8488
17:	[0s / 1s],		train_loss: 4.8497
18:	[0s / 1s],		train_loss: 4.8587
19:	[0s / 1s],		train_loss: 4.8288
C-index TRAIN: 0.646552765245723
C-index TEST : 0.5309018444712207
Fitting Cox model...
C-index TRAIN: 0.5859115550932908
C-index TEST : 0.5237186022801001
Evaluating method: knn
Fitting Random Survival Forest model...
C-index TRAIN: 0.6897132918558552
C-index TEST : 0.5758488584051658
Fitting deepsurv_simple.pt...
0:	[0s / 0s],		train_loss: 31.1519
1:	[0s / 0s],		train_loss: 10.8576
2:	[0s / 0s],		train_loss: 7.9942
3:	[0s / 0s],		train_loss: 6.7885
4:	[0s / 0s],		train_loss: 5.9999
5:	[0s / 0s],		train_loss: 6.3658
6:	[0s / 0s],		train_loss: 6.3820
7:	[0s / 0s],		train_loss: 6.5793
8:	[0s / 0s],		train_loss: 5.6755
9:	[0s / 0s],		train_loss: 7.2079
10:	[0s / 0s],		train_loss: 7.4152
11:	[0s / 0s],		train_loss: 7.2015
12:	[0s / 0s],		train_loss: 6.5544
13:	[0s / 0s],		train_loss: 5.5917
14:	[0s / 0s],		train_loss: 5.2052
15:	[0s / 0s],		train_loss: 5.5490
C-index TRAIN: 0.5639097632602889
C-index TEST : 0.5472610992677728
Fitting deepsurv_vanilla.pt...
0:	[0s / 0s],		train_loss: 5.0078
1:	[0s / 0s],		train_loss: 4.9512
2:	[0s / 0s],		train_loss: 4.9379
3:	[0s / 0s],		train_loss: 4.9109
4:	[0s / 0s],		train_loss: 4.9284
5:	[0s / 0s],		train_loss: 4.9140
6:	[0s / 0s],		train_loss: 4.9016
7:	[0s / 0s],		train_loss: 4.9054
8:	[0s / 0s],		train_loss: 4.9126
9:	[0s / 0s],		train_loss: 4.8879
10:	[0s / 0s],		train_loss: 4.9047
11:	[0s / 1s],		train_loss: 4.9051
12:	[0s / 1s],		train_loss: 4.8894
13:	[0s / 1s],		train_loss: 4.8823
14:	[0s / 1s],		train_loss: 4.8921
15:	[0s / 1s],		train_loss: 4.8768
16:	[0s / 1s],		train_loss: 4.9025
17:	[0s / 1s],		train_loss: 4.8821
18:	[0s / 1s],		train_loss: 4.8857
19:	[0s / 1s],		train_loss: 4.8745
C-index TRAIN: 0.6147139142781444
C-index TEST : 0.5640992368770662
Fitting Cox model...
C-index TRAIN: 0.6218728853899467
C-index TEST : 0.5751722433342602
Evaluating method: imputer_bayesian
Fitting Random Survival Forest model...
C-index TRAIN: 0.6577055507805547
C-index TEST : 0.5968779930175796
Fitting deepsurv_simple.pt...
0:	[0s / 0s],		train_loss: 83.6122
1:	[0s / 0s],		train_loss: 13.3516
2:	[0s / 0s],		train_loss: 8.8028
3:	[0s / 0s],		train_loss: 6.8837
4:	[0s / 0s],		train_loss: 6.0064
5:	[0s / 0s],		train_loss: 5.5769
6:	[0s / 0s],		train_loss: 5.3431
7:	[0s / 0s],		train_loss: 5.2531
8:	[0s / 0s],		train_loss: 5.1068
9:	[0s / 0s],		train_loss: 5.0483
10:	[0s / 0s],		train_loss: 4.9760
11:	[0s / 0s],		train_loss: 4.9547
12:	[0s / 0s],		train_loss: 4.9101
13:	[0s / 0s],		train_loss: 4.8979
14:	[0s / 0s],		train_loss: 4.8706
15:	[0s / 0s],		train_loss: 4.8657
C-index TRAIN: 0.6320218988599081
C-index TEST : 0.6230605246083974
Fitting deepsurv_vanilla.pt...
0:	[0s / 0s],		train_loss: 4.9795
1:	[0s / 0s],		train_loss: 4.9276
2:	[0s / 0s],		train_loss: 4.9017
3:	[0s / 0s],		train_loss: 4.8897
4:	[0s / 0s],		train_loss: 4.8838
5:	[0s / 0s],		train_loss: 4.8787
6:	[0s / 0s],		train_loss: 4.8838
7:	[0s / 0s],		train_loss: 4.8786
8:	[0s / 0s],		train_loss: 4.8643
9:	[0s / 0s],		train_loss: 4.8502
10:	[0s / 0s],		train_loss: 4.8478
11:	[0s / 1s],		train_loss: 4.8476
12:	[0s / 1s],		train_loss: 4.8669
13:	[0s / 1s],		train_loss: 4.8523
14:	[0s / 1s],		train_loss: 4.8458
15:	[0s / 1s],		train_loss: 4.8557
16:	[0s / 1s],		train_loss: 4.8452
17:	[0s / 1s],		train_loss: 4.8526
18:	[0s / 1s],		train_loss: 4.8510
19:	[0s / 1s],		train_loss: 4.8193
C-index TRAIN: 0.6544408065255124
C-index TEST : 0.6258411344888312
Fitting Cox model...
C-index TRAIN: 0.6535941264145243
C-index TEST : 0.6378162943738993
Generating NaN ordering → tmp/masks/OrmoniTirodei_tabpfn_seed123_fold3_train.npy
Generating NaN ordering → tmp/masks/OrmoniTirodei_tabpfn_seed123_fold3_test.npy
[fold=3, target=10%] actual NaN%: 10.0%
X_train shape: (5162, 76), X_test shape: (1290, 76)
Generating TabPFN Embeddings...
Successfully generated embeddings with shape: (5162, 192)
Fitting SimpleImputer (mean)...
Fitting SimpleImputer (median)...
Fitting SimpleImputer (constant, fill=-1)...
Fitting KNNImputer...
Fitting IterativeImputer (BayesianRidge, MICE-like)...
Fitting DeepSurv Simple pilot model...
0:	[0s / 0s],		train_loss: 27.1648,	val_loss: 13.0593
1:	[0s / 0s],		train_loss: 9.4130,	val_loss: 9.5791
2:	[0s / 0s],		train_loss: 8.1433,	val_loss: 11.2219
3:	[0s / 0s],		train_loss: 9.3183,	val_loss: 11.3003
4:	[0s / 0s],		train_loss: 7.8930,	val_loss: 8.6562
5:	[0s / 0s],		train_loss: 6.8541,	val_loss: 10.0132
6:	[0s / 0s],		train_loss: 6.5660,	val_loss: 7.9585
7:	[0s / 0s],		train_loss: 6.3178,	val_loss: 8.1901
8:	[0s / 0s],		train_loss: 5.5215,	val_loss: 8.0177
9:	[0s / 0s],		train_loss: 7.3549,	val_loss: 13.4894
10:	[0s / 0s],		train_loss: 9.5430,	val_loss: 11.8312
11:	[0s / 0s],		train_loss: 8.4432,	val_loss: 9.4589
12:	[0s / 0s],		train_loss: 6.5027,	val_loss: 9.2044
13:	[0s / 0s],		train_loss: 6.5968,	val_loss: 8.1720
14:	[0s / 0s],		train_loss: 5.5100,	val_loss: 8.7450
15:	[0s / 0s],		train_loss: 6.9391,	val_loss: 9.6759
16:	[0s / 1s],		train_loss: 8.1064,	val_loss: 9.3989
17:	[0s / 1s],		train_loss: 7.7362,	val_loss: 10.9627
18:	[0s / 1s],		train_loss: 8.2441,	val_loss: 10.2135
19:	[0s / 1s],		train_loss: 7.3637,	val_loss: 9.8623
20:	[0s / 1s],		train_loss: 6.6052,	val_loss: 7.5650
21:	[0s / 1s],		train_loss: 4.9662,	val_loss: 7.1008
22:	[0s / 1s],		train_loss: 4.8480,	val_loss: 6.6678
23:	[0s / 1s],		train_loss: 4.4816,	val_loss: 6.6158
24:	[0s / 1s],		train_loss: 4.6676,	val_loss: 6.6684
25:	[0s / 1s],		train_loss: 5.1445,	val_loss: 8.7539
26:	[0s / 1s],		train_loss: 6.2237,	val_loss: 8.0196
27:	[0s / 1s],		train_loss: 5.2539,	val_loss: 7.3173
28:	[0s / 1s],		train_loss: 4.9665,	val_loss: 6.7596
29:	[0s / 1s],		train_loss: 5.7430,	val_loss: 9.5469
30:	[0s / 1s],		train_loss: 7.5997,	val_loss: 11.7193
31:	[0s / 1s],		train_loss: 10.1981,	val_loss: 11.9752
32:	[0s / 2s],		train_loss: 9.8293,	val_loss: 12.5524
33:	[0s / 2s],		train_loss: 10.3825,	val_loss: 12.3821
34:	[0s / 2s],		train_loss: 9.0114,	val_loss: 9.6855
35:	[0s / 2s],		train_loss: 6.1379,	val_loss: 11.0990
36:	[0s / 2s],		train_loss: 5.7223,	val_loss: 9.1245
37:	[0s / 2s],		train_loss: 6.6693,	val_loss: 8.9626
38:	[0s / 2s],		train_loss: 6.2945,	val_loss: 8.3186
39:	[0s / 2s],		train_loss: 6.2143,	val_loss: 9.1349
40:	[0s / 2s],		train_loss: 7.3262,	val_loss: 9.4685
41:	[0s / 2s],		train_loss: 6.4027,	val_loss: 7.8053
42:	[0s / 2s],		train_loss: 5.2070,	val_loss: 6.6762
43:	[0s / 2s],		train_loss: 4.5227,	val_loss: 6.5506
44:	[0s / 2s],		train_loss: 4.6970,	val_loss: 8.2645
45:	[0s / 2s],		train_loss: 5.8939,	val_loss: 8.0546
46:	[0s / 2s],		train_loss: 5.8985,	val_loss: 8.2832
47:	[0s / 3s],		train_loss: 5.1139,	val_loss: 6.7243
48:	[0s / 3s],		train_loss: 4.5716,	val_loss: 6.4971
49:	[0s / 3s],		train_loss: 5.0414,	val_loss: 7.2226
50:	[0s / 3s],		train_loss: 6.8567,	val_loss: 12.9892
51:	[0s / 3s],		train_loss: 10.8561,	val_loss: 12.1858
52:	[0s / 3s],		train_loss: 8.9224,	val_loss: 9.0137
53:	[0s / 3s],		train_loss: 6.0926,	val_loss: 13.3687
54:	[0s / 3s],		train_loss: 6.7485,	val_loss: 8.7221
55:	[0s / 3s],		train_loss: 7.8980,	val_loss: 11.1830
56:	[0s / 3s],		train_loss: 8.2281,	val_loss: 11.5302
57:	[0s / 3s],		train_loss: 9.2853,	val_loss: 12.4299
58:	[0s / 3s],		train_loss: 9.1757,	val_loss: 10.0992
59:	[0s / 3s],		train_loss: 6.7560,	val_loss: 8.8177
60:	[0s / 3s],		train_loss: 6.8392,	val_loss: 9.1371
61:	[0s / 3s],		train_loss: 6.1667,	val_loss: 7.7562
62:	[0s / 3s],		train_loss: 5.7095,	val_loss: 7.6111
63:	[0s / 4s],		train_loss: 5.2807,	val_loss: 6.5765
64:	[0s / 4s],		train_loss: 6.3322,	val_loss: 8.7773
65:	[0s / 4s],		train_loss: 5.9841,	val_loss: 7.1280
66:	[0s / 4s],		train_loss: 6.2935,	val_loss: 9.7485
67:	[0s / 4s],		train_loss: 6.8337,	val_loss: 7.8868
68:	[0s / 4s],		train_loss: 5.8686,	val_loss: 8.3511
Saved fixed_epochs=49 → nan/tabpfn/OrmoniTirodei/nan_percentage0.1/seed123/fold3/fixed_epochs_deepsurv_simple.json
Fitting DeepSurv Vanilla pilot model...
0:	[0s / 0s],		train_loss: 4.8797,	val_loss: 6.5605
1:	[0s / 0s],		train_loss: 4.5908,	val_loss: 6.4353
2:	[0s / 0s],		train_loss: 4.5245,	val_loss: 6.3730
3:	[0s / 0s],		train_loss: 4.4665,	val_loss: 6.4054
4:	[0s / 0s],		train_loss: 4.4719,	val_loss: 6.3811
5:	[0s / 0s],		train_loss: 4.4406,	val_loss: 6.3569
6:	[0s / 0s],		train_loss: 4.4418,	val_loss: 6.3629
7:	[0s / 0s],		train_loss: 4.4201,	val_loss: 6.3520
8:	[0s / 0s],		train_loss: 4.4252,	val_loss: 6.3588
9:	[0s / 0s],		train_loss: 4.4288,	val_loss: 6.4042
10:	[0s / 0s],		train_loss: 4.4230,	val_loss: 6.3644
11:	[0s / 1s],		train_loss: 4.4033,	val_loss: 6.3425
12:	[0s / 1s],		train_loss: 4.4010,	val_loss: 6.3452
13:	[0s / 1s],		train_loss: 4.3999,	val_loss: 6.3403
14:	[0s / 1s],		train_loss: 4.3997,	val_loss: 6.3402
15:	[0s / 1s],		train_loss: 4.3785,	val_loss: 6.3094
16:	[0s / 1s],		train_loss: 4.3753,	val_loss: 6.3491
17:	[0s / 1s],		train_loss: 4.3826,	val_loss: 6.3175
18:	[0s / 1s],		train_loss: 4.3768,	val_loss: 6.3289
19:	[0s / 1s],		train_loss: 4.3663,	val_loss: 6.3489
20:	[0s / 1s],		train_loss: 4.3711,	val_loss: 6.3064
21:	[0s / 1s],		train_loss: 4.3747,	val_loss: 6.3150
22:	[0s / 2s],		train_loss: 4.3816,	val_loss: 6.3300
23:	[0s / 2s],		train_loss: 4.3512,	val_loss: 6.3106
24:	[0s / 2s],		train_loss: 4.3658,	val_loss: 6.3179
25:	[0s / 2s],		train_loss: 4.3396,	val_loss: 6.3269
26:	[0s / 2s],		train_loss: 4.3903,	val_loss: 6.3143
27:	[0s / 2s],		train_loss: 4.3606,	val_loss: 6.3226
28:	[0s / 2s],		train_loss: 4.3389,	val_loss: 6.3171
29:	[0s / 2s],		train_loss: 4.3416,	val_loss: 6.3891
30:	[0s / 2s],		train_loss: 4.3359,	val_loss: 6.3253
31:	[0s / 2s],		train_loss: 4.3379,	val_loss: 6.3286
32:	[0s / 2s],		train_loss: 4.3320,	val_loss: 6.3204
33:	[0s / 2s],		train_loss: 4.3167,	val_loss: 6.3313
34:	[0s / 3s],		train_loss: 4.3382,	val_loss: 6.3286
35:	[0s / 3s],		train_loss: 4.3479,	val_loss: 6.3343
36:	[0s / 3s],		train_loss: 4.3309,	val_loss: 6.3400
37:	[0s / 3s],		train_loss: 4.3518,	val_loss: 6.3472
38:	[0s / 3s],		train_loss: 4.3403,	val_loss: 6.3569
39:	[0s / 3s],		train_loss: 4.3343,	val_loss: 6.3430
40:	[0s / 3s],		train_loss: 4.3536,	val_loss: 6.3235
Saved fixed_epochs=21 → nan/tabpfn/OrmoniTirodei/nan_percentage0.1/seed123/fold3/fixed_epochs_deepsurv_vanilla.json
Evaluating method: embeddings
Fitting Random Survival Forest model...
C-index TRAIN: 0.9256958694611583
C-index TEST : 0.758352805344036
Fitting deepsurv_simple.pt...
0:	[0s / 0s],		train_loss: 3.5054
1:	[0s / 0s],		train_loss: 3.2622
2:	[0s / 0s],		train_loss: 3.2375
3:	[0s / 0s],		train_loss: 3.2328
4:	[0s / 0s],		train_loss: 3.2179
5:	[0s / 0s],		train_loss: 3.2141/scratch.hpc/luca.cotugno/Foundation_model_clinical_data/.venv/lib/python3.12/site-packages/sklearn/impute/_iterative.py:867: ConvergenceWarning: [IterativeImputer] Early stopping criterion not reached.
  warnings.warn(
/scratch.hpc/luca.cotugno/Foundation_model_clinical_data/.venv/lib/python3.12/site-packages/sklearn/impute/_iterative.py:867: ConvergenceWarning: [IterativeImputer] Early stopping criterion not reached.
  warnings.warn(

6:	[0s / 0s],		train_loss: 3.2025
7:	[0s / 0s],		train_loss: 3.2204
8:	[0s / 0s],		train_loss: 3.2047
9:	[0s / 0s],		train_loss: 3.2128
10:	[0s / 0s],		train_loss: 3.2335
11:	[0s / 0s],		train_loss: 3.2061
12:	[0s / 0s],		train_loss: 3.1952
13:	[0s / 0s],		train_loss: 3.2053
14:	[0s / 0s],		train_loss: 3.1987
15:	[0s / 0s],		train_loss: 3.2157
16:	[0s / 0s],		train_loss: 3.2057
17:	[0s / 1s],		train_loss: 3.1931
18:	[0s / 1s],		train_loss: 3.2055
19:	[0s / 1s],		train_loss: 3.2029
20:	[0s / 1s],		train_loss: 3.1930
21:	[0s / 1s],		train_loss: 3.1844
22:	[0s / 1s],		train_loss: 3.1861
23:	[0s / 1s],		train_loss: 3.1953
24:	[0s / 1s],		train_loss: 3.2084
25:	[0s / 1s],		train_loss: 3.1687
26:	[0s / 1s],		train_loss: 3.1869
27:	[0s / 1s],		train_loss: 3.1830
28:	[0s / 1s],		train_loss: 3.2213
29:	[0s / 1s],		train_loss: 3.2059
30:	[0s / 1s],		train_loss: 3.1943
31:	[0s / 1s],		train_loss: 3.1976
32:	[0s / 1s],		train_loss: 3.1890
33:	[0s / 1s],		train_loss: 3.1835
34:	[0s / 2s],		train_loss: 3.1925
35:	[0s / 2s],		train_loss: 3.1894
36:	[0s / 2s],		train_loss: 3.1923
37:	[0s / 2s],		train_loss: 3.1855
38:	[0s / 2s],		train_loss: 3.2042
39:	[0s / 2s],		train_loss: 3.1588
40:	[0s / 2s],		train_loss: 3.1849
41:	[0s / 2s],		train_loss: 3.1869
42:	[0s / 2s],		train_loss: 3.1938
43:	[0s / 2s],		train_loss: 3.1791
44:	[0s / 2s],		train_loss: 3.2020
45:	[0s / 2s],		train_loss: 3.1862
46:	[0s / 2s],		train_loss: 3.1807
47:	[0s / 2s],		train_loss: 3.1950
48:	[0s / 2s],		train_loss: 3.1846
C-index TRAIN: 0.9190380445223906
C-index TEST : 0.7407262830909641
Fitting deepsurv_vanilla.pt...
0:	[0s / 0s],		train_loss: 3.4066
1:	[0s / 0s],		train_loss: 3.2972
2:	[0s / 0s],		train_loss: 3.2625
3:	[0s / 0s],		train_loss: 3.2391
4:	[0s / 0s],		train_loss: 3.2520
5:	[0s / 0s],		train_loss: 3.2270
6:	[0s / 0s],		train_loss: 3.2356
7:	[0s / 0s],		train_loss: 3.2293
8:	[0s / 0s],		train_loss: 3.2171
9:	[0s / 0s],		train_loss: 3.2169
10:	[0s / 0s],		train_loss: 3.2254
11:	[0s / 0s],		train_loss: 3.2237
12:	[0s / 1s],		train_loss: 3.2162
13:	[0s / 1s],		train_loss: 3.2173
14:	[0s / 1s],		train_loss: 3.2111
15:	[0s / 1s],		train_loss: 3.2251
16:	[0s / 1s],		train_loss: 3.2310
17:	[0s / 1s],		train_loss: 3.2065
18:	[0s / 1s],		train_loss: 3.1987
19:	[0s / 1s],		train_loss: 3.1977
20:	[0s / 1s],		train_loss: 3.2069
C-index TRAIN: 0.9199354339332722
C-index TEST : 0.6083555543337823
Fitting Cox model...
C-index TRAIN: 0.9185266187535424
C-index TEST : 0.7672457871732138
Evaluating method: mean
Fitting Random Survival Forest model...
C-index TRAIN: 0.7990988371480524
C-index TEST : 0.7645613986859829
Fitting deepsurv_simple.pt...
0:	[0s / 0s],		train_loss: 35.2604
1:	[0s / 0s],		train_loss: 10.3935
2:	[0s / 0s],		train_loss: 7.6071
3:	[0s / 0s],		train_loss: 6.1381
4:	[0s / 0s],		train_loss: 5.5895
5:	[0s / 0s],		train_loss: 6.5574
6:	[0s / 0s],		train_loss: 6.5803
7:	[0s / 0s],		train_loss: 5.2544
8:	[0s / 0s],		train_loss: 4.9149
9:	[0s / 0s],		train_loss: 6.1268
10:	[0s / 0s],		train_loss: 6.6004
11:	[0s / 0s],		train_loss: 6.1775
12:	[0s / 0s],		train_loss: 5.7788
13:	[0s / 0s],		train_loss: 7.4709
14:	[0s / 0s],		train_loss: 6.3637
15:	[0s / 0s],		train_loss: 5.4693
16:	[0s / 0s],		train_loss: 7.9242
17:	[0s / 1s],		train_loss: 7.4187
18:	[0s / 1s],		train_loss: 6.4725
19:	[0s / 1s],		train_loss: 7.3674
20:	[0s / 1s],		train_loss: 8.0086
21:	[0s / 1s],		train_loss: 7.2565
22:	[0s / 1s],		train_loss: 6.9718
23:	[0s / 1s],		train_loss: 6.3987
24:	[0s / 1s],		train_loss: 5.5239
25:	[0s / 1s],		train_loss: 5.1500
26:	[0s / 1s],		train_loss: 4.7409
27:	[0s / 1s],		train_loss: 4.6155
28:	[0s / 1s],		train_loss: 5.2603
29:	[0s / 1s],		train_loss: 5.4636
30:	[0s / 1s],		train_loss: 6.5250
31:	[0s / 1s],		train_loss: 7.0427
32:	[0s / 1s],		train_loss: 6.8339
33:	[0s / 1s],		train_loss: 6.2283
34:	[0s / 2s],		train_loss: 5.9085
35:	[0s / 2s],		train_loss: 8.6873
36:	[0s / 2s],		train_loss: 8.9248
37:	[0s / 2s],		train_loss: 9.9299
38:	[0s / 2s],		train_loss: 8.8838
39:	[0s / 2s],		train_loss: 10.2651
40:	[0s / 2s],		train_loss: 10.1157
41:	[0s / 2s],		train_loss: 8.9538
42:	[0s / 2s],		train_loss: 7.4301
43:	[0s / 2s],		train_loss: 6.3438
44:	[0s / 2s],		train_loss: 6.9174
45:	[0s / 2s],		train_loss: 6.3585
46:	[0s / 2s],		train_loss: 6.6671
47:	[0s / 2s],		train_loss: 10.1835
48:	[0s / 2s],		train_loss: 8.0594
C-index TRAIN: 0.7150406487713619
C-index TEST : 0.706067020370014
Fitting deepsurv_vanilla.pt...
0:	[0s / 0s],		train_loss: 4.7463
1:	[0s / 0s],		train_loss: 4.5463
2:	[0s / 0s],		train_loss: 4.4937
3:	[0s / 0s],		train_loss: 4.4808
4:	[0s / 0s],		train_loss: 4.4626
5:	[0s / 0s],		train_loss: 4.4451
6:	[0s / 0s],		train_loss: 4.4644
7:	[0s / 0s],		train_loss: 4.4175
8:	[0s / 0s],		train_loss: 4.4458
9:	[0s / 0s],		train_loss: 4.4413
10:	[0s / 0s],		train_loss: 4.4142
11:	[0s / 0s],		train_loss: 4.3992
12:	[0s / 1s],		train_loss: 4.4074
13:	[0s / 1s],		train_loss: 4.4036
14:	[0s / 1s],		train_loss: 4.4014
15:	[0s / 1s],		train_loss: 4.4108
16:	[0s / 1s],		train_loss: 4.3786
17:	[0s / 1s],		train_loss: 4.3762
18:	[0s / 1s],		train_loss: 4.3856
19:	[0s / 1s],		train_loss: 4.3693
20:	[0s / 1s],		train_loss: 4.3762
C-index TRAIN: 0.7984200966192458
C-index TEST : 0.7735244797536905
Fitting Cox model...
C-index TRAIN: 0.7951509941484847
C-index TEST : 0.7741622453748247
Evaluating method: median
Fitting Random Survival Forest model...
C-index TRAIN: 0.7998524718624843
C-index TEST : 0.7661379443054678
Fitting deepsurv_simple.pt...
0:	[0s / 0s],		train_loss: 27.8171
1:	[0s / 0s],		train_loss: 10.1086
2:	[0s / 0s],		train_loss: 8.2119
3:	[0s / 0s],		train_loss: 6.6511
4:	[0s / 0s],		train_loss: 6.6903
5:	[0s / 0s],		train_loss: 6.8153
6:	[0s / 0s],		train_loss: 6.3495
7:	[0s / 0s],		train_loss: 5.4793
8:	[0s / 0s],		train_loss: 6.2340
9:	[0s / 0s],		train_loss: 8.0216
10:	[0s / 0s],		train_loss: 7.8897
11:	[0s / 0s],		train_loss: 6.8859
12:	[0s / 0s],		train_loss: 5.3261
13:	[0s / 0s],		train_loss: 5.3483
14:	[0s / 0s],		train_loss: 5.8865
15:	[0s / 0s],		train_loss: 5.3433
16:	[0s / 0s],		train_loss: 4.7844
17:	[0s / 1s],		train_loss: 5.4008
18:	[0s / 1s],		train_loss: 5.5167
19:	[0s / 1s],		train_loss: 5.8694
20:	[0s / 1s],		train_loss: 4.9965
21:	[0s / 1s],		train_loss: 5.0080
22:	[0s / 1s],		train_loss: 5.3538
23:	[0s / 1s],		train_loss: 5.1740
24:	[0s / 1s],		train_loss: 5.0346
25:	[0s / 1s],		train_loss: 6.4130
26:	[0s / 1s],		train_loss: 5.4539
27:	[0s / 1s],		train_loss: 5.9701
28:	[0s / 1s],		train_loss: 5.6134
29:	[0s / 1s],		train_loss: 8.3364
30:	[0s / 1s],		train_loss: 7.7107
31:	[0s / 1s],		train_loss: 7.6163
32:	[0s / 1s],		train_loss: 7.9980
33:	[0s / 1s],		train_loss: 7.0872
34:	[0s / 2s],		train_loss: 6.2705
35:	[0s / 2s],		train_loss: 5.9781
36:	[0s / 2s],		train_loss: 6.9453
37:	[0s / 2s],		train_loss: 9.2551
38:	[0s / 2s],		train_loss: 8.8553
39:	[0s / 2s],		train_loss: 8.8577
40:	[0s / 2s],		train_loss: 7.0935
41:	[0s / 2s],		train_loss: 5.1234
42:	[0s / 2s],		train_loss: 6.5613
43:	[0s / 2s],		train_loss: 5.9278
44:	[0s / 2s],		train_loss: 5.8168
45:	[0s / 2s],		train_loss: 6.1364
46:	[0s / 2s],		train_loss: 8.6094
47:	[0s / 2s],		train_loss: 6.7623
48:	[0s / 2s],		train_loss: 5.1128
C-index TRAIN: 0.7619916413491756
C-index TEST : 0.7463740825246722
Fitting deepsurv_vanilla.pt...
0:	[0s / 0s],		train_loss: 4.8743
1:	[0s / 0s],		train_loss: 4.6186
2:	[0s / 0s],		train_loss: 4.5123
3:	[0s / 0s],		train_loss: 4.4636
4:	[0s / 0s],		train_loss: 4.4539
5:	[0s / 0s],		train_loss: 4.4313
6:	[0s / 0s],		train_loss: 4.4292
7:	[0s / 0s],		train_loss: 4.4413
8:	[0s / 0s],		train_loss: 4.4133
9:	[0s / 0s],		train_loss: 4.4241
10:	[0s / 0s],		train_loss: 4.3947
11:	[0s / 0s],		train_loss: 4.4026
12:	[0s / 1s],		train_loss: 4.3822
13:	[0s / 1s],		train_loss: 4.3733
14:	[0s / 1s],		train_loss: 4.4293
15:	[0s / 1s],		train_loss: 4.4001
16:	[0s / 1s],		train_loss: 4.4014
17:	[0s / 1s],		train_loss: 4.4046
18:	[0s / 1s],		train_loss: 4.3642
19:	[0s / 1s],		train_loss: 4.3712
20:	[0s / 1s],		train_loss: 4.3789
C-index TRAIN: 0.792538317187028
C-index TEST : 0.7548340984688127
Fitting Cox model...
C-index TRAIN: 0.7946236701253989
C-index TEST : 0.7731066333122577
Evaluating method: constant
Fitting Random Survival Forest model...
C-index TRAIN: 0.7997242323298087
C-index TEST : 0.7591472633807076
Fitting deepsurv_simple.pt...
0:	[0s / 0s],		train_loss: 88.6437
1:	[0s / 0s],		train_loss: 19.8223
2:	[0s / 0s],		train_loss: 10.4604
3:	[0s / 0s],		train_loss: 7.7566
4:	[0s / 0s],		train_loss: 7.0620
5:	[0s / 0s],		train_loss: 6.8982
6:	[0s / 0s],		train_loss: 6.0048
7:	[0s / 0s],		train_loss: 6.7500
8:	[0s / 0s],		train_loss: 6.7674
9:	[0s / 0s],		train_loss: 5.7477
10:	[0s / 0s],		train_loss: 5.0613
11:	[0s / 0s],		train_loss: 5.0984
12:	[0s / 0s],		train_loss: 5.0115
13:	[0s / 0s],		train_loss: 5.1732
14:	[0s / 0s],		train_loss: 6.7549
15:	[0s / 0s],		train_loss: 7.4525
16:	[0s / 0s],		train_loss: 7.6504
17:	[0s / 1s],		train_loss: 7.9561
18:	[0s / 1s],		train_loss: 7.2860
19:	[0s / 1s],		train_loss: 9.4945
20:	[0s / 1s],		train_loss: 8.5441
21:	[0s / 1s],		train_loss: 7.3844
22:	[0s / 1s],		train_loss: 5.7947
23:	[0s / 1s],		train_loss: 5.8343
24:	[0s / 1s],		train_loss: 6.5433
25:	[0s / 1s],		train_loss: 6.5750
26:	[0s / 1s],		train_loss: 8.5872
27:	[0s / 1s],		train_loss: 8.0769
28:	[0s / 1s],		train_loss: 6.2559
29:	[0s / 1s],		train_loss: 5.0703
30:	[0s / 1s],		train_loss: 4.7784
31:	[0s / 1s],		train_loss: 5.8050
32:	[0s / 1s],		train_loss: 7.1359
33:	[0s / 1s],		train_loss: 7.6172
34:	[0s / 2s],		train_loss: 8.4413
35:	[0s / 2s],		train_loss: 7.6347
36:	[0s / 2s],		train_loss: 5.9449
37:	[0s / 2s],		train_loss: 5.4995
38:	[0s / 2s],		train_loss: 5.8770
39:	[0s / 2s],		train_loss: 5.9446
40:	[0s / 2s],		train_loss: 5.4768
41:	[0s / 2s],		train_loss: 6.4858
42:	[0s / 2s],		train_loss: 9.8696
43:	[0s / 2s],		train_loss: 11.0538
44:	[0s / 2s],		train_loss: 9.4158
45:	[0s / 2s],		train_loss: 7.9414
46:	[0s / 2s],		train_loss: 6.7854
47:	[0s / 2s],		train_loss: 6.9408
48:	[0s / 2s],		train_loss: 7.8824
C-index TRAIN: 0.6524085184761658
C-index TEST : 0.6542994199631635
Fitting deepsurv_vanilla.pt...
0:	[0s / 0s],		train_loss: 4.9670
1:	[0s / 0s],		train_loss: 4.7596
2:	[0s / 0s],		train_loss: 4.6844
3:	[0s / 0s],		train_loss: 4.6432
4:	[0s / 0s],		train_loss: 4.5871
5:	[0s / 0s],		train_loss: 4.5274
6:	[0s / 0s],		train_loss: 4.5411
7:	[0s / 0s],		train_loss: 4.5117
8:	[0s / 0s],		train_loss: 4.5324
9:	[0s / 0s],		train_loss: 4.5177
10:	[0s / 0s],		train_loss: 4.4672
11:	[0s / 0s],		train_loss: 4.4946
12:	[0s / 1s],		train_loss: 4.4970
13:	[0s / 1s],		train_loss: 4.4915
14:	[0s / 1s],		train_loss: 4.4437
15:	[0s / 1s],		train_loss: 4.4072
16:	[0s / 1s],		train_loss: 4.4339
17:	[0s / 1s],		train_loss: 4.4334
18:	[0s / 1s],		train_loss: 4.4131
19:	[0s / 1s],		train_loss: 4.4292
20:	[0s / 1s],		train_loss: 4.4278
C-index TRAIN: 0.7919397383377207
C-index TEST : 0.7452731121312918
Fitting Cox model...
C-index TRAIN: 0.7393900701802575
C-index TEST : 0.7235918300024741
Evaluating method: knn
Fitting Random Survival Forest model...
C-index TRAIN: 0.7993752369175086
C-index TEST : 0.7680017593534376
Fitting deepsurv_simple.pt...
0:	[0s / 0s],		train_loss: 39.0047
1:	[0s / 0s],		train_loss: 16.1392
2:	[0s / 0s],		train_loss: 11.6674
3:	[0s / 0s],		train_loss: 10.0534
4:	[0s / 0s],		train_loss: 8.3339
5:	[0s / 0s],		train_loss: 7.2668
6:	[0s / 0s],		train_loss: 6.1769
7:	[0s / 0s],		train_loss: 5.4163
8:	[0s / 0s],		train_loss: 5.0428
9:	[0s / 0s],		train_loss: 4.7718
10:	[0s / 0s],		train_loss: 4.6287
11:	[0s / 0s],		train_loss: 4.5186
12:	[0s / 0s],		train_loss: 4.4607
13:	[0s / 0s],		train_loss: 4.4257
14:	[0s / 0s],		train_loss: 4.5244
15:	[0s / 0s],		train_loss: 5.1339
16:	[0s / 0s],		train_loss: 4.8267
17:	[0s / 1s],		train_loss: 4.5715
18:	[0s / 1s],		train_loss: 4.5000
19:	[0s / 1s],		train_loss: 4.8012
20:	[0s / 1s],		train_loss: 6.2100
21:	[0s / 1s],		train_loss: 7.8463
22:	[0s / 1s],		train_loss: 6.8850
23:	[0s / 1s],		train_loss: 6.2777
24:	[0s / 1s],		train_loss: 6.2625
25:	[0s / 1s],		train_loss: 7.5170
26:	[0s / 1s],		train_loss: 6.1832
27:	[0s / 1s],		train_loss: 5.3028
28:	[0s / 1s],		train_loss: 5.0347
29:	[0s / 1s],		train_loss: 5.1702
30:	[0s / 1s],		train_loss: 6.7468
31:	[0s / 1s],		train_loss: 6.4950
32:	[0s / 1s],		train_loss: 5.4102
33:	[0s / 1s],		train_loss: 5.9275
34:	[0s / 1s],		train_loss: 6.3216
35:	[0s / 2s],		train_loss: 8.2796
36:	[0s / 2s],		train_loss: 7.7040
37:	[0s / 2s],		train_loss: 5.8131
38:	[0s / 2s],		train_loss: 5.7492
39:	[0s / 2s],		train_loss: 7.2628
40:	[0s / 2s],		train_loss: 7.5333
41:	[0s / 2s],		train_loss: 6.6937
42:	[0s / 2s],		train_loss: 5.4025
43:	[0s / 2s],		train_loss: 8.9590
44:	[0s / 2s],		train_loss: 7.6448
45:	[0s / 2s],		train_loss: 6.4359
46:	[0s / 2s],		train_loss: 8.2689
47:	[0s / 2s],		train_loss: 6.0339
48:	[0s / 2s],		train_loss: 5.8100
C-index TRAIN: 0.7692817570980438
C-index TEST : 0.7610894246364461
Fitting deepsurv_vanilla.pt...
0:	[0s / 0s],		train_loss: 4.9345
1:	[0s / 0s],		train_loss: 4.7074
2:	[0s / 0s],		train_loss: 4.5739
3:	[0s / 0s],		train_loss: 4.5111
4:	[0s / 0s],		train_loss: 4.4729
5:	[0s / 0s],		train_loss: 4.4625
6:	[0s / 0s],		train_loss: 4.4593
7:	[0s / 0s],		train_loss: 4.4767
8:	[0s / 0s],		train_loss: 4.4537
9:	[0s / 0s],		train_loss: 4.4303
10:	[0s / 0s],		train_loss: 4.4425
11:	[0s / 0s],		train_loss: 4.4354
12:	[0s / 1s],		train_loss: 4.4217
13:	[0s / 1s],		train_loss: 4.4146
14:	[0s / 1s],		train_loss: 4.4101
15:	[0s / 1s],		train_loss: 4.3961
16:	[0s / 1s],		train_loss: 4.4010
17:	[0s / 1s],		train_loss: 4.3860
18:	[0s / 1s],		train_loss: 4.3809
19:	[0s / 1s],		train_loss: 4.3897
20:	[0s / 1s],		train_loss: 4.3664
C-index TRAIN: 0.7972625887836092
C-index TEST : 0.7726612969733623
Fitting Cox model...
C-index TRAIN: 0.7942915306934952
C-index TEST : 0.7754707644940484
Evaluating method: imputer_bayesian
Fitting Random Survival Forest model...
C-index TRAIN: 0.7999509261116183
C-index TEST : 0.7693198999367732
Fitting deepsurv_simple.pt...
0:	[0s / 0s],		train_loss: 199.5625
1:	[0s / 0s],		train_loss: 21.0968
2:	[0s / 0s],		train_loss: 14.8432
3:	[0s / 0s],		train_loss: 11.3997
4:	[0s / 0s],		train_loss: 9.9042
5:	[0s / 0s],		train_loss: 8.2803
6:	[0s / 0s],		train_loss: 7.8787
7:	[0s / 0s],		train_loss: 5.9344
8:	[0s / 0s],		train_loss: 7.5083
9:	[0s / 0s],		train_loss: 7.9600
10:	[0s / 0s],		train_loss: 7.1572
11:	[0s / 0s],		train_loss: 6.2265
12:	[0s / 0s],		train_loss: 5.6983
13:	[0s / 0s],		train_loss: 5.6460
14:	[0s / 0s],		train_loss: 6.3821
15:	[0s / 0s],		train_loss: 6.2892
16:	[0s / 1s],		train_loss: 5.8133
17:	[0s / 1s],		train_loss: 5.4396
18:	[0s / 1s],		train_loss: 5.1296
19:	[0s / 1s],		train_loss: 5.6090
20:	[0s / 1s],		train_loss: 4.9014
21:	[0s / 1s],		train_loss: 4.7289
22:	[0s / 1s],		train_loss: 4.7154
23:	[0s / 1s],		train_loss: 4.6747
24:	[0s / 1s],		train_loss: 5.1038
25:	[0s / 1s],		train_loss: 5.4990
26:	[0s / 1s],		train_loss: 6.5939
27:	[0s / 1s],		train_loss: 8.1344
28:	[0s / 1s],		train_loss: 6.3868
29:	[0s / 1s],		train_loss: 4.7507
30:	[0s / 1s],		train_loss: 5.1698
31:	[0s / 1s],		train_loss: 5.1115
32:	[0s / 2s],		train_loss: 4.9112
33:	[0s / 2s],		train_loss: 4.9641
34:	[0s / 2s],		train_loss: 7.0599
35:	[0s / 2s],		train_loss: 6.7569
36:	[0s / 2s],		train_loss: 6.4877
37:	[0s / 2s],		train_loss: 5.7359
38:	[0s / 2s],		train_loss: 5.3364
39:	[0s / 2s],		train_loss: 4.9545
40:	[0s / 2s],		train_loss: 4.5218
41:	[0s / 2s],		train_loss: 4.4805
42:	[0s / 2s],		train_loss: 4.7530
43:	[0s / 2s],		train_loss: 4.8118
44:	[0s / 2s],		train_loss: 5.3755
45:	[0s / 2s],		train_loss: 7.2047
46:	[0s / 2s],		train_loss: 6.5620
47:	[0s / 2s],		train_loss: 5.2488
48:	[0s / 3s],		train_loss: 7.6972
C-index TRAIN: 0.7270371266376399
C-index TEST : 0.7211397311488028
Fitting deepsurv_vanilla.pt...
0:	[0s / 0s],		train_loss: 4.7752
1:	[0s / 0s],		train_loss: 4.5397
2:	[0s / 0s],		train_loss: 4.4696
3:	[0s / 0s],		train_loss: 4.4549
4:	[0s / 0s],		train_loss: 4.4626
5:	[0s / 0s],		train_loss: 4.4469
6:	[0s / 0s],		train_loss: 4.3880
7:	[0s / 0s],		train_loss: 4.4012
8:	[0s / 0s],		train_loss: 4.3982
9:	[0s / 0s],		train_loss: 4.3862
10:	[0s / 0s],		train_loss: 4.3844
11:	[0s / 0s],		train_loss: 4.3692
12:	[0s / 1s],		train_loss: 4.4089
13:	[0s / 1s],		train_loss: 4.3544
14:	[0s / 1s],		train_loss: 4.3747
15:	[0s / 1s],		train_loss: 4.3436
16:	[0s / 1s],		train_loss: 4.3476
17:	[0s / 1s],		train_loss: 4.3825
18:	[0s / 1s],		train_loss: 4.3631
19:	[0s / 1s],		train_loss: 4.3433
20:	[0s / 1s],		train_loss: 4.3417
C-index TRAIN: 0.8014758177018059
C-index TEST : 0.7669021634549303
Fitting Cox model...
C-index TRAIN: 0.7978757250705317
C-index TEST : 0.7773318305522721
[fold=3, target=30%] actual NaN%: 30.0%
X_train shape: (5162, 76), X_test shape: (1290, 76)
Generating TabPFN Embeddings...
Successfully generated embeddings with shape: (5162, 192)
Fitting SimpleImputer (mean)...
Fitting SimpleImputer (median)...
Fitting SimpleImputer (constant, fill=-1)...
Fitting KNNImputer...
Fitting IterativeImputer (BayesianRidge, MICE-like)...
Fitting DeepSurv Simple pilot model...
0:	[0s / 0s],		train_loss: 32.9635,	val_loss: 16.2486
1:	[0s / 0s],		train_loss: 10.7432,	val_loss: 10.6064
2:	[0s / 0s],		train_loss: 7.9794,	val_loss: 9.0670
3:	[0s / 0s],		train_loss: 6.4405,	val_loss: 9.5437
4:	[0s / 0s],		train_loss: 6.1416,	val_loss: 8.4711
5:	[0s / 0s],		train_loss: 6.4286,	val_loss: 8.4597
6:	[0s / 0s],		train_loss: 5.5325,	val_loss: 7.2325
7:	[0s / 0s],		train_loss: 6.2993,	val_loss: 8.4396
8:	[0s / 0s],		train_loss: 5.7624,	val_loss: 9.1360
9:	[0s / 0s],		train_loss: 7.8626,	val_loss: 11.3198
10:	[0s / 0s],		train_loss: 8.6361,	val_loss: 10.4872
11:	[0s / 0s],		train_loss: 7.5575,	val_loss: 9.2800
12:	[0s / 0s],		train_loss: 6.2121,	val_loss: 7.6642
13:	[0s / 0s],		train_loss: 5.3862,	val_loss: 10.3111
14:	[0s / 0s],		train_loss: 5.8524,	val_loss: 8.3946
15:	[0s / 1s],		train_loss: 5.7194,	val_loss: 7.2633
16:	[0s / 1s],		train_loss: 5.1317,	val_loss: 6.8460
17:	[0s / 1s],		train_loss: 4.7292,	val_loss: 7.0417
18:	[0s / 1s],		train_loss: 5.0545,	val_loss: 7.8120
19:	[0s / 1s],		train_loss: 5.8409,	val_loss: 7.5369
20:	[0s / 1s],		train_loss: 5.0432,	val_loss: 6.8439
21:	[0s / 1s],		train_loss: 4.7294,	val_loss: 6.8347
22:	[0s / 1s],		train_loss: 4.7122,	val_loss: 6.8585
23:	[0s / 1s],		train_loss: 4.8416,	val_loss: 6.5477
24:	[0s / 1s],		train_loss: 6.3554,	val_loss: 10.5820
25:	[0s / 1s],		train_loss: 9.3051,	val_loss: 13.1835
26:	[0s / 1s],		train_loss: 10.4150,	val_loss: 10.5818
27:	[0s / 1s],		train_loss: 6.9077,	val_loss: 8.4563
28:	[0s / 1s],		train_loss: 6.3416,	val_loss: 8.6733
29:	[0s / 1s],		train_loss: 6.1893,	val_loss: 10.6441
30:	[0s / 1s],		train_loss: 8.0823,	val_loss: 9.9836
31:	[0s / 2s],		train_loss: 7.8611,	val_loss: 8.4503
32:	[0s / 2s],		train_loss: 9.1869,	val_loss: 11.3269
33:	[0s / 2s],		train_loss: 9.7689,	val_loss: 11.6996
34:	[0s / 2s],		train_loss: 8.6194,	val_loss: 9.2898
35:	[0s / 2s],		train_loss: 7.1522,	val_loss: 8.7874
36:	[0s / 2s],		train_loss: 7.5457,	val_loss: 10.5569
37:	[0s / 2s],		train_loss: 7.7054,	val_loss: 9.8416
38:	[0s / 2s],		train_loss: 6.7611,	val_loss: 8.1025
39:	[0s / 2s],		train_loss: 6.4386,	val_loss: 9.2686
40:	[0s / 2s],		train_loss: 7.1995,	val_loss: 8.4013
41:	[0s / 2s],		train_loss: 5.8038,	val_loss: 8.5061
42:	[0s / 2s],		train_loss: 8.4738,	val_loss: 10.3484
43:	[0s / 2s],		train_loss: 8.3056,	val_loss: 9.0998
Saved fixed_epochs=24 → nan/tabpfn/OrmoniTirodei/nan_percentage0.3/seed123/fold3/fixed_epochs_deepsurv_simple.json
Fitting DeepSurv Vanilla pilot model...
0:	[0s / 0s],		train_loss: 4.8467,	val_loss: 6.5625
1:	[0s / 0s],		train_loss: 4.6428,	val_loss: 6.4635
2:	[0s / 0s],		train_loss: 4.5715,	val_loss: 6.4174
3:	[0s / 0s],		train_loss: 4.5438,	val_loss: 6.3854
4:	[0s / 0s],		train_loss: 4.5473,	val_loss: 6.5347
5:	[0s / 0s],		train_loss: 4.5481,	val_loss: 6.3922
6:	[0s / 0s],		train_loss: 4.5111,	val_loss: 6.3700
7:	[0s / 0s],		train_loss: 4.4826,	val_loss: 6.4031
8:	[0s / 0s],		train_loss: 4.5007,	val_loss: 6.3771
9:	[0s / 0s],		train_loss: 4.4474,	val_loss: 6.3956
10:	[0s / 0s],		train_loss: 4.4937,	val_loss: 6.4219
11:	[0s / 1s],		train_loss: 4.4508,	val_loss: 6.4283
12:	[0s / 1s],		train_loss: 4.4698,	val_loss: 6.3678
13:	[0s / 1s],		train_loss: 4.4319,	val_loss: 6.3971
14:	[0s / 1s],		train_loss: 4.4591,	val_loss: 6.3640
15:	[0s / 1s],		train_loss: 4.4637,	val_loss: 6.3586
16:	[0s / 1s],		train_loss: 4.4388,	val_loss: 6.3894
17:	[0s / 1s],		train_loss: 4.4321,	val_loss: 6.3464
18:	[0s / 1s],		train_loss: 4.4339,	val_loss: 6.3443
19:	[0s / 1s],		train_loss: 4.4206,	val_loss: 6.3573
20:	[0s / 1s],		train_loss: 4.4234,	val_loss: 6.3642
21:	[0s / 1s],		train_loss: 4.4451,	val_loss: 6.3833
22:	[0s / 1s],		train_loss: 4.4485,	val_loss: 6.3744
23:	[0s / 2s],		train_loss: 4.4102,	val_loss: 6.3373
24:	[0s / 2s],		train_loss: 4.4144,	val_loss: 6.3887
25:	[0s / 2s],		train_loss: 4.4116,	val_loss: 6.3661
26:	[0s / 2s],		train_loss: 4.3871,	val_loss: 6.3964
27:	[0s / 2s],		train_loss: 4.3990,	val_loss: 6.3542
28:	[0s / 2s],		train_loss: 4.4165,	val_loss: 6.4056
29:	[0s / 2s],		train_loss: 4.4012,	val_loss: 6.3663
30:	[0s / 2s],		train_loss: 4.3789,	val_loss: 6.3571
31:	[0s / 2s],		train_loss: 4.3887,	val_loss: 6.3763
32:	[0s / 2s],		train_loss: 4.4060,	val_loss: 6.3742
33:	[0s / 2s],		train_loss: 4.3863,	val_loss: 6.3951
34:	[0s / 2s],		train_loss: 4.4187,	val_loss: 6.4062
35:	[0s / 3s],		train_loss: 4.3958,	val_loss: 6.3759
36:	[0s / 3s],		train_loss: 4.3836,	val_loss: 6.3811
37:	[0s / 3s],		train_loss: 4.3978,	val_loss: 6.3824
38:	[0s / 3s],		train_loss: 4.3775,	val_loss: 6.3629
39:	[0s / 3s],		train_loss: 4.3810,	val_loss: 6.3772
40:	[0s / 3s],		train_loss: 4.3748,	val_loss: 6.4024
41:	[0s / 3s],		train_loss: 4.4116,	val_loss: 6.3945
42:	[0s / 3s],		train_loss: 4.3587,	val_loss: 6.3439
43:	[0s / 3s],		train_loss: 4.4105,	val_loss: 6.3748
Saved fixed_epochs=24 → nan/tabpfn/OrmoniTirodei/nan_percentage0.3/seed123/fold3/fixed_epochs_deepsurv_vanilla.json
Evaluating method: embeddings
Fitting Random Survival Forest model...
C-index TRAIN: 0.9232845065383007
C-index TEST : 0.7591884982269016
Fitting deepsurv_simple.pt...
0:	[0s / 0s],		train_loss: 3.5716
1:	[0s / 0s],		train_loss: 3.2688
2:	[0s / 0s],		train_loss: 3.2357
3:	[0s / 0s],		train_loss: 3.2233
4:	[0s / 0s],		train_loss: 3.2413
5:	[0s / 0s],		train_loss: 3.2272
6:	[0s / 0s],		train_loss: 3.2282
7:	[0s / 0s],		train_loss: 3.2121
8:	[0s / 0s],		train_loss: 3.2344
9:	[0s / 0s],		train_loss: 3.2192
10:	[0s / 0s],		train_loss: 3.2231
11:	[0s / 0s],		train_loss: 3.2114
12:	[0s / 0s],		train_loss: 3.2475
13:	[0s / 0s],		train_loss: 3.2379
14:	[0s / 0s],		train_loss: 3.2169
15:	[0s / 0s],		train_loss: 3.2250
16:	[0s / 1s],		train_loss: 3.2279
17:	[0s / 1s],		train_loss: 3.1967
18:	[0s / 1s],		train_loss: 3.2198
19:	[0s / 1s],		train_loss: 3.2175
20:	[0s / 1s],		train_loss: 3.2030
21:	[0s / 1s],		train_loss: 3.2046
22:	[0s / 1s],		train_loss: 3.2220
23:	[0s / 1s],		train_loss: 3.2077
C-index TRAIN: 0.9178192422125849
C-index TEST : 0.7647799433708112
Fitting deepsurv_vanilla.pt...
0:	[0s / 0s],		train_loss: 3.4426
1:	[0s / 0s],		train_loss: 3.3052
2:	[0s / 0s],		train_loss: 3.2668
3:	[0s / 0s],		train_loss: 3.2579
4:	[0s / 0s],		train_loss: 3.2685
5:	[0s / 0s],		train_loss: 3.2660
6:	[0s / 0s],		train_loss: 3.2424
7:	[0s / 0s],		train_loss: 3.2405
8:	[0s / 0s],		train_loss: 3.2352
9:	[0s / 0s],		train_loss: 3.2366
10:	[0s / 0s],		train_loss: 3.2456
11:	[0s / 0s],		train_loss: 3.2172
12:	[0s / 1s],		train_loss: 3.2186
13:	[0s / 1s],		train_loss: 3.2349
14:	[0s / 1s],		train_loss: 3.2263
15:	[0s / 1s],		train_loss: 3.2143
16:	[0s / 1s],		train_loss: 3.2213
17:	[0s / 1s],		train_loss: 3.2107
18:	[0s / 1s],		train_loss: 3.2324
19:	[0s / 1s],		train_loss: 3.2531
20:	[0s / 1s],		train_loss: 3.2317
21:	[0s / 1s],		train_loss: 3.2338
22:	[0s / 1s],		train_loss: 3.2142
23:	[0s / 1s],		train_loss: 3.2248
C-index TRAIN: 0.9134771033534015
C-index TEST : 0.501803337273552
Fitting Cox model...
C-index TRAIN: 0.9169151487185911
C-index TEST : 0.7392363306484867
Evaluating method: mean
Fitting Random Survival Forest model...
C-index TRAIN: 0.789965673179013
C-index TEST : 0.7512013085191193
Fitting deepsurv_simple.pt...
0:	[0s / 0s],		train_loss: 25.8902
1:	[0s / 0s],		train_loss: 8.6091
2:	[0s / 0s],		train_loss: 7.1036
3:	[0s / 0s],		train_loss: 8.0083
4:	[0s / 0s],		train_loss: 7.5673
5:	[0s / 0s],		train_loss: 8.4925
6:	[0s / 0s],		train_loss: 7.5976
7:	[0s / 0s],		train_loss: 6.0644
8:	[0s / 0s],		train_loss: 6.7537
9:	[0s / 0s],		train_loss: 5.5613
10:	[0s / 0s],		train_loss: 4.8547
11:	[0s / 0s],		train_loss: 4.7685
12:	[0s / 0s],		train_loss: 4.8993
13:	[0s / 0s],		train_loss: 4.6900
14:	[0s / 0s],		train_loss: 6.5562
15:	[0s / 0s],		train_loss: 6.1858
16:	[0s / 1s],		train_loss: 5.6976
17:	[0s / 1s],		train_loss: 5.3085
18:	[0s / 1s],		train_loss: 4.9303
19:	[0s / 1s],		train_loss: 4.6494
20:	[0s / 1s],		train_loss: 5.6622
21:	[0s / 1s],		train_loss: 6.9697
22:	[0s / 1s],		train_loss: 6.5401
23:	[0s / 1s],		train_loss: 7.6545
C-index TRAIN: 0.6305872068088967
C-index TEST : 0.619194820903318
Fitting deepsurv_vanilla.pt...
0:	[0s / 0s],		train_loss: 4.8825
1:	[0s / 0s],		train_loss: 4.6670
2:	[0s / 0s],		train_loss: 4.6062
3:	[0s / 0s],		train_loss: 4.5511
4:	[0s / 0s],		train_loss: 4.5310
5:	[0s / 0s],		train_loss: 4.4893
6:	[0s / 0s],		train_loss: 4.5424
7:	[0s / 0s],		train_loss: 4.4753
8:	[0s / 0s],		train_loss: 4.4738
9:	[0s / 0s],		train_loss: 4.4860
10:	[0s / 0s],		train_loss: 4.4840
11:	[0s / 0s],		train_loss: 4.4545
12:	[0s / 1s],		train_loss: 4.4778
13:	[0s / 1s],		train_loss: 4.4660
14:	[0s / 1s],		train_loss: 4.4353
15:	[0s / 1s],		train_loss: 4.4520
16:	[0s / 1s],		train_loss: 4.3953
17:	[0s / 1s],		train_loss: 4.4749
18:	[0s / 1s],		train_loss: 4.4449
19:	[0s / 1s],		train_loss: 4.4457
20:	[0s / 1s],		train_loss: 4.4205
21:	[0s / 1s],		train_loss: 4.4145
22:	[0s / 1s],		train_loss: 4.4003
23:	[0s / 1s],		train_loss: 4.4032
C-index TRAIN: 0.790997527342603
C-index TEST : 0.7650273524479754
Fitting Cox model...
C-index TRAIN: 0.7809297184151012
C-index TEST : 0.769266294636721
Evaluating method: median
Fitting Random Survival Forest model...
C-index TRAIN: 0.7892310972151431
C-index TEST : 0.7555144734310141
Fitting deepsurv_simple.pt...
0:	[0s / 0s],		train_loss: 20.5475
1:	[0s / 0s],		train_loss: 9.6989
2:	[0s / 0s],		train_loss: 7.8180
3:	[0s / 0s],		train_loss: 6.2729
4:	[0s / 0s],		train_loss: 5.5904
5:	[0s / 0s],		train_loss: 6.4478
6:	[0s / 0s],		train_loss: 6.6714
7:	[0s / 0s],		train_loss: 6.1506
8:	[0s / 0s],		train_loss: 6.5192
9:	[0s / 0s],		train_loss: 5.6416
10:	[0s / 0s],		train_loss: 5.6659
11:	[0s / 0s],		train_loss: 5.9427
12:	[0s / 0s],		train_loss: 7.1567
13:	[0s / 0s],		train_loss: 7.9812
14:	[0s / 0s],		train_loss: 7.0449
15:	[0s / 0s],		train_loss: 6.1293
16:	[0s / 1s],		train_loss: 6.7423
17:	[0s / 1s],		train_loss: 7.6710
18:	[0s / 1s],		train_loss: 7.1255
19:	[0s / 1s],		train_loss: 6.0288
20:	[0s / 1s],		train_loss: 6.1829
21:	[0s / 1s],		train_loss: 5.8975
22:	[0s / 1s],		train_loss: 5.6222
23:	[0s / 1s],		train_loss: 7.6822
C-index TRAIN: 0.7164396951442709
C-index TEST : 0.7062704456112379
Fitting deepsurv_vanilla.pt...
0:	[0s / 0s],		train_loss: 4.8174
1:	[0s / 0s],		train_loss: 4.5849
2:	[0s / 0s],		train_loss: 4.5804
3:	[0s / 0s],		train_loss: 4.5661
4:	[0s / 0s],		train_loss: 4.5451
5:	[0s / 0s],		train_loss: 4.5122
6:	[0s / 0s],		train_loss: 4.5042
7:	[0s / 0s],		train_loss: 4.4894
8:	[0s / 0s],		train_loss: 4.4503
9:	[0s / 0s],		train_loss: 4.4742
10:	[0s / 0s],		train_loss: 4.4585
11:	[0s / 0s],		train_loss: 4.4911
12:	[0s / 1s],		train_loss: 4.4600
13:	[0s / 1s],		train_loss: 4.5048
14:	[0s / 1s],		train_loss: 4.4848
15:	[0s / 1s],		train_loss: 4.4723
16:	[0s / 1s],		train_loss: 4.4614
17:	[0s / 1s],		train_loss: 4.4307
18:	[0s / 1s],		train_loss: 4.4150
19:	[0s / 1s],		train_loss: 4.4348
20:	[0s / 1s],		train_loss: 4.4050
21:	[0s / 1s],		train_loss: 4.4205
22:	[0s / 1s],		train_loss: 4.4404
23:	[0s / 1s],		train_loss: 4.4288
C-index TRAIN: 0.7809936945225151
C-index TEST : 0.7675591720042885
Fitting Cox model...
C-index TRAIN: 0.7804165687391669
C-index TEST : 0.7662314099568409
Evaluating method: constant
Fitting Random Survival Forest model...
C-index TRAIN: 0.7889000112820141
C-index TEST : 0.7443975588971053
Fitting deepsurv_simple.pt...
0:	[0s / 0s],		train_loss: 68.5961
1:	[0s / 0s],		train_loss: 11.4902
2:	[0s / 0s],		train_loss: 8.3319
3:	[0s / 0s],		train_loss: 7.2295
4:	[0s / 0s],		train_loss: 6.6711
5:	[0s / 0s],		train_loss: 6.1072
6:	[0s / 0s],		train_loss: 5.5232
7:	[0s / 0s],		train_loss: 5.1580
8:	[0s / 0s],		train_loss: 5.3738
9:	[0s / 0s],		train_loss: 5.3001
10:	[0s / 1s],		train_loss: 5.2531
11:	[0s / 1s],		train_loss: 6.1480
12:	[0s / 1s],		train_loss: 5.5999
13:	[0s / 1s],		train_loss: 5.1838
14:	[0s / 1s],		train_loss: 5.7621
15:	[0s / 1s],		train_loss: 7.2127
16:	[0s / 1s],		train_loss: 6.8211
17:	[0s / 1s],		train_loss: 5.9545
18:	[0s / 1s],		train_loss: 5.5075
19:	[0s / 1s],		train_loss: 5.1000
20:	[0s / 1s],		train_loss: 6.5525
21:	[0s / 1s],		train_loss: 7.6959
22:	[0s / 1s],		train_loss: 6.0406
23:	[0s / 2s],		train_loss: 5.4877
C-index TRAIN: 0.63471337841925
C-index TEST : 0.632116447205652
Fitting deepsurv_vanilla.pt...
0:	[0s / 0s],		train_loss: 4.9319
1:	[0s / 0s],		train_loss: 4.8497
2:	[0s / 0s],		train_loss: 4.8255
3:	[0s / 0s],		train_loss: 4.7964
4:	[0s / 0s],		train_loss: 4.7506
5:	[0s / 0s],		train_loss: 4.7240
6:	[0s / 0s],		train_loss: 4.6673
7:	[0s / 0s],		train_loss: 4.6810
8:	[0s / 0s],		train_loss: 4.6179
9:	[0s / 0s],		train_loss: 4.6059
10:	[0s / 0s],		train_loss: 4.5773
11:	[0s / 0s],		train_loss: 4.5897
12:	[0s / 1s],		train_loss: 4.5671
13:	[0s / 1s],		train_loss: 4.5644
14:	[0s / 1s],		train_loss: 4.5296
15:	[0s / 1s],		train_loss: 4.5673
16:	[0s / 1s],		train_loss: 4.5295
17:	[0s / 1s],		train_loss: 4.5421
18:	[0s / 1s],		train_loss: 4.5017
19:	[0s / 1s],		train_loss: 4.5218
20:	[0s / 2s],		train_loss: 4.4841
21:	[0s / 2s],		train_loss: 4.4607
22:	[0s / 2s],		train_loss: 4.4342
23:	[0s / 2s],		train_loss: 4.4593
C-index TRAIN: 0.7951167075519964
C-index TEST : 0.6981196910135525
Fitting Cox model...
C-index TRAIN: 0.6877829961083756
C-index TEST : 0.6746020837342277
Evaluating method: knn
Fitting Random Survival Forest model...
C-index TRAIN: 0.7880088470911654
C-index TEST : 0.7489567583912912
Fitting deepsurv_simple.pt...
0:	[0s / 0s],		train_loss: 87.4508
1:	[0s / 0s],		train_loss: 17.1288
2:	[0s / 0s],		train_loss: 12.2729
3:	[0s / 0s],		train_loss: 9.5367
4:	[0s / 0s],		train_loss: 8.2637
5:	[0s / 0s],		train_loss: 8.3991
6:	[0s / 0s],		train_loss: 7.0973
7:	[0s / 0s],		train_loss: 8.3531
8:	[0s / 0s],		train_loss: 7.5694
9:	[0s / 0s],		train_loss: 6.2290
10:	[0s / 0s],		train_loss: 5.5526
11:	[0s / 0s],		train_loss: 5.8242
12:	[0s / 0s],		train_loss: 6.6154
13:	[0s / 0s],		train_loss: 7.1013
14:	[0s / 0s],		train_loss: 6.2463
15:	[0s / 0s],		train_loss: 5.8920
16:	[0s / 1s],		train_loss: 6.6302
17:	[0s / 1s],		train_loss: 5.3261
18:	[0s / 1s],		train_loss: 4.8176
19:	[0s / 1s],		train_loss: 4.6517
20:	[0s / 1s],		train_loss: 5.1267
21:	[0s / 1s],		train_loss: 4.8895
22:	[0s / 1s],		train_loss: 5.3813
23:	[0s / 1s],		train_loss: 5.8950
C-index TRAIN: 0.7357490826419987
C-index TEST : 0.7343829892514501
Fitting deepsurv_vanilla.pt...
0:	[0s / 0s],		train_loss: 4.8305
1:	[0s / 0s],		train_loss: 4.6505
2:	[0s / 0s],		train_loss: 4.5883
3:	[0s / 0s],		train_loss: 4.5747
4:	[0s / 0s],		train_loss: 4.5185
5:	[0s / 0s],		train_loss: 4.5240
6:	[0s / 0s],		train_loss: 4.5248
7:	[0s / 0s],		train_loss: 4.5158
8:	[0s / 1s],		train_loss: 4.5017
9:	[0s / 1s],		train_loss: 4.4779
10:	[0s / 1s],		train_loss: 4.4684
11:	[0s / 1s],		train_loss: 4.4514
12:	[0s / 1s],		train_loss: 4.4867
13:	[0s / 1s],		train_loss: 4.4628
14:	[0s / 1s],		train_loss: 4.4693
15:	[0s / 1s],		train_loss: 4.4617
16:	[0s / 1s],		train_loss: 4.4517
17:	[0s / 2s],		train_loss: 4.4764
18:	[0s / 2s],		train_loss: 4.4676
19:	[0s / 2s],		train_loss: 4.4521
20:	[0s / 2s],		train_loss: 4.4638
21:	[0s / 2s],		train_loss: 4.4490
22:	[0s / 2s],		train_loss: 4.4427
23:	[0s / 2s],		train_loss: 4.4132
C-index TRAIN: 0.7841258421525547
C-index TEST : 0.7584077851389615
Fitting Cox model...
C-index TRAIN: 0.7776583174015587
C-index TEST : 0.7673200098963631
Evaluating method: imputer_bayesian
Fitting Random Survival Forest model...
C-index TRAIN: 0.787566664923605
C-index TEST : 0.7567652637655662
Fitting deepsurv_simple.pt...
0:	[0s / 0s],		train_loss: 18.9712
1:	[0s / 0s],		train_loss: 8.1375
2:	[0s / 0s],		train_loss: 6.9342
3:	[0s / 0s],		train_loss: 6.5885
4:	[0s / 0s],		train_loss: 6.0510
5:	[0s / 0s],		train_loss: 6.5456
6:	[0s / 0s],		train_loss: 6.6140
7:	[0s / 0s],		train_loss: 9.7378
8:	[0s / 0s],		train_loss: 9.2566
9:	[0s / 0s],		train_loss: 6.8192
10:	[0s / 0s],		train_loss: 7.8621
11:	[0s / 0s],		train_loss: 9.6856
12:	[0s / 0s],		train_loss: 9.1538
13:	[0s / 0s],		train_loss: 7.3330
14:	[0s / 0s],		train_loss: 8.9415
15:	[0s / 0s],		train_loss: 8.3631
16:	[0s / 0s],		train_loss: 8.3121
17:	[0s / 1s],		train_loss: 6.6918
18:	[0s / 1s],		train_loss: 6.0570
19:	[0s / 1s],		train_loss: 4.7947
20:	[0s / 1s],		train_loss: 8.3541
21:	[0s / 1s],		train_loss: 9.7958
22:	[0s / 1s],		train_loss: 8.1909
23:	[0s / 1s],		train_loss: 10.4412
C-index TRAIN: 0.6742644998303867
C-index TEST : 0.6755738516095335
Fitting deepsurv_vanilla.pt...
0:	[0s / 0s],		train_loss: 4.7691
1:	[0s / 0s],		train_loss: 4.5746
2:	[0s / 0s],		train_loss: 4.5025
3:	[0s / 0s],		train_loss: 4.4975
4:	[0s / 0s],		train_loss: 4.5010
5:	[0s / 0s],		train_loss: 4.5039
6:	[0s / 0s],		train_loss: 4.4718
7:	[0s / 0s],		train_loss: 4.4848
8:	[0s / 0s],		train_loss: 4.4813
9:	[0s / 0s],		train_loss: 4.4676
10:	[0s / 1s],		train_loss: 4.4250
11:	[0s / 1s],		train_loss: 4.4560
12:	[0s / 1s],		train_loss: 4.4402
13:	[0s / 1s],		train_loss: 4.4219
14:	[0s / 1s],		train_loss: 4.4210
15:	[0s / 1s],		train_loss: 4.4209
16:	[0s / 1s],		train_loss: 4.4503
17:	[0s / 1s],		train_loss: 4.4315
18:	[0s / 2s],		train_loss: 4.4332
19:	[0s / 2s],		train_loss: 4.4429
20:	[0s / 2s],		train_loss: 4.4177
21:	[0s / 2s],		train_loss: 4.4111
22:	[0s / 2s],		train_loss: 4.4008
23:	[0s / 2s],		train_loss: 4.4231
C-index TRAIN: 0.7844847979169073
C-index TEST : 0.7597850290018419
Fitting Cox model...
C-index TRAIN: 0.7800842377620315
C-index TEST : 0.7664925639827364
[fold=3, target=50%] actual NaN%: 50.0%
X_train shape: (5162, 76), X_test shape: (1290, 76)
Generating TabPFN Embeddings...
Successfully generated embeddings with shape: (5162, 192)
Fitting SimpleImputer (mean)...
Fitting SimpleImputer (median)...
Fitting SimpleImputer (constant, fill=-1)...
Fitting KNNImputer...
Fitting IterativeImputer (BayesianRidge, MICE-like)...
Fitting DeepSurv Simple pilot model...
0:	[0s / 0s],		train_loss: 54.0481,	val_loss: 15.7411
1:	[0s / 0s],		train_loss: 11.0808,	val_loss: 12.9931
2:	[0s / 0s],		train_loss: 9.0574,	val_loss: 11.1795
3:	[0s / 0s],		train_loss: 7.9934,	val_loss: 9.3496
4:	[0s / 0s],		train_loss: 6.3787,	val_loss: 8.2776
5:	[0s / 0s],		train_loss: 5.9212,	val_loss: 7.3234
6:	[0s / 0s],		train_loss: 5.3097,	val_loss: 7.5558
7:	[0s / 0s],		train_loss: 5.3477,	val_loss: 7.3200
8:	[0s / 0s],		train_loss: 5.1055,	val_loss: 7.2303
9:	[0s / 0s],		train_loss: 5.6242,	val_loss: 7.3172
10:	[0s / 0s],		train_loss: 5.4017,	val_loss: 7.4854
11:	[0s / 0s],		train_loss: 5.8840,	val_loss: 7.4202
12:	[0s / 0s],		train_loss: 5.4017,	val_loss: 7.6731
13:	[0s / 0s],		train_loss: 7.1719,	val_loss: 8.7827
14:	[0s / 0s],		train_loss: 6.7778,	val_loss: 7.5429
15:	[0s / 0s],		train_loss: 5.3147,	val_loss: 6.6040
16:	[0s / 1s],		train_loss: 4.9814,	val_loss: 7.6569
17:	[0s / 1s],		train_loss: 5.4687,	val_loss: 7.1893
18:	[0s / 1s],		train_loss: 5.8060,	val_loss: 8.6957
19:	[0s / 1s],		train_loss: 6.7385,	val_loss: 9.9480
20:	[0s / 1s],		train_loss: 6.7478,	val_loss: 8.8208
21:	[0s / 1s],		train_loss: 6.1328,	val_loss: 8.4200
22:	[0s / 1s],		train_loss: 6.4209,	val_loss: 10.3162
23:	[0s / 1s],		train_loss: 7.9233,	val_loss: 17.7941
24:	[0s / 1s],		train_loss: 8.7903,	val_loss: 10.2764
25:	[0s / 1s],		train_loss: 8.8423,	val_loss: 10.4294
26:	[0s / 1s],		train_loss: 8.2891,	val_loss: 8.7778
27:	[0s / 1s],		train_loss: 6.8895,	val_loss: 8.4653
28:	[0s / 1s],		train_loss: 6.0859,	val_loss: 9.0125
29:	[0s / 1s],		train_loss: 5.7582,	val_loss: 8.3292
30:	[0s / 1s],		train_loss: 6.0060,	val_loss: 8.5136
31:	[0s / 1s],		train_loss: 6.8835,	val_loss: 11.8430
32:	[0s / 2s],		train_loss: 8.1450,	val_loss: 12.5564
33:	[0s / 2s],		train_loss: 9.5577,	val_loss: 12.6884
34:	[0s / 2s],		train_loss: 9.1047,	val_loss: 9.5361
35:	[0s / 2s],		train_loss: 6.8812,	val_loss: 9.6322
Saved fixed_epochs=16 → nan/tabpfn/OrmoniTirodei/nan_percentage0.5/seed123/fold3/fixed_epochs_deepsurv_simple.json
Fitting DeepSurv Vanilla pilot model...
0:	[0s / 0s],		train_loss: 4.8838,	val_loss: 6.6713
1:	[0s / 0s],		train_loss: 4.7341,	val_loss: 6.5970
2:	[0s / 0s],		train_loss: 4.6827,	val_loss: 6.5325
3:	[0s / 0s],		train_loss: 4.6452,	val_loss: 6.5448
4:	[0s / 0s],		train_loss: 4.6273,	val_loss: 6.5521
5:	[0s / 0s],		train_loss: 4.6288,	val_loss: 86.1843
6:	[0s / 0s],		train_loss: 4.5946,	val_loss: 179.3734
7:	[0s / 0s],		train_loss: 4.5898,	val_loss: 117.4555
8:	[0s / 0s],		train_loss: 4.5828,	val_loss: 75.5334
9:	[0s / 0s],		train_loss: 4.5698,	val_loss: 6.4589
10:	[0s / 0s],		train_loss: 4.5374,	val_loss: 6.4580
11:	[0s / 1s],		train_loss: 4.5493,	val_loss: 6.5216
12:	[0s / 1s],		train_loss: 4.5471,	val_loss: 7.2181
13:	[0s / 1s],		train_loss: 4.5413,	val_loss: 6.5279
14:	[0s / 1s],		train_loss: 4.5116,	val_loss: 55.1662
15:	[0s / 1s],		train_loss: 4.5043,	val_loss: 89.4497
16:	[0s / 1s],		train_loss: 4.5546,	val_loss: 93.9463
17:	[0s / 1s],		train_loss: 4.5225,	val_loss: 264.5088
18:	[0s / 1s],		train_loss: 4.5526,	val_loss: 244.2308
19:	[0s / 1s],		train_loss: 4.5141,	val_loss: 130.4005
20:	[0s / 1s],		train_loss: 4.5006,	val_loss: 150.9087
21:	[0s / 1s],		train_loss: 4.4924,	val_loss: 50.6811
22:	[0s / 1s],		train_loss: 4.5028,	val_loss: 55.3889
23:	[0s / 2s],		train_loss: 4.5139,	val_loss: 6.5086
24:	[0s / 2s],		train_loss: 4.5289,	val_loss: 6.4499
25:	[0s / 2s],		train_loss: 4.5116,	val_loss: 6.5065
26:	[0s / 2s],		train_loss: 4.5009,	val_loss: 6.4482
27:	[0s / 2s],		train_loss: 4.5040,	val_loss: 6.4642
28:	[0s / 2s],		train_loss: 4.4853,	val_loss: 6.4862
29:	[0s / 2s],		train_loss: 4.4975,	val_loss: 6.4391
30:	[0s / 2s],		train_loss: 4.4787,	val_loss: 6.4681
31:	[0s / 2s],		train_loss: 4.4933,	val_loss: 6.4589
32:	[0s / 2s],		train_loss: 4.4704,	val_loss: 6.4698
33:	[0s / 2s],		train_loss: 4.4935,	val_loss: 6.4916
34:	[0s / 3s],		train_loss: 4.4645,	val_loss: 6.4556
35:	[0s / 3s],		train_loss: 4.4761,	val_loss: 6.4543
36:	[0s / 3s],		train_loss: 4.4814,	val_loss: 6.4619
37:	[0s / 3s],		train_loss: 4.5049,	val_loss: 6.4549
38:	[0s / 3s],		train_loss: 4.4900,	val_loss: 6.4356
39:	[0s / 3s],		train_loss: 4.4804,	val_loss: 6.4657
40:	[0s / 3s],		train_loss: 4.4674,	val_loss: 6.4739
41:	[0s / 3s],		train_loss: 4.5116,	val_loss: 6.5609
42:	[0s / 3s],		train_loss: 4.5002,	val_loss: 6.4699
43:	[0s / 3s],		train_loss: 4.4801,	val_loss: 6.4773
44:	[0s / 3s],		train_loss: 4.5183,	val_loss: 6.4917
45:	[0s / 3s],		train_loss: 4.4519,	val_loss: 6.4747
46:	[0s / 4s],		train_loss: 4.4681,	val_loss: 6.4783
47:	[0s / 4s],		train_loss: 4.4870,	val_loss: 6.4350
48:	[0s / 4s],		train_loss: 4.4814,	val_loss: 6.4663
49:	[0s / 4s],		train_loss: 4.4595,	val_loss: 6.5955
50:	[0s / 4s],		train_loss: 4.4510,	val_loss: 6.4912
51:	[0s / 4s],		train_loss: 4.4818,	val_loss: 6.4583
52:	[0s / 4s],		train_loss: 4.4416,	val_loss: 6.4477
53:	[0s / 4s],		train_loss: 4.4701,	val_loss: 6.4625
54:	[0s / 4s],		train_loss: 4.4878,	val_loss: 6.4483
55:	[0s / 4s],		train_loss: 4.4730,	val_loss: 6.4700
56:	[0s / 4s],		train_loss: 4.4510,	val_loss: 6.4772
57:	[0s / 4s],		train_loss: 4.4508,	val_loss: 6.4374
58:	[0s / 5s],		train_loss: 4.4507,	val_loss: 6.4915
59:	[0s / 5s],		train_loss: 4.4632,	val_loss: 6.5367
60:	[0s / 5s],		train_loss: 4.4459,	val_loss: 6.5077
61:	[0s / 5s],		train_loss: 4.4587,	val_loss: 6.4522
62:	[0s / 5s],		train_loss: 4.4423,	val_loss: 6.4932
63:	[0s / 5s],		train_loss: 4.4709,	val_loss: 6.4983
64:	[0s / 5s],		train_loss: 4.4400,	val_loss: 6.4556
65:	[0s / 5s],		train_loss: 4.4378,	val_loss: 6.4498
66:	[0s / 5s],		train_loss: 4.4416,	val_loss: 6.4693
67:	[0s / 5s],		train_loss: 4.4583,	val_loss: 6.4680
Saved fixed_epochs=48 → nan/tabpfn/OrmoniTirodei/nan_percentage0.5/seed123/fold3/fixed_epochs_deepsurv_vanilla.json
Evaluating method: embeddings
Fitting Random Survival Forest model...
C-index TRAIN: 0.9213961578708139
C-index TEST : 0.7328023201473458
Fitting deepsurv_simple.pt...
0:	[0s / 0s],		train_loss: 3.5264
1:	[0s / 0s],		train_loss: 3.2917
2:	[0s / 0s],		train_loss: 3.2515
3:	[0s / 0s],		train_loss: 3.2440
4:	[0s / 0s],		train_loss: 3.2362
5:	[0s / 0s],		train_loss: 3.2448
6:	[0s / 0s],		train_loss: 3.2336
7:	[0s / 0s],		train_loss: 3.2198
8:	[0s / 0s],		train_loss: 3.2394
9:	[0s / 0s],		train_loss: 3.2359
10:	[0s / 0s],		train_loss: 3.2196
11:	[0s / 0s],		train_loss: 3.2504
12:	[0s / 0s],		train_loss: 3.2338
13:	[0s / 0s],		train_loss: 3.2085
14:	[0s / 0s],		train_loss: 3.2254
15:	[0s / 0s],		train_loss: 3.2137
C-index TRAIN: 0.9141132250681374
C-index TEST : 0.7379498034472332
Fitting deepsurv_vanilla.pt...
0:	[0s / 0s],		train_loss: 3.5011
1:	[0s / 0s],		train_loss: 3.3142
2:	[0s / 0s],		train_loss: 3.2930
3:	[0s / 0s],		train_loss: 3.2862
4:	[0s / 0s],		train_loss: 3.2717
5:	[0s / 0s],		train_loss: 3.2484
6:	[0s / 0s],		train_loss: 3.2359
7:	[0s / 0s],		train_loss: 3.2316
8:	[0s / 0s],		train_loss: 3.2710
9:	[0s / 0s],		train_loss: 3.2583
10:	[0s / 0s],		train_loss: 3.2595
11:	[0s / 0s],		train_loss: 3.2494
12:	[0s / 1s],		train_loss: 3.2492
13:	[0s / 1s],		train_loss: 3.2612
14:	[0s / 1s],		train_loss: 3.2232
15:	[0s / 1s],		train_loss: 3.2373
16:	[0s / 1s],		train_loss: 3.2405
17:	[0s / 1s],		train_loss: 3.2332
18:	[0s / 1s],		train_loss: 3.2491
19:	[0s / 1s],		train_loss: 3.2053
20:	[0s / 1s],		train_loss: 3.2117
21:	[0s / 1s],		train_loss: 3.2226
22:	[0s / 1s],		train_loss: 3.2428
23:	[0s / 1s],		train_loss: 3.2151
24:	[0s / 1s],		train_loss: 3.2318
25:	[0s / 2s],		train_loss: 3.2377
26:	[0s / 2s],		train_loss: 3.2203
27:	[0s / 2s],		train_loss: 3.2419
28:	[0s / 2s],		train_loss: 3.2358
29:	[0s / 2s],		train_loss: 3.2304
30:	[0s / 2s],		train_loss: 3.2379
31:	[0s / 2s],		train_loss: 3.2297
32:	[0s / 2s],		train_loss: 3.2318
33:	[0s / 2s],		train_loss: 3.2167
34:	[0s / 2s],		train_loss: 3.2280
35:	[0s / 2s],		train_loss: 3.2066
36:	[0s / 2s],		train_loss: 3.2343
37:	[0s / 2s],		train_loss: 3.2242
38:	[0s / 3s],		train_loss: 3.2366
39:	[0s / 3s],		train_loss: 3.2312
40:	[0s / 3s],		train_loss: 3.1923
41:	[0s / 3s],		train_loss: 3.1931
42:	[0s / 3s],		train_loss: 3.2172
43:	[0s / 3s],		train_loss: 3.2276
44:	[0s / 3s],		train_loss: 3.2278
45:	[0s / 3s],		train_loss: 3.2184
46:	[0s / 3s],		train_loss: 3.2216
47:	[0s / 3s],		train_loss: 3.2268
C-index TRAIN: 0.9162926267153115
C-index TEST : 0.5151139456249828
Fitting Cox model...
C-index TRAIN: 0.9143292880895834
C-index TEST : 0.7326442532369354
Evaluating method: mean
Fitting Random Survival Forest model...
C-index TRAIN: 0.7672231247195059
C-index TEST : 0.7231354977045935
Fitting deepsurv_simple.pt...
0:	[0s / 0s],		train_loss: 137.1317
1:	[0s / 0s],		train_loss: 16.3735
2:	[0s / 0s],		train_loss: 8.8269
3:	[0s / 0s],		train_loss: 6.6950
4:	[0s / 0s],		train_loss: 6.2978
5:	[0s / 0s],		train_loss: 6.0116
6:	[0s / 0s],		train_loss: 6.3943
7:	[0s / 0s],		train_loss: 4.9031
8:	[0s / 0s],		train_loss: 4.5868
9:	[0s / 0s],		train_loss: 4.7134
10:	[0s / 0s],		train_loss: 4.7115
11:	[0s / 0s],		train_loss: 4.5972
12:	[0s / 0s],		train_loss: 4.6153
13:	[0s / 0s],		train_loss: 4.6307
14:	[0s / 0s],		train_loss: 4.6594
15:	[0s / 0s],		train_loss: 4.9479
C-index TRAIN: 0.7361010470053915
C-index TEST : 0.7239821865464442
Fitting deepsurv_vanilla.pt...
0:	[0s / 0s],		train_loss: 5.0662
1:	[0s / 0s],		train_loss: 4.7410
2:	[0s / 0s],		train_loss: 4.6548
3:	[0s / 0s],		train_loss: 4.6145
4:	[0s / 0s],		train_loss: 4.6177
5:	[0s / 0s],		train_loss: 4.6399
6:	[0s / 0s],		train_loss: 4.5885
7:	[0s / 0s],		train_loss: 4.5682
8:	[0s / 0s],		train_loss: 4.5830
9:	[0s / 0s],		train_loss: 4.5569
10:	[0s / 0s],		train_loss: 4.5633
11:	[0s / 0s],		train_loss: 4.5514
12:	[0s / 1s],		train_loss: 4.5537
13:	[0s / 1s],		train_loss: 4.5364
14:	[0s / 1s],		train_loss: 4.5359
15:	[0s / 1s],		train_loss: 4.5180
16:	[0s / 1s],		train_loss: 4.5277
17:	[0s / 1s],		train_loss: 4.5343
18:	[0s / 1s],		train_loss: 4.5240
19:	[0s / 1s],		train_loss: 4.5187
20:	[0s / 1s],		train_loss: 4.5194
21:	[0s / 1s],		train_loss: 4.4962
22:	[0s / 1s],		train_loss: 4.5002
23:	[0s / 1s],		train_loss: 4.4712
24:	[0s / 2s],		train_loss: 4.5316
25:	[0s / 2s],		train_loss: 4.4859
26:	[0s / 2s],		train_loss: 4.4939
27:	[0s / 2s],		train_loss: 4.4893
28:	[0s / 2s],		train_loss: 4.4853
29:	[0s / 2s],		train_loss: 4.4804
30:	[0s / 2s],		train_loss: 4.4936
31:	[0s / 2s],		train_loss: 4.4809
32:	[0s / 2s],		train_loss: 4.5150
33:	[0s / 2s],		train_loss: 4.4700
34:	[0s / 2s],		train_loss: 4.4672
35:	[0s / 2s],		train_loss: 4.4807
36:	[0s / 2s],		train_loss: 4.4548
37:	[0s / 3s],		train_loss: 4.4542
38:	[0s / 3s],		train_loss: 4.4653
39:	[0s / 3s],		train_loss: 4.4699
40:	[0s / 3s],		train_loss: 4.4680
41:	[0s / 3s],		train_loss: 4.4740
42:	[0s / 3s],		train_loss: 4.4658
43:	[0s / 3s],		train_loss: 4.4534
44:	[0s / 3s],		train_loss: 4.4427
45:	[0s / 3s],		train_loss: 4.4458
46:	[0s / 3s],		train_loss: 4.4564
47:	[0s / 3s],		train_loss: 4.4631
C-index TRAIN: 0.7795000248051075
C-index TEST : 0.7302553811474283
Fitting Cox model...
C-index TRAIN: 0.7639511490702682
C-index TEST : 0.739997800808203
Evaluating method: median
Fitting Random Survival Forest model...
C-index TRAIN: 0.7650274417276307
C-index TEST : 0.7235629656101382
Fitting deepsurv_simple.pt...
0:	[0s / 0s],		train_loss: 47.4524
1:	[0s / 0s],		train_loss: 12.7105
2:	[0s / 0s],		train_loss: 9.3516
3:	[0s / 0s],		train_loss: 8.6220
4:	[0s / 0s],		train_loss: 7.0505
5:	[0s / 0s],		train_loss: 6.3486
6:	[0s / 0s],		train_loss: 6.1127
7:	[0s / 0s],		train_loss: 5.8568
8:	[0s / 0s],		train_loss: 5.9260
9:	[0s / 0s],		train_loss: 5.7013
10:	[0s / 0s],		train_loss: 5.7172
11:	[0s / 0s],		train_loss: 5.1661
12:	[0s / 0s],		train_loss: 5.7453
13:	[0s / 0s],		train_loss: 6.4782
14:	[0s / 0s],		train_loss: 6.4316
15:	[0s / 0s],		train_loss: 5.7711
C-index TRAIN: 0.7475477900564657
C-index TEST : 0.7342249223410396
Fitting deepsurv_vanilla.pt...
0:	[0s / 0s],		train_loss: 4.8592
1:	[0s / 0s],		train_loss: 4.7198
2:	[0s / 0s],		train_loss: 4.6359
3:	[0s / 0s],		train_loss: 4.6505
4:	[0s / 0s],		train_loss: 4.6031
5:	[0s / 0s],		train_loss: 4.5938
6:	[0s / 0s],		train_loss: 4.5865
7:	[0s / 0s],		train_loss: 4.6037
8:	[0s / 0s],		train_loss: 4.5750
9:	[0s / 0s],		train_loss: 4.5493
10:	[0s / 0s],		train_loss: 4.5132
11:	[0s / 0s],		train_loss: 4.5360
12:	[0s / 1s],		train_loss: 4.5302
13:	[0s / 1s],		train_loss: 4.5264
14:	[0s / 1s],		train_loss: 4.5712
15:	[0s / 1s],		train_loss: 4.5309
16:	[0s / 1s],		train_loss: 4.5324
17:	[0s / 1s],		train_loss: 4.5085
18:	[0s / 1s],		train_loss: 4.5075
19:	[0s / 1s],		train_loss: 4.5239
20:	[0s / 1s],		train_loss: 4.5301
21:	[0s / 1s],		train_loss: 4.5245
22:	[0s / 1s],		train_loss: 4.5017
23:	[0s / 1s],		train_loss: 4.5120
24:	[0s / 2s],		train_loss: 4.4817
25:	[0s / 2s],		train_loss: 4.5251
26:	[0s / 2s],		train_loss: 4.4841
27:	[0s / 2s],		train_loss: 4.4723
28:	[0s / 2s],		train_loss: 4.4784
29:	[0s / 2s],		train_loss: 4.5062
30:	[0s / 2s],		train_loss: 4.4813
31:	[0s / 2s],		train_loss: 4.4812
32:	[0s / 2s],		train_loss: 4.4809
33:	[0s / 2s],		train_loss: 4.4849
34:	[0s / 2s],		train_loss: 4.4650
35:	[0s / 2s],		train_loss: 4.4944
36:	[0s / 2s],		train_loss: 4.4715
37:	[0s / 3s],		train_loss: 4.4804
38:	[0s / 3s],		train_loss: 4.5121
39:	[0s / 3s],		train_loss: 4.4820
40:	[0s / 3s],		train_loss: 4.4817
41:	[0s / 3s],		train_loss: 4.5020
42:	[0s / 3s],		train_loss: 4.4707
43:	[0s / 3s],		train_loss: 4.4694
44:	[0s / 3s],		train_loss: 4.4701
45:	[0s / 3s],		train_loss: 4.5031
46:	[0s / 3s],		train_loss: 4.4876
47:	[0s / 3s],		train_loss: 4.4572
C-index TRAIN: 0.7757363525458947
C-index TEST : 0.7352764109189873
Fitting Cox model...
C-index TRAIN: 0.7611040207451147
C-index TEST : 0.7364708469637409
Evaluating method: constant
Fitting Random Survival Forest model...
C-index TRAIN: 0.7653283592867545
C-index TEST : 0.7186147840668554
Fitting deepsurv_simple.pt...
0:	[0s / 0s],		train_loss: 33.8649
1:	[0s / 0s],		train_loss: 8.8002
2:	[0s / 0s],		train_loss: 7.3605
3:	[0s / 0s],		train_loss: 6.6078
4:	[0s / 0s],		train_loss: 6.3074
5:	[0s / 0s],		train_loss: 6.4199
6:	[0s / 0s],		train_loss: 6.4160
7:	[0s / 0s],		train_loss: 7.3718
8:	[0s / 0s],		train_loss: 7.8001
9:	[0s / 0s],		train_loss: 7.6050
10:	[0s / 0s],		train_loss: 7.0398
11:	[0s / 0s],		train_loss: 6.5045
12:	[0s / 0s],		train_loss: 6.5111
13:	[0s / 0s],		train_loss: 7.3093
14:	[0s / 0s],		train_loss: 6.4097
15:	[0s / 0s],		train_loss: 5.5260
C-index TRAIN: 0.5988773725510703
C-index TEST : 0.5762102427357946
Fitting deepsurv_vanilla.pt...
0:	[0s / 0s],		train_loss: 4.9729
1:	[0s / 0s],		train_loss: 4.9085
2:	[0s / 0s],		train_loss: 4.8666
3:	[0s / 0s],		train_loss: 4.8541
4:	[0s / 0s],		train_loss: 4.8183
5:	[0s / 0s],		train_loss: 4.8584
6:	[0s / 0s],		train_loss: 4.7937
7:	[0s / 0s],		train_loss: 4.7698
8:	[0s / 0s],		train_loss: 4.7400
9:	[0s / 0s],		train_loss: 4.7543
10:	[0s / 0s],		train_loss: 4.6888
11:	[0s / 0s],		train_loss: 4.6968
12:	[0s / 1s],		train_loss: 4.6940
13:	[0s / 1s],		train_loss: 4.6920
14:	[0s / 1s],		train_loss: 4.6470
15:	[0s / 1s],		train_loss: 4.6745
16:	[0s / 1s],		train_loss: 4.6226
17:	[0s / 1s],		train_loss: 4.6110
18:	[0s / 1s],		train_loss: 4.6199
19:	[0s / 1s],		train_loss: 4.5990
20:	[0s / 1s],		train_loss: 4.5835
21:	[0s / 1s],		train_loss: 4.6086
22:	[0s / 1s],		train_loss: 4.5769
23:	[0s / 1s],		train_loss: 4.5668
24:	[0s / 2s],		train_loss: 4.5421
25:	[0s / 2s],		train_loss: 4.5357
26:	[0s / 2s],		train_loss: 4.5268
27:	[0s / 2s],		train_loss: 4.4936
28:	[0s / 2s],		train_loss: 4.5232
29:	[0s / 2s],		train_loss: 4.5139
30:	[0s / 2s],		train_loss: 4.5011
31:	[0s / 2s],		train_loss: 4.5080
32:	[0s / 2s],		train_loss: 4.4921
33:	[0s / 2s],		train_loss: 4.4478
34:	[0s / 2s],		train_loss: 4.4438
35:	[0s / 2s],		train_loss: 4.4378
36:	[0s / 2s],		train_loss: 4.4107
37:	[0s / 3s],		train_loss: 4.4395
38:	[0s / 3s],		train_loss: 4.4216
39:	[0s / 3s],		train_loss: 4.4188
40:	[0s / 3s],		train_loss: 4.4052
41:	[0s / 3s],		train_loss: 4.4006
42:	[0s / 3s],		train_loss: 4.3758
43:	[0s / 3s],		train_loss: 4.3835
44:	[0s / 3s],		train_loss: 4.4028
45:	[0s / 3s],		train_loss: 4.4039
46:	[0s / 3s],		train_loss: 4.3710
47:	[0s / 3s],		train_loss: 4.3513
C-index TRAIN: 0.8290091039533212
C-index TEST : 0.6529262995849026
Fitting Cox model...
C-index TRAIN: 0.6482509334478007
C-index TEST : 0.6246309481265635
Evaluating method: knn
Fitting Random Survival Forest model...
C-index TRAIN: 0.7660844840891996
C-index TEST : 0.7104544080050581
Fitting deepsurv_simple.pt...
0:	[0s / 0s],		train_loss: 145.7997
1:	[0s / 0s],		train_loss: 18.0144
2:	[0s / 0s],		train_loss: 12.4902
3:	[0s / 0s],		train_loss: 9.1262
4:	[0s / 0s],		train_loss: 7.7770
5:	[0s / 0s],		train_loss: 6.6973
6:	[0s / 0s],		train_loss: 6.5864
7:	[0s / 0s],		train_loss: 6.3069
8:	[0s / 0s],		train_loss: 5.5291
9:	[0s / 0s],		train_loss: 4.8263
10:	[0s / 0s],		train_loss: 4.6690
11:	[0s / 0s],		train_loss: 4.6070
12:	[0s / 0s],		train_loss: 4.8082
13:	[0s / 0s],		train_loss: 4.9201
14:	[0s / 0s],		train_loss: 5.0702
15:	[0s / 0s],		train_loss: 5.3627
C-index TRAIN: 0.7376116684758114
C-index TEST : 0.7188594441542733
Fitting deepsurv_vanilla.pt...
0:	[0s / 0s],		train_loss: 4.8953
1:	[0s / 0s],		train_loss: 4.7416
2:	[0s / 0s],		train_loss: 4.6726
3:	[0s / 0s],		train_loss: 4.6557
4:	[0s / 0s],		train_loss: 4.6425
5:	[0s / 0s],		train_loss: 4.6548
6:	[0s / 0s],		train_loss: 4.6319
7:	[0s / 0s],		train_loss: 4.5921
8:	[0s / 0s],		train_loss: 4.6411
9:	[0s / 0s],		train_loss: 4.5919
10:	[0s / 0s],		train_loss: 4.5867
11:	[0s / 0s],		train_loss: 4.6300
12:	[0s / 1s],		train_loss: 4.5676
13:	[0s / 1s],		train_loss: 4.5676
14:	[0s / 1s],		train_loss: 4.5628
15:	[0s / 1s],		train_loss: 4.5438
16:	[0s / 1s],		train_loss: 4.5544
17:	[0s / 1s],		train_loss: 4.5672
18:	[0s / 1s],		train_loss: 4.5822
19:	[0s / 1s],		train_loss: 4.5486
20:	[0s / 1s],		train_loss: 4.5646
21:	[0s / 1s],		train_loss: 4.5429
22:	[0s / 1s],		train_loss: 4.5550
23:	[0s / 1s],		train_loss: 4.5536
24:	[0s / 2s],		train_loss: 4.5386
25:	[0s / 2s],		train_loss: 4.5379
26:	[0s / 2s],		train_loss: 4.5429
27:	[0s / 2s],		train_loss: 4.5603
28:	[0s / 2s],		train_loss: 4.5505
29:	[0s / 2s],		train_loss: 4.5182
30:	[0s / 2s],		train_loss: 4.5124
31:	[0s / 2s],		train_loss: 4.5250
32:	[0s / 2s],		train_loss: 4.5285
33:	[0s / 2s],		train_loss: 4.5192
34:	[0s / 2s],		train_loss: 4.5507
35:	[0s / 2s],		train_loss: 4.5109
36:	[0s / 3s],		train_loss: 4.5145
37:	[0s / 3s],		train_loss: 4.5088
38:	[0s / 3s],		train_loss: 4.5080
39:	[0s / 3s],		train_loss: 4.5146
40:	[0s / 3s],		train_loss: 4.4795
41:	[0s / 3s],		train_loss: 4.4771
42:	[0s / 3s],		train_loss: 4.4914
43:	[0s / 3s],		train_loss: 4.5055
44:	[0s / 3s],		train_loss: 4.5042
45:	[0s / 3s],		train_loss: 4.4856
46:	[0s / 3s],		train_loss: 4.4929
47:	[0s / 3s],		train_loss: 4.4831
C-index TRAIN: 0.7715443851484255
C-index TEST : 0.7157627072051022
Fitting Cox model...
C-index TRAIN: 0.7535067622170901
C-index TEST : 0.7240536602798472
Evaluating method: imputer_bayesian
Fitting Random Survival Forest model...
C-index TRAIN: 0.7704693375350695
C-index TEST : 0.7362797921763752
Fitting deepsurv_simple.pt...
0:	[0s / 0s],		train_loss: 65.9000
1:	[0s / 0s],		train_loss: 19.6313
2:	[0s / 0s],		train_loss: 13.6718
3:	[0s / 0s],		train_loss: 9.3094
4:	[0s / 0s],		train_loss: 9.4378
5:	[0s / 0s],		train_loss: 8.0427
6:	[0s / 0s],		train_loss: 8.3688
7:	[0s / 0s],		train_loss: 6.3400
8:	[0s / 0s],		train_loss: 7.3434
9:	[0s / 0s],		train_loss: 8.2323
10:	[0s / 0s],		train_loss: 8.1970
11:	[0s / 0s],		train_loss: 7.2909
12:	[0s / 0s],		train_loss: 6.8752
13:	[0s / 0s],		train_loss: 7.5120
14:	[0s / 0s],		train_loss: 6.8869
15:	[0s / 0s],		train_loss: 6.4160
C-index TRAIN: 0.7041930592052903
C-index TEST : 0.6857822250323006
Fitting deepsurv_vanilla.pt...
0:	[0s / 0s],		train_loss: 4.7750
1:	[0s / 0s],		train_loss: 4.6701
2:	[0s / 0s],		train_loss: 4.5797
3:	[0s / 0s],		train_loss: 4.5590
4:	[0s / 0s],		train_loss: 4.5595
5:	[0s / 0s],		train_loss: 4.5362
6:	[0s / 0s],		train_loss: 4.5217
7:	[0s / 0s],		train_loss: 4.5310
8:	[0s / 0s],		train_loss: 4.5477
9:	[0s / 0s],		train_loss: 4.5095
10:	[0s / 0s],		train_loss: 4.5190
11:	[0s / 0s],		train_loss: 4.5168
12:	[0s / 1s],		train_loss: 4.5413
13:	[0s / 1s],		train_loss: 4.5222
14:	[0s / 1s],		train_loss: 4.5046
15:	[0s / 1s],		train_loss: 4.5090
16:	[0s / 1s],		train_loss: 4.4674
17:	[0s / 1s],		train_loss: 4.4809
18:	[0s / 1s],		train_loss: 4.4822
19:	[0s / 1s],		train_loss: 4.5138
20:	[0s / 1s],		train_loss: 4.4919
21:	[0s / 1s],		train_loss: 4.5005
22:	[0s / 1s],		train_loss: 4.5051
23:	[0s / 1s],		train_loss: 4.5076
24:	[0s / 2s],		train_loss: 4.4887
25:	[0s / 2s],		train_loss: 4.5172
26:	[0s / 2s],		train_loss: 4.4774
27:	[0s / 2s],		train_loss: 4.4442
28:	[0s / 2s],		train_loss: 4.4974
29:	[0s / 2s],		train_loss: 4.4827
30:	[0s / 2s],		train_loss: 4.4921
31:	[0s / 2s],		train_loss: 4.4752
32:	[0s / 2s],		train_loss: 4.4738
33:	[0s / 2s],		train_loss: 4.4852
34:	[0s / 2s],		train_loss: 4.4740
35:	[0s / 2s],		train_loss: 4.4528
36:	[0s / 3s],		train_loss: 4.4585
37:	[0s / 3s],		train_loss: 4.4625
38:	[0s / 3s],		train_loss: 4.4485
39:	[0s / 3s],		train_loss: 4.4597
40:	[0s / 3s],		train_loss: 4.4515
41:	[0s / 3s],		train_loss: 4.4498
42:	[0s / 3s],		train_loss: 4.4338
43:	[0s / 3s],		train_loss: 4.4578
44:	[0s / 3s],		train_loss: 4.4672
45:	[0s / 3s],		train_loss: 4.4683
46:	[0s / 3s],		train_loss: 4.4677
47:	[0s / 3s],		train_loss: 4.4693
C-index TRAIN: 0.7788753958042783
C-index TEST : 0.7296918382494433
Fitting Cox model...
C-index TRAIN: 0.7670779334338179
C-index TEST : 0.7404321411881134
[fold=3, target=70%] actual NaN%: 70.0%
X_train shape: (5162, 76), X_test shape: (1290, 76)
Generating TabPFN Embeddings...
Successfully generated embeddings with shape: (5162, 192)
Fitting SimpleImputer (mean)...
Fitting SimpleImputer (median)...
Fitting SimpleImputer (constant, fill=-1)...
Fitting KNNImputer...
Fitting IterativeImputer (BayesianRidge, MICE-like)...
Fitting DeepSurv Simple pilot model...
0:	[0s / 0s],		train_loss: 43.7458,	val_loss: 13.9913
1:	[0s / 0s],		train_loss: 8.7292,	val_loss: 11.2313
2:	[0s / 0s],		train_loss: 7.9362,	val_loss: 10.0451
3:	[0s / 0s],		train_loss: 6.9563,	val_loss: 8.7652
4:	[0s / 0s],		train_loss: 6.3261,	val_loss: 8.3058
5:	[0s / 0s],		train_loss: 5.8720,	val_loss: 7.8279
6:	[0s / 0s],		train_loss: 5.4202,	val_loss: 7.3927
7:	[0s / 0s],		train_loss: 5.2003,	val_loss: 7.2754
8:	[0s / 0s],		train_loss: 5.0720,	val_loss: 7.1894
9:	[0s / 0s],		train_loss: 4.9663,	val_loss: 7.1579
10:	[0s / 0s],		train_loss: 4.9719,	val_loss: 6.9958
11:	[0s / 0s],		train_loss: 4.8603,	val_loss: 6.9171
12:	[0s / 0s],		train_loss: 4.7896,	val_loss: 6.8270
13:	[0s / 0s],		train_loss: 4.7439,	val_loss: 6.7221
14:	[0s / 0s],		train_loss: 4.6657,	val_loss: 6.6833
15:	[0s / 0s],		train_loss: 4.6740,	val_loss: 6.6569
16:	[0s / 1s],		train_loss: 4.6592,	val_loss: 6.6526
17:	[0s / 1s],		train_loss: 4.6552,	val_loss: 6.6638
18:	[0s / 1s],		train_loss: 4.6697,	val_loss: 6.6308
19:	[0s / 1s],		train_loss: 4.6780,	val_loss: 6.6367
20:	[0s / 1s],		train_loss: 4.6753,	val_loss: 6.8354
21:	[0s / 1s],		train_loss: 4.6596,	val_loss: 6.6856
22:	[0s / 1s],		train_loss: 4.6575,	val_loss: 6.6544
23:	[0s / 1s],		train_loss: 4.6368,	val_loss: 6.7062
24:	[0s / 1s],		train_loss: 4.6585,	val_loss: 6.6846
25:	[0s / 1s],		train_loss: 4.6647,	val_loss: 6.7253
26:	[0s / 1s],		train_loss: 4.6658,	val_loss: 6.6707
27:	[0s / 1s],		train_loss: 4.6507,	val_loss: 6.6516
28:	[0s / 1s],		train_loss: 4.6643,	val_loss: 6.7486
29:	[0s / 1s],		train_loss: 4.7532,	val_loss: 6.7713
30:	[0s / 1s],		train_loss: 4.8710,	val_loss: 6.9571
31:	[0s / 2s],		train_loss: 4.8050,	val_loss: 7.4674
32:	[0s / 2s],		train_loss: 5.6238,	val_loss: 7.5242
33:	[0s / 2s],		train_loss: 5.5841,	val_loss: 8.6794
34:	[0s / 2s],		train_loss: 8.7901,	val_loss: 11.6403
35:	[0s / 2s],		train_loss: 10.7319,	val_loss: 13.6496
36:	[0s / 2s],		train_loss: 7.0485,	val_loss: 7.6404
37:	[0s / 2s],		train_loss: 5.1239,	val_loss: 6.8952
38:	[0s / 2s],		train_loss: 4.8963,	val_loss: 6.7993
Saved fixed_epochs=19 → nan/tabpfn/OrmoniTirodei/nan_percentage0.7/seed123/fold3/fixed_epochs_deepsurv_simple.json
Fitting DeepSurv Vanilla pilot model...
0:	[0s / 0s],		train_loss: 4.9539,	val_loss: 6.8417
1:	[0s / 0s],		train_loss: 4.8728,	val_loss: 6.6898
2:	[0s / 0s],		train_loss: 4.7559,	val_loss: 6.7136
3:	[0s / 0s],		train_loss: 4.7355,	val_loss: 6.6991
4:	[0s / 0s],		train_loss: 4.7354,	val_loss: 6.6449
5:	[0s / 0s],		train_loss: 4.7299,	val_loss: 6.6829
6:	[0s / 0s],		train_loss: 4.7131,	val_loss: 6.6397
7:	[0s / 0s],		train_loss: 4.7007,	val_loss: 6.6382
8:	[0s / 0s],		train_loss: 4.6837,	val_loss: 6.6188
9:	[0s / 0s],		train_loss: 4.6712,	val_loss: 6.6576
10:	[0s / 0s],		train_loss: 4.6735,	val_loss: 6.6105
11:	[0s / 1s],		train_loss: 4.6642,	val_loss: 6.5986
12:	[0s / 1s],		train_loss: 4.6709,	val_loss: 6.6556
13:	[0s / 1s],		train_loss: 4.6628,	val_loss: 6.5975
14:	[0s / 1s],		train_loss: 4.6427,	val_loss: 6.6534
15:	[0s / 1s],		train_loss: 4.6223,	val_loss: 6.5930
16:	[0s / 1s],		train_loss: 4.6393,	val_loss: 6.5833
17:	[0s / 1s],		train_loss: 4.6104,	val_loss: 6.5877
18:	[0s / 1s],		train_loss: 4.5983,	val_loss: 6.6008
19:	[0s / 1s],		train_loss: 4.6359,	val_loss: 6.5860
20:	[0s / 1s],		train_loss: 4.6198,	val_loss: 6.5968
21:	[0s / 1s],		train_loss: 4.6232,	val_loss: 6.5944
22:	[0s / 1s],		train_loss: 4.6298,	val_loss: 6.5918
23:	[0s / 2s],		train_loss: 4.6159,	val_loss: 6.6383
24:	[0s / 2s],		train_loss: 4.6289,	val_loss: 6.5932
25:	[0s / 2s],		train_loss: 4.6338,	val_loss: 6.5880
26:	[0s / 2s],		train_loss: 4.6237,	val_loss: 6.6314
27:	[0s / 2s],		train_loss: 4.6258,	val_loss: 6.6007
28:	[0s / 2s],		train_loss: 4.5918,	val_loss: 6.5917
29:	[0s / 2s],		train_loss: 4.5978,	val_loss: 6.5822
30:	[0s / 2s],		train_loss: 4.6065,	val_loss: 6.5940
31:	[0s / 2s],		train_loss: 4.5650,	val_loss: 6.6205
32:	[0s / 2s],		train_loss: 4.6029,	val_loss: 6.5864
33:	[0s / 2s],		train_loss: 4.6045,	val_loss: 6.6053
34:	[0s / 3s],		train_loss: 4.6046,	val_loss: 6.5879
35:	[0s / 3s],		train_loss: 4.5739,	val_loss: 6.5851
36:	[0s / 3s],		train_loss: 4.5877,	val_loss: 6.6376
37:	[0s / 3s],		train_loss: 4.6008,	val_loss: 6.6504
38:	[0s / 3s],		train_loss: 4.6009,	val_loss: 6.5822
39:	[0s / 3s],		train_loss: 4.5980,	val_loss: 6.6196
40:	[0s / 3s],		train_loss: 4.5943,	val_loss: 6.6260
41:	[0s / 3s],		train_loss: 4.5962,	val_loss: 6.6365
42:	[0s / 3s],		train_loss: 4.5819,	val_loss: 6.6275
43:	[0s / 3s],		train_loss: 4.5658,	val_loss: 6.6407
44:	[0s / 3s],		train_loss: 4.5854,	val_loss: 6.5967
45:	[0s / 3s],		train_loss: 4.5935,	val_loss: 6.6449
46:	[0s / 4s],		train_loss: 4.5768,	val_loss: 6.6165
47:	[0s / 4s],		train_loss: 4.5950,	val_loss: 6.6236
48:	[0s / 4s],		train_loss: 4.5693,	val_loss: 6.5915
49:	[0s / 4s],		train_loss: 4.5863,	val_loss: 6.6144
Saved fixed_epochs=30 → nan/tabpfn/OrmoniTirodei/nan_percentage0.7/seed123/fold3/fixed_epochs_deepsurv_vanilla.json
Evaluating method: embeddings
Fitting Random Survival Forest model...
C-index TRAIN: 0.9208898080506078
C-index TEST : 0.6992605217582538
Fitting deepsurv_simple.pt...
0:	[0s / 0s],		train_loss: 3.5798
1:	[0s / 0s],		train_loss: 3.2960
2:	[0s / 0s],		train_loss: 3.2744
3:	[0s / 0s],		train_loss: 3.2362
4:	[0s / 0s],		train_loss: 3.2502
5:	[0s / 0s],		train_loss: 3.2726
6:	[0s / 0s],		train_loss: 3.2689
7:	[0s / 0s],		train_loss: 3.2596
8:	[0s / 0s],		train_loss: 3.2627
9:	[0s / 0s],		train_loss: 3.2616
10:	[0s / 0s],		train_loss: 3.2688
11:	[0s / 0s],		train_loss: 3.2383
12:	[0s / 0s],		train_loss: 3.2630
13:	[0s / 0s],		train_loss: 3.2455
14:	[0s / 0s],		train_loss: 3.2513
15:	[0s / 0s],		train_loss: 3.2388
16:	[0s / 0s],		train_loss: 3.2314
17:	[0s / 1s],		train_loss: 3.2332
18:	[0s / 1s],		train_loss: 3.2515
C-index TRAIN: 0.9116633615536923
C-index TEST : 0.6941666437584187
Fitting deepsurv_vanilla.pt...
0:	[0s / 0s],		train_loss: 3.4401
1:	[0s / 0s],		train_loss: 3.3160
2:	[0s / 0s],		train_loss: 3.2925
3:	[0s / 0s],		train_loss: 3.2757
4:	[0s / 0s],		train_loss: 3.2928
5:	[0s / 0s],		train_loss: 3.2843
6:	[0s / 0s],		train_loss: 3.2694
7:	[0s / 0s],		train_loss: 3.2461
8:	[0s / 0s],		train_loss: 3.2648
9:	[0s / 0s],		train_loss: 3.2718
10:	[0s / 0s],		train_loss: 3.2677
11:	[0s / 0s],		train_loss: 3.2621
12:	[0s / 1s],		train_loss: 3.2544
13:	[0s / 1s],		train_loss: 3.2492
14:	[0s / 1s],		train_loss: 3.2505
15:	[0s / 1s],		train_loss: 3.2639
16:	[0s / 1s],		train_loss: 3.2429
17:	[0s / 1s],		train_loss: 3.2443
18:	[0s / 1s],		train_loss: 3.2531
19:	[0s / 1s],		train_loss: 3.2539
20:	[0s / 1s],		train_loss: 3.2502
21:	[0s / 1s],		train_loss: 3.2463
22:	[0s / 1s],		train_loss: 3.2568
23:	[0s / 1s],		train_loss: 3.2052
24:	[0s / 2s],		train_loss: 3.2615
25:	[0s / 2s],		train_loss: 3.2523
26:	[0s / 2s],		train_loss: 3.2315
27:	[0s / 2s],		train_loss: 3.2149
28:	[0s / 2s],		train_loss: 3.2510
29:	[0s / 2s],		train_loss: 3.2352
C-index TRAIN: 0.9126025078251015
C-index TEST : 0.5366234158946587
Fitting Cox model...
C-index TRAIN: 0.9105908998009653
C-index TEST : 0.6779805921323914
Evaluating method: mean
Fitting Random Survival Forest model...
C-index TRAIN: 0.7485418140367793
C-index TEST : 0.6877381312367705
Fitting deepsurv_simple.pt...
0:	[0s / 0s],		train_loss: 43.0708
1:	[0s / 0s],		train_loss: 10.0171
2:	[0s / 0s],		train_loss: 8.2664
3:	[0s / 0s],		train_loss: 7.1282
4:	[0s / 0s],		train_loss: 6.2617
5:	[0s / 0s],		train_loss: 6.0097
6:	[0s / 0s],		train_loss: 5.4150
7:	[0s / 0s],		train_loss: 5.3201
8:	[0s / 0s],		train_loss: 5.0953
9:	[0s / 0s],		train_loss: 5.0225
10:	[0s / 0s],		train_loss: 4.8701
11:	[0s / 0s],		train_loss: 4.7911
12:	[0s / 0s],		train_loss: 4.7595
13:	[0s / 0s],		train_loss: 4.7408
14:	[0s / 0s],		train_loss: 4.7075
15:	[0s / 0s],		train_loss: 4.7639
16:	[0s / 0s],		train_loss: 4.7331
17:	[0s / 1s],		train_loss: 4.7075
18:	[0s / 1s],		train_loss: 4.6867
C-index TRAIN: 0.7138992307351947
C-index TEST : 0.6939357286197323
Fitting deepsurv_vanilla.pt...
0:	[0s / 0s],		train_loss: 4.9085
1:	[0s / 0s],		train_loss: 4.7908
2:	[0s / 0s],		train_loss: 4.7578
3:	[0s / 0s],		train_loss: 4.7613
4:	[0s / 0s],		train_loss: 4.7162
5:	[0s / 0s],		train_loss: 4.7244
6:	[0s / 0s],		train_loss: 4.7134
7:	[0s / 0s],		train_loss: 4.6953
8:	[0s / 0s],		train_loss: 4.6808
9:	[0s / 0s],		train_loss: 4.6716
10:	[0s / 0s],		train_loss: 4.6786
11:	[0s / 0s],		train_loss: 4.6704
12:	[0s / 1s],		train_loss: 4.6710
13:	[0s / 1s],		train_loss: 4.6815
14:	[0s / 1s],		train_loss: 4.6472
15:	[0s / 1s],		train_loss: 4.6573
16:	[0s / 1s],		train_loss: 4.6878
17:	[0s / 1s],		train_loss: 4.6496
18:	[0s / 1s],		train_loss: 4.6438
19:	[0s / 1s],		train_loss: 4.6604
20:	[0s / 1s],		train_loss: 4.6118
21:	[0s / 1s],		train_loss: 4.6249
22:	[0s / 1s],		train_loss: 4.6115
23:	[0s / 1s],		train_loss: 4.6257
24:	[0s / 1s],		train_loss: 4.6039
25:	[0s / 2s],		train_loss: 4.6165
26:	[0s / 2s],		train_loss: 4.6079
27:	[0s / 2s],		train_loss: 4.6313
28:	[0s / 2s],		train_loss: 4.6542
29:	[0s / 2s],		train_loss: 4.6589
C-index TRAIN: 0.7316771183322387
C-index TEST : 0.693932979629986
Fitting Cox model...
C-index TRAIN: 0.7312961348662315
C-index TEST : 0.7089039777881628
Evaluating method: median
Fitting Random Survival Forest model...
C-index TRAIN: 0.7382714460266719
C-index TEST : 0.6803763366962641
Fitting deepsurv_simple.pt...
0:	[0s / 0s],		train_loss: 86.7846
1:	[0s / 0s],		train_loss: 12.8801
2:	[0s / 0s],		train_loss: 7.7702
3:	[0s / 0s],		train_loss: 6.8890
4:	[0s / 0s],		train_loss: 6.2011
5:	[0s / 0s],		train_loss: 5.9557
6:	[0s / 0s],		train_loss: 5.9986
7:	[0s / 0s],		train_loss: 5.7103
8:	[0s / 0s],		train_loss: 5.5307
9:	[0s / 0s],		train_loss: 5.4543
10:	[0s / 0s],		train_loss: 5.3338
11:	[0s / 0s],		train_loss: 5.2246
12:	[0s / 0s],		train_loss: 5.1112
13:	[0s / 0s],		train_loss: 4.9435
14:	[0s / 0s],		train_loss: 4.8856
15:	[0s / 0s],		train_loss: 4.8149
16:	[0s / 0s],		train_loss: 4.7746
17:	[0s / 1s],		train_loss: 4.7044
18:	[0s / 1s],		train_loss: 4.6716
C-index TRAIN: 0.7099787787037712
C-index TEST : 0.6833961019325397
Fitting deepsurv_vanilla.pt...
0:	[0s / 0s],		train_loss: 4.9207
1:	[0s / 0s],		train_loss: 4.8312
2:	[0s / 0s],		train_loss: 4.7581
3:	[0s / 0s],		train_loss: 4.7463
4:	[0s / 0s],		train_loss: 4.7562
5:	[0s / 0s],		train_loss: 4.7158
6:	[0s / 0s],		train_loss: 4.7058
7:	[0s / 0s],		train_loss: 4.7118
8:	[0s / 0s],		train_loss: 4.6972
9:	[0s / 0s],		train_loss: 4.6656
10:	[0s / 0s],		train_loss: 4.6888
11:	[0s / 0s],		train_loss: 4.7089
12:	[0s / 1s],		train_loss: 4.6822
13:	[0s / 1s],		train_loss: 4.6778
14:	[0s / 1s],		train_loss: 4.6466
15:	[0s / 1s],		train_loss: 4.6426
16:	[0s / 1s],		train_loss: 4.6756
17:	[0s / 1s],		train_loss: 4.6276
18:	[0s / 1s],		train_loss: 4.6562
19:	[0s / 1s],		train_loss: 4.6383
20:	[0s / 1s],		train_loss: 4.6497
21:	[0s / 1s],		train_loss: 4.6410
22:	[0s / 1s],		train_loss: 4.6489
23:	[0s / 1s],		train_loss: 4.6520
24:	[0s / 2s],		train_loss: 4.6445
25:	[0s / 2s],		train_loss: 4.6334
26:	[0s / 2s],		train_loss: 4.6268
27:	[0s / 2s],		train_loss: 4.6327
28:	[0s / 2s],		train_loss: 4.6327
29:	[0s / 2s],		train_loss: 4.6297
C-index TRAIN: 0.7256993747388999
C-index TEST : 0.6899634384363746
Fitting Cox model...
C-index TRAIN: 0.725561845262483
C-index TEST : 0.7034857189982682
Evaluating method: constant
Fitting Random Survival Forest model...
C-index TRAIN: 0.738154699207903
C-index TEST : 0.6768150204799737
Fitting deepsurv_simple.pt...
0:	[0s / 0s],		train_loss: 31.1854
1:	[0s / 0s],		train_loss: 8.7102
2:	[0s / 0s],		train_loss: 6.7271
3:	[0s / 0s],		train_loss: 6.0965
4:	[0s / 0s],		train_loss: 6.0779
5:	[0s / 0s],		train_loss: 5.6207
6:	[0s / 0s],		train_loss: 6.0077
7:	[0s / 0s],		train_loss: 5.8898
8:	[0s / 0s],		train_loss: 5.8360
9:	[0s / 0s],		train_loss: 5.6932
10:	[0s / 0s],		train_loss: 5.5715
11:	[0s / 0s],		train_loss: 5.5687
12:	[0s / 0s],		train_loss: 5.4089
13:	[0s / 0s],		train_loss: 6.2979
14:	[0s / 0s],		train_loss: 5.3722
15:	[0s / 0s],		train_loss: 5.2869
16:	[0s / 0s],		train_loss: 5.2178
17:	[0s / 1s],		train_loss: 5.1707
18:	[0s / 1s],		train_loss: 5.1079
C-index TRAIN: 0.5874134862017519
C-index TEST : 0.568436099733348
Fitting deepsurv_vanilla.pt...
0:	[0s / 0s],		train_loss: 4.9745
1:	[0s / 0s],		train_loss: 4.8925
2:	[0s / 0s],		train_loss: 4.8910
3:	[0s / 0s],		train_loss: 4.8649
4:	[0s / 0s],		train_loss: 4.8471
5:	[0s / 0s],		train_loss: 4.8453
6:	[0s / 0s],		train_loss: 4.8387
7:	[0s / 0s],		train_loss: 4.8305
8:	[0s / 0s],		train_loss: 4.8109
9:	[0s / 0s],		train_loss: 4.8080
10:	[0s / 0s],		train_loss: 4.7534
11:	[0s / 0s],		train_loss: 4.7692
12:	[0s / 1s],		train_loss: 4.7441
13:	[0s / 1s],		train_loss: 4.7169
14:	[0s / 1s],		train_loss: 4.7211
15:	[0s / 1s],		train_loss: 4.7288
16:	[0s / 1s],		train_loss: 4.6654
17:	[0s / 1s],		train_loss: 4.6879
18:	[0s / 1s],		train_loss: 4.6589
19:	[0s / 1s],		train_loss: 4.6560
20:	[0s / 1s],		train_loss: 4.6496
21:	[0s / 1s],		train_loss: 4.6083
22:	[0s / 1s],		train_loss: 4.6310
23:	[0s / 1s],		train_loss: 4.6119
24:	[0s / 2s],		train_loss: 4.5653
25:	[0s / 2s],		train_loss: 4.6342
26:	[0s / 2s],		train_loss: 4.6000
27:	[0s / 2s],		train_loss: 4.5782
28:	[0s / 2s],		train_loss: 4.5759
29:	[0s / 2s],		train_loss: 4.5570
C-index TRAIN: 0.7950136562172997
C-index TEST : 0.5887181460813151
Fitting Cox model...
C-index TRAIN: 0.6286181218262152
C-index TEST : 0.5893916485691508
Evaluating method: knn
Fitting Random Survival Forest model...
C-index TRAIN: 0.7438845832713206
C-index TEST : 0.6607375539489238
Fitting deepsurv_simple.pt...
0:	[0s / 0s],		train_loss: 139.3317
1:	[0s / 0s],		train_loss: 16.5921
2:	[0s / 0s],		train_loss: 12.8323
3:	[0s / 0s],		train_loss: 9.9917
4:	[0s / 0s],		train_loss: 8.8390
5:	[0s / 0s],		train_loss: 7.5435
6:	[0s / 0s],		train_loss: 6.2997
7:	[0s / 0s],		train_loss: 5.3567
8:	[0s / 0s],		train_loss: 4.8182
9:	[0s / 0s],		train_loss: 5.3766
10:	[0s / 0s],		train_loss: 5.3854
11:	[0s / 0s],		train_loss: 5.0179
12:	[0s / 0s],		train_loss: 4.8160
13:	[0s / 0s],		train_loss: 5.0692
14:	[0s / 0s],		train_loss: 5.4472
15:	[0s / 0s],		train_loss: 6.7133
16:	[0s / 0s],		train_loss: 5.7227
17:	[0s / 1s],		train_loss: 6.7478
18:	[0s / 1s],		train_loss: 5.2897
C-index TRAIN: 0.6597116593007948
C-index TEST : 0.6425626082414713
Fitting deepsurv_vanilla.pt...
0:	[0s / 0s],		train_loss: 5.0150
1:	[0s / 0s],		train_loss: 4.8503
2:	[0s / 0s],		train_loss: 4.7914
3:	[0s / 0s],		train_loss: 4.7897
4:	[0s / 0s],		train_loss: 4.7658
5:	[0s / 0s],		train_loss: 4.7303
6:	[0s / 0s],		train_loss: 4.7425
7:	[0s / 0s],		train_loss: 4.7228
8:	[0s / 0s],		train_loss: 4.7146
9:	[0s / 0s],		train_loss: 4.7202
10:	[0s / 0s],		train_loss: 4.7022
11:	[0s / 0s],		train_loss: 4.7056
12:	[0s / 1s],		train_loss: 4.7250
13:	[0s / 1s],		train_loss: 4.7037
14:	[0s / 1s],		train_loss: 4.6750
15:	[0s / 1s],		train_loss: 4.7217
16:	[0s / 1s],		train_loss: 4.6927
17:	[0s / 1s],		train_loss: 4.6714
18:	[0s / 1s],		train_loss: 4.7011
19:	[0s / 1s],		train_loss: 4.6843
20:	[0s / 1s],		train_loss: 4.7163
21:	[0s / 1s],		train_loss: 4.7047
22:	[0s / 1s],		train_loss: 4.6836
23:	[0s / 1s],		train_loss: 4.6962
24:	[0s / 1s],		train_loss: 4.6780
25:	[0s / 2s],		train_loss: 4.6816
26:	[0s / 2s],		train_loss: 4.6562
27:	[0s / 2s],		train_loss: 4.6654
28:	[0s / 2s],		train_loss: 4.7201
29:	[0s / 2s],		train_loss: 4.6550
C-index TRAIN: 0.7043905423392538
C-index TEST : 0.6683948648871539
Fitting Cox model...
C-index TRAIN: 0.716926986213915
C-index TEST : 0.6915578524892102
Evaluating method: imputer_bayesian
Fitting Random Survival Forest model...
C-index TRAIN: 0.7418200129905976
C-index TEST : 0.695172774005553
Fitting deepsurv_simple.pt...
0:	[0s / 0s],		train_loss: 129.7173
1:	[0s / 0s],		train_loss: 26.1173
2:	[0s / 0s],		train_loss: 12.1015
3:	[0s / 0s],		train_loss: 7.5962
4:	[0s / 0s],		train_loss: 6.8952
5:	[0s / 0s],		train_loss: 7.3675
6:	[0s / 0s],		train_loss: 10.5625
7:	[0s / 0s],		train_loss: 9.2793
8:	[0s / 0s],		train_loss: 6.5324
9:	[0s / 0s],		train_loss: 5.4323
10:	[0s / 0s],		train_loss: 5.4182
11:	[0s / 0s],		train_loss: 5.1746
12:	[0s / 0s],		train_loss: 4.9180
13:	[0s / 0s],		train_loss: 4.8370
14:	[0s / 0s],		train_loss: 4.9456
15:	[0s / 0s],		train_loss: 4.7145
16:	[0s / 1s],		train_loss: 4.6961
17:	[0s / 1s],		train_loss: 4.7217
18:	[0s / 1s],		train_loss: 4.8672
C-index TRAIN: 0.6673947300926562
C-index TEST : 0.6633284767847816
Fitting deepsurv_vanilla.pt...
0:	[0s / 0s],		train_loss: 4.9320
1:	[0s / 0s],		train_loss: 4.7449
2:	[0s / 0s],		train_loss: 4.7345
3:	[0s / 0s],		train_loss: 4.6845
4:	[0s / 0s],		train_loss: 4.6930
5:	[0s / 0s],		train_loss: 4.6945
6:	[0s / 0s],		train_loss: 4.6556
7:	[0s / 0s],		train_loss: 4.6802
8:	[0s / 0s],		train_loss: 4.6492
9:	[0s / 0s],		train_loss: 4.6631
10:	[0s / 0s],		train_loss: 4.6565
11:	[0s / 0s],		train_loss: 4.6627
12:	[0s / 1s],		train_loss: 4.6904
13:	[0s / 1s],		train_loss: 4.6749
14:	[0s / 1s],		train_loss: 4.6601
15:	[0s / 1s],		train_loss: 4.6477
16:	[0s / 1s],		train_loss: 4.6235
17:	[0s / 1s],		train_loss: 4.6536
18:	[0s / 1s],		train_loss: 4.6386
19:	[0s / 1s],		train_loss: 4.6515
20:	[0s / 1s],		train_loss: 4.6188
21:	[0s / 1s],		train_loss: 4.6308
22:	[0s / 1s],		train_loss: 4.6388
23:	[0s / 1s],		train_loss: 4.6422
24:	[0s / 2s],		train_loss: 4.6297
25:	[0s / 2s],		train_loss: 4.6214
26:	[0s / 2s],		train_loss: 4.6185
27:	[0s / 2s],		train_loss: 4.6155
28:	[0s / 2s],		train_loss: 4.5917
29:	[0s / 2s],		train_loss: 4.6259
C-index TRAIN: 0.7177301353707617
C-index TEST : 0.6875360804904198
Fitting Cox model...
C-index TRAIN: 0.7261914544393385
C-index TEST : 0.705770129477417
[fold=3, target=90%] actual NaN%: 90.0%
X_train shape: (5162, 76), X_test shape: (1290, 76)
Generating TabPFN Embeddings...
Successfully generated embeddings with shape: (5162, 192)
Fitting SimpleImputer (mean)...
Fitting SimpleImputer (median)...
Fitting SimpleImputer (constant, fill=-1)...
Fitting KNNImputer...
Fitting IterativeImputer (BayesianRidge, MICE-like)...
Fitting DeepSurv Simple pilot model...
0:	[0s / 0s],		train_loss: 27.1028,	val_loss: 85.4710
1:	[0s / 0s],		train_loss: 9.2945,	val_loss: 7.4441
2:	[0s / 0s],		train_loss: 6.6344,	val_loss: 7.7982
3:	[0s / 0s],		train_loss: 5.4649,	val_loss: 7.3919
4:	[0s / 0s],		train_loss: 5.0184,	val_loss: 7.3039
5:	[0s / 0s],		train_loss: 4.8811,	val_loss: 7.2801
6:	[0s / 0s],		train_loss: 5.4966,	val_loss: 7.7346
7:	[0s / 0s],		train_loss: 5.3503,	val_loss: 8.0690
8:	[0s / 0s],		train_loss: 5.4431,	val_loss: 7.3877
9:	[0s / 0s],		train_loss: 4.8768,	val_loss: 7.2006
10:	[0s / 0s],		train_loss: 4.8384,	val_loss: 7.1563
11:	[0s / 0s],		train_loss: 4.8096,	val_loss: 7.1367
12:	[0s / 0s],		train_loss: 4.8119,	val_loss: 7.1445
13:	[0s / 0s],		train_loss: 4.7960,	val_loss: 7.1190
14:	[0s / 0s],		train_loss: 4.7916,	val_loss: 7.1213
15:	[0s / 1s],		train_loss: 4.8077,	val_loss: 7.1025
16:	[0s / 1s],		train_loss: 4.8485,	val_loss: 7.0970
17:	[0s / 1s],		train_loss: 4.7937,	val_loss: 7.0794
18:	[0s / 1s],		train_loss: 4.7881,	val_loss: 7.0821
19:	[0s / 1s],		train_loss: 4.8142,	val_loss: 7.0657
20:	[0s / 1s],		train_loss: 4.8117,	val_loss: 7.0521
21:	[0s / 1s],		train_loss: 4.7972,	val_loss: 7.0505
22:	[0s / 1s],		train_loss: 4.8063,	val_loss: 7.0398
23:	[0s / 1s],		train_loss: 4.8021,	val_loss: 7.0245
24:	[0s / 1s],		train_loss: 4.7914,	val_loss: 7.0198
25:	[0s / 1s],		train_loss: 4.7909,	val_loss: 7.0168
26:	[0s / 1s],		train_loss: 4.8211,	val_loss: 7.0014
27:	[0s / 1s],		train_loss: 4.8021,	val_loss: 6.9923
28:	[0s / 1s],		train_loss: 4.8049,	val_loss: 7.0281
29:	[0s / 1s],		train_loss: 4.8124,	val_loss: 7.0250
30:	[0s / 1s],		train_loss: 5.0182,	val_loss: 7.1372
31:	[0s / 2s],		train_loss: 4.9315,	val_loss: 6.9715
32:	[0s / 2s],		train_loss: 4.8198,	val_loss: 6.9661
33:	[0s / 2s],		train_loss: 4.8461,	val_loss: 6.9411
34:	[0s / 2s],		train_loss: 5.0895,	val_loss: 7.4624
35:	[0s / 2s],		train_loss: 5.5499,	val_loss: 6.9870
36:	[0s / 2s],		train_loss: 5.6039,	val_loss: 9.7773
37:	[0s / 2s],		train_loss: 5.8530,	val_loss: 7.1990
38:	[0s / 2s],		train_loss: 6.5000,	val_loss: 9.6397
39:	[0s / 2s],		train_loss: 5.6609,	val_loss: 7.5261
40:	[0s / 2s],		train_loss: 6.3974,	val_loss: 7.8271
41:	[0s / 2s],		train_loss: 5.4414,	val_loss: 7.1783
42:	[0s / 2s],		train_loss: 4.9111,	val_loss: 6.9026
43:	[0s / 2s],		train_loss: 4.8534,	val_loss: 7.4637
44:	[0s / 2s],		train_loss: 6.3180,	val_loss: 8.0850
45:	[0s / 2s],		train_loss: 5.5589,	val_loss: 7.9616
46:	[0s / 2s],		train_loss: 5.6678,	val_loss: 7.3551
47:	[0s / 3s],		train_loss: 5.4013,	val_loss: 7.1240
48:	[0s / 3s],		train_loss: 4.8691,	val_loss: 6.8648
49:	[0s / 3s],		train_loss: 4.8169,	val_loss: 6.8485
50:	[0s / 3s],		train_loss: 4.8494,	val_loss: 6.8795
51:	[0s / 3s],		train_loss: 4.8095,	val_loss: 6.8397
52:	[0s / 3s],		train_loss: 4.8418,	val_loss: 6.8204
53:	[0s / 3s],		train_loss: 4.8207,	val_loss: 6.8377
54:	[0s / 3s],		train_loss: 4.7911,	val_loss: 6.8074
55:	[0s / 3s],		train_loss: 4.7748,	val_loss: 6.7933
56:	[0s / 3s],		train_loss: 4.7931,	val_loss: 6.8002
57:	[0s / 3s],		train_loss: 4.7991,	val_loss: 6.7990
58:	[0s / 3s],		train_loss: 4.7823,	val_loss: 6.7942
59:	[0s / 3s],		train_loss: 4.7928,	val_loss: 7.0087
60:	[0s / 3s],		train_loss: 4.8571,	val_loss: 6.7834
61:	[0s / 3s],		train_loss: 4.7929,	val_loss: 6.7841
62:	[0s / 4s],		train_loss: 4.8090,	val_loss: 6.7900
63:	[0s / 4s],		train_loss: 4.7874,	val_loss: 6.7721
64:	[0s / 4s],		train_loss: 4.8645,	val_loss: 6.7676
65:	[0s / 4s],		train_loss: 4.7991,	val_loss: 7.7239
66:	[0s / 4s],		train_loss: 4.8157,	val_loss: 6.7791
67:	[0s / 4s],		train_loss: 4.8028,	val_loss: 6.7565
68:	[0s / 4s],		train_loss: 4.8399,	val_loss: 6.7977
69:	[0s / 4s],		train_loss: 5.1528,	val_loss: 8.9312
70:	[0s / 4s],		train_loss: 7.3041,	val_loss: 7.4872
71:	[0s / 4s],		train_loss: 5.1661,	val_loss: 7.4121
72:	[0s / 4s],		train_loss: 5.5223,	val_loss: 6.9057
73:	[0s / 4s],		train_loss: 4.9584,	val_loss: 6.9115
74:	[0s / 4s],		train_loss: 5.3919,	val_loss: 6.9858
75:	[0s / 4s],		train_loss: 5.3829,	val_loss: 7.9805
76:	[0s / 4s],		train_loss: 4.9825,	val_loss: 6.9985
77:	[0s / 4s],		train_loss: 4.9489,	val_loss: 6.7880
78:	[0s / 5s],		train_loss: 5.5432,	val_loss: 8.9168
79:	[0s / 5s],		train_loss: 6.7627,	val_loss: 7.2098
80:	[0s / 5s],		train_loss: 5.3254,	val_loss: 8.1858
81:	[0s / 5s],		train_loss: 5.0219,	val_loss: 6.7867
82:	[0s / 5s],		train_loss: 4.9633,	val_loss: 7.2917
83:	[0s / 5s],		train_loss: 5.0053,	val_loss: 6.7985
84:	[0s / 5s],		train_loss: 4.8224,	val_loss: 6.7458
85:	[0s / 5s],		train_loss: 4.8471,	val_loss: 6.7594
86:	[0s / 5s],		train_loss: 4.7972,	val_loss: 6.7409
87:	[0s / 5s],		train_loss: 4.7934,	val_loss: 6.7313
88:	[0s / 5s],		train_loss: 4.8140,	val_loss: 6.7373
89:	[0s / 5s],		train_loss: 4.8432,	val_loss: 6.9139
90:	[0s / 5s],		train_loss: 6.1064,	val_loss: 7.4570
91:	[0s / 5s],		train_loss: 6.1757,	val_loss: 9.3283
92:	[0s / 5s],		train_loss: 7.5284,	val_loss: 13.0134
93:	[0s / 5s],		train_loss: 8.9424,	val_loss: 9.7746
94:	[0s / 6s],		train_loss: 6.2941,	val_loss: 9.5455
95:	[0s / 6s],		train_loss: 5.6227,	val_loss: 7.2860
96:	[0s / 6s],		train_loss: 5.4832,	val_loss: 7.9311
97:	[0s / 6s],		train_loss: 6.5948,	val_loss: 10.4337
98:	[0s / 6s],		train_loss: 6.3485,	val_loss: 7.2709
99:	[0s / 6s],		train_loss: 5.1615,	val_loss: 7.1635
Saved fixed_epochs=88 → nan/tabpfn/OrmoniTirodei/nan_percentage0.9/seed123/fold3/fixed_epochs_deepsurv_simple.json
Fitting DeepSurv Vanilla pilot model...
0:	[0s / 0s],		train_loss: 5.0477,	val_loss: 6.8449
1:	[0s / 0s],		train_loss: 4.9580,	val_loss: 6.8712
2:	[0s / 0s],		train_loss: 4.9120,	val_loss: 6.8106
3:	[0s / 0s],		train_loss: 4.8615,	val_loss: 6.8232
4:	[0s / 0s],		train_loss: 4.8699,	val_loss: 6.9494
5:	[0s / 0s],		train_loss: 4.8664,	val_loss: 7.3284
6:	[0s / 0s],		train_loss: 4.8664,	val_loss: 8.0058
7:	[0s / 0s],		train_loss: 4.8363,	val_loss: 8.9103
8:	[0s / 0s],		train_loss: 4.8284,	val_loss: 9.9887
9:	[0s / 0s],		train_loss: 4.8190,	val_loss: 9.8818
10:	[0s / 0s],		train_loss: 4.8233,	val_loss: 8.9225
11:	[0s / 1s],		train_loss: 4.8130,	val_loss: 9.6071
12:	[0s / 1s],		train_loss: 4.8213,	val_loss: 10.1873
13:	[0s / 1s],		train_loss: 4.8123,	val_loss: 9.9797
14:	[0s / 1s],		train_loss: 4.8058,	val_loss: 9.8742
15:	[0s / 1s],		train_loss: 4.8282,	val_loss: 9.1395
16:	[0s / 1s],		train_loss: 4.7989,	val_loss: 8.3988
17:	[0s / 1s],		train_loss: 4.8042,	val_loss: 8.6120
18:	[0s / 1s],		train_loss: 4.7999,	val_loss: 9.0173
19:	[0s / 1s],		train_loss: 4.7942,	val_loss: 9.0075
20:	[0s / 1s],		train_loss: 4.7781,	val_loss: 9.1459
21:	[0s / 1s],		train_loss: 4.8091,	val_loss: 9.8285
22:	[0s / 1s],		train_loss: 4.7719,	val_loss: 9.4190
Saved fixed_epochs=3 → nan/tabpfn/OrmoniTirodei/nan_percentage0.9/seed123/fold3/fixed_epochs_deepsurv_vanilla.json
Evaluating method: embeddings
Fitting Random Survival Forest model...
C-index TRAIN: 0.9164370518200724
C-index TEST : 0.607695796794678
Fitting deepsurv_simple.pt...
0:	[0s / 0s],		train_loss: 3.4739
1:	[0s / 0s],		train_loss: 3.2756
2:	[0s / 0s],		train_loss: 3.2964
3:	[0s / 0s],		train_loss: 3.2879
4:	[0s / 0s],		train_loss: 3.2660
5:	[0s / 0s],		train_loss: 3.2660
6:	[0s / 0s],		train_loss: 3.2687
7:	[0s / 0s],		train_loss: 3.2786
8:	[0s / 0s],		train_loss: 3.2776
9:	[0s / 0s],		train_loss: 3.2664
10:	[0s / 0s],		train_loss: 3.2632
11:	[0s / 0s],		train_loss: 3.2610
12:	[0s / 0s],		train_loss: 3.2399
13:	[0s / 0s],		train_loss: 3.2733
14:	[0s / 0s],		train_loss: 3.2594
15:	[0s / 0s],		train_loss: 3.2660
16:	[0s / 0s],		train_loss: 3.2608
17:	[0s / 1s],		train_loss: 3.2680
18:	[0s / 1s],		train_loss: 3.2464
19:	[0s / 1s],		train_loss: 3.2639
20:	[0s / 1s],		train_loss: 3.2610
21:	[0s / 1s],		train_loss: 3.2483
22:	[0s / 1s],		train_loss: 3.2510
23:	[0s / 1s],		train_loss: 3.2532
24:	[0s / 1s],		train_loss: 3.2470
25:	[0s / 1s],		train_loss: 3.2546
26:	[0s / 1s],		train_loss: 3.2510
27:	[0s / 1s],		train_loss: 3.2667
28:	[0s / 1s],		train_loss: 3.2482
29:	[0s / 1s],		train_loss: 3.2604
30:	[0s / 1s],		train_loss: 3.2373
31:	[0s / 1s],		train_loss: 3.2558
32:	[0s / 1s],		train_loss: 3.2571
33:	[0s / 1s],		train_loss: 3.2484
34:	[0s / 2s],		train_loss: 3.2382
35:	[0s / 2s],		train_loss: 3.2558
36:	[0s / 2s],		train_loss: 3.2486
37:	[0s / 2s],		train_loss: 3.2558
38:	[0s / 2s],		train_loss: 3.2506
39:	[0s / 2s],		train_loss: 3.2670
40:	[0s / 2s],		train_loss: 3.2338
41:	[0s / 2s],		train_loss: 3.2484
42:	[0s / 2s],		train_loss: 3.2494
43:	[0s / 2s],		train_loss: 3.2611
44:	[0s / 2s],		train_loss: 3.2443
45:	[0s / 2s],		train_loss: 3.2418
46:	[0s / 2s],		train_loss: 3.2582
47:	[0s / 2s],		train_loss: 3.2415
48:	[0s / 2s],		train_loss: 3.2505
49:	[0s / 2s],		train_loss: 3.2556
50:	[0s / 2s],		train_loss: 3.2499
51:	[0s / 3s],		train_loss: 3.2405
52:	[0s / 3s],		train_loss: 3.2552
53:	[0s / 3s],		train_loss: 3.2515
54:	[0s / 3s],		train_loss: 3.2430
55:	[0s / 3s],		train_loss: 3.2398
56:	[0s / 3s],		train_loss: 3.2266
57:	[0s / 3s],		train_loss: 3.2529
58:	[0s / 3s],		train_loss: 3.2327
59:	[0s / 3s],		train_loss: 3.2436
60:	[0s / 3s],		train_loss: 3.2350
61:	[0s / 3s],		train_loss: 3.2460
62:	[0s / 3s],		train_loss: 3.2456
63:	[0s / 3s],		train_loss: 3.2495
64:	[0s / 3s],		train_loss: 3.2543
65:	[0s / 3s],		train_loss: 3.2422
66:	[0s / 3s],		train_loss: 3.2497
67:	[0s / 3s],		train_loss: 3.2401
68:	[0s / 4s],		train_loss: 3.2607
69:	[0s / 4s],		train_loss: 3.2490
70:	[0s / 4s],		train_loss: 3.2530
71:	[0s / 4s],		train_loss: 3.2458
72:	[0s / 4s],		train_loss: 3.2489
73:	[0s / 4s],		train_loss: 3.2448
74:	[0s / 4s],		train_loss: 3.2489
75:	[0s / 4s],		train_loss: 3.2479
76:	[0s / 4s],		train_loss: 3.2528
77:	[0s / 4s],		train_loss: 3.2429
78:	[0s / 4s],		train_loss: 3.2269
79:	[0s / 4s],		train_loss: 3.2372
80:	[0s / 4s],		train_loss: 3.2236
81:	[0s / 4s],		train_loss: 3.2355
82:	[0s / 4s],		train_loss: 3.2567
83:	[0s / 4s],		train_loss: 3.2485
84:	[0s / 4s],		train_loss: 3.2446
85:	[0s / 5s],		train_loss: 3.2536
86:	[0s / 5s],		train_loss: 3.2334
87:	[0s / 5s],		train_loss: 3.2463
C-index TRAIN: 0.9094751488258564
C-index TEST : 0.5739973059900486
Fitting deepsurv_vanilla.pt...
0:	[0s / 0s],		train_loss: 3.4868
1:	[0s / 0s],		train_loss: 3.3012
2:	[0s / 0s],		train_loss: 3.3098
C-index TRAIN: 0.9017603772981357
C-index TEST : 0.5921791241718668
Fitting Cox model...
C-index TRAIN: 0.9021071699402704
C-index TEST : 0.5865299502432856
Evaluating method: mean
Fitting Random Survival Forest model...
C-index TRAIN: 0.6965149685894552
C-index TEST : 0.5976496137669407
Fitting deepsurv_simple.pt...
0:	[0s / 0s],		train_loss: 22.0026
1:	[0s / 0s],		train_loss: 6.4972
2:	[0s / 0s],		train_loss: 5.8056
3:	[0s / 0s],		train_loss: 5.3126
4:	[0s / 0s],		train_loss: 5.0704
5:	[0s / 0s],		train_loss: 4.9325
6:	[0s / 0s],		train_loss: 4.8642
7:	[0s / 0s],		train_loss: 4.8402
8:	[0s / 0s],		train_loss: 4.8302
9:	[0s / 0s],		train_loss: 4.8009
10:	[0s / 0s],		train_loss: 4.8190
11:	[0s / 0s],		train_loss: 4.7948
12:	[0s / 0s],		train_loss: 4.8058
13:	[0s / 0s],		train_loss: 4.8214
14:	[0s / 0s],		train_loss: 4.8202
15:	[0s / 0s],		train_loss: 4.8063
16:	[0s / 0s],		train_loss: 4.8073
17:	[0s / 0s],		train_loss: 4.8288
18:	[0s / 1s],		train_loss: 4.8617
19:	[0s / 1s],		train_loss: 4.9046
20:	[0s / 1s],		train_loss: 5.2825
21:	[0s / 1s],		train_loss: 5.0801
22:	[0s / 1s],		train_loss: 4.8003
23:	[0s / 1s],		train_loss: 4.8050
24:	[0s / 1s],		train_loss: 4.8266
25:	[0s / 1s],		train_loss: 4.8152
26:	[0s / 1s],		train_loss: 4.8080
27:	[0s / 1s],		train_loss: 4.8904
28:	[0s / 1s],		train_loss: 4.8016
29:	[0s / 1s],		train_loss: 4.8251
30:	[0s / 1s],		train_loss: 4.8118
31:	[0s / 1s],		train_loss: 4.7997
32:	[0s / 1s],		train_loss: 4.8578
33:	[0s / 1s],		train_loss: 4.8366
34:	[0s / 2s],		train_loss: 4.8185
35:	[0s / 2s],		train_loss: 5.6680
36:	[0s / 2s],		train_loss: 5.8577
37:	[0s / 2s],		train_loss: 5.3834
38:	[0s / 2s],		train_loss: 5.7269
39:	[0s / 2s],		train_loss: 5.7861
40:	[0s / 2s],		train_loss: 5.8995
41:	[0s / 2s],		train_loss: 5.8166
42:	[0s / 2s],		train_loss: 5.5842
43:	[0s / 2s],		train_loss: 5.6754
44:	[0s / 2s],		train_loss: 5.5777
45:	[0s / 2s],		train_loss: 5.6310
46:	[0s / 2s],		train_loss: 5.1540
47:	[0s / 2s],		train_loss: 5.1423
48:	[0s / 2s],		train_loss: 5.3484
49:	[0s / 2s],		train_loss: 5.5986
50:	[0s / 2s],		train_loss: 6.8986
51:	[0s / 2s],		train_loss: 9.0348
52:	[0s / 3s],		train_loss: 5.7889
53:	[0s / 3s],		train_loss: 7.6490
54:	[0s / 3s],		train_loss: 6.7465
55:	[0s / 3s],		train_loss: 6.5179
56:	[0s / 3s],		train_loss: 6.9364
57:	[0s / 3s],		train_loss: 5.9791
58:	[0s / 3s],		train_loss: 5.1509
59:	[0s / 3s],		train_loss: 5.0574
60:	[0s / 3s],		train_loss: 5.0184
61:	[0s / 3s],		train_loss: 4.9776
62:	[0s / 3s],		train_loss: 4.9456
63:	[0s / 3s],		train_loss: 4.9605
64:	[0s / 3s],		train_loss: 4.9082
65:	[0s / 3s],		train_loss: 4.8986
66:	[0s / 3s],		train_loss: 4.8653
67:	[0s / 3s],		train_loss: 4.8799
68:	[0s / 3s],		train_loss: 4.8561
69:	[0s / 3s],		train_loss: 4.8506
70:	[0s / 4s],		train_loss: 4.8213
71:	[0s / 4s],		train_loss: 4.8422
72:	[0s / 4s],		train_loss: 4.8349
73:	[0s / 4s],		train_loss: 4.8523
74:	[0s / 4s],		train_loss: 4.8502
75:	[0s / 4s],		train_loss: 4.8379
76:	[0s / 4s],		train_loss: 4.8087
77:	[0s / 4s],		train_loss: 4.8264
78:	[0s / 4s],		train_loss: 4.8396
79:	[0s / 4s],		train_loss: 4.8326
80:	[0s / 4s],		train_loss: 4.8040
81:	[0s / 4s],		train_loss: 4.7944
82:	[0s / 4s],		train_loss: 4.8051
83:	[0s / 4s],		train_loss: 4.8451
84:	[0s / 4s],		train_loss: 4.8125
85:	[0s / 4s],		train_loss: 4.8493
86:	[0s / 5s],		train_loss: 4.7982
87:	[0s / 5s],		train_loss: 4.8444
C-index TRAIN: 0.6446993975327825
C-index TEST : 0.6154287049509305
Fitting deepsurv_vanilla.pt...
0:	[0s / 0s],		train_loss: 4.9826
1:	[0s / 0s],		train_loss: 4.9092
2:	[0s / 0s],		train_loss: 4.8754
C-index TRAIN: 0.6072449302286916
C-index TEST : 0.6061165021854469
Fitting Cox model...
C-index TRAIN: 0.6618376198283027
C-index TEST : 0.6309728674712043
Evaluating method: median
Fitting Random Survival Forest model...
C-index TRAIN: 0.6795774856968387
C-index TEST : 0.5888885834455837
Fitting deepsurv_simple.pt...
0:	[0s / 0s],		train_loss: 18.2777
1:	[0s / 0s],		train_loss: 5.4254
2:	[0s / 0s],		train_loss: 5.5037
3:	[0s / 0s],		train_loss: 5.2527
4:	[0s / 0s],		train_loss: 5.0648
5:	[0s / 0s],		train_loss: 4.9961
6:	[0s / 0s],		train_loss: 4.9478
7:	[0s / 0s],		train_loss: 4.9068
8:	[0s / 0s],		train_loss: 4.9344
9:	[0s / 0s],		train_loss: 4.9167
10:	[0s / 0s],		train_loss: 4.9207
11:	[0s / 0s],		train_loss: 5.1804
12:	[0s / 0s],		train_loss: 5.4875
13:	[0s / 0s],		train_loss: 5.5060
14:	[0s / 0s],		train_loss: 5.4965
15:	[0s / 0s],		train_loss: 7.8587
16:	[0s / 0s],		train_loss: 5.4646
17:	[0s / 1s],		train_loss: 5.3930
18:	[0s / 1s],		train_loss: 5.4328
19:	[0s / 1s],		train_loss: 5.3790
20:	[0s / 1s],		train_loss: 5.2681
21:	[0s / 1s],		train_loss: 5.2859
22:	[0s / 1s],		train_loss: 5.2218
23:	[0s / 1s],		train_loss: 5.1687
24:	[0s / 1s],		train_loss: 5.1109
25:	[0s / 1s],		train_loss: 5.0842
26:	[0s / 1s],		train_loss: 5.0749
27:	[0s / 1s],		train_loss: 5.0144
28:	[0s / 1s],		train_loss: 5.0142
29:	[0s / 1s],		train_loss: 4.9382
30:	[0s / 1s],		train_loss: 4.8978
31:	[0s / 1s],		train_loss: 4.9048
32:	[0s / 1s],		train_loss: 4.8550
33:	[0s / 2s],		train_loss: 4.8284
34:	[0s / 2s],		train_loss: 4.8779
35:	[0s / 2s],		train_loss: 5.3005
36:	[0s / 2s],		train_loss: 5.8509
37:	[0s / 2s],		train_loss: 6.8671
38:	[0s / 2s],		train_loss: 6.2361
39:	[0s / 2s],		train_loss: 6.0359
40:	[0s / 2s],		train_loss: 5.4201
41:	[0s / 2s],		train_loss: 5.3181
42:	[0s / 2s],		train_loss: 5.1741
43:	[0s / 2s],		train_loss: 5.1320
44:	[0s / 2s],		train_loss: 5.0782
45:	[0s / 2s],		train_loss: 5.1567
46:	[0s / 2s],		train_loss: 5.0485
47:	[0s / 2s],		train_loss: 4.9737
48:	[0s / 2s],		train_loss: 4.9696
49:	[0s / 2s],		train_loss: 4.8982
50:	[0s / 2s],		train_loss: 4.8810
51:	[0s / 2s],		train_loss: 4.9325
52:	[0s / 3s],		train_loss: 4.8985
53:	[0s / 3s],		train_loss: 4.9865
54:	[0s / 3s],		train_loss: 4.9369
55:	[0s / 3s],		train_loss: 4.8809
56:	[0s / 3s],		train_loss: 4.8241
57:	[0s / 3s],		train_loss: 4.8429
58:	[0s / 3s],		train_loss: 4.8867
59:	[0s / 3s],		train_loss: 4.9494
60:	[0s / 3s],		train_loss: 4.8780
61:	[0s / 3s],		train_loss: 4.8179
62:	[0s / 3s],		train_loss: 4.8394
63:	[0s / 3s],		train_loss: 4.8473
64:	[0s / 3s],		train_loss: 4.9009
65:	[0s / 3s],		train_loss: 4.8707
66:	[0s / 3s],		train_loss: 4.8595
67:	[0s / 3s],		train_loss: 4.8783
68:	[0s / 3s],		train_loss: 4.8817
69:	[0s / 3s],		train_loss: 4.9139
70:	[0s / 4s],		train_loss: 5.0281
71:	[0s / 4s],		train_loss: 4.9061
72:	[0s / 4s],		train_loss: 4.9018
73:	[0s / 4s],		train_loss: 4.8906
74:	[0s / 4s],		train_loss: 4.8790
75:	[0s / 4s],		train_loss: 4.8359
76:	[0s / 4s],		train_loss: 4.8474
77:	[0s / 4s],		train_loss: 4.8400
78:	[0s / 4s],		train_loss: 4.8416
79:	[0s / 4s],		train_loss: 4.8271
80:	[0s / 4s],		train_loss: 4.8484
81:	[0s / 4s],		train_loss: 5.1226
82:	[0s / 4s],		train_loss: 5.1750
83:	[0s / 4s],		train_loss: 5.1370
84:	[0s / 4s],		train_loss: 5.2027
85:	[0s / 4s],		train_loss: 5.0779
86:	[0s / 5s],		train_loss: 5.0274
87:	[0s / 5s],		train_loss: 4.9621
C-index TRAIN: 0.6496901085467673
C-index TEST : 0.6104654039640433
Fitting deepsurv_vanilla.pt...
0:	[0s / 0s],		train_loss: 4.9910
1:	[0s / 0s],		train_loss: 4.9080
2:	[0s / 0s],		train_loss: 4.8966
C-index TRAIN: 0.5996071598841458
C-index TEST : 0.6020782362481788
Fitting Cox model...
C-index TRAIN: 0.6514816310995903
C-index TEST : 0.6170176210242736
Evaluating method: constant
Fitting Random Survival Forest model...
C-index TRAIN: 0.6849392198247782
C-index TEST : 0.5766706985182946
Fitting deepsurv_simple.pt...
0:	[0s / 0s],		train_loss: 50.6726
1:	[0s / 0s],		train_loss: 22.4454
2:	[0s / 0s],		train_loss: 5.6950
3:	[0s / 0s],		train_loss: 5.1644
4:	[0s / 0s],		train_loss: 5.7045
5:	[0s / 0s],		train_loss: 5.3441
6:	[0s / 0s],		train_loss: 5.6819
7:	[0s / 0s],		train_loss: 5.3270
8:	[0s / 0s],		train_loss: 5.3182
9:	[0s / 0s],		train_loss: 5.2804
10:	[0s / 0s],		train_loss: 5.5748
11:	[0s / 0s],		train_loss: 5.2055
12:	[0s / 0s],		train_loss: 5.1336
13:	[0s / 0s],		train_loss: 5.1298
14:	[0s / 0s],		train_loss: 5.0528
15:	[0s / 0s],		train_loss: 5.0654
16:	[0s / 1s],		train_loss: 5.0010
17:	[0s / 1s],		train_loss: 5.0410
18:	[0s / 1s],		train_loss: 5.1395
19:	[0s / 1s],		train_loss: 5.1778
20:	[0s / 1s],		train_loss: 5.0611
21:	[0s / 1s],		train_loss: 5.0425
22:	[0s / 1s],		train_loss: 5.0423
23:	[0s / 1s],		train_loss: 4.9641
24:	[0s / 1s],		train_loss: 4.9884
25:	[0s / 1s],		train_loss: 4.9724
26:	[0s / 1s],		train_loss: 5.1445
27:	[0s / 1s],		train_loss: 5.5813
28:	[0s / 1s],		train_loss: 6.2381
29:	[0s / 1s],		train_loss: 5.8104
30:	[0s / 1s],		train_loss: 5.9738
31:	[0s / 1s],		train_loss: 5.7146
32:	[0s / 1s],		train_loss: 5.6665
33:	[0s / 2s],		train_loss: 5.4428
34:	[0s / 2s],		train_loss: 5.5075
35:	[0s / 2s],		train_loss: 5.3355
36:	[0s / 2s],		train_loss: 5.3080
37:	[0s / 2s],		train_loss: 5.2729
38:	[0s / 2s],		train_loss: 5.2437
39:	[0s / 2s],		train_loss: 5.2159
40:	[0s / 2s],		train_loss: 5.5082
41:	[0s / 2s],		train_loss: 5.1510
42:	[0s / 2s],		train_loss: 5.1950
43:	[0s / 2s],		train_loss: 5.2568
44:	[0s / 2s],		train_loss: 5.1976
45:	[0s / 2s],		train_loss: 5.1836
46:	[0s / 2s],		train_loss: 5.2064
47:	[0s / 2s],		train_loss: 5.2625
48:	[0s / 2s],		train_loss: 5.5809
49:	[0s / 2s],		train_loss: 5.5885
50:	[0s / 2s],		train_loss: 5.6843
51:	[0s / 3s],		train_loss: 5.6070
52:	[0s / 3s],		train_loss: 5.5890
53:	[0s / 3s],		train_loss: 5.5873
54:	[0s / 3s],		train_loss: 5.4896
55:	[0s / 3s],		train_loss: 5.4480
56:	[0s / 3s],		train_loss: 5.3489
57:	[0s / 3s],		train_loss: 5.2986
58:	[0s / 3s],		train_loss: 5.4071
59:	[0s / 3s],		train_loss: 5.1824
60:	[0s / 3s],		train_loss: 5.0853
61:	[0s / 3s],		train_loss: 5.1328
62:	[0s / 3s],		train_loss: 5.2769
63:	[0s / 3s],		train_loss: 5.2261
64:	[0s / 3s],		train_loss: 5.1971
65:	[0s / 3s],		train_loss: 5.0860
66:	[0s / 3s],		train_loss: 5.0443
67:	[0s / 3s],		train_loss: 5.0989
68:	[0s / 4s],		train_loss: 5.0734
69:	[0s / 4s],		train_loss: 5.0848
70:	[0s / 4s],		train_loss: 5.2452
71:	[0s / 4s],		train_loss: 6.2837
72:	[0s / 4s],		train_loss: 6.2617
73:	[0s / 4s],		train_loss: 5.5313
74:	[0s / 4s],		train_loss: 5.0706
75:	[0s / 4s],		train_loss: 5.0074
76:	[0s / 4s],		train_loss: 5.0879
77:	[0s / 4s],		train_loss: 5.0117
78:	[0s / 4s],		train_loss: 5.0066
79:	[0s / 4s],		train_loss: 5.1743
80:	[0s / 4s],		train_loss: 5.2162
81:	[0s / 4s],		train_loss: 5.1755
82:	[0s / 4s],		train_loss: 5.2080
83:	[0s / 4s],		train_loss: 5.2029
84:	[0s / 4s],		train_loss: 5.2180
85:	[0s / 5s],		train_loss: 5.1579
86:	[0s / 5s],		train_loss: 5.1276
87:	[0s / 5s],		train_loss: 5.1367
C-index TRAIN: 0.5606097957380802
C-index TEST : 0.48956346042829263
Fitting deepsurv_vanilla.pt...
0:	[0s / 0s],		train_loss: 4.9876
1:	[0s / 0s],		train_loss: 4.9244
2:	[0s / 0s],		train_loss: 4.9147
C-index TRAIN: 0.5605750302785125
C-index TEST : 0.5012287984165819
Fitting Cox model...
C-index TRAIN: 0.5833321361756347
C-index TEST : 0.5189955191467136
Evaluating method: knn
Fitting Random Survival Forest model...
C-index TRAIN: 0.6977594379603191
C-index TEST : 0.6067047859911483
Fitting deepsurv_simple.pt...
0:	[0s / 0s],		train_loss: 50.0450
1:	[0s / 0s],		train_loss: 13.7691
2:	[0s / 0s],		train_loss: 8.8676
3:	[0s / 0s],		train_loss: 6.4915
4:	[0s / 0s],		train_loss: 5.8043
5:	[0s / 0s],		train_loss: 5.2850
6:	[0s / 0s],		train_loss: 5.0710
7:	[0s / 0s],		train_loss: 4.9643
8:	[0s / 0s],		train_loss: 4.8834
9:	[0s / 0s],		train_loss: 4.9143
10:	[0s / 0s],		train_loss: 5.7808
11:	[0s / 0s],		train_loss: 8.1397
12:	[0s / 0s],		train_loss: 5.6103
13:	[0s / 0s],		train_loss: 4.9834
14:	[0s / 0s],		train_loss: 4.8820
15:	[0s / 0s],		train_loss: 4.8571
16:	[0s / 0s],		train_loss: 5.3012
17:	[0s / 1s],		train_loss: 5.8266
18:	[0s / 1s],		train_loss: 5.8742
19:	[0s / 1s],		train_loss: 5.8001
20:	[0s / 1s],		train_loss: 5.7689
21:	[0s / 1s],		train_loss: 5.5734
22:	[0s / 1s],		train_loss: 5.5936
23:	[0s / 1s],		train_loss: 5.3658
24:	[0s / 1s],		train_loss: 5.6677
25:	[0s / 1s],		train_loss: 9.4151
26:	[0s / 1s],		train_loss: 7.1698
27:	[0s / 1s],		train_loss: 5.1666
28:	[0s / 1s],		train_loss: 5.0638
29:	[0s / 1s],		train_loss: 4.9924
30:	[0s / 1s],		train_loss: 4.8935
31:	[0s / 1s],		train_loss: 5.2623
32:	[0s / 1s],		train_loss: 5.6492
33:	[0s / 1s],		train_loss: 5.5475
34:	[0s / 2s],		train_loss: 5.4223
35:	[0s / 2s],		train_loss: 5.6086
36:	[0s / 2s],		train_loss: 5.4681
37:	[0s / 2s],		train_loss: 5.1023
38:	[0s / 2s],		train_loss: 4.9240
39:	[0s / 2s],		train_loss: 4.9585
40:	[0s / 2s],		train_loss: 5.5974
41:	[0s / 2s],		train_loss: 5.0863
42:	[0s / 2s],		train_loss: 5.0353
43:	[0s / 2s],		train_loss: 5.1664
44:	[0s / 2s],		train_loss: 5.5573
45:	[0s / 2s],		train_loss: 5.5992
46:	[0s / 2s],		train_loss: 5.5230
47:	[0s / 2s],		train_loss: 5.5437
48:	[0s / 2s],		train_loss: 5.0515
49:	[0s / 2s],		train_loss: 6.1062
50:	[0s / 2s],		train_loss: 9.8144
51:	[0s / 3s],		train_loss: 8.4697
52:	[0s / 3s],		train_loss: 6.0212
53:	[0s / 3s],		train_loss: 5.0793
54:	[0s / 3s],		train_loss: 5.4299
55:	[0s / 3s],		train_loss: 5.2944
56:	[0s / 3s],		train_loss: 5.1569
57:	[0s / 3s],		train_loss: 5.0255
58:	[0s / 3s],		train_loss: 5.9083
59:	[0s / 3s],		train_loss: 13.6362
60:	[0s / 3s],		train_loss: 10.5098
61:	[0s / 3s],		train_loss: 8.8108
62:	[0s / 3s],		train_loss: 9.7942
63:	[0s / 3s],		train_loss: 8.9901
64:	[0s / 3s],		train_loss: 9.3358
65:	[0s / 3s],		train_loss: 8.5845
66:	[0s / 3s],		train_loss: 7.0613
67:	[0s / 3s],		train_loss: 7.6613
68:	[0s / 3s],		train_loss: 11.6240
69:	[0s / 4s],		train_loss: 10.7719
70:	[0s / 4s],		train_loss: 9.1323
71:	[0s / 4s],		train_loss: 9.4928
72:	[0s / 4s],		train_loss: 6.9127
73:	[0s / 4s],		train_loss: 6.9670
74:	[0s / 4s],		train_loss: 6.1301
75:	[0s / 4s],		train_loss: 7.1270
76:	[0s / 4s],		train_loss: 8.4558
77:	[0s / 4s],		train_loss: 7.6070
78:	[0s / 4s],		train_loss: 6.7585
79:	[0s / 4s],		train_loss: 6.1594
80:	[0s / 4s],		train_loss: 5.8955
81:	[0s / 4s],		train_loss: 5.6491
82:	[0s / 4s],		train_loss: 5.4011
83:	[0s / 4s],		train_loss: 8.4489
84:	[0s / 4s],		train_loss: 8.2596
85:	[0s / 4s],		train_loss: 6.1628
86:	[0s / 5s],		train_loss: 5.9810
87:	[0s / 5s],		train_loss: 6.1870
C-index TRAIN: 0.5601983565802204
C-index TEST : 0.5433584407730159
Fitting deepsurv_vanilla.pt...
0:	[0s / 0s],		train_loss: 4.9668
1:	[0s / 0s],		train_loss: 4.9158
2:	[0s / 0s],		train_loss: 4.8965
C-index TRAIN: 0.5651445333278168
C-index TEST : 0.5347857162492784
Fitting Cox model...
C-index TRAIN: 0.6352124495206485
C-index TEST : 0.6000439838359403
Evaluating method: imputer_bayesian
Fitting Random Survival Forest model...
C-index TRAIN: 0.6788194454420758
C-index TEST : 0.6171317040987437
Fitting deepsurv_simple.pt...
0:	[0s / 0s],		train_loss: 54.5892
1:	[0s / 0s],		train_loss: 12.2648
2:	[0s / 0s],		train_loss: 8.3200
3:	[0s / 0s],		train_loss: 7.2674
4:	[0s / 0s],		train_loss: 6.4338
5:	[0s / 0s],		train_loss: 5.6229
6:	[0s / 0s],		train_loss: 6.0706
7:	[0s / 0s],		train_loss: 6.3057
8:	[0s / 0s],		train_loss: 7.3834
9:	[0s / 0s],		train_loss: 5.2931
10:	[0s / 0s],		train_loss: 4.9198
11:	[0s / 0s],		train_loss: 4.8301
12:	[0s / 0s],		train_loss: 4.8064
13:	[0s / 0s],		train_loss: 4.8200
14:	[0s / 0s],		train_loss: 4.8167
15:	[0s / 0s],		train_loss: 4.8084
16:	[0s / 0s],		train_loss: 4.8175
17:	[0s / 1s],		train_loss: 4.8123
18:	[0s / 1s],		train_loss: 4.7918
19:	[0s / 1s],		train_loss: 4.7772
20:	[0s / 1s],		train_loss: 4.8042
21:	[0s / 1s],		train_loss: 4.8125
22:	[0s / 1s],		train_loss: 4.8454
23:	[0s / 1s],		train_loss: 4.8703
24:	[0s / 1s],		train_loss: 4.7890
25:	[0s / 1s],		train_loss: 4.7897
26:	[0s / 1s],		train_loss: 4.7806
27:	[0s / 1s],		train_loss: 4.8125
28:	[0s / 1s],		train_loss: 4.7975
29:	[0s / 1s],		train_loss: 4.7955
30:	[0s / 1s],		train_loss: 4.7954
31:	[0s / 1s],		train_loss: 4.8066
32:	[0s / 1s],		train_loss: 4.8027
33:	[0s / 1s],		train_loss: 4.8107
34:	[0s / 2s],		train_loss: 4.7948
35:	[0s / 2s],		train_loss: 4.8166
36:	[0s / 2s],		train_loss: 4.7859
37:	[0s / 2s],		train_loss: 4.8670
38:	[0s / 2s],		train_loss: 4.8095
39:	[0s / 2s],		train_loss: 7.3929
40:	[0s / 2s],		train_loss: 9.8676
41:	[0s / 2s],		train_loss: 7.0676
42:	[0s / 2s],		train_loss: 7.9606
43:	[0s / 2s],		train_loss: 7.4173
44:	[0s / 2s],		train_loss: 5.7037
45:	[0s / 2s],		train_loss: 5.2387
46:	[0s / 2s],		train_loss: 5.2981
47:	[0s / 2s],		train_loss: 5.1542
48:	[0s / 2s],		train_loss: 5.1057
49:	[0s / 2s],		train_loss: 5.1594
50:	[0s / 2s],		train_loss: 5.2432
51:	[0s / 3s],		train_loss: 5.0829
52:	[0s / 3s],		train_loss: 5.0370
53:	[0s / 3s],		train_loss: 4.9882
54:	[0s / 3s],		train_loss: 5.0196
55:	[0s / 3s],		train_loss: 4.9949
56:	[0s / 3s],		train_loss: 4.9763
57:	[0s / 3s],		train_loss: 4.9790
58:	[0s / 3s],		train_loss: 4.9437
59:	[0s / 3s],		train_loss: 4.9200
60:	[0s / 3s],		train_loss: 4.9629
61:	[0s / 3s],		train_loss: 4.9333
62:	[0s / 3s],		train_loss: 4.9079
63:	[0s / 3s],		train_loss: 4.8905
64:	[0s / 3s],		train_loss: 4.9294
65:	[0s / 3s],		train_loss: 4.8735
66:	[0s / 3s],		train_loss: 4.8798
67:	[0s / 3s],		train_loss: 4.8664
68:	[0s / 4s],		train_loss: 4.8594
69:	[0s / 4s],		train_loss: 4.8378
70:	[0s / 4s],		train_loss: 4.8567
71:	[0s / 4s],		train_loss: 4.8309
72:	[0s / 4s],		train_loss: 4.8432
73:	[0s / 4s],		train_loss: 4.8471
74:	[0s / 4s],		train_loss: 4.8415
75:	[0s / 4s],		train_loss: 4.8470
76:	[0s / 4s],		train_loss: 4.8587
77:	[0s / 4s],		train_loss: 4.8477
78:	[0s / 4s],		train_loss: 4.9086
79:	[0s / 4s],		train_loss: 4.8525
80:	[0s / 4s],		train_loss: 4.8797
81:	[0s / 4s],		train_loss: 4.9309
82:	[0s / 4s],		train_loss: 4.9361
83:	[0s / 4s],		train_loss: 4.9461
84:	[0s / 5s],		train_loss: 4.8437
85:	[0s / 5s],		train_loss: 4.8588
86:	[0s / 5s],		train_loss: 4.7940
87:	[0s / 5s],		train_loss: 4.8117
C-index TRAIN: 0.6384076155319431
C-index TEST : 0.616715232152184
Fitting deepsurv_vanilla.pt...
0:	[0s / 0s],		train_loss: 5.1033
1:	[0s / 0s],		train_loss: 4.9270
2:	[0s / 0s],		train_loss: 4.8996
C-index TRAIN: 0.5956514635300751
C-index TEST : 0.5901861066058224
Fitting Cox model...
C-index TRAIN: 0.65834000389603
C-index TEST : 0.6281084201555929
Generating NaN ordering → tmp/masks/OrmoniTirodei_tabpfn_seed123_fold4_train.npy
Generating NaN ordering → tmp/masks/OrmoniTirodei_tabpfn_seed123_fold4_test.npy
[fold=4, target=10%] actual NaN%: 10.0%
X_train shape: (5162, 76), X_test shape: (1290, 76)
Generating TabPFN Embeddings...
Successfully generated embeddings with shape: (5162, 192)
Fitting SimpleImputer (mean)...
Fitting SimpleImputer (median)...
Fitting SimpleImputer (constant, fill=-1)...
Fitting KNNImputer...
Fitting IterativeImputer (BayesianRidge, MICE-like)...
Fitting DeepSurv Simple pilot model...
0:	[0s / 0s],		train_loss: 102.9757,	val_loss: 47.4653
1:	[0s / 0s],		train_loss: 16.9673,	val_loss: 17.4023
2:	[0s / 0s],		train_loss: 12.5008,	val_loss: 14.4151
3:	[0s / 0s],		train_loss: 10.8629,	val_loss: 11.5886
4:	[0s / 0s],		train_loss: 8.5925,	val_loss: 11.0018
5:	[0s / 0s],		train_loss: 7.9014,	val_loss: 14.8410
6:	[0s / 0s],		train_loss: 9.5668,	val_loss: 13.0809
7:	[0s / 0s],		train_loss: 8.7974,	val_loss: 11.6382
8:	[0s / 0s],		train_loss: 7.4453,	val_loss: 10.7581
9:	[0s / 0s],		train_loss: 7.5127,	val_loss: 9.7694
10:	[0s / 0s],		train_loss: 6.3246,	val_loss: 8.2521
11:	[0s / 0s],		train_loss: 5.5064,	val_loss: 7.7768
12:	[0s / 0s],		train_loss: 5.1350,	val_loss: 8.0987
13:	[0s / 0s],		train_loss: 5.9688,	val_loss: 8.2674
14:	[0s / 0s],		train_loss: 5.8147,	val_loss: 7.8657
15:	[0s / 1s],		train_loss: 5.0824,	val_loss: 6.6778
16:	[0s / 1s],		train_loss: 4.5709,	val_loss: 6.4163
17:	[0s / 1s],		train_loss: 4.4960,	val_loss: 6.4076
18:	[0s / 1s],		train_loss: 4.5482,	val_loss: 6.4419
19:	[0s / 1s],		train_loss: 4.4961,	val_loss: 6.4407
20:	[0s / 1s],		train_loss: 4.6424,	val_loss: 6.5598
21:	[0s / 1s],		train_loss: 4.5009,	val_loss: 6.4768
22:	[0s / 1s],		train_loss: 4.6985,	val_loss: 7.1616
23:	[0s / 1s],		train_loss: 4.9118,	val_loss: 7.7321
24:	[0s / 1s],		train_loss: 5.9389,	val_loss: 8.0403
25:	[0s / 1s],		train_loss: 5.4703,	val_loss: 8.0432
26:	[0s / 1s],		train_loss: 6.6455,	val_loss: 9.1869
27:	[0s / 1s],		train_loss: 6.3934,	val_loss: 7.5778
28:	[0s / 1s],		train_loss: 5.1526,	val_loss: 7.5515
29:	[0s / 1s],		train_loss: 5.2279,	val_loss: 7.2738
30:	[0s / 1s],		train_loss: 4.9502,	val_loss: 7.2793
31:	[0s / 2s],		train_loss: 5.0275,	val_loss: 8.1749
32:	[0s / 2s],		train_loss: 5.1345,	val_loss: 8.4816
33:	[0s / 2s],		train_loss: 7.0688,	val_loss: 10.4515
34:	[0s / 2s],		train_loss: 8.7819,	val_loss: 11.9667
35:	[0s / 2s],		train_loss: 7.9115,	val_loss: 9.9933
36:	[0s / 2s],		train_loss: 6.1993,	val_loss: 9.0927
37:	[0s / 2s],		train_loss: 6.2928,	val_loss: 9.3765
Saved fixed_epochs=18 → nan/tabpfn/OrmoniTirodei/nan_percentage0.1/seed123/fold4/fixed_epochs_deepsurv_simple.json
Fitting DeepSurv Vanilla pilot model...
0:	[0s / 0s],		train_loss: 4.8170,	val_loss: 6.4744
1:	[0s / 0s],		train_loss: 4.5855,	val_loss: 6.4168
2:	[0s / 0s],		train_loss: 4.5279,	val_loss: 6.3831
3:	[0s / 0s],		train_loss: 4.5067,	val_loss: 6.3667
4:	[0s / 0s],		train_loss: 4.4678,	val_loss: 6.3860
5:	[0s / 0s],		train_loss: 4.4894,	val_loss: 6.3887
6:	[0s / 0s],		train_loss: 4.4720,	val_loss: 6.3591
7:	[0s / 0s],		train_loss: 4.4571,	val_loss: 6.3538
8:	[0s / 0s],		train_loss: 4.4965,	val_loss: 6.3507
9:	[0s / 0s],		train_loss: 4.4711,	val_loss: 6.3287
10:	[0s / 1s],		train_loss: 4.4345,	val_loss: 6.3224
11:	[0s / 1s],		train_loss: 4.4071,	val_loss: 6.3498
12:	[0s / 1s],		train_loss: 4.4258,	val_loss: 6.3562
13:	[0s / 1s],		train_loss: 4.4549,	val_loss: 6.3157
14:	[0s / 1s],		train_loss: 4.4172,	val_loss: 6.3315
15:	[0s / 1s],		train_loss: 4.4210,	val_loss: 6.3321
16:	[0s / 1s],		train_loss: 4.4414,	val_loss: 6.3285
17:	[0s / 1s],		train_loss: 4.4345,	val_loss: 6.3340
18:	[0s / 1s],		train_loss: 4.4742,	val_loss: 6.3142
19:	[0s / 1s],		train_loss: 4.4315,	val_loss: 6.3603
20:	[0s / 1s],		train_loss: 4.4142,	val_loss: 6.3245
21:	[0s / 1s],		train_loss: 4.3675,	val_loss: 6.3301
22:	[0s / 2s],		train_loss: 4.3830,	val_loss: 6.3232
23:	[0s / 2s],		train_loss: 4.4022,	val_loss: 6.3258
24:	[0s / 2s],		train_loss: 4.4025,	val_loss: 6.3189
25:	[0s / 2s],		train_loss: 4.3795,	val_loss: 6.3268
26:	[0s / 2s],		train_loss: 4.3661,	val_loss: 6.3414
27:	[0s / 2s],		train_loss: 4.3764,	val_loss: 6.3259
28:	[0s / 2s],		train_loss: 4.3741,	val_loss: 6.3197
29:	[0s / 2s],		train_loss: 4.3563,	val_loss: 6.3449
30:	[0s / 2s],		train_loss: 4.3683,	val_loss: 6.3237
31:	[0s / 2s],		train_loss: 4.4192,	val_loss: 6.3686
32:	[0s / 2s],		train_loss: 4.3506,	val_loss: 6.3504
33:	[0s / 2s],		train_loss: 4.3694,	val_loss: 6.3544
34:	[0s / 3s],		train_loss: 4.3698,	val_loss: 6.3484
35:	[0s / 3s],		train_loss: 4.3748,	val_loss: 6.3247
36:	[0s / 3s],		train_loss: 4.3730,	val_loss: 6.3644
37:	[0s / 3s],		train_loss: 4.3579,	val_loss: 6.3560
38:	[0s / 3s],		train_loss: 4.3746,	val_loss: 6.3974
Saved fixed_epochs=19 → nan/tabpfn/OrmoniTirodei/nan_percentage0.1/seed123/fold4/fixed_epochs_deepsurv_vanilla.json
Evaluating method: embeddings
Fitting Random Survival Forest model...
C-index TRAIN: 0.9236855786435493
C-index TEST : 0.7865240328253224
Fitting deepsurv_simple.pt...
0:	[0s / 0s],		train_loss: 3.5553
1:	[0s / 0s],		train_loss: 3.2742
2:	[0s / 0s],		train_loss: 3.2390
3:	[0s / 0s],		train_loss: 3.2409
4:	[0s / 0s],		train_loss: 3.2367
5:	[0s / 0s],		train_loss: 3.2353
6:	[0s / 0s],		train_loss: 3.2131
7:	[0s / 0s],		train_loss: 3.2091
8:	[0s / 0s],		train_loss: 3.2101
9:	[0s / 0s],		train_loss: 3.2371
10:	[0s / 0s],		train_loss: 3.2057
11:	[0s / 0s],		train_loss: 3.2482
12:	[0s / 0s],		train_loss: 3.1926
13:	[0s / 0s],		train_loss: 3.2153
14:	[0s / 0s],		train_loss: 3.2145
15:	[0s / 0s],		train_loss: 3.2307
16:	[0s / 0s],		train_loss: 3.1945
17:	[0s / 0s],		train_loss: 3.2120
C-index TRAIN: 0.9122157434292578
C-index TEST : 0.782687573270809
Fitting deepsurv_vanilla.pt...
0:	[0s / 0s],		train_loss: 3.4560
1:	[0s / 0s],		train_loss: 3.2600
2:	[0s / 0s],		train_loss: 3.2530
3:	[0s / 0s],		train_loss: 3.2442
4:	[0s / 0s],		train_loss: 3.2597
5:	[0s / 0s],		train_loss: 3.2417
6:	[0s / 0s],		train_loss: 3.2412
7:	[0s / 0s],		train_loss: 3.2381
8:	[0s / 0s],		train_loss: 3.2169
9:	[0s / 0s],		train_loss: 3.2387
10:	[0s / 0s],		train_loss: 3.2124
11:	[0s / 0s],		train_loss: 3.2532
12:	[0s / 1s],		train_loss: 3.2237
13:	[0s / 1s],		train_loss: 3.2148
14:	[0s / 1s],		train_loss: 3.2336
15:	[0s / 1s],		train_loss: 3.2436
16:	[0s / 1s],		train_loss: 3.2225
17:	[0s / 1s],		train_loss: 3.2223
18:	[0s / 1s],		train_loss: 3.2315
C-index TRAIN: 0.9198575945495319
C-index TEST : 0.3725556858147714
Fitting Cox model...
C-index TRAIN: 0.9191763989731809
C-index TEST : 0.7898563892145369
Evaluating method: mean
Fitting Random Survival Forest model...
C-index TRAIN: 0.7895509417213562
C-index TEST : 0.7853648886283705
Fitting deepsurv_simple.pt...
0:	[0s / 0s],		train_loss: 41.4535
1:	[0s / 0s],		train_loss: 9.1832
2:	[0s / 0s],		train_loss: 8.0956
3:	[0s / 0s],		train_loss: 6.6472
4:	[0s / 0s],		train_loss: 6.9016
5:	[0s / 0s],		train_loss: 6.1361
6:	[0s / 0s],		train_loss: 5.4480
7:	[0s / 0s],		train_loss: 5.0539
8:	[0s / 0s],		train_loss: 5.0741
9:	[0s / 0s],		train_loss: 5.1380
10:	[0s / 0s],		train_loss: 5.8901
11:	[0s / 0s],		train_loss: 5.3690
12:	[0s / 0s],		train_loss: 5.7451
13:	[0s / 0s],		train_loss: 7.0022
14:	[0s / 0s],		train_loss: 6.0772
15:	[0s / 0s],		train_loss: 4.9301
16:	[0s / 1s],		train_loss: 4.6709
17:	[0s / 1s],		train_loss: 6.0361
C-index TRAIN: 0.7004428806497917
C-index TEST : 0.7101553341148886
Fitting deepsurv_vanilla.pt...
0:	[0s / 0s],		train_loss: 4.9840
1:	[0s / 0s],		train_loss: 4.6289
2:	[0s / 0s],		train_loss: 4.5482
3:	[0s / 0s],		train_loss: 4.5529
4:	[0s / 0s],		train_loss: 4.5016
5:	[0s / 0s],		train_loss: 4.4922
6:	[0s / 0s],		train_loss: 4.4947
7:	[0s / 0s],		train_loss: 4.4646
8:	[0s / 0s],		train_loss: 4.4380
9:	[0s / 0s],		train_loss: 4.4400
10:	[0s / 0s],		train_loss: 4.4633
11:	[0s / 0s],		train_loss: 4.4498
12:	[0s / 1s],		train_loss: 4.4203
13:	[0s / 1s],		train_loss: 4.4161
14:	[0s / 1s],		train_loss: 4.4221
15:	[0s / 1s],		train_loss: 4.4402
16:	[0s / 1s],		train_loss: 4.4305
17:	[0s / 1s],		train_loss: 4.4193
18:	[0s / 1s],		train_loss: 4.4076
C-index TRAIN: 0.7901772689610101
C-index TEST : 0.7898827667057444
Fitting Cox model...
C-index TRAIN: 0.7898192601225964
C-index TEST : 0.7934407971864009
Evaluating method: median
Fitting Random Survival Forest model...
C-index TRAIN: 0.7893057753112437
C-index TEST : 0.7836327667057444
Fitting deepsurv_simple.pt...
0:	[0s / 0s],		train_loss: 65.1172
1:	[0s / 0s],		train_loss: 12.5220
2:	[0s / 0s],		train_loss: 9.0184
3:	[0s / 0s],		train_loss: 7.5345
4:	[0s / 0s],		train_loss: 6.8742
5:	[0s / 0s],		train_loss: 6.3288
6:	[0s / 0s],		train_loss: 5.5117
7:	[0s / 0s],		train_loss: 5.3625
8:	[0s / 0s],		train_loss: 5.2497
9:	[0s / 0s],		train_loss: 5.8644
10:	[0s / 0s],		train_loss: 4.9543
11:	[0s / 0s],		train_loss: 5.3288
12:	[0s / 0s],		train_loss: 5.0608
13:	[0s / 0s],		train_loss: 5.1075
14:	[0s / 0s],		train_loss: 4.7351
15:	[0s / 0s],		train_loss: 5.1601
16:	[0s / 0s],		train_loss: 6.8557
17:	[0s / 1s],		train_loss: 5.5826
C-index TRAIN: 0.7423780068883762
C-index TEST : 0.7441383352872216
Fitting deepsurv_vanilla.pt...
0:	[0s / 0s],		train_loss: 4.8348
1:	[0s / 0s],		train_loss: 4.6264
2:	[0s / 0s],		train_loss: 4.5232
3:	[0s / 0s],		train_loss: 4.5043
4:	[0s / 0s],		train_loss: 4.4981
5:	[0s / 0s],		train_loss: 4.4686
6:	[0s / 0s],		train_loss: 4.4801
7:	[0s / 0s],		train_loss: 4.4832
8:	[0s / 0s],		train_loss: 4.4855
9:	[0s / 0s],		train_loss: 4.4406
10:	[0s / 0s],		train_loss: 4.4186
11:	[0s / 0s],		train_loss: 4.4310
12:	[0s / 1s],		train_loss: 4.4172
13:	[0s / 1s],		train_loss: 4.4117
14:	[0s / 1s],		train_loss: 4.4058
15:	[0s / 1s],		train_loss: 4.4109
16:	[0s / 1s],		train_loss: 4.3949
17:	[0s / 1s],		train_loss: 4.3916
18:	[0s / 1s],		train_loss: 4.3954
C-index TRAIN: 0.7729263062711027
C-index TEST : 0.7692584994138335
Fitting Cox model...
C-index TRAIN: 0.7889302613088065
C-index TEST : 0.7916940211019929
Evaluating method: constant
Fitting Random Survival Forest model...
C-index TRAIN: 0.7895645882201916
C-index TEST : 0.7807473622508793
Fitting deepsurv_simple.pt...
0:	[0s / 0s],		train_loss: 35.2484
1:	[0s / 0s],		train_loss: 11.8776
2:	[0s / 0s],		train_loss: 10.0005
3:	[0s / 0s],		train_loss: 9.0347
4:	[0s / 0s],		train_loss: 8.0222
5:	[0s / 0s],		train_loss: 6.8399
6:	[0s / 0s],		train_loss: 7.1354
7:	[0s / 0s],		train_loss: 6.6367
8:	[0s / 0s],		train_loss: 5.8619
9:	[0s / 0s],		train_loss: 5.5669
10:	[0s / 0s],		train_loss: 5.2370
11:	[0s / 0s],		train_loss: 5.8839
12:	[0s / 0s],		train_loss: 5.4954
13:	[0s / 0s],		train_loss: 5.8935
14:	[0s / 0s],		train_loss: 5.2968
15:	[0s / 0s],		train_loss: 6.7390
16:	[0s / 0s],		train_loss: 6.4542
17:	[0s / 1s],		train_loss: 5.0247
C-index TRAIN: 0.7004992548070498
C-index TEST : 0.707130715123095
Fitting deepsurv_vanilla.pt...
0:	[0s / 0s],		train_loss: 4.9535
1:	[0s / 0s],		train_loss: 4.7492
2:	[0s / 0s],		train_loss: 4.6683
3:	[0s / 0s],		train_loss: 4.6776
4:	[0s / 0s],		train_loss: 4.6048
5:	[0s / 0s],		train_loss: 4.5551
6:	[0s / 0s],		train_loss: 4.5628
7:	[0s / 0s],		train_loss: 4.5467
8:	[0s / 0s],		train_loss: 4.5281
9:	[0s / 0s],		train_loss: 4.5201
10:	[0s / 0s],		train_loss: 4.5025
11:	[0s / 0s],		train_loss: 4.4889/scratch.hpc/luca.cotugno/Foundation_model_clinical_data/.venv/lib/python3.12/site-packages/lifelines/utils/__init__.py:1100: ConvergenceWarning: Column(s) [28] have very low variance. This may harm convergence. 1) Are you using formula's? Did you mean to add '-1' to the end. 2) Try dropping this redundant column before fitting if convergence fails.

  warnings.warn(dedent(warning_text), ConvergenceWarning)
/scratch.hpc/luca.cotugno/Foundation_model_clinical_data/.venv/lib/python3.12/site-packages/lifelines/utils/__init__.py:797: RuntimeWarning: invalid value encountered in divide
  return (X - mean) / std

12:	[0s / 1s],		train_loss: 4.4887
13:	[0s / 1s],		train_loss: 4.4706
14:	[0s / 1s],		train_loss: 4.4513
15:	[0s / 1s],		train_loss: 4.4629
16:	[0s / 1s],		train_loss: 4.4739
17:	[0s / 1s],		train_loss: 4.4462
18:	[0s / 1s],		train_loss: 4.4748
C-index TRAIN: 0.7850938069741327
C-index TEST : 0.7630304806565065
Fitting Cox model...
C-index TRAIN: 0.7437315513452812
C-index TEST : 0.7512778429073858
Evaluating method: knn
Fitting Random Survival Forest model...
C-index TRAIN: 0.7869048385402726
C-index TEST : 0.7773007033997655
Fitting deepsurv_simple.pt...
0:	[0s / 0s],		train_loss: 189.7673
1:	[0s / 0s],		train_loss: 19.4777
2:	[0s / 0s],		train_loss: 14.1830
3:	[0s / 0s],		train_loss: 11.9765
4:	[0s / 0s],		train_loss: 9.7668
5:	[0s / 0s],		train_loss: 8.0403
6:	[0s / 0s],		train_loss: 6.7175
7:	[0s / 0s],		train_loss: 6.3043
8:	[0s / 0s],		train_loss: 6.5552
9:	[0s / 0s],		train_loss: 6.5591
10:	[0s / 0s],		train_loss: 6.8817
11:	[0s / 0s],		train_loss: 5.6511
12:	[0s / 0s],		train_loss: 5.0397
13:	[0s / 0s],		train_loss: 5.1741
14:	[0s / 0s],		train_loss: 5.2549
15:	[0s / 0s],		train_loss: 5.4666
16:	[0s / 0s],		train_loss: 6.2738
17:	[0s / 1s],		train_loss: 6.7902
C-index TRAIN: 0.7526063871637833
C-index TEST : 0.754563305978898
Fitting deepsurv_vanilla.pt...
0:	[0s / 0s],		train_loss: 4.7953
1:	[0s / 0s],		train_loss: 4.6059
2:	[0s / 0s],		train_loss: 4.5631
3:	[0s / 0s],		train_loss: 4.5155
4:	[0s / 0s],		train_loss: 4.4728
5:	[0s / 0s],		train_loss: 4.4648
6:	[0s / 0s],		train_loss: 4.4493
7:	[0s / 0s],		train_loss: 4.4537
8:	[0s / 0s],		train_loss: 4.4464
9:	[0s / 0s],		train_loss: 4.4436
10:	[0s / 0s],		train_loss: 4.4377
11:	[0s / 0s],		train_loss: 4.4389
12:	[0s / 1s],		train_loss: 4.4180
13:	[0s / 1s],		train_loss: 4.4319
14:	[0s / 1s],		train_loss: 4.3846
15:	[0s / 1s],		train_loss: 4.4293
16:	[0s / 1s],		train_loss: 4.3926
17:	[0s / 1s],		train_loss: 4.4302
18:	[0s / 1s],		train_loss: 4.3873
C-index TRAIN: 0.7859747120024063
C-index TEST : 0.7893757327080891
Fitting Cox model...
C-index TRAIN: 0.789383325070143
C-index TEST : 0.7905392731535756
Evaluating method: imputer_bayesian
Fitting Random Survival Forest model...
C-index TRAIN: 0.7929676485746091
C-index TEST : 0.7826949003516999
Fitting deepsurv_simple.pt...
0:	[0s / 0s],		train_loss: 18.6173
1:	[0s / 0s],		train_loss: 10.3913
2:	[0s / 0s],		train_loss: 7.8706
3:	[0s / 0s],		train_loss: 5.9365
4:	[0s / 0s],		train_loss: 6.2057
5:	[0s / 0s],		train_loss: 6.8504
6:	[0s / 0s],		train_loss: 5.3829
7:	[0s / 0s],		train_loss: 6.7283
8:	[0s / 0s],		train_loss: 6.3687
9:	[0s / 0s],		train_loss: 6.6304
10:	[0s / 0s],		train_loss: 6.6463
11:	[0s / 0s],		train_loss: 5.6137
12:	[0s / 0s],		train_loss: 7.1899
13:	[0s / 0s],		train_loss: 7.2785
14:	[0s / 0s],		train_loss: 8.0161
15:	[0s / 0s],		train_loss: 7.2890
16:	[0s / 0s],		train_loss: 8.9945
17:	[0s / 0s],		train_loss: 7.9313
C-index TRAIN: 0.72551451065161
C-index TEST : 0.7236635404454865
Fitting deepsurv_vanilla.pt...
0:	[0s / 0s],		train_loss: 4.7380
1:	[0s / 0s],		train_loss: 4.5569
2:	[0s / 0s],		train_loss: 4.4884
3:	[0s / 0s],		train_loss: 4.4721
4:	[0s / 0s],		train_loss: 4.4712
5:	[0s / 0s],		train_loss: 4.4360
6:	[0s / 0s],		train_loss: 4.4175
7:	[0s / 0s],		train_loss: 4.4268
8:	[0s / 0s],		train_loss: 4.4281
9:	[0s / 0s],		train_loss: 4.4277
10:	[0s / 0s],		train_loss: 4.4307
11:	[0s / 0s],		train_loss: 4.3846
12:	[0s / 1s],		train_loss: 4.4616
13:	[0s / 1s],		train_loss: 4.4379
14:	[0s / 1s],		train_loss: 4.4174
15:	[0s / 1s],		train_loss: 4.3696
16:	[0s / 1s],		train_loss: 4.3820
17:	[0s / 1s],		train_loss: 4.3602
18:	[0s / 1s],		train_loss: 4.3627
C-index TRAIN: 0.7972504845918793
C-index TEST : 0.793147713950762
Fitting Cox model...
C-index TRAIN: 0.7928167841771387
C-index TEST : 0.7953282532239155
[fold=4, target=30%] actual NaN%: 30.0%
X_train shape: (5162, 76), X_test shape: (1290, 76)
Generating TabPFN Embeddings...
Successfully generated embeddings with shape: (5162, 192)
Fitting SimpleImputer (mean)...
Fitting SimpleImputer (median)...
Fitting SimpleImputer (constant, fill=-1)...
Fitting KNNImputer...
Fitting IterativeImputer (BayesianRidge, MICE-like)...
Fitting DeepSurv Simple pilot model...
0:	[0s / 0s],		train_loss: 78.5542,	val_loss: 16.7021
1:	[0s / 0s],		train_loss: 12.0630,	val_loss: 13.0155
2:	[0s / 0s],		train_loss: 10.5154,	val_loss: 10.3314
3:	[0s / 0s],		train_loss: 7.4259,	val_loss: 7.9788
4:	[0s / 0s],		train_loss: 6.0413,	val_loss: 7.3665
5:	[0s / 0s],		train_loss: 5.5252,	val_loss: 7.0450
6:	[0s / 0s],		train_loss: 5.0193,	val_loss: 6.9258
7:	[0s / 0s],		train_loss: 5.0415,	val_loss: 7.8177
8:	[0s / 0s],		train_loss: 5.9689,	val_loss: 9.1095
9:	[0s / 0s],		train_loss: 6.7180,	val_loss: 8.1250
10:	[0s / 0s],		train_loss: 5.6998,	val_loss: 7.1788
11:	[0s / 0s],		train_loss: 4.8479,	val_loss: 6.4798
12:	[0s / 0s],		train_loss: 4.7398,	val_loss: 6.6009
13:	[0s / 0s],		train_loss: 5.3164,	val_loss: 8.7073
14:	[0s / 0s],		train_loss: 6.3121,	val_loss: 8.4647
15:	[0s / 0s],		train_loss: 5.6768,	val_loss: 7.5061
16:	[0s / 0s],		train_loss: 4.9146,	val_loss: 6.9240
17:	[0s / 1s],		train_loss: 4.6575,	val_loss: 6.8661
18:	[0s / 1s],		train_loss: 5.6347,	val_loss: 7.2944
19:	[0s / 1s],		train_loss: 5.3704,	val_loss: 7.2039
20:	[0s / 1s],		train_loss: 4.9395,	val_loss: 6.8601
21:	[0s / 1s],		train_loss: 4.6587,	val_loss: 6.5690
22:	[0s / 1s],		train_loss: 4.6204,	val_loss: 6.7633
23:	[0s / 1s],		train_loss: 4.7407,	val_loss: 6.7488
24:	[0s / 1s],		train_loss: 6.4591,	val_loss: 11.4967
25:	[0s / 1s],		train_loss: 8.0872,	val_loss: 15.0126
26:	[0s / 1s],		train_loss: 7.2947,	val_loss: 10.0154
27:	[0s / 1s],		train_loss: 7.1504,	val_loss: 9.0491
28:	[0s / 1s],		train_loss: 5.8293,	val_loss: 7.4337
29:	[0s / 1s],		train_loss: 4.9637,	val_loss: 6.9023
30:	[0s / 1s],		train_loss: 4.8857,	val_loss: 7.0914
31:	[0s / 1s],		train_loss: 5.8614,	val_loss: 9.2825
Saved fixed_epochs=12 → nan/tabpfn/OrmoniTirodei/nan_percentage0.3/seed123/fold4/fixed_epochs_deepsurv_simple.json
Fitting DeepSurv Vanilla pilot model...
0:	[0s / 0s],		train_loss: 4.8607,	val_loss: 6.7104
1:	[0s / 0s],		train_loss: 4.6787,	val_loss: 6.4775
2:	[0s / 0s],		train_loss: 4.6078,	val_loss: 6.4356
3:	[0s / 0s],		train_loss: 4.6221,	val_loss: 6.4907
4:	[0s / 0s],		train_loss: 4.5689,	val_loss: 6.3908
5:	[0s / 0s],		train_loss: 4.5672,	val_loss: 6.4458
6:	[0s / 0s],		train_loss: 4.4898,	val_loss: 6.4298
7:	[0s / 0s],		train_loss: 4.5502,	val_loss: 6.4480
8:	[0s / 0s],		train_loss: 4.5594,	val_loss: 6.4309
9:	[0s / 0s],		train_loss: 4.5516,	val_loss: 6.3945
10:	[0s / 0s],		train_loss: 4.5269,	val_loss: 6.3939
11:	[0s / 1s],		train_loss: 4.5052,	val_loss: 6.3744
12:	[0s / 1s],		train_loss: 4.4969,	val_loss: 6.3717
13:	[0s / 1s],		train_loss: 4.4846,	val_loss: 6.4081
14:	[0s / 1s],		train_loss: 4.5011,	val_loss: 6.3701
15:	[0s / 1s],		train_loss: 4.4887,	val_loss: 6.3910
16:	[0s / 1s],		train_loss: 4.5036,	val_loss: 6.3780
17:	[0s / 1s],		train_loss: 4.4578,	val_loss: 6.3650
18:	[0s / 1s],		train_loss: 4.4722,	val_loss: 6.4016
19:	[0s / 1s],		train_loss: 4.4832,	val_loss: 6.4048
20:	[0s / 1s],		train_loss: 4.4827,	val_loss: 6.3594
21:	[0s / 1s],		train_loss: 4.4500,	val_loss: 6.3443
22:	[0s / 1s],		train_loss: 4.4589,	val_loss: 6.3778
23:	[0s / 2s],		train_loss: 4.4597,	val_loss: 6.3567
24:	[0s / 2s],		train_loss: 4.4852,	val_loss: 6.3983
25:	[0s / 2s],		train_loss: 4.4619,	val_loss: 6.3667
26:	[0s / 2s],		train_loss: 4.4810,	val_loss: 6.3585
27:	[0s / 2s],		train_loss: 4.4814,	val_loss: 6.3602
28:	[0s / 2s],		train_loss: 4.4649,	val_loss: 6.4530
29:	[0s / 2s],		train_loss: 4.4647,	val_loss: 6.3793
30:	[0s / 2s],		train_loss: 4.4862,	val_loss: 6.3456
31:	[0s / 2s],		train_loss: 4.4444,	val_loss: 6.3578
32:	[0s / 2s],		train_loss: 4.4270,	val_loss: 6.3709
33:	[0s / 2s],		train_loss: 4.4612,	val_loss: 6.3613
34:	[0s / 2s],		train_loss: 4.4580,	val_loss: 6.3563
35:	[0s / 3s],		train_loss: 4.4414,	val_loss: 6.3543
36:	[0s / 3s],		train_loss: 4.4541,	val_loss: 6.3652
37:	[0s / 3s],		train_loss: 4.4196,	val_loss: 6.3825
38:	[0s / 3s],		train_loss: 4.4481,	val_loss: 6.3906
39:	[0s / 3s],		train_loss: 4.4138,	val_loss: 6.3738
40:	[0s / 3s],		train_loss: 4.3951,	val_loss: 6.4282
41:	[0s / 3s],		train_loss: 4.4469,	val_loss: 6.4108
Saved fixed_epochs=22 → nan/tabpfn/OrmoniTirodei/nan_percentage0.3/seed123/fold4/fixed_epochs_deepsurv_vanilla.json
Evaluating method: embeddings
Fitting Random Survival Forest model...
C-index TRAIN: 0.9234205542247866
C-index TEST : 0.7624662954279016
Fitting deepsurv_simple.pt...
0:	[0s / 0s],		train_loss: 3.6583
1:	[0s / 0s],		train_loss: 3.3140
2:	[0s / 0s],		train_loss: 3.2754
3:	[0s / 0s],		train_loss: 3.2713
4:	[0s / 0s],		train_loss: 3.2503
5:	[0s / 0s],		train_loss: 3.2050
6:	[0s / 0s],		train_loss: 3.2485
7:	[0s / 0s],		train_loss: 3.2310
8:	[0s / 0s],		train_loss: 3.2395
9:	[0s / 0s],		train_loss: 3.2343
10:	[0s / 0s],		train_loss: 3.2353
11:	[0s / 0s],		train_loss: 3.2396
C-index TRAIN: 0.9133787074713923
C-index TEST : 0.7748358733880422
Fitting deepsurv_vanilla.pt...
0:	[0s / 0s],		train_loss: 3.5079
1:	[0s / 0s],		train_loss: 3.2953
2:	[0s / 0s],		train_loss: 3.2808
3:	[0s / 0s],		train_loss: 3.2831
4:	[0s / 0s],		train_loss: 3.2533
5:	[0s / 0s],		train_loss: 3.2525
6:	[0s / 0s],		train_loss: 3.2434
7:	[0s / 0s],		train_loss: 3.2524
8:	[0s / 0s],		train_loss: 3.2533
9:	[0s / 0s],		train_loss: 3.2549
10:	[0s / 0s],		train_loss: 3.2395
11:	[0s / 0s],		train_loss: 3.2440
12:	[0s / 1s],		train_loss: 3.2350
13:	[0s / 1s],		train_loss: 3.2053
14:	[0s / 1s],		train_loss: 3.2524
15:	[0s / 1s],		train_loss: 3.2306
16:	[0s / 1s],		train_loss: 3.2252
17:	[0s / 1s],		train_loss: 3.2346
18:	[0s / 1s],		train_loss: 3.2349
19:	[0s / 1s],		train_loss: 3.2312
20:	[0s / 1s],		train_loss: 3.2221
21:	[0s / 1s],		train_loss: 3.2228
C-index TRAIN: 0.9187997556053229
C-index TEST : 0.5507664126611957
Fitting Cox model...
C-index TRAIN: 0.9178667115401193
C-index TEST : 0.7730246189917936
Evaluating method: mean
Fitting Random Survival Forest model...
C-index TRAIN: 0.7776926989160727
C-index TEST : 0.7682165885111372
Fitting deepsurv_simple.pt...
0:	[0s / 0s],		train_loss: 76.5000
1:	[0s / 0s],		train_loss: 13.8405
2:	[0s / 0s],		train_loss: 10.2675
3:	[0s / 0s],		train_loss: 7.6844
4:	[0s / 0s],		train_loss: 6.1873
5:	[0s / 0s],		train_loss: 5.6424
6:	[0s / 0s],		train_loss: 5.3917
7:	[0s / 0s],		train_loss: 5.0721
8:	[0s / 0s],		train_loss: 5.2157
9:	[0s / 0s],		train_loss: 5.6699
10:	[0s / 0s],		train_loss: 5.0117
11:	[0s / 0s],		train_loss: 4.8273
C-index TRAIN: 0.7496577081636933
C-index TEST : 0.7610609613130129
Fitting deepsurv_vanilla.pt...
0:	[0s / 0s],		train_loss: 4.8437
1:	[0s / 0s],		train_loss: 4.6993
2:	[0s / 0s],		train_loss: 4.6064
3:	[0s / 0s],		train_loss: 4.5940
4:	[0s / 0s],		train_loss: 4.5746
5:	[0s / 0s],		train_loss: 4.5481
6:	[0s / 0s],		train_loss: 4.5456
7:	[0s / 0s],		train_loss: 4.5340
8:	[0s / 0s],		train_loss: 4.5305
9:	[0s / 0s],		train_loss: 4.5287
10:	[0s / 0s],		train_loss: 4.5037
11:	[0s / 0s],		train_loss: 4.4831
12:	[0s / 1s],		train_loss: 4.4707
13:	[0s / 1s],		train_loss: 4.4707
14:	[0s / 1s],		train_loss: 4.5038
15:	[0s / 1s],		train_loss: 4.5057
16:	[0s / 1s],		train_loss: 4.4627
17:	[0s / 1s],		train_loss: 4.4889
18:	[0s / 1s],		train_loss: 4.4681
19:	[0s / 1s],		train_loss: 4.4602
20:	[0s / 1s],		train_loss: 4.4647
21:	[0s / 1s],		train_loss: 4.4673
C-index TRAIN: 0.770783523612584
C-index TEST : 0.7682268464243845
Fitting Cox model...
C-index TRAIN: 0.7731084164452169
C-index TEST : 0.7791910902696366
Evaluating method: median
Fitting Random Survival Forest model...
C-index TRAIN: 0.7745026180572732
C-index TEST : 0.7641148886283704
Fitting deepsurv_simple.pt...
0:	[0s / 0s],		train_loss: 20.8415
1:	[0s / 0s],		train_loss: 9.4891
2:	[0s / 0s],		train_loss: 8.1770
3:	[0s / 0s],		train_loss: 7.0334
4:	[0s / 0s],		train_loss: 6.1190
5:	[0s / 0s],		train_loss: 5.3389
6:	[0s / 0s],		train_loss: 5.1170
7:	[0s / 0s],		train_loss: 4.9450
8:	[0s / 0s],		train_loss: 4.7779
9:	[0s / 0s],		train_loss: 4.6888
10:	[0s / 0s],		train_loss: 4.7720
11:	[0s / 0s],		train_loss: 4.6268
C-index TRAIN: 0.7452596768734949
C-index TEST : 0.7573388042203986
Fitting deepsurv_vanilla.pt...
0:	[0s / 0s],		train_loss: 4.8212
1:	[0s / 0s],		train_loss: 4.6488
2:	[0s / 0s],		train_loss: 4.6413
3:	[0s / 0s],		train_loss: 4.5699
4:	[0s / 0s],		train_loss: 4.5894
5:	[0s / 0s],		train_loss: 4.5529
6:	[0s / 0s],		train_loss: 4.5267
7:	[0s / 0s],		train_loss: 4.5258
8:	[0s / 0s],		train_loss: 4.5312
9:	[0s / 0s],		train_loss: 4.5518
10:	[0s / 0s],		train_loss: 4.5091
11:	[0s / 0s],		train_loss: 4.5086
12:	[0s / 1s],		train_loss: 4.5099
13:	[0s / 1s],		train_loss: 4.4999
14:	[0s / 1s],		train_loss: 4.5166
15:	[0s / 1s],		train_loss: 4.4920
16:	[0s / 1s],		train_loss: 4.4584
17:	[0s / 1s],		train_loss: 4.5021
18:	[0s / 1s],		train_loss: 4.4996
19:	[0s / 1s],		train_loss: 4.4713
20:	[0s / 1s],		train_loss: 4.4857
21:	[0s / 1s],		train_loss: 4.4899
C-index TRAIN: 0.7763833879381514
C-index TEST : 0.7765914419695193
Fitting Cox model...
C-index TRAIN: 0.7698287392630289
C-index TEST : 0.7740650644783118
Evaluating method: constant
Fitting Random Survival Forest model...
C-index TRAIN: 0.7748665560641465
C-index TEST : 0.7586576787807737
Fitting deepsurv_simple.pt...
0:	[0s / 0s],		train_loss: 219.6625
1:	[0s / 0s],		train_loss: 23.3996
2:	[0s / 0s],		train_loss: 11.3291
3:	[0s / 0s],		train_loss: 9.0083
4:	[0s / 0s],		train_loss: 8.4085
5:	[0s / 0s],		train_loss: 7.8553
6:	[0s / 0s],		train_loss: 7.3235
7:	[0s / 0s],		train_loss: 7.0413
8:	[0s / 0s],		train_loss: 7.0082
9:	[0s / 0s],		train_loss: 6.1443
10:	[0s / 0s],		train_loss: 5.8222
11:	[0s / 0s],		train_loss: 5.8207
C-index TRAIN: 0.6366982964275536
C-index TEST : 0.6362426729191091
Fitting deepsurv_vanilla.pt...
0:	[0s / 0s],		train_loss: 4.9132
1:	[0s / 0s],		train_loss: 4.8853
2:	[0s / 0s],		train_loss: 4.8314
3:	[0s / 0s],		train_loss: 4.8221
4:	[0s / 0s],		train_loss: 4.8217
5:	[0s / 0s],		train_loss: 4.7406
6:	[0s / 0s],		train_loss: 4.7336
7:	[0s / 0s],		train_loss: 4.6913
8:	[0s / 0s],		train_loss: 4.6588
9:	[0s / 0s],		train_loss: 4.6487
10:	[0s / 0s],		train_loss: 4.6637
11:	[0s / 0s],		train_loss: 4.6253
12:	[0s / 1s],		train_loss: 4.6202
13:	[0s / 1s],		train_loss: 4.5990
14:	[0s / 1s],		train_loss: 4.5963
15:	[0s / 1s],		train_loss: 4.6070
16:	[0s / 1s],		train_loss: 4.5785
17:	[0s / 1s],		train_loss: 4.5819
18:	[0s / 1s],		train_loss: 4.5586
19:	[0s / 1s],		train_loss: 4.5258
20:	[0s / 1s],		train_loss: 4.5195
21:	[0s / 1s],		train_loss: 4.5080
C-index TRAIN: 0.7718945368453586
C-index TEST : 0.7031770222743259
Fitting Cox model...
C-index TRAIN: 0.6774018496746863
C-index TEST : 0.6747538100820633
Evaluating method: knn
Fitting Random Survival Forest model...
C-index TRAIN: 0.7781022821087059
C-index TEST : 0.7702520515826494
Fitting deepsurv_simple.pt...
0:	[0s / 0s],		train_loss: 109.3785
1:	[0s / 0s],		train_loss: 13.8301
2:	[0s / 0s],		train_loss: 9.6455
3:	[0s / 0s],		train_loss: 8.0227
4:	[0s / 0s],		train_loss: 6.4582
5:	[0s / 0s],		train_loss: 5.5325
6:	[0s / 0s],		train_loss: 5.2977
7:	[0s / 0s],		train_loss: 5.7865
8:	[0s / 0s],		train_loss: 5.4008
9:	[0s / 0s],		train_loss: 5.1721
10:	[0s / 0s],		train_loss: 4.9114
11:	[0s / 0s],		train_loss: 4.8603
C-index TRAIN: 0.747510313929706
C-index TEST : 0.7528898007033997
Fitting deepsurv_vanilla.pt...
0:	[0s / 0s],		train_loss: 4.8367
1:	[0s / 0s],		train_loss: 4.6940
2:	[0s / 0s],		train_loss: 4.6409
3:	[0s / 0s],		train_loss: 4.6242
4:	[0s / 0s],		train_loss: 4.5742
5:	[0s / 0s],		train_loss: 4.5754
6:	[0s / 0s],		train_loss: 4.5568
7:	[0s / 0s],		train_loss: 4.5577
8:	[0s / 0s],		train_loss: 4.5382
9:	[0s / 0s],		train_loss: 4.5206
10:	[0s / 0s],		train_loss: 4.5119
11:	[0s / 0s],		train_loss: 4.5080
12:	[0s / 1s],		train_loss: 4.4921
13:	[0s / 1s],		train_loss: 4.5278
14:	[0s / 1s],		train_loss: 4.4933
15:	[0s / 1s],		train_loss: 4.5109
16:	[0s / 1s],		train_loss: 4.4963
17:	[0s / 1s],		train_loss: 4.4849
18:	[0s / 1s],		train_loss: 4.4791
19:	[0s / 1s],		train_loss: 4.4933
20:	[0s / 1s],		train_loss: 4.4989
21:	[0s / 1s],		train_loss: 4.4802
C-index TRAIN: 0.7712769621877164
C-index TEST : 0.7655070339976553
Fitting Cox model...
C-index TRAIN: 0.7711414383372127
C-index TEST : 0.7754953106682297
Evaluating method: imputer_bayesian
Fitting Random Survival Forest model...
C-index TRAIN: 0.7758805379845118
C-index TEST : 0.7603370457209847
Fitting deepsurv_simple.pt...
0:	[0s / 0s],		train_loss: 50.7644
1:	[0s / 0s],		train_loss: 14.7442
2:	[0s / 0s],		train_loss: 10.7908
3:	[0s / 0s],		train_loss: 8.6391
4:	[0s / 0s],		train_loss: 7.8957
5:	[0s / 0s],		train_loss: 6.7365
6:	[0s / 0s],		train_loss: 6.0749
7:	[0s / 0s],		train_loss: 5.1442
8:	[0s / 0s],		train_loss: 4.5786
9:	[0s / 0s],		train_loss: 4.4991
10:	[0s / 0s],		train_loss: 4.5298
11:	[0s / 0s],		train_loss: 4.4897
C-index TRAIN: 0.7662283223013154
C-index TEST : 0.7672948417350528
Fitting deepsurv_vanilla.pt...
0:	[0s / 0s],		train_loss: 4.8261
1:	[0s / 0s],		train_loss: 4.6141
2:	[0s / 0s],		train_loss: 4.5833
3:	[0s / 0s],		train_loss: 4.5535
4:	[0s / 0s],		train_loss: 4.5317
5:	[0s / 0s],		train_loss: 4.5206
6:	[0s / 0s],		train_loss: 4.5014
7:	[0s / 0s],		train_loss: 4.5332
8:	[0s / 0s],		train_loss: 4.5069
9:	[0s / 0s],		train_loss: 4.5321
10:	[0s / 0s],		train_loss: 4.4686
11:	[0s / 0s],		train_loss: 4.4924
12:	[0s / 1s],		train_loss: 4.4745
13:	[0s / 1s],		train_loss: 4.4666
14:	[0s / 1s],		train_loss: 4.4814
15:	[0s / 1s],		train_loss: 4.4842
16:	[0s / 1s],		train_loss: 4.5081
17:	[0s / 1s],		train_loss: 4.4746
18:	[0s / 1s],		train_loss: 4.4850
19:	[0s / 1s],		train_loss: 4.4704
20:	[0s / 1s],		train_loss: 4.4672
21:	[0s / 1s],		train_loss: 4.4354
C-index TRAIN: 0.772622036403965
C-index TEST : 0.7621746776084408
Fitting Cox model...
C-index TRAIN: 0.7762977443937359
C-index TEST : 0.7747626025791324
[fold=4, target=50%] actual NaN%: 50.0%
X_train shape: (5162, 76), X_test shape: (1290, 76)
Generating TabPFN Embeddings...
Successfully generated embeddings with shape: (5162, 192)
Fitting SimpleImputer (mean)...
Fitting SimpleImputer (median)...
Fitting SimpleImputer (constant, fill=-1)...
Fitting KNNImputer...
Fitting IterativeImputer (BayesianRidge, MICE-like)...
Fitting DeepSurv Simple pilot model...
0:	[0s / 0s],		train_loss: 45.6555,	val_loss: 37.5551
1:	[0s / 0s],		train_loss: 9.4882,	val_loss: 9.9821
2:	[0s / 0s],		train_loss: 8.0590,	val_loss: 10.3508
3:	[0s / 0s],		train_loss: 7.3817,	val_loss: 9.1739
4:	[0s / 0s],		train_loss: 6.1885,	val_loss: 7.9231
5:	[0s / 0s],		train_loss: 5.1434,	val_loss: 6.9752
6:	[0s / 0s],		train_loss: 4.7022,	val_loss: 6.7097
7:	[0s / 0s],		train_loss: 4.6863,	val_loss: 6.6336
8:	[0s / 0s],		train_loss: 4.6338,	val_loss: 6.5124
9:	[0s / 0s],		train_loss: 4.5771,	val_loss: 6.4858
10:	[0s / 0s],		train_loss: 4.6244,	val_loss: 6.5082
11:	[0s / 0s],		train_loss: 4.5726,	val_loss: 6.5401
12:	[0s / 0s],		train_loss: 4.6081,	val_loss: 6.4771
13:	[0s / 0s],		train_loss: 4.6139,	val_loss: 6.6163
14:	[0s / 0s],		train_loss: 4.6050,	val_loss: 6.6175
15:	[0s / 1s],		train_loss: 4.6875,	val_loss: 6.5557
16:	[0s / 1s],		train_loss: 4.6266,	val_loss: 6.6628
17:	[0s / 1s],		train_loss: 4.7626,	val_loss: 6.7424
18:	[0s / 1s],		train_loss: 5.5006,	val_loss: 7.8263
19:	[0s / 1s],		train_loss: 5.2920,	val_loss: 9.3837
20:	[0s / 1s],		train_loss: 4.8405,	val_loss: 6.6773
21:	[0s / 1s],		train_loss: 5.3569,	val_loss: 9.4412
22:	[0s / 1s],		train_loss: 5.7256,	val_loss: 9.8087
23:	[0s / 1s],		train_loss: 5.9804,	val_loss: 9.4177
24:	[0s / 1s],		train_loss: 5.8040,	val_loss: 9.2506
25:	[0s / 1s],		train_loss: 5.5768,	val_loss: 8.8944
26:	[0s / 1s],		train_loss: 5.3766,	val_loss: 8.7144
27:	[0s / 1s],		train_loss: 5.4191,	val_loss: 8.8362
28:	[0s / 1s],		train_loss: 5.9665,	val_loss: 8.3408
29:	[0s / 1s],		train_loss: 5.6885,	val_loss: 8.6822
30:	[0s / 2s],		train_loss: 5.2930,	val_loss: 8.4502
31:	[0s / 2s],		train_loss: 5.9871,	val_loss: 8.7317
32:	[0s / 2s],		train_loss: 6.3567,	val_loss: 9.6770
Saved fixed_epochs=13 → nan/tabpfn/OrmoniTirodei/nan_percentage0.5/seed123/fold4/fixed_epochs_deepsurv_simple.json
Fitting DeepSurv Vanilla pilot model...
0:	[0s / 0s],		train_loss: 4.9167,	val_loss: 6.7528
1:	[0s / 0s],		train_loss: 4.7235,	val_loss: 6.6185
2:	[0s / 0s],		train_loss: 4.6832,	val_loss: 6.5504
3:	[0s / 0s],		train_loss: 4.6549,	val_loss: 6.5970
4:	[0s / 0s],		train_loss: 4.6881,	val_loss: 6.5729
5:	[0s / 0s],		train_loss: 4.6344,	val_loss: 6.5058
6:	[0s / 0s],		train_loss: 4.6109,	val_loss: 6.5421
7:	[0s / 0s],		train_loss: 4.6001,	val_loss: 6.4973
8:	[0s / 0s],		train_loss: 4.6063,	val_loss: 6.4994
9:	[0s / 0s],		train_loss: 4.6046,	val_loss: 6.5108
10:	[0s / 1s],		train_loss: 4.5501,	val_loss: 6.4646
11:	[0s / 1s],		train_loss: 4.5707,	val_loss: 6.4709
12:	[0s / 1s],		train_loss: 4.5819,	val_loss: 6.5046
13:	[0s / 1s],		train_loss: 4.5703,	val_loss: 6.5646
14:	[0s / 1s],		train_loss: 4.5938,	val_loss: 6.4977
15:	[0s / 1s],		train_loss: 4.5561,	val_loss: 6.5103
16:	[0s / 1s],		train_loss: 4.5405,	val_loss: 6.4633
17:	[0s / 1s],		train_loss: 4.5369,	val_loss: 6.5064
18:	[0s / 1s],		train_loss: 4.5454,	val_loss: 6.4793
19:	[0s / 1s],		train_loss: 4.5315,	val_loss: 6.4804
20:	[0s / 1s],		train_loss: 4.5316,	val_loss: 6.4535
21:	[0s / 1s],		train_loss: 4.5228,	val_loss: 6.4751
22:	[0s / 2s],		train_loss: 4.5366,	val_loss: 6.4886
23:	[0s / 2s],		train_loss: 4.5250,	val_loss: 6.4735
24:	[0s / 2s],		train_loss: 4.5228,	val_loss: 6.4746
25:	[0s / 2s],		train_loss: 4.5447,	val_loss: 6.4660
26:	[0s / 2s],		train_loss: 4.4981,	val_loss: 6.5100
27:	[0s / 2s],		train_loss: 4.5218,	val_loss: 6.4817
28:	[0s / 2s],		train_loss: 4.4837,	val_loss: 6.4576
29:	[0s / 2s],		train_loss: 4.5024,	val_loss: 6.4593
30:	[0s / 2s],		train_loss: 4.5184,	val_loss: 6.4763
31:	[0s / 2s],		train_loss: 4.5094,	val_loss: 6.4562
32:	[0s / 2s],		train_loss: 4.4772,	val_loss: 6.5228
33:	[0s / 2s],		train_loss: 4.5108,	val_loss: 6.4690
34:	[0s / 3s],		train_loss: 4.4974,	val_loss: 6.4849
35:	[0s / 3s],		train_loss: 4.5244,	val_loss: 6.4562
36:	[0s / 3s],		train_loss: 4.5124,	val_loss: 6.4680
37:	[0s / 3s],		train_loss: 4.5054,	val_loss: 6.4730
38:	[0s / 3s],		train_loss: 4.5073,	val_loss: 6.4584
39:	[0s / 3s],		train_loss: 4.4772,	val_loss: 6.4648
40:	[0s / 3s],		train_loss: 4.4970,	val_loss: 6.5076
Saved fixed_epochs=21 → nan/tabpfn/OrmoniTirodei/nan_percentage0.5/seed123/fold4/fixed_epochs_deepsurv_vanilla.json
Evaluating method: embeddings
Fitting Random Survival Forest model...
C-index TRAIN: 0.920863388570596
C-index TEST : 0.7053956623681126
Fitting deepsurv_simple.pt...
0:	[0s / 0s],		train_loss: 3.5501
1:	[0s / 0s],		train_loss: 3.3181
2:	[0s / 0s],		train_loss: 3.2545
3:	[0s / 0s],		train_loss: 3.2514
4:	[0s / 0s],		train_loss: 3.2629
5:	[0s / 0s],		train_loss: 3.2507
6:	[0s / 0s],		train_loss: 3.2327
7:	[0s / 0s],		train_loss: 3.2315
8:	[0s / 0s],		train_loss: 3.2430
9:	[0s / 0s],		train_loss: 3.2272
10:	[0s / 0s],		train_loss: 3.2435
11:	[0s / 0s],		train_loss: 3.2359
12:	[0s / 0s],		train_loss: 3.2381
C-index TRAIN: 0.9159349319877321
C-index TEST : 0.7257341735052755
Fitting deepsurv_vanilla.pt...
0:	[0s / 0s],		train_loss: 3.4197
1:	[0s / 0s],		train_loss: 3.2870
2:	[0s / 0s],		train_loss: 3.2905
3:	[0s / 0s],		train_loss: 3.2747
4:	[0s / 0s],		train_loss: 3.2766
5:	[0s / 0s],		train_loss: 3.2654
6:	[0s / 0s],		train_loss: 3.2650
7:	[0s / 0s],		train_loss: 3.2622
8:	[0s / 0s],		train_loss: 3.2478
9:	[0s / 0s],		train_loss: 3.2454
10:	[0s / 0s],		train_loss: 3.2568
11:	[0s / 0s],		train_loss: 3.2565
12:	[0s / 1s],		train_loss: 3.2256
13:	[0s / 1s],		train_loss: 3.2427
14:	[0s / 1s],		train_loss: 3.2380
15:	[0s / 1s],		train_loss: 3.2428
16:	[0s / 1s],		train_loss: 3.2288
17:	[0s / 1s],		train_loss: 3.2047
18:	[0s / 1s],		train_loss: 3.2320
19:	[0s / 1s],		train_loss: 3.2443
20:	[0s / 1s],		train_loss: 3.2517
C-index TRAIN: 0.9167550395108492
C-index TEST : 0.36303048065650645
Fitting Cox model...
C-index TRAIN: 0.9157875498003094
C-index TEST : 0.7298739742086753
Evaluating method: mean
Fitting Random Survival Forest model...
C-index TRAIN: 0.7660667289323468
C-index TEST : 0.7566148886283705
Fitting deepsurv_simple.pt...
0:	[0s / 0s],		train_loss: 83.0618
1:	[0s / 0s],		train_loss: 9.1058
2:	[0s / 0s],		train_loss: 8.0525
3:	[0s / 0s],		train_loss: 7.2527
4:	[0s / 0s],		train_loss: 6.2077
5:	[0s / 0s],		train_loss: 5.7248
6:	[0s / 0s],		train_loss: 5.3859
7:	[0s / 0s],		train_loss: 5.1762
8:	[0s / 0s],		train_loss: 4.8651
9:	[0s / 0s],		train_loss: 4.7381
10:	[0s / 0s],		train_loss: 4.6719
11:	[0s / 0s],		train_loss: 4.6956
12:	[0s / 0s],		train_loss: 4.6516
C-index TRAIN: 0.7455453122111884
C-index TEST : 0.7463364595545134
Fitting deepsurv_vanilla.pt...
0:	[0s / 0s],		train_loss: 4.9411
1:	[0s / 0s],		train_loss: 4.7642
2:	[0s / 0s],		train_loss: 4.6933
3:	[0s / 0s],		train_loss: 4.6684
4:	[0s / 0s],		train_loss: 4.6619
5:	[0s / 0s],		train_loss: 4.6393
6:	[0s / 0s],		train_loss: 4.5970
7:	[0s / 0s],		train_loss: 4.6037
8:	[0s / 0s],		train_loss: 4.6049
9:	[0s / 0s],		train_loss: 4.6070
10:	[0s / 0s],		train_loss: 4.5470
11:	[0s / 0s],		train_loss: 4.5694
12:	[0s / 1s],		train_loss: 4.5693
13:	[0s / 1s],		train_loss: 4.5655
14:	[0s / 1s],		train_loss: 4.5481
15:	[0s / 1s],		train_loss: 4.5559
16:	[0s / 1s],		train_loss: 4.5633
17:	[0s / 1s],		train_loss: 4.5271
18:	[0s / 1s],		train_loss: 4.5394
19:	[0s / 1s],		train_loss: 4.5526
20:	[0s / 1s],		train_loss: 4.5117
C-index TRAIN: 0.7607211600540439
C-index TEST : 0.7541529894490036
Fitting Cox model...
C-index TRAIN: 0.7552565372376249
C-index TEST : 0.7539771395076201
Evaluating method: median
Fitting Random Survival Forest model...
C-index TRAIN: 0.7635197275669441
C-index TEST : 0.7559246776084408
Fitting deepsurv_simple.pt...
0:	[0s / 0s],		train_loss: 92.7151
1:	[0s / 0s],		train_loss: 17.0560
2:	[0s / 0s],		train_loss: 9.2549
3:	[0s / 0s],		train_loss: 7.6112
4:	[0s / 0s],		train_loss: 6.9702
5:	[0s / 0s],		train_loss: 6.5508
6:	[0s / 0s],		train_loss: 6.2334
7:	[0s / 0s],		train_loss: 5.9954
8:	[0s / 0s],		train_loss: 5.3964
9:	[0s / 0s],		train_loss: 5.0207
10:	[0s / 0s],		train_loss: 5.1064
11:	[0s / 0s],		train_loss: 5.9470
12:	[0s / 0s],		train_loss: 5.9568
C-index TRAIN: 0.7302073063166538
C-index TEST : 0.7284349355216881
Fitting deepsurv_vanilla.pt...
0:	[0s / 0s],		train_loss: 4.8940
1:	[0s / 0s],		train_loss: 4.7312
2:	[0s / 0s],		train_loss: 4.6887
3:	[0s / 0s],		train_loss: 4.6933
4:	[0s / 0s],		train_loss: 4.6358
5:	[0s / 0s],		train_loss: 4.6188
6:	[0s / 0s],		train_loss: 4.6428
7:	[0s / 0s],		train_loss: 4.6170
8:	[0s / 0s],		train_loss: 4.5932
9:	[0s / 0s],		train_loss: 4.5917
10:	[0s / 0s],		train_loss: 4.5859
11:	[0s / 0s],		train_loss: 4.6050
12:	[0s / 1s],		train_loss: 4.5601
13:	[0s / 1s],		train_loss: 4.5929
14:	[0s / 1s],		train_loss: 4.5672
15:	[0s / 1s],		train_loss: 4.5965
16:	[0s / 1s],		train_loss: 4.5254
17:	[0s / 1s],		train_loss: 4.5724
18:	[0s / 1s],		train_loss: 4.5836
19:	[0s / 1s],		train_loss: 4.5463
20:	[0s / 1s],		train_loss: 4.5386
C-index TRAIN: 0.7534463526955506
C-index TEST : 0.7469548651817116
Fitting Cox model...
C-index TRAIN: 0.747827947954324
C-index TEST : 0.7479249706916764
Evaluating method: constant
Fitting Random Survival Forest model...
C-index TRAIN: 0.7611310255880324
C-index TEST : 0.7343068581477139
Fitting deepsurv_simple.pt...
0:	[0s / 0s],		train_loss: 36.3013
1:	[0s / 0s],		train_loss: 9.5465
2:	[0s / 0s],		train_loss: 8.2091
3:	[0s / 0s],		train_loss: 7.4493
4:	[0s / 0s],		train_loss: 6.5039
5:	[0s / 0s],		train_loss: 6.1207
6:	[0s / 0s],		train_loss: 6.2311
7:	[0s / 0s],		train_loss: 5.7051
8:	[0s / 0s],		train_loss: 5.5266
9:	[0s / 0s],		train_loss: 5.4179
10:	[0s / 0s],		train_loss: 5.4213
11:	[0s / 0s],		train_loss: 5.2545
12:	[0s / 0s],		train_loss: 5.1697
C-index TRAIN: 0.6095439283620926
C-index TEST : 0.5727520515826495
Fitting deepsurv_vanilla.pt...
0:	[0s / 0s],		train_loss: 4.9865
1:	[0s / 0s],		train_loss: 4.9063
2:	[0s / 0s],		train_loss: 4.8679
3:	[0s / 0s],		train_loss: 4.8767
4:	[0s / 0s],		train_loss: 4.8715
5:	[0s / 0s],		train_loss: 4.8299
6:	[0s / 0s],		train_loss: 4.8234
7:	[0s / 0s],		train_loss: 4.8100
8:	[0s / 0s],		train_loss: 4.7838
9:	[0s / 0s],		train_loss: 4.7652
10:	[0s / 0s],		train_loss: 4.7235
11:	[0s / 0s],		train_loss: 4.7095
12:	[0s / 1s],		train_loss: 4.6896
13:	[0s / 1s],		train_loss: 4.6469
14:	[0s / 1s],		train_loss: 4.6650
15:	[0s / 1s],		train_loss: 4.6674
16:	[0s / 1s],		train_loss: 4.6092
17:	[0s / 1s],		train_loss: 4.6156
18:	[0s / 1s],		train_loss: 4.6187
19:	[0s / 1s],		train_loss: 4.6261
20:	[0s / 1s],		train_loss: 4.5729
C-index TRAIN: 0.7616820617996287
C-index TEST : 0.6597479484173505
Fitting Cox model...
C-index TRAIN: 0.6433695520823804
C-index TEST : 0.6084202813599062
Evaluating method: knn
Fitting Random Survival Forest model...
C-index TRAIN: 0.7686871390501058
C-index TEST : 0.7506594372801876
Fitting deepsurv_simple.pt...
0:	[0s / 0s],		train_loss: 161.1594
1:	[0s / 0s],		train_loss: 27.0893
2:	[0s / 0s],		train_loss: 13.4043
3:	[0s / 0s],		train_loss: 8.4491
4:	[0s / 0s],		train_loss: 6.6750
5:	[0s / 0s],		train_loss: 6.1432
6:	[0s / 0s],		train_loss: 5.7326
7:	[0s / 0s],		train_loss: 5.3619
8:	[0s / 0s],		train_loss: 4.9951
9:	[0s / 0s],		train_loss: 4.7124
10:	[0s / 0s],		train_loss: 4.6227
11:	[0s / 0s],		train_loss: 4.6070
12:	[0s / 0s],		train_loss: 4.6094
C-index TRAIN: 0.7362118599180306
C-index TEST : 0.7326289566236811
Fitting deepsurv_vanilla.pt...
0:	[0s / 0s],		train_loss: 4.8860
1:	[0s / 0s],		train_loss: 4.7207
2:	[0s / 0s],		train_loss: 4.6856
3:	[0s / 0s],		train_loss: 4.6636
4:	[0s / 0s],		train_loss: 4.6708
5:	[0s / 0s],		train_loss: 4.6371
6:	[0s / 0s],		train_loss: 4.6286
7:	[0s / 0s],		train_loss: 4.6294
8:	[0s / 0s],		train_loss: 4.6224
9:	[0s / 0s],		train_loss: 4.5969
10:	[0s / 0s],		train_loss: 4.5957
11:	[0s / 0s],		train_loss: 4.6016
12:	[0s / 1s],		train_loss: 4.5825
13:	[0s / 1s],		train_loss: 4.5977
14:	[0s / 1s],		train_loss: 4.5837
15:	[0s / 1s],		train_loss: 4.5926
16:	[0s / 1s],		train_loss: 4.6008
17:	[0s / 1s],		train_loss: 4.6090
18:	[0s / 1s],		train_loss: 4.5967
19:	[0s / 1s],		train_loss: 4.6086
20:	[0s / 1s],		train_loss: 4.5874
C-index TRAIN: 0.7367298621910668
C-index TEST : 0.7242643610785463
Fitting Cox model...
C-index TRAIN: 0.7525187672298812
C-index TEST : 0.7509554513481829
Evaluating method: imputer_bayesian
Fitting Random Survival Forest model...
C-index TRAIN: 0.769351582372714
C-index TEST : 0.7505158264947245
Fitting deepsurv_simple.pt...
0:	[0s / 0s],		train_loss: 83.9468
1:	[0s / 0s],		train_loss: 20.2875
2:	[0s / 0s],		train_loss: 10.9547
3:	[0s / 0s],		train_loss: 6.6327
4:	[0s / 0s],		train_loss: 6.5091
5:	[0s / 0s],		train_loss: 5.4829
6:	[0s / 0s],		train_loss: 5.0501
7:	[0s / 0s],		train_loss: 5.7937
8:	[0s / 0s],		train_loss: 10.0638
9:	[0s / 0s],		train_loss: 8.4387
10:	[0s / 0s],		train_loss: 7.5351
11:	[0s / 0s],		train_loss: 8.1120
12:	[0s / 0s],		train_loss: 6.0214
C-index TRAIN: 0.6290254818719909
C-index TEST : 0.6393039273153576
Fitting deepsurv_vanilla.pt...
0:	[0s / 0s],		train_loss: 4.9643
1:	[0s / 0s],		train_loss: 4.7318
2:	[0s / 0s],		train_loss: 4.6551
3:	[0s / 0s],		train_loss: 4.6206
4:	[0s / 0s],		train_loss: 4.5908
5:	[0s / 0s],		train_loss: 4.5693
6:	[0s / 0s],		train_loss: 4.5727
7:	[0s / 0s],		train_loss: 4.5723
8:	[0s / 0s],		train_loss: 4.5795
9:	[0s / 0s],		train_loss: 4.5456
10:	[0s / 0s],		train_loss: 4.5659
11:	[0s / 1s],		train_loss: 4.5269
12:	[0s / 1s],		train_loss: 4.5469
13:	[0s / 1s],		train_loss: 4.5387
14:	[0s / 1s],		train_loss: 4.5234
15:	[0s / 1s],		train_loss: 4.5197
16:	[0s / 1s],		train_loss: 4.5161
17:	[0s / 1s],		train_loss: 4.5229
18:	[0s / 1s],		train_loss: 4.4947
19:	[0s / 1s],		train_loss: 4.5326
20:	[0s / 1s],		train_loss: 4.5550
C-index TRAIN: 0.7648179331182269
C-index TEST : 0.7559495896834701
Fitting Cox model...
C-index TRAIN: 0.7581066791047445
C-index TEST : 0.7539859320046893
[fold=4, target=70%] actual NaN%: 70.0%
X_train shape: (5162, 76), X_test shape: (1290, 76)
Generating TabPFN Embeddings...
Successfully generated embeddings with shape: (5162, 192)
Fitting SimpleImputer (mean)...
Fitting SimpleImputer (median)...
Fitting SimpleImputer (constant, fill=-1)...
Fitting KNNImputer...
Fitting IterativeImputer (BayesianRidge, MICE-like)...
Fitting DeepSurv Simple pilot model...
0:	[0s / 0s],		train_loss: 25.7434,	val_loss: 12.9589
1:	[0s / 0s],		train_loss: 8.0658,	val_loss: 10.7971
2:	[0s / 0s],		train_loss: 7.0346,	val_loss: 8.7577
3:	[0s / 0s],		train_loss: 6.0127,	val_loss: 8.3020
4:	[0s / 0s],		train_loss: 6.5246,	val_loss: 8.4973
5:	[0s / 0s],		train_loss: 5.8882,	val_loss: 7.6336
6:	[0s / 0s],		train_loss: 5.3932,	val_loss: 7.3146
7:	[0s / 0s],		train_loss: 6.4076,	val_loss: 7.9702
8:	[0s / 0s],		train_loss: 5.9850,	val_loss: 7.4963
9:	[0s / 0s],		train_loss: 5.3115,	val_loss: 7.1036
10:	[0s / 0s],		train_loss: 4.8604,	val_loss: 6.7911
11:	[0s / 0s],		train_loss: 4.7595,	val_loss: 6.7451
12:	[0s / 0s],		train_loss: 4.7627,	val_loss: 6.7120
13:	[0s / 0s],		train_loss: 4.7020,	val_loss: 6.6279
14:	[0s / 0s],		train_loss: 4.7047,	val_loss: 6.8887
15:	[0s / 0s],		train_loss: 4.9625,	val_loss: 7.1759
16:	[0s / 1s],		train_loss: 4.8973,	val_loss: 7.0123
17:	[0s / 1s],		train_loss: 4.7769,	val_loss: 6.7655
18:	[0s / 1s],		train_loss: 4.8867,	val_loss: 7.3322
19:	[0s / 1s],		train_loss: 5.6169,	val_loss: 8.5940
20:	[0s / 1s],		train_loss: 5.9201,	val_loss: 8.6473
21:	[0s / 1s],		train_loss: 7.0258,	val_loss: 11.4675
22:	[0s / 1s],		train_loss: 8.2840,	val_loss: 11.3137
23:	[0s / 1s],		train_loss: 6.9388,	val_loss: 9.0703
24:	[0s / 1s],		train_loss: 6.8824,	val_loss: 9.4386
25:	[0s / 1s],		train_loss: 6.8230,	val_loss: 9.4058
26:	[0s / 1s],		train_loss: 6.7535,	val_loss: 8.5720
27:	[0s / 1s],		train_loss: 5.8729,	val_loss: 8.1856
28:	[0s / 1s],		train_loss: 6.4967,	val_loss: 7.8388
29:	[0s / 1s],		train_loss: 5.3554,	val_loss: 7.2923
30:	[0s / 1s],		train_loss: 5.0495,	val_loss: 7.1722
31:	[0s / 1s],		train_loss: 4.8539,	val_loss: 6.8682
32:	[0s / 2s],		train_loss: 4.7776,	val_loss: 6.7877
33:	[0s / 2s],		train_loss: 4.7652,	val_loss: 6.7494
Saved fixed_epochs=14 → nan/tabpfn/OrmoniTirodei/nan_percentage0.7/seed123/fold4/fixed_epochs_deepsurv_simple.json
Fitting DeepSurv Vanilla pilot model...
0:	[0s / 0s],		train_loss: 5.0222,	val_loss: 6.8415
1:	[0s / 0s],		train_loss: 4.9666,	val_loss: 7.9572
2:	[0s / 0s],		train_loss: 4.8895,	val_loss: 6.6918
3:	[0s / 0s],		train_loss: 4.7998,	val_loss: 6.6390
4:	[0s / 0s],		train_loss: 4.7868,	val_loss: 6.6518
5:	[0s / 0s],		train_loss: 4.7579,	val_loss: 6.6439
6:	[0s / 0s],		train_loss: 4.7380,	val_loss: 6.6759
7:	[0s / 0s],		train_loss: 4.7216,	val_loss: 6.6226
8:	[0s / 0s],		train_loss: 4.7104,	val_loss: 6.6105
9:	[0s / 0s],		train_loss: 4.7116,	val_loss: 6.6128
10:	[0s / 0s],		train_loss: 4.6756,	val_loss: 32.6439
11:	[0s / 1s],		train_loss: 4.6683,	val_loss: 6.6255
12:	[0s / 1s],		train_loss: 4.6865,	val_loss: 13.9676
13:	[0s / 1s],		train_loss: 4.6703,	val_loss: 6.5950
14:	[0s / 1s],		train_loss: 4.6491,	val_loss: 6.6253
15:	[0s / 1s],		train_loss: 4.6789,	val_loss: 6.6195
16:	[0s / 1s],		train_loss: 4.6725,	val_loss: 6.5994
17:	[0s / 1s],		train_loss: 4.6602,	val_loss: 6.6077
18:	[0s / 1s],		train_loss: 4.6417,	val_loss: 6.6304
19:	[0s / 1s],		train_loss: 4.6449,	val_loss: 6.6084
20:	[0s / 1s],		train_loss: 4.6310,	val_loss: 7.6163
21:	[0s / 1s],		train_loss: 4.6558,	val_loss: 6.6526
22:	[0s / 1s],		train_loss: 4.6606,	val_loss: 6.6112
23:	[0s / 2s],		train_loss: 4.6430,	val_loss: 6.6630
24:	[0s / 2s],		train_loss: 4.6427,	val_loss: 6.6119
25:	[0s / 2s],		train_loss: 4.6259,	val_loss: 22.9840
26:	[0s / 2s],		train_loss: 4.6490,	val_loss: 6.6770
27:	[0s / 2s],		train_loss: 4.6420,	val_loss: 6.6759
28:	[0s / 2s],		train_loss: 4.6207,	val_loss: 6.6568
29:	[0s / 2s],		train_loss: 4.6160,	val_loss: 6.6153
30:	[0s / 2s],		train_loss: 4.6129,	val_loss: 6.6132
31:	[0s / 2s],		train_loss: 4.6292,	val_loss: 6.6399
32:	[0s / 2s],		train_loss: 4.6004,	val_loss: 6.6012
33:	[0s / 2s],		train_loss: 4.6189,	val_loss: 6.6562
Saved fixed_epochs=14 → nan/tabpfn/OrmoniTirodei/nan_percentage0.7/seed123/fold4/fixed_epochs_deepsurv_vanilla.json
Evaluating method: embeddings
Fitting Random Survival Forest model...
C-index TRAIN: 0.9207962854418398
C-index TEST : 0.7026685228604924
Fitting deepsurv_simple.pt...
0:	[0s / 0s],		train_loss: 3.5318
1:	[0s / 0s],		train_loss: 3.2940
2:	[0s / 0s],		train_loss: 3.2799
3:	[0s / 0s],		train_loss: 3.2630
4:	[0s / 0s],		train_loss: 3.2693
5:	[0s / 0s],		train_loss: 3.2511
6:	[0s / 0s],		train_loss: 3.2566
7:	[0s / 0s],		train_loss: 3.2511
8:	[0s / 0s],		train_loss: 3.2704
9:	[0s / 0s],		train_loss: 3.2571
10:	[0s / 0s],		train_loss: 3.2526
11:	[0s / 0s],		train_loss: 3.2528
12:	[0s / 0s],		train_loss: 3.2468
13:	[0s / 0s],		train_loss: 3.2373
C-index TRAIN: 0.9115597703473062
C-index TEST : 0.6668757327080891
Fitting deepsurv_vanilla.pt...
0:	[0s / 0s],		train_loss: 3.4564
1:	[0s / 0s],		train_loss: 3.3060
2:	[0s / 0s],		train_loss: 3.2962
3:	[0s / 0s],		train_loss: 3.2806
4:	[0s / 0s],		train_loss: 3.2567
5:	[0s / 0s],		train_loss: 3.2650
6:	[0s / 0s],		train_loss: 3.2630
7:	[0s / 0s],		train_loss: 3.2698
8:	[0s / 0s],		train_loss: 3.2760
9:	[0s / 0s],		train_loss: 3.2628
10:	[0s / 0s],		train_loss: 3.2578
11:	[0s / 0s],		train_loss: 3.2537
12:	[0s / 1s],		train_loss: 3.2560
13:	[0s / 1s],		train_loss: 3.2447
C-index TRAIN: 0.9123318798400367
C-index TEST : 0.6333763188745604
Fitting Cox model...
C-index TRAIN: 0.9114172820767072
C-index TEST : 0.6390152403282532
Evaluating method: mean
Fitting Random Survival Forest model...
C-index TRAIN: 0.7453515319277251
C-index TEST : 0.7027725674091442
Fitting deepsurv_simple.pt...
0:	[0s / 0s],		train_loss: 49.7920
1:	[0s / 0s],		train_loss: 9.8105
2:	[0s / 0s],		train_loss: 9.5020
3:	[0s / 0s],		train_loss: 7.6834
4:	[0s / 0s],		train_loss: 6.6537
5:	[0s / 0s],		train_loss: 5.9093
6:	[0s / 0s],		train_loss: 5.4383
7:	[0s / 0s],		train_loss: 5.0964
8:	[0s / 0s],		train_loss: 4.8712
9:	[0s / 0s],		train_loss: 4.7995
10:	[0s / 0s],		train_loss: 4.7686
11:	[0s / 0s],		train_loss: 4.7069
12:	[0s / 0s],		train_loss: 4.7462
13:	[0s / 0s],		train_loss: 4.9626
C-index TRAIN: 0.6977256274471937
C-index TEST : 0.6948915592028136
Fitting deepsurv_vanilla.pt...
0:	[0s / 0s],		train_loss: 4.9729
1:	[0s / 0s],		train_loss: 4.8494
2:	[0s / 0s],		train_loss: 4.8036
3:	[0s / 0s],		train_loss: 4.7696
4:	[0s / 0s],		train_loss: 4.7264
5:	[0s / 0s],		train_loss: 4.7329
6:	[0s / 0s],		train_loss: 4.6898
7:	[0s / 0s],		train_loss: 4.7186
8:	[0s / 0s],		train_loss: 4.7114
9:	[0s / 0s],		train_loss: 4.7017
10:	[0s / 0s],		train_loss: 4.6849
11:	[0s / 0s],		train_loss: 4.6567
12:	[0s / 1s],		train_loss: 4.6656
13:	[0s / 1s],		train_loss: 4.6608
C-index TRAIN: 0.7137556520033626
C-index TEST : 0.7123505275498242
Fitting Cox model...
C-index TRAIN: 0.7266834038622039
C-index TEST : 0.7233763188745603
Evaluating method: median
Fitting Random Survival Forest model...
C-index TRAIN: 0.737842851813328
C-index TEST : 0.6990929073856975
Fitting deepsurv_simple.pt...
0:	[0s / 0s],		train_loss: 62.2258
1:	[0s / 0s],		train_loss: 13.1494
2:	[0s / 0s],		train_loss: 7.7041
3:	[0s / 0s],		train_loss: 6.5186
4:	[0s / 0s],		train_loss: 5.6298
5:	[0s / 0s],		train_loss: 5.3806
6:	[0s / 0s],		train_loss: 5.3338
7:	[0s / 0s],		train_loss: 5.3595
8:	[0s / 0s],		train_loss: 5.2335
9:	[0s / 0s],		train_loss: 5.1635
10:	[0s / 0s],		train_loss: 5.1288
11:	[0s / 0s],		train_loss: 5.0202
12:	[0s / 0s],		train_loss: 4.9885
13:	[0s / 0s],		train_loss: 4.8707
C-index TRAIN: 0.7079576781602186
C-index TEST : 0.7139463657678781
Fitting deepsurv_vanilla.pt...
0:	[0s / 0s],		train_loss: 4.9023
1:	[0s / 0s],		train_loss: 4.8059
2:	[0s / 0s],		train_loss: 4.7813
3:	[0s / 0s],		train_loss: 4.7743
4:	[0s / 0s],		train_loss: 4.7369
5:	[0s / 0s],		train_loss: 4.7685
6:	[0s / 0s],		train_loss: 4.8020
7:	[0s / 0s],		train_loss: 4.7727
8:	[0s / 0s],		train_loss: 4.7349
9:	[0s / 0s],		train_loss: 4.7054
10:	[0s / 0s],		train_loss: 4.7077
11:	[0s / 0s],		train_loss: 4.7004
12:	[0s / 1s],		train_loss: 4.6811
13:	[0s / 1s],		train_loss: 4.6818
C-index TRAIN: 0.70881608999386
C-index TEST : 0.7015709261430246
Fitting Cox model...
C-index TRAIN: 0.716103508599553
C-index TEST : 0.7170193434935521
Evaluating method: constant
Fitting Random Survival Forest model...
C-index TRAIN: 0.740141675127496
C-index TEST : 0.6743742672919109
Fitting deepsurv_simple.pt...
0:	[0s / 0s],		train_loss: 128.6270
1:	[0s / 0s],		train_loss: 12.8105
2:	[0s / 0s],		train_loss: 6.8927
3:	[0s / 0s],		train_loss: 6.3215
4:	[0s / 0s],		train_loss: 5.6699
5:	[0s / 0s],		train_loss: 5.4514
6:	[0s / 0s],		train_loss: 5.3046
7:	[0s / 0s],		train_loss: 5.2399
8:	[0s / 0s],		train_loss: 5.1990
9:	[0s / 0s],		train_loss: 5.1789
10:	[0s / 0s],		train_loss: 5.1268
11:	[0s / 0s],		train_loss: 5.0938
12:	[0s / 0s],		train_loss: 5.0319
13:	[0s / 0s],		train_loss: 5.0406
C-index TRAIN: 0.5928451312492024
C-index TEST : 0.5620252051582649
Fitting deepsurv_vanilla.pt...
0:	[0s / 0s],		train_loss: 5.0176
1:	[0s / 0s],		train_loss: 4.9244
2:	[0s / 0s],		train_loss: 4.9016
3:	[0s / 0s],		train_loss: 4.8657
4:	[0s / 0s],		train_loss: 4.8603
5:	[0s / 0s],		train_loss: 4.8534
6:	[0s / 0s],		train_loss: 4.8418
7:	[0s / 0s],		train_loss: 4.8069
8:	[0s / 0s],		train_loss: 4.8325
9:	[0s / 0s],		train_loss: 4.8160
10:	[0s / 0s],		train_loss: 4.7859
11:	[0s / 0s],		train_loss: 4.7733
12:	[0s / 1s],		train_loss: 4.7350
13:	[0s / 1s],		train_loss: 4.7390
C-index TRAIN: 0.7058859514094292
C-index TEST : 0.5900498241500586
Fitting Cox model...
C-index TRAIN: 0.6238219306953616
C-index TEST : 0.5563599062133646
Evaluating method: knn
Fitting Random Survival Forest model...
C-index TRAIN: 0.7371668324951559
C-index TEST : 0.7141060961313013
Fitting deepsurv_simple.pt...
0:	[0s / 0s],		train_loss: 52.6188
1:	[0s / 0s],		train_loss: 13.4565
2:	[0s / 0s],		train_loss: 11.3956
3:	[0s / 0s],		train_loss: 9.2202
4:	[0s / 0s],		train_loss: 7.2119
5:	[0s / 0s],		train_loss: 5.9380
6:	[0s / 0s],		train_loss: 5.2269
7:	[0s / 0s],		train_loss: 5.4280
8:	[0s / 0s],		train_loss: 5.1219
9:	[0s / 0s],		train_loss: 6.4995
10:	[0s / 0s],		train_loss: 5.9373
11:	[0s / 0s],		train_loss: 6.0399
12:	[0s / 0s],		train_loss: 5.3386
13:	[0s / 0s],		train_loss: 5.9512
C-index TRAIN: 0.6145383587082921
C-index TEST : 0.6383220984759672
Fitting deepsurv_vanilla.pt...
0:	[0s / 0s],		train_loss: 4.9709
1:	[0s / 0s],		train_loss: 4.8627
2:	[0s / 0s],		train_loss: 4.8075
3:	[0s / 0s],		train_loss: 4.8119
4:	[0s / 0s],		train_loss: 4.7906
5:	[0s / 0s],		train_loss: 4.7839
6:	[0s / 0s],		train_loss: 4.7518
7:	[0s / 0s],		train_loss: 4.7673
8:	[0s / 0s],		train_loss: 4.7483
9:	[0s / 0s],		train_loss: 4.7481
10:	[0s / 0s],		train_loss: 4.7455
11:	[0s / 0s],		train_loss: 4.7456
12:	[0s / 1s],		train_loss: 4.7296
13:	[0s / 1s],		train_loss: 4.7561
C-index TRAIN: 0.6894073805536074
C-index TEST : 0.7044402110199297
Fitting Cox model...
C-index TRAIN: 0.7081350826450792
C-index TEST : 0.7083001172332942
Evaluating method: imputer_bayesian
Fitting Random Survival Forest model...
C-index TRAIN: 0.7350323318497236
C-index TEST : 0.7201787807737398
Fitting deepsurv_simple.pt...
0:	[0s / 0s],		train_loss: 27.4897
1:	[0s / 0s],		train_loss: 14.5326
2:	[0s / 0s],		train_loss: 7.7788
3:	[0s / 0s],		train_loss: 6.4090
4:	[0s / 0s],		train_loss: 7.2632
5:	[0s / 0s],		train_loss: 8.0627
6:	[0s / 0s],		train_loss: 10.4182
7:	[0s / 0s],		train_loss: 8.8094
8:	[0s / 0s],		train_loss: 7.0699
9:	[0s / 0s],		train_loss: 5.2625
10:	[0s / 0s],		train_loss: 4.7602
11:	[0s / 0s],		train_loss: 5.3570
12:	[0s / 0s],		train_loss: 5.2907
13:	[0s / 0s],		train_loss: 4.9040
C-index TRAIN: 0.7168993347661216
C-index TEST : 0.7104777256740914
Fitting deepsurv_vanilla.pt...
0:	[0s / 0s],		train_loss: 4.9291
1:	[0s / 0s],		train_loss: 4.7786
2:	[0s / 0s],		train_loss: 4.7400
3:	[0s / 0s],		train_loss: 4.7117
4:	[0s / 0s],		train_loss: 4.6973
5:	[0s / 0s],		train_loss: 4.7097
6:	[0s / 0s],		train_loss: 4.6842
7:	[0s / 0s],		train_loss: 4.6634
8:	[0s / 0s],		train_loss: 4.6703
9:	[0s / 0s],		train_loss: 4.6685
10:	[0s / 0s],		train_loss: 4.6733
11:	[0s / 1s],		train_loss: 4.6680
12:	[0s / 1s],		train_loss: 4.6511
13:	[0s / 1s],		train_loss: 4.6481
C-index TRAIN: 0.721511851372499
C-index TEST : 0.7133264947245017
Fitting Cox model...
C-index TRAIN: 0.7278449561975622
C-index TEST : 0.7195252051582649
[fold=4, target=90%] actual NaN%: 90.0%
X_train shape: (5162, 76), X_test shape: (1290, 76)
Generating TabPFN Embeddings...
Successfully generated embeddings with shape: (5162, 192)
Fitting SimpleImputer (mean)...
Fitting SimpleImputer (median)...
Fitting SimpleImputer (constant, fill=-1)...
Fitting KNNImputer...
Fitting IterativeImputer (BayesianRidge, MICE-like)...
Fitting DeepSurv Simple pilot model...
0:	[0s / 0s],		train_loss: 28.6067,	val_loss: 11.1817
1:	[0s / 0s],		train_loss: 7.4170,	val_loss: 7.9987
2:	[0s / 0s],		train_loss: 6.0820,	val_loss: 7.8248
3:	[0s / 0s],		train_loss: 5.7275,	val_loss: 7.5364
4:	[0s / 0s],		train_loss: 5.4622,	val_loss: 7.3273
5:	[0s / 0s],		train_loss: 5.2356,	val_loss: 7.2092
6:	[0s / 0s],		train_loss: 5.1322,	val_loss: 7.0929
7:	[0s / 0s],		train_loss: 5.0509,	val_loss: 7.0037
8:	[0s / 0s],		train_loss: 5.0057,	val_loss: 6.9270
9:	[0s / 0s],		train_loss: 4.9415,	val_loss: 6.8728
10:	[0s / 0s],		train_loss: 4.8932,	val_loss: 6.8287
11:	[0s / 0s],		train_loss: 4.9040,	val_loss: 6.7966
12:	[0s / 0s],		train_loss: 4.8501,	val_loss: 6.7392
13:	[0s / 0s],		train_loss: 4.8359,	val_loss: 6.7164
14:	[0s / 0s],		train_loss: 4.8169,	val_loss: 6.7306
15:	[0s / 1s],		train_loss: 4.8155,	val_loss: 6.7276
16:	[0s / 1s],		train_loss: 4.8464,	val_loss: 6.7292
17:	[0s / 1s],		train_loss: 4.8478,	val_loss: 6.7797
18:	[0s / 1s],		train_loss: 4.9532,	val_loss: 6.8318
19:	[0s / 1s],		train_loss: 4.9359,	val_loss: 6.8843
20:	[0s / 1s],		train_loss: 4.9433,	val_loss: 6.8190
21:	[0s / 1s],		train_loss: 4.8822,	val_loss: 6.7725
22:	[0s / 1s],		train_loss: 4.8583,	val_loss: 6.7292
23:	[0s / 1s],		train_loss: 5.0107,	val_loss: 6.8578
24:	[0s / 1s],		train_loss: 4.9760,	val_loss: 6.8091
25:	[0s / 1s],		train_loss: 4.9169,	val_loss: 6.8221
26:	[0s / 1s],		train_loss: 6.1635,	val_loss: 8.8189
27:	[0s / 1s],		train_loss: 6.7180,	val_loss: 8.5123
28:	[0s / 1s],		train_loss: 5.9746,	val_loss: 8.0668
29:	[0s / 1s],		train_loss: 5.7646,	val_loss: 7.7300
30:	[0s / 1s],		train_loss: 5.3573,	val_loss: 7.6431
31:	[0s / 2s],		train_loss: 5.1648,	val_loss: 7.2363
32:	[0s / 2s],		train_loss: 4.9981,	val_loss: 7.3322
33:	[0s / 2s],		train_loss: 5.2482,	val_loss: 7.3710
Saved fixed_epochs=14 → nan/tabpfn/OrmoniTirodei/nan_percentage0.9/seed123/fold4/fixed_epochs_deepsurv_simple.json
Fitting DeepSurv Vanilla pilot model...
0:	[0s / 0s],		train_loss: 5.3545,	val_loss: 7.0434
1:	[0s / 0s],		train_loss: 4.9912,	val_loss: 18.9400
2:	[0s / 0s],		train_loss: 4.9713,	val_loss: 6.8633
3:	[0s / 0s],		train_loss: 4.9428,	val_loss: 6.8158
4:	[0s / 0s],		train_loss: 4.9189,	val_loss: 6.8236
5:	[0s / 0s],		train_loss: 4.8804,	val_loss: 6.8047
6:	[0s / 0s],		train_loss: 4.8605,	val_loss: 6.7958
7:	[0s / 0s],		train_loss: 4.8703,	val_loss: 6.7963
8:	[0s / 0s],		train_loss: 4.8618,	val_loss: 6.7796
9:	[0s / 0s],		train_loss: 4.8580,	val_loss: 6.7975
10:	[0s / 0s],		train_loss: 4.8544,	val_loss: 6.7518
11:	[0s / 1s],		train_loss: 4.8788,	val_loss: 6.8117
12:	[0s / 1s],		train_loss: 4.8562,	val_loss: 6.7599
13:	[0s / 1s],		train_loss: 4.8546,	val_loss: 6.7463
14:	[0s / 1s],		train_loss: 4.8370,	val_loss: 6.7761
15:	[0s / 1s],		train_loss: 4.8066,	val_loss: 6.7610
16:	[0s / 1s],		train_loss: 4.8439,	val_loss: 6.8248
17:	[0s / 1s],		train_loss: 4.8840,	val_loss: 6.8026
18:	[0s / 1s],		train_loss: 4.8212,	val_loss: 6.7964
19:	[0s / 1s],		train_loss: 4.8258,	val_loss: 6.7929
20:	[0s / 1s],		train_loss: 4.8327,	val_loss: 6.7495
21:	[0s / 1s],		train_loss: 4.8181,	val_loss: 6.7578
22:	[0s / 2s],		train_loss: 4.7853,	val_loss: 6.7908
23:	[0s / 2s],		train_loss: 4.8248,	val_loss: 6.7737
24:	[0s / 2s],		train_loss: 4.8023,	val_loss: 6.7344
25:	[0s / 2s],		train_loss: 4.8014,	val_loss: 6.7443
26:	[0s / 2s],		train_loss: 4.8136,	val_loss: 6.7263
27:	[0s / 2s],		train_loss: 4.8150,	val_loss: 6.7475
28:	[0s / 2s],		train_loss: 4.8072,	val_loss: 6.7553
29:	[0s / 2s],		train_loss: 4.8041,	val_loss: 6.7439
30:	[0s / 2s],		train_loss: 4.7864,	val_loss: 6.7656
31:	[0s / 2s],		train_loss: 4.7828,	val_loss: 6.7351
32:	[0s / 2s],		train_loss: 4.8108,	val_loss: 6.7513
33:	[0s / 2s],		train_loss: 4.8008,	val_loss: 6.7443
34:	[0s / 3s],		train_loss: 4.7907,	val_loss: 6.7637
35:	[0s / 3s],		train_loss: 4.8123,	val_loss: 6.7458
36:	[0s / 3s],		train_loss: 4.7960,	val_loss: 6.7577
37:	[0s / 3s],		train_loss: 4.7807,	val_loss: 6.7578
38:	[0s / 3s],		train_loss: 4.7895,	val_loss: 6.7499
39:	[0s / 3s],		train_loss: 4.7896,	val_loss: 6.7789
40:	[0s / 3s],		train_loss: 4.8100,	val_loss: 6.7362
41:	[0s / 3s],		train_loss: 4.8076,	val_loss: 6.7326
42:	[0s / 3s],		train_loss: 4.7879,	val_loss: 6.7753
43:	[0s / 3s],		train_loss: 4.8265,	val_loss: 6.7314
44:	[0s / 3s],		train_loss: 4.8056,	val_loss: 6.7556
45:	[0s / 3s],		train_loss: 4.7765,	val_loss: 6.7573
46:	[0s / 4s],		train_loss: 4.7997,	val_loss: 6.7399
Saved fixed_epochs=27 → nan/tabpfn/OrmoniTirodei/nan_percentage0.9/seed123/fold4/fixed_epochs_deepsurv_vanilla.json
Evaluating method: embeddings
Fitting Random Survival Forest model...
C-index TRAIN: 0.9166921715024212
C-index TEST : 0.6247992379835874
Fitting deepsurv_simple.pt...
0:	[0s / 0s],		train_loss: 3.5604
1:	[0s / 0s],		train_loss: 3.3229
2:	[0s / 0s],		train_loss: 3.2940
3:	[0s / 0s],		train_loss: 3.2764
4:	[0s / 0s],		train_loss: 3.3000
5:	[0s / 0s],		train_loss: 3.3026
6:	[0s / 0s],		train_loss: 3.2879
7:	[0s / 0s],		train_loss: 3.2704
8:	[0s / 0s],		train_loss: 3.2896
9:	[0s / 0s],		train_loss: 3.2871
10:	[0s / 0s],		train_loss: 3.2665
11:	[0s / 0s],		train_loss: 3.2827
12:	[0s / 0s],		train_loss: 3.2843
13:	[0s / 0s],		train_loss: 3.2834
C-index TRAIN: 0.9007835537289952
C-index TEST : 0.5836811254396248
Fitting deepsurv_vanilla.pt...
0:	[0s / 0s],		train_loss: 3.5153
1:	[0s / 0s],		train_loss: 3.3314
2:	[0s / 0s],		train_loss: 3.3335
3:	[0s / 0s],		train_loss: 3.3298
4:	[0s / 0s],		train_loss: 3.3126
5:	[0s / 0s],		train_loss: 3.2825
6:	[0s / 0s],		train_loss: 3.2939
7:	[0s / 0s],		train_loss: 3.3031
8:	[0s / 0s],		train_loss: 3.2920
9:	[0s / 0s],		train_loss: 3.2969
10:	[0s / 0s],		train_loss: 3.2806
11:	[0s / 0s],		train_loss: 3.2984
12:	[0s / 1s],		train_loss: 3.2939
13:	[0s / 1s],		train_loss: 3.2793
14:	[0s / 1s],		train_loss: 3.2901
15:	[0s / 1s],		train_loss: 3.2836
16:	[0s / 1s],		train_loss: 3.2884
17:	[0s / 1s],		train_loss: 3.2704
18:	[0s / 1s],		train_loss: 3.2747
19:	[0s / 1s],		train_loss: 3.2916
20:	[0s / 1s],		train_loss: 3.2761
21:	[0s / 1s],		train_loss: 3.2871
22:	[0s / 1s],		train_loss: 3.2873
23:	[0s / 1s],		train_loss: 3.2845
24:	[0s / 2s],		train_loss: 3.2971
25:	[0s / 2s],		train_loss: 3.2937
26:	[0s / 2s],		train_loss: 3.2961
C-index TRAIN: 0.9001038639732054
C-index TEST : 0.3969548651817116
Fitting Cox model...
C-index TRAIN: 0.8996157898838222
C-index TEST : 0.5675820633059789
Evaluating method: mean
Fitting Random Survival Forest model...
C-index TRAIN: 0.6894498258706748
C-index TEST : 0.6231374560375147
Fitting deepsurv_simple.pt...
0:	[0s / 0s],		train_loss: 26.4730
1:	[0s / 0s],		train_loss: 7.0237
2:	[0s / 0s],		train_loss: 6.8514
3:	[0s / 0s],		train_loss: 6.7132
4:	[0s / 0s],		train_loss: 5.6882
5:	[0s / 0s],		train_loss: 5.2966
6:	[0s / 0s],		train_loss: 5.1210
7:	[0s / 0s],		train_loss: 5.0542
8:	[0s / 0s],		train_loss: 5.2064
9:	[0s / 0s],		train_loss: 5.0562
10:	[0s / 0s],		train_loss: 5.0293
11:	[0s / 0s],		train_loss: 4.9584
12:	[0s / 0s],		train_loss: 4.8825
13:	[0s / 0s],		train_loss: 4.8625
C-index TRAIN: 0.6408287622267924
C-index TEST : 0.6289419695193434
Fitting deepsurv_vanilla.pt...
0:	[0s / 0s],		train_loss: 5.0201
1:	[0s / 0s],		train_loss: 4.9253
2:	[0s / 0s],		train_loss: 4.8961
3:	[0s / 0s],		train_loss: 4.8874
4:	[0s / 0s],		train_loss: 4.8789
5:	[0s / 0s],		train_loss: 4.8875
6:	[0s / 0s],		train_loss: 4.8886
7:	[0s / 0s],		train_loss: 4.8640
8:	[0s / 0s],		train_loss: 4.8957
9:	[0s / 0s],		train_loss: 4.8614
10:	[0s / 0s],		train_loss: 4.8422
11:	[0s / 0s],		train_loss: 4.8534
12:	[0s / 1s],		train_loss: 4.8448
13:	[0s / 1s],		train_loss: 4.8416
14:	[0s / 1s],		train_loss: 4.8481
15:	[0s / 1s],		train_loss: 4.8343
16:	[0s / 1s],		train_loss: 4.8308
17:	[0s / 1s],		train_loss: 4.8184
18:	[0s / 1s],		train_loss: 4.8260
19:	[0s / 1s],		train_loss: 4.8225
20:	[0s / 1s],		train_loss: 4.8272
21:	[0s / 1s],		train_loss: 4.8081
22:	[0s / 1s],		train_loss: 4.8185
23:	[0s / 1s],		train_loss: 4.8269
24:	[0s / 2s],		train_loss: 4.8283
25:	[0s / 2s],		train_loss: 4.8207
26:	[0s / 2s],		train_loss: 4.8150
C-index TRAIN: 0.6429208175551573
C-index TEST : 0.6253429073856975
Fitting Cox model...
Traceback (most recent call last):
  File "/scratch.hpc/luca.cotugno/Foundation_model_clinical_data/.venv/lib/python3.12/site-packages/lifelines/fitters/coxph_fitter.py", line 1530, in _newton_raphson_for_efron_model
    inv_h_dot_g_T = spsolve(-h, g, assume_a="pos", check_finite=False)
                    ^^^^^^^^^^^^^^^^^^^^^^^^^^^^^^^^^^^^^^^^^^^^^^^^^^
  File "/scratch.hpc/luca.cotugno/Foundation_model_clinical_data/.venv/lib/python3.12/site-packages/scipy/_lib/_util.py", line 1233, in wrapper
    return f(*arrays, *other_args, **kwargs)
           ^^^^^^^^^^^^^^^^^^^^^^^^^^^^^^^^^
  File "/scratch.hpc/luca.cotugno/Foundation_model_clinical_data/.venv/lib/python3.12/site-packages/scipy/linalg/_basic.py", line 344, in solve
    _solve_check(n, info, lamch, rcond)
  File "/scratch.hpc/luca.cotugno/Foundation_model_clinical_data/.venv/lib/python3.12/site-packages/scipy/linalg/_basic.py", line 43, in _solve_check
    raise LinAlgError('Matrix is singular.')
numpy.linalg.LinAlgError: Matrix is singular.

During handling of the above exception, another exception occurred:

Traceback (most recent call last):
  File "/scratch.hpc/luca.cotugno/Foundation_model_clinical_data/test_nan_tmp.py", line 617, in <module>
    results_by_pct = main(dataset_name, feature_event, feature_time,
                     ^^^^^^^^^^^^^^^^^^^^^^^^^^^^^^^^^^^^^^^^^^^^^^^
  File "/scratch.hpc/luca.cotugno/Foundation_model_clinical_data/test_nan_tmp.py", line 273, in main
    cph.fit(df_fit, duration_col='__t__', event_col='__e__')
  File "/scratch.hpc/luca.cotugno/Foundation_model_clinical_data/.venv/lib/python3.12/site-packages/lifelines/utils/__init__.py", line 56, in f
    return function(model, *args, **kwargs)
           ^^^^^^^^^^^^^^^^^^^^^^^^^^^^^^^^
  File "/scratch.hpc/luca.cotugno/Foundation_model_clinical_data/.venv/lib/python3.12/site-packages/lifelines/fitters/coxph_fitter.py", line 290, in fit
    self._model = self._fit_model(
                  ^^^^^^^^^^^^^^^^
  File "/scratch.hpc/luca.cotugno/Foundation_model_clinical_data/.venv/lib/python3.12/site-packages/lifelines/fitters/coxph_fitter.py", line 610, in _fit_model
    return self._fit_model_breslow(*args, **kwargs)
           ^^^^^^^^^^^^^^^^^^^^^^^^^^^^^^^^^^^^^^^^
  File "/scratch.hpc/luca.cotugno/Foundation_model_clinical_data/.venv/lib/python3.12/site-packages/lifelines/fitters/coxph_fitter.py", line 623, in _fit_model_breslow
    model.fit(*args, **kwargs)
  File "/scratch.hpc/luca.cotugno/Foundation_model_clinical_data/.venv/lib/python3.12/site-packages/lifelines/utils/__init__.py", line 56, in f
    return function(model, *args, **kwargs)
           ^^^^^^^^^^^^^^^^^^^^^^^^^^^^^^^^
  File "/scratch.hpc/luca.cotugno/Foundation_model_clinical_data/.venv/lib/python3.12/site-packages/lifelines/fitters/coxph_fitter.py", line 1252, in fit
    params_, ll_, variance_matrix_, baseline_hazard_, baseline_cumulative_hazard_, model = self._fit_model(
                                                                                           ^^^^^^^^^^^^^^^^
  File "/scratch.hpc/luca.cotugno/Foundation_model_clinical_data/.venv/lib/python3.12/site-packages/lifelines/fitters/coxph_fitter.py", line 1380, in _fit_model
    beta_, ll_, hessian_ = self._newton_raphson_for_efron_model(
                           ^^^^^^^^^^^^^^^^^^^^^^^^^^^^^^^^^^^^^
  File "/scratch.hpc/luca.cotugno/Foundation_model_clinical_data/.venv/lib/python3.12/site-packages/lifelines/fitters/coxph_fitter.py", line 1539, in _newton_raphson_for_efron_model
    raise exceptions.ConvergenceError(
lifelines.exceptions.ConvergenceError: Convergence halted due to matrix inversion problems. Suspicion is high collinearity. Please see the following tips in the lifelines documentation: https://lifelines.readthedocs.io/en/latest/Examples.html#problems-with-convergence-in-the-cox-proportional-hazard-modelMatrix is singular.
