/scratch.hpc/luca.cotugno/Foundation_model_clinical_data/src/tabicl/embedding.py:142: UserWarning: The given NumPy array is not writable, and PyTorch does not support non-writable tensors. This means writing to this tensor will result in undefined behavior. You may want to copy the array to protect its data or make it writable before converting it to a tensor. This type of warning will be suppressed for the rest of this program. (Triggered internally at /pytorch/torch/csrc/utils/tensor_numpy.cpp:213.)
  y_t = torch.from_numpy(y_ctx).long().unsqueeze(0).to(self.device)    # (1, ctx_size)
/scratch.hpc/luca.cotugno/Foundation_model_clinical_data/.venv/lib/python3.12/site-packages/pycox/models/cox.py:251: RuntimeWarning: overflow encountered in exp
  expg = np.exp(self.predict(input, batch_size, True, eval_, num_workers=num_workers)).reshape(1, -1)
/scratch.hpc/luca.cotugno/Foundation_model_clinical_data/.venv/lib/python3.12/site-packages/pycox/models/cox.py:252: RuntimeWarning: invalid value encountered in dot
  return pd.DataFrame(bch.values.reshape(-1, 1).dot(expg),
/scratch.hpc/luca.cotugno/Foundation_model_clinical_data/.venv/lib/python3.12/site-packages/pycox/models/cox.py:251: RuntimeWarning: overflow encountered in exp
  expg = np.exp(self.predict(input, batch_size, True, eval_, num_workers=num_workers)).reshape(1, -1)
/scratch.hpc/luca.cotugno/Foundation_model_clinical_data/.venv/lib/python3.12/site-packages/pycox/models/cox.py:252: RuntimeWarning: invalid value encountered in dot
  return pd.DataFrame(bch.values.reshape(-1, 1).dot(expg),
/scratch.hpc/luca.cotugno/Foundation_model_clinical_data/.venv/lib/python3.12/site-packages/lifelines/utils/__init__.py:1100: ConvergenceWarning: Column(s) ['SindromeX', 'MIO', 'Endocardite', 'EmboliaPolmonare', 'Ictus', 'Ictus_event'] have very low variance. This may harm convergence. 1) Are you using formula's? Did you mean to add '-1' to the end. 2) Try dropping this redundant column before fitting if convergence fails.

  warnings.warn(dedent(warning_text), ConvergenceWarning)
/scratch.hpc/luca.cotugno/Foundation_model_clinical_data/.venv/lib/python3.12/site-packages/lifelines/utils/__init__.py:797: RuntimeWarning: invalid value encountered in divide
  return (X - mean) / std
/scratch.hpc/luca.cotugno/Foundation_model_clinical_data/.venv/lib/python3.12/site-packages/lifelines/utils/__init__.py:1120: ConvergenceWarning: Column CABG  have very low variance when conditioned on death event present or not. This may harm convergence. This could be a form of 'complete separation'. For example, try the following code:

>>> events = df['__e__'].astype(bool)
>>> print(df.loc[events, 'CABG '].var())
>>> print(df.loc[~events, 'CABG '].var())

A very low variance means that the column CABG  completely determines whether a subject dies or not. See https://stats.stackexchange.com/questions/11109/how-to-deal-with-perfect-separation-in-logistic-regression.

  warnings.warn(dedent(warning_text), ConvergenceWarning)
/scratch.hpc/luca.cotugno/Foundation_model_clinical_data/.venv/lib/python3.12/site-packages/lifelines/utils/__init__.py:1163: ConvergenceWarning: Column Non Fatal AMI (Follow-Up) has high sample correlation with the duration column. This may harm convergence. This could be a form of 'complete separation'.     See https://stats.stackexchange.com/questions/11109/how-to-deal-with-perfect-separation-in-logistic-regression

  warnings.warn(dedent(warning_text), ConvergenceWarning)
/scratch.hpc/luca.cotugno/Foundation_model_clinical_data/.venv/lib/python3.12/site-packages/lifelines/utils/__init__.py:1163: ConvergenceWarning: Column Non Fatal AMI (Follow-Up)_event has high sample correlation with the duration column. This may harm convergence. This could be a form of 'complete separation'.     See https://stats.stackexchange.com/questions/11109/how-to-deal-with-perfect-separation-in-logistic-regression

  warnings.warn(dedent(warning_text), ConvergenceWarning)
/scratch.hpc/luca.cotugno/Foundation_model_clinical_data/.venv/lib/python3.12/site-packages/lifelines/utils/__init__.py:1100: ConvergenceWarning: Column(s) ['Ipertiroidismo', 'MIN', 'MIO', 'Miocardite', 'Endocardite', 'EmboliaPolmonare'] have very low variance. This may harm convergence. 1) Are you using formula's? Did you mean to add '-1' to the end. 2) Try dropping this redundant column before fitting if convergence fails.

  warnings.warn(dedent(warning_text), ConvergenceWarning)
/scratch.hpc/luca.cotugno/Foundation_model_clinical_data/.venv/lib/python3.12/site-packages/lifelines/utils/__init__.py:797: RuntimeWarning: invalid value encountered in divide
  return (X - mean) / std
/scratch.hpc/luca.cotugno/Foundation_model_clinical_data/.venv/lib/python3.12/site-packages/lifelines/utils/__init__.py:1120: ConvergenceWarning: Column Ipotiroidismo have very low variance when conditioned on death event present or not. This may harm convergence. This could be a form of 'complete separation'. For example, try the following code:

>>> events = df['__e__'].astype(bool)
>>> print(df.loc[events, 'Ipotiroidismo'].var())
>>> print(df.loc[~events, 'Ipotiroidismo'].var())

A very low variance means that the column Ipotiroidismo completely determines whether a subject dies or not. See https://stats.stackexchange.com/questions/11109/how-to-deal-with-perfect-separation-in-logistic-regression.

  warnings.warn(dedent(warning_text), ConvergenceWarning)
/scratch.hpc/luca.cotugno/Foundation_model_clinical_data/.venv/lib/python3.12/site-packages/lifelines/utils/__init__.py:1163: ConvergenceWarning: Column Ipotiroidismo has high sample correlation with the duration column. This may harm convergence. This could be a form of 'complete separation'.     See https://stats.stackexchange.com/questions/11109/how-to-deal-with-perfect-separation-in-logistic-regression

  warnings.warn(dedent(warning_text), ConvergenceWarning)
/scratch.hpc/luca.cotugno/Foundation_model_clinical_data/.venv/lib/python3.12/site-packages/lifelines/utils/__init__.py:990: ConvergenceWarning: Your dataset has more variables than samples. Even with a penalizer (which you must use), convergence is not guaranteed.

  warnings.warn(warning_text, ConvergenceWarning)
/scratch.hpc/luca.cotugno/Foundation_model_clinical_data/.venv/lib/python3.12/site-packages/lifelines/fitters/coxph_fitter.py:1614: ConvergenceWarning: Newton-Raphson failed to converge sufficiently. Please see the following tips in the lifelines documentation: https://lifelines.readthedocs.io/en/latest/Examples.html#problems-with-convergence-in-the-cox-proportional-hazard-model
  warnings.warn(
/scratch.hpc/luca.cotugno/Foundation_model_clinical_data/.venv/lib/python3.12/site-packages/lifelines/utils/__init__.py:1100: ConvergenceWarning: Column(s) ['Normal', 'SindromeX', 'MIN', 'MIO', 'Endocardite'] have very low variance. This may harm convergence. 1) Are you using formula's? Did you mean to add '-1' to the end. 2) Try dropping this redundant column before fitting if convergence fails.

  warnings.warn(dedent(warning_text), ConvergenceWarning)
/scratch.hpc/luca.cotugno/Foundation_model_clinical_data/.venv/lib/python3.12/site-packages/lifelines/utils/__init__.py:797: RuntimeWarning: invalid value encountered in divide
  return (X - mean) / std
/scratch.hpc/luca.cotugno/Foundation_model_clinical_data/.venv/lib/python3.12/site-packages/lifelines/utils/__init__.py:1120: ConvergenceWarning: Column EmboliaPolmonare have very low variance when conditioned on death event present or not. This may harm convergence. This could be a form of 'complete separation'. For example, try the following code:

>>> events = df['__e__'].astype(bool)
>>> print(df.loc[events, 'EmboliaPolmonare'].var())
>>> print(df.loc[~events, 'EmboliaPolmonare'].var())

A very low variance means that the column EmboliaPolmonare completely determines whether a subject dies or not. See https://stats.stackexchange.com/questions/11109/how-to-deal-with-perfect-separation-in-logistic-regression.

  warnings.warn(dedent(warning_text), ConvergenceWarning)
/scratch.hpc/luca.cotugno/Foundation_model_clinical_data/.venv/lib/python3.12/site-packages/lifelines/utils/__init__.py:1163: ConvergenceWarning: Column Ictus has high sample correlation with the duration column. This may harm convergence. This could be a form of 'complete separation'.     See https://stats.stackexchange.com/questions/11109/how-to-deal-with-perfect-separation-in-logistic-regression

  warnings.warn(dedent(warning_text), ConvergenceWarning)
/scratch.hpc/luca.cotugno/Foundation_model_clinical_data/.venv/lib/python3.12/site-packages/lifelines/utils/__init__.py:1163: ConvergenceWarning: Column Ictus_event has high sample correlation with the duration column. This may harm convergence. This could be a form of 'complete separation'.     See https://stats.stackexchange.com/questions/11109/how-to-deal-with-perfect-separation-in-logistic-regression

  warnings.warn(dedent(warning_text), ConvergenceWarning)
/scratch.hpc/luca.cotugno/Foundation_model_clinical_data/.venv/lib/python3.12/site-packages/lifelines/utils/__init__.py:1100: ConvergenceWarning: Column(s) ['SindromeX', 'Miocardite', 'Endocardite', 'EmboliaPolmonare'] have very low variance. This may harm convergence. 1) Are you using formula's? Did you mean to add '-1' to the end. 2) Try dropping this redundant column before fitting if convergence fails.

  warnings.warn(dedent(warning_text), ConvergenceWarning)
/scratch.hpc/luca.cotugno/Foundation_model_clinical_data/.venv/lib/python3.12/site-packages/lifelines/utils/__init__.py:797: RuntimeWarning: invalid value encountered in divide
  return (X - mean) / std
/scratch.hpc/luca.cotugno/Foundation_model_clinical_data/.venv/lib/python3.12/site-packages/lifelines/utils/__init__.py:1120: ConvergenceWarning: Column CABG  have very low variance when conditioned on death event present or not. This may harm convergence. This could be a form of 'complete separation'. For example, try the following code:

>>> events = df['__e__'].astype(bool)
>>> print(df.loc[events, 'CABG '].var())
>>> print(df.loc[~events, 'CABG '].var())

A very low variance means that the column CABG  completely determines whether a subject dies or not. See https://stats.stackexchange.com/questions/11109/how-to-deal-with-perfect-separation-in-logistic-regression.

  warnings.warn(dedent(warning_text), ConvergenceWarning)
/scratch.hpc/luca.cotugno/Foundation_model_clinical_data/.venv/lib/python3.12/site-packages/lifelines/utils/__init__.py:1163: ConvergenceWarning: Column Ipertiroidismo has high sample correlation with the duration column. This may harm convergence. This could be a form of 'complete separation'.     See https://stats.stackexchange.com/questions/11109/how-to-deal-with-perfect-separation-in-logistic-regression

  warnings.warn(dedent(warning_text), ConvergenceWarning)
/scratch.hpc/luca.cotugno/Foundation_model_clinical_data/.venv/lib/python3.12/site-packages/lifelines/utils/__init__.py:1163: ConvergenceWarning: Column Normal has high sample correlation with the duration column. This may harm convergence. This could be a form of 'complete separation'.     See https://stats.stackexchange.com/questions/11109/how-to-deal-with-perfect-separation-in-logistic-regression

  warnings.warn(dedent(warning_text), ConvergenceWarning)
/scratch.hpc/luca.cotugno/Foundation_model_clinical_data/.venv/lib/python3.12/site-packages/lifelines/utils/__init__.py:1163: ConvergenceWarning: Column MIO has high sample correlation with the duration column. This may harm convergence. This could be a form of 'complete separation'.     See https://stats.stackexchange.com/questions/11109/how-to-deal-with-perfect-separation-in-logistic-regression

  warnings.warn(dedent(warning_text), ConvergenceWarning)
/scratch.hpc/luca.cotugno/Foundation_model_clinical_data/.venv/lib/python3.12/site-packages/lifelines/utils/__init__.py:1163: ConvergenceWarning: Column Pericardite has high sample correlation with the duration column. This may harm convergence. This could be a form of 'complete separation'.     See https://stats.stackexchange.com/questions/11109/how-to-deal-with-perfect-separation-in-logistic-regression

  warnings.warn(dedent(warning_text), ConvergenceWarning)
/scratch.hpc/luca.cotugno/Foundation_model_clinical_data/.venv/lib/python3.12/site-packages/lifelines/utils/__init__.py:990: ConvergenceWarning: Your dataset has more variables than samples. Even with a penalizer (which you must use), convergence is not guaranteed.

  warnings.warn(warning_text, ConvergenceWarning)
/scratch.hpc/luca.cotugno/Foundation_model_clinical_data/.venv/lib/python3.12/site-packages/lifelines/fitters/coxph_fitter.py:1614: ConvergenceWarning: Newton-Raphson failed to converge sufficiently. Please see the following tips in the lifelines documentation: https://lifelines.readthedocs.io/en/latest/Examples.html#problems-with-convergence-in-the-cox-proportional-hazard-model
  warnings.warn(
/scratch.hpc/luca.cotugno/Foundation_model_clinical_data/.venv/lib/python3.12/site-packages/lifelines/utils/__init__.py:1100: ConvergenceWarning: Column(s) ['MIN', 'Endocardite', 'EmboliaPolmonare', 'Ictus', 'Ictus_event'] have very low variance. This may harm convergence. 1) Are you using formula's? Did you mean to add '-1' to the end. 2) Try dropping this redundant column before fitting if convergence fails.

  warnings.warn(dedent(warning_text), ConvergenceWarning)
/scratch.hpc/luca.cotugno/Foundation_model_clinical_data/.venv/lib/python3.12/site-packages/lifelines/utils/__init__.py:797: RuntimeWarning: invalid value encountered in divide
  return (X - mean) / std
/scratch.hpc/luca.cotugno/Foundation_model_clinical_data/.venv/lib/python3.12/site-packages/lifelines/utils/__init__.py:1120: ConvergenceWarning: Column Subclinical primary hyperthyroidism
(SCT) have very low variance when conditioned on death event present or not. This may harm convergence. This could be a form of 'complete separation'. For example, try the following code:

>>> events = df['__e__'].astype(bool)
>>> print(df.loc[events, 'Subclinical primary hyperthyroidism
(SCT)'].var())
>>> print(df.loc[~events, 'Subclinical primary hyperthyroidism
(SCT)'].var())

A very low variance means that the column Subclinical primary hyperthyroidism
(SCT) completely determines whether a subject dies or not. See https://stats.stackexchange.com/questions/11109/how-to-deal-with-perfect-separation-in-logistic-regression.

  warnings.warn(dedent(warning_text), ConvergenceWarning)
/scratch.hpc/luca.cotugno/Foundation_model_clinical_data/.venv/lib/python3.12/site-packages/lifelines/utils/__init__.py:1163: ConvergenceWarning: Column Subclinical primary hyperthyroidism
(SCT) has high sample correlation with the duration column. This may harm convergence. This could be a form of 'complete separation'.     See https://stats.stackexchange.com/questions/11109/how-to-deal-with-perfect-separation-in-logistic-regression

  warnings.warn(dedent(warning_text), ConvergenceWarning)
/scratch.hpc/luca.cotugno/Foundation_model_clinical_data/.venv/lib/python3.12/site-packages/lifelines/utils/__init__.py:1163: ConvergenceWarning: Column Ipertiroidismo has high sample correlation with the duration column. This may harm convergence. This could be a form of 'complete separation'.     See https://stats.stackexchange.com/questions/11109/how-to-deal-with-perfect-separation-in-logistic-regression

  warnings.warn(dedent(warning_text), ConvergenceWarning)
/scratch.hpc/luca.cotugno/Foundation_model_clinical_data/.venv/lib/python3.12/site-packages/lifelines/utils/__init__.py:1163: ConvergenceWarning: Column MIO has high sample correlation with the duration column. This may harm convergence. This could be a form of 'complete separation'.     See https://stats.stackexchange.com/questions/11109/how-to-deal-with-perfect-separation-in-logistic-regression

  warnings.warn(dedent(warning_text), ConvergenceWarning)
/scratch.hpc/luca.cotugno/Foundation_model_clinical_data/.venv/lib/python3.12/site-packages/lifelines/utils/__init__.py:1100: ConvergenceWarning: Column(s) ['SindromeX', 'EmboliaPolmonare'] have very low variance. This may harm convergence. 1) Are you using formula's? Did you mean to add '-1' to the end. 2) Try dropping this redundant column before fitting if convergence fails.

  warnings.warn(dedent(warning_text), ConvergenceWarning)
/scratch.hpc/luca.cotugno/Foundation_model_clinical_data/.venv/lib/python3.12/site-packages/lifelines/utils/__init__.py:797: RuntimeWarning: invalid value encountered in divide
  return (X - mean) / std
/scratch.hpc/luca.cotugno/Foundation_model_clinical_data/.venv/lib/python3.12/site-packages/lifelines/utils/__init__.py:1120: ConvergenceWarning: Column Endocardite have very low variance when conditioned on death event present or not. This may harm convergence. This could be a form of 'complete separation'. For example, try the following code:

>>> events = df['__e__'].astype(bool)
>>> print(df.loc[events, 'Endocardite'].var())
>>> print(df.loc[~events, 'Endocardite'].var())

A very low variance means that the column Endocardite completely determines whether a subject dies or not. See https://stats.stackexchange.com/questions/11109/how-to-deal-with-perfect-separation-in-logistic-regression.

  warnings.warn(dedent(warning_text), ConvergenceWarning)
/scratch.hpc/luca.cotugno/Foundation_model_clinical_data/.venv/lib/python3.12/site-packages/lifelines/utils/__init__.py:1100: ConvergenceWarning: Column(s) ['EmboliaPolmonare'] have very low variance. This may harm convergence. 1) Are you using formula's? Did you mean to add '-1' to the end. 2) Try dropping this redundant column before fitting if convergence fails.

  warnings.warn(dedent(warning_text), ConvergenceWarning)
/scratch.hpc/luca.cotugno/Foundation_model_clinical_data/.venv/lib/python3.12/site-packages/lifelines/utils/__init__.py:797: RuntimeWarning: invalid value encountered in divide
  return (X - mean) / std
/scratch.hpc/luca.cotugno/Foundation_model_clinical_data/.venv/lib/python3.12/site-packages/lifelines/utils/__init__.py:1120: ConvergenceWarning: Column Normal have very low variance when conditioned on death event present or not. This may harm convergence. This could be a form of 'complete separation'. For example, try the following code:

>>> events = df['__e__'].astype(bool)
>>> print(df.loc[events, 'Normal'].var())
>>> print(df.loc[~events, 'Normal'].var())

A very low variance means that the column Normal completely determines whether a subject dies or not. See https://stats.stackexchange.com/questions/11109/how-to-deal-with-perfect-separation-in-logistic-regression.

  warnings.warn(dedent(warning_text), ConvergenceWarning)
/scratch.hpc/luca.cotugno/Foundation_model_clinical_data/.venv/lib/python3.12/site-packages/lifelines/utils/__init__.py:1100: ConvergenceWarning: Column(s) ['SindromeX', 'EmboliaPolmonare'] have very low variance. This may harm convergence. 1) Are you using formula's? Did you mean to add '-1' to the end. 2) Try dropping this redundant column before fitting if convergence fails.

  warnings.warn(dedent(warning_text), ConvergenceWarning)
/scratch.hpc/luca.cotugno/Foundation_model_clinical_data/.venv/lib/python3.12/site-packages/lifelines/utils/__init__.py:797: RuntimeWarning: invalid value encountered in divide
  return (X - mean) / std
/scratch.hpc/luca.cotugno/Foundation_model_clinical_data/.venv/lib/python3.12/site-packages/lifelines/utils/__init__.py:1120: ConvergenceWarning: Column Miocardite have very low variance when conditioned on death event present or not. This may harm convergence. This could be a form of 'complete separation'. For example, try the following code:

>>> events = df['__e__'].astype(bool)
>>> print(df.loc[events, 'Miocardite'].var())
>>> print(df.loc[~events, 'Miocardite'].var())

A very low variance means that the column Miocardite completely determines whether a subject dies or not. See https://stats.stackexchange.com/questions/11109/how-to-deal-with-perfect-separation-in-logistic-regression.

  warnings.warn(dedent(warning_text), ConvergenceWarning)
/scratch.hpc/luca.cotugno/Foundation_model_clinical_data/.venv/lib/python3.12/site-packages/pycox/models/cox.py:251: RuntimeWarning: overflow encountered in exp
  expg = np.exp(self.predict(input, batch_size, True, eval_, num_workers=num_workers)).reshape(1, -1)
/scratch.hpc/luca.cotugno/Foundation_model_clinical_data/.venv/lib/python3.12/site-packages/lifelines/utils/__init__.py:990: ConvergenceWarning: Your dataset has more variables than samples. Even with a penalizer (which you must use), convergence is not guaranteed.

  warnings.warn(warning_text, ConvergenceWarning)
/scratch.hpc/luca.cotugno/Foundation_model_clinical_data/.venv/lib/python3.12/site-packages/lifelines/fitters/coxph_fitter.py:1614: ConvergenceWarning: Newton-Raphson failed to converge sufficiently. Please see the following tips in the lifelines documentation: https://lifelines.readthedocs.io/en/latest/Examples.html#problems-with-convergence-in-the-cox-proportional-hazard-model
  warnings.warn(
/scratch.hpc/luca.cotugno/Foundation_model_clinical_data/test_sample_size.py:471: RuntimeWarning: Mean of empty slice
  "train_mean":    np.nanmean(tr_vals),
/scratch.hpc/luca.cotugno/Foundation_model_clinical_data/.venv/lib/python3.12/site-packages/numpy/lib/_nanfunctions_impl.py:1997: RuntimeWarning: Degrees of freedom <= 0 for slice.
  var = nanvar(a, axis=axis, dtype=dtype, out=out, ddof=ddof,
/scratch.hpc/luca.cotugno/Foundation_model_clinical_data/test_sample_size.py:473: RuntimeWarning: Mean of empty slice
  "test_mean":     np.nanmean(te_vals),
Model:        tabicl
Seed:         789
Sample sizes: [100, 500, 1000, 2500, 5000, 10000, 15000]

######################################################################
Dataset: OrmoniTirodei
######################################################################

============================================================
Preprocess: -1
============================================================
Loading existing folds from tmp/splits/OrmoniTirodei_seed789.pkl

--- Sample size: 100 ---
  Fold 1: train=100, test=1291
Warming up TabICL model (triggering checkpoint load)...
ARRIVATO QUI 1
Loading TabICL model checkpoint 'tabicl-classifier-v1.1-0506.ckpt'...
ARRIVATO QUI
Performing dummy prediction to ensure model is loaded...
Warming up TabICL model (triggering checkpoint load)...
ARRIVATO QUI 1
Loading TabICL model checkpoint 'tabicl-classifier-v1.1-0506.ckpt'...
ARRIVATO QUI
Performing dummy prediction to ensure model is loaded...
  Embedding shape: (100, 512)
  [tabicl+DS-simple]  train=0.8913  test=0.7039
  [tabicl+DS-vanilla] train=0.9328  test=0.6952
  [tabicl+RSF]        train=0.9467  test=0.6251
  [tabicl+Cox]        train=0.9979  test=0.5523
  [DS-simple]         train=0.5765  test=0.5545
  [DS-vanilla]        train=0.5314  test=0.5725
  [RSF]               train=0.9303  test=0.7383
    Cox fit failed: Convergence halted due to matrix inversion problems. Suspicion is high collinearity. Please see the following tips in the lifelines documentation: https://lifelines.readthedocs.io/en/latest/Examples.html#problems-with-convergence-in-the-cox-proportional-hazard-modelMatrix is singular.
  [Cox]               train=nan  test=nan
  Fold 2: train=100, test=1291
Warming up TabICL model (triggering checkpoint load)...
ARRIVATO QUI 1
Loading TabICL model checkpoint 'tabicl-classifier-v1.1-0506.ckpt'...
ARRIVATO QUI
Performing dummy prediction to ensure model is loaded...
Warming up TabICL model (triggering checkpoint load)...
ARRIVATO QUI 1
Loading TabICL model checkpoint 'tabicl-classifier-v1.1-0506.ckpt'...
ARRIVATO QUI
Performing dummy prediction to ensure model is loaded...
  Embedding shape: (100, 512)
  [tabicl+DS-simple]  train=0.9187  test=0.6521
  [tabicl+DS-vanilla] train=0.8947  test=0.6443
  [tabicl+RSF]        train=0.9469  test=0.6404
  [tabicl+Cox]        train=0.9990  test=0.6089
  [DS-simple]         train=0.7148  test=0.7052
  [DS-vanilla]        train=0.6896  test=0.5992
  [RSF]               train=0.9137  test=0.7170
    Cox fit failed: Convergence halted due to matrix inversion problems. Suspicion is high collinearity. Please see the following tips in the lifelines documentation: https://lifelines.readthedocs.io/en/latest/Examples.html#problems-with-convergence-in-the-cox-proportional-hazard-modelMatrix is singular.
  [Cox]               train=nan  test=nan
  Fold 3: train=100, test=1290
Warming up TabICL model (triggering checkpoint load)...
ARRIVATO QUI 1
Loading TabICL model checkpoint 'tabicl-classifier-v1.1-0506.ckpt'...
ARRIVATO QUI
Performing dummy prediction to ensure model is loaded...
Warming up TabICL model (triggering checkpoint load)...
ARRIVATO QUI 1
Loading TabICL model checkpoint 'tabicl-classifier-v1.1-0506.ckpt'...
ARRIVATO QUI
Performing dummy prediction to ensure model is loaded...
  Embedding shape: (100, 512)
  [tabicl+DS-simple]  train=0.8886  test=0.6512
  [tabicl+DS-vanilla] train=0.9007  test=0.6430
  [tabicl+RSF]        train=0.9483  test=0.6440
  [tabicl+Cox]        train=0.9027  test=0.6678
  [DS-simple]         train=0.6633  test=0.6077
  [DS-vanilla]        train=0.8505  test=0.6840
  [RSF]               train=0.9473  test=0.6953
    Cox fit failed: Convergence halted due to matrix inversion problems. Suspicion is high collinearity. Please see the following tips in the lifelines documentation: https://lifelines.readthedocs.io/en/latest/Examples.html#problems-with-convergence-in-the-cox-proportional-hazard-modelMatrix is singular.
  [Cox]               train=nan  test=nan
  Fold 4: train=100, test=1290
Warming up TabICL model (triggering checkpoint load)...
ARRIVATO QUI 1
Loading TabICL model checkpoint 'tabicl-classifier-v1.1-0506.ckpt'...
ARRIVATO QUI
Performing dummy prediction to ensure model is loaded...
Warming up TabICL model (triggering checkpoint load)...
ARRIVATO QUI 1
Loading TabICL model checkpoint 'tabicl-classifier-v1.1-0506.ckpt'...
ARRIVATO QUI
Performing dummy prediction to ensure model is loaded...
  Embedding shape: (100, 512)
  [tabicl+DS-simple]  train=0.8601  test=0.6389
  [tabicl+DS-vanilla] train=0.9479  test=0.6871
  [tabicl+RSF]        train=0.9526  test=0.6458
  [tabicl+Cox]        train=0.9990  test=0.6183
  [DS-simple]         train=0.6106  test=0.5896
  [DS-vanilla]        train=0.8333  test=0.6374
  [RSF]               train=0.9449  test=0.6910
    Cox fit failed: Convergence halted due to matrix inversion problems. Suspicion is high collinearity. Please see the following tips in the lifelines documentation: https://lifelines.readthedocs.io/en/latest/Examples.html#problems-with-convergence-in-the-cox-proportional-hazard-modelMatrix is singular.
  [Cox]               train=nan  test=nan
  Fold 5: train=100, test=1290
Warming up TabICL model (triggering checkpoint load)...
ARRIVATO QUI 1
Loading TabICL model checkpoint 'tabicl-classifier-v1.1-0506.ckpt'...
ARRIVATO QUI
Performing dummy prediction to ensure model is loaded...
Warming up TabICL model (triggering checkpoint load)...
ARRIVATO QUI 1
Loading TabICL model checkpoint 'tabicl-classifier-v1.1-0506.ckpt'...
ARRIVATO QUI
Performing dummy prediction to ensure model is loaded...
  Embedding shape: (100, 512)
  [tabicl+DS-simple]  train=0.9288  test=0.5739
  [tabicl+DS-vanilla] train=0.9507  test=0.5606
  [tabicl+RSF]        train=0.9532  test=0.6019
  [tabicl+Cox]        train=0.9394  test=0.5782
  [DS-simple]         train=0.6761  test=0.5690
  [DS-vanilla]        train=0.7970  test=0.6264
  [RSF]               train=0.9582  test=0.7075
    Cox fit failed: Convergence halted due to matrix inversion problems. Suspicion is high collinearity. Please see the following tips in the lifelines documentation: https://lifelines.readthedocs.io/en/latest/Examples.html#problems-with-convergence-in-the-cox-proportional-hazard-modelMatrix is singular.
  [Cox]               train=nan  test=nan

--- Sample size: 500 ---
  Fold 1: train=500, test=1291
Warming up TabICL model (triggering checkpoint load)...
ARRIVATO QUI 1
Loading TabICL model checkpoint 'tabicl-classifier-v1.1-0506.ckpt'...
ARRIVATO QUI
Performing dummy prediction to ensure model is loaded...
Warming up TabICL model (triggering checkpoint load)...
ARRIVATO QUI 1
Loading TabICL model checkpoint 'tabicl-classifier-v1.1-0506.ckpt'...
ARRIVATO QUI
Performing dummy prediction to ensure model is loaded...
  Embedding shape: (500, 512)
  [tabicl+DS-simple]  train=0.8878  test=0.7019
  [tabicl+DS-vanilla] train=0.9366  test=0.7235
  [tabicl+RSF]        train=0.9663  test=0.7079
  [tabicl+Cox]        train=0.9575  test=0.7183
  [DS-simple]         train=0.8156  test=0.7643
  [DS-vanilla]        train=0.8349  test=0.7552
  [RSF]               train=0.9063  test=0.7761
    Cox fit failed: Convergence halted due to matrix inversion problems. Suspicion is high collinearity. Please see the following tips in the lifelines documentation: https://lifelines.readthedocs.io/en/latest/Examples.html#problems-with-convergence-in-the-cox-proportional-hazard-modelMatrix is singular.
  [Cox]               train=nan  test=nan
  Fold 2: train=500, test=1291
Warming up TabICL model (triggering checkpoint load)...
ARRIVATO QUI 1
Loading TabICL model checkpoint 'tabicl-classifier-v1.1-0506.ckpt'...
ARRIVATO QUI
Performing dummy prediction to ensure model is loaded...
Warming up TabICL model (triggering checkpoint load)...
ARRIVATO QUI 1
Loading TabICL model checkpoint 'tabicl-classifier-v1.1-0506.ckpt'...
ARRIVATO QUI
Performing dummy prediction to ensure model is loaded...
  Embedding shape: (500, 512)
  [tabicl+DS-simple]  train=0.9075  test=0.7220
  [tabicl+DS-vanilla] train=0.9510  test=0.7264
  [tabicl+RSF]        train=0.9647  test=0.7109
  [tabicl+Cox]        train=0.9668  test=0.6698
  [DS-simple]         train=0.8116  test=0.7622
  [DS-vanilla]        train=0.8256  test=0.7621
  [RSF]               train=0.9112  test=0.7699
  [Cox]               train=0.8161  test=0.7653
  Fold 3: train=500, test=1290
Warming up TabICL model (triggering checkpoint load)...
ARRIVATO QUI 1
Loading TabICL model checkpoint 'tabicl-classifier-v1.1-0506.ckpt'...
ARRIVATO QUI
Performing dummy prediction to ensure model is loaded...
Warming up TabICL model (triggering checkpoint load)...
ARRIVATO QUI 1
Loading TabICL model checkpoint 'tabicl-classifier-v1.1-0506.ckpt'...
ARRIVATO QUI
Performing dummy prediction to ensure model is loaded...
  Embedding shape: (500, 512)
  [tabicl+DS-simple]  train=0.8698  test=0.6690
  [tabicl+DS-vanilla] train=0.9186  test=0.7155
  [tabicl+RSF]        train=0.9637  test=0.6855
  [tabicl+Cox]        train=0.9572  test=0.5999
  [DS-simple]         train=0.8214  test=0.7729
  [DS-vanilla]        train=0.8286  test=0.7367
  [RSF]               train=0.9093  test=0.7787
  [Cox]               train=0.8319  test=0.7760
  Fold 4: train=500, test=1290
Warming up TabICL model (triggering checkpoint load)...
ARRIVATO QUI 1
Loading TabICL model checkpoint 'tabicl-classifier-v1.1-0506.ckpt'...
ARRIVATO QUI
Performing dummy prediction to ensure model is loaded...
Warming up TabICL model (triggering checkpoint load)...
ARRIVATO QUI 1
Loading TabICL model checkpoint 'tabicl-classifier-v1.1-0506.ckpt'...
ARRIVATO QUI
Performing dummy prediction to ensure model is loaded...
  Embedding shape: (500, 512)
  [tabicl+DS-simple]  train=0.9209  test=0.7328
  [tabicl+DS-vanilla] train=0.9481  test=0.7100
  [tabicl+RSF]        train=0.9692  test=0.7282
  [tabicl+Cox]        train=0.9619  test=0.6904
  [DS-simple]         train=0.8220  test=0.7747
  [DS-vanilla]        train=0.8501  test=0.7621
  [RSF]               train=0.9335  test=0.7802
  [Cox]               train=0.8435  test=0.7851
  Fold 5: train=500, test=1290
Warming up TabICL model (triggering checkpoint load)...
ARRIVATO QUI 1
Loading TabICL model checkpoint 'tabicl-classifier-v1.1-0506.ckpt'...
ARRIVATO QUI
Performing dummy prediction to ensure model is loaded...
Warming up TabICL model (triggering checkpoint load)...
ARRIVATO QUI 1
Loading TabICL model checkpoint 'tabicl-classifier-v1.1-0506.ckpt'...
ARRIVATO QUI
Performing dummy prediction to ensure model is loaded...
  Embedding shape: (500, 512)
  [tabicl+DS-simple]  train=0.9102  test=0.7039
  [tabicl+DS-vanilla] train=0.9348  test=0.6914
  [tabicl+RSF]        train=0.9613  test=0.6512
  [tabicl+Cox]        train=0.9601  test=0.6701
  [DS-simple]         train=0.7897  test=0.7431
  [DS-vanilla]        train=0.8232  test=0.7437
  [RSF]               train=0.9192  test=0.7757
    Cox fit failed: Convergence halted due to matrix inversion problems. Suspicion is high collinearity. Please see the following tips in the lifelines documentation: https://lifelines.readthedocs.io/en/latest/Examples.html#problems-with-convergence-in-the-cox-proportional-hazard-modelMatrix is singular.
  [Cox]               train=nan  test=nan

--- Sample size: 1000 ---
  Fold 1: train=1000, test=1291
Warming up TabICL model (triggering checkpoint load)...
ARRIVATO QUI 1
Loading TabICL model checkpoint 'tabicl-classifier-v1.1-0506.ckpt'...
ARRIVATO QUI
Performing dummy prediction to ensure model is loaded...
Warming up TabICL model (triggering checkpoint load)...
ARRIVATO QUI 1
Loading TabICL model checkpoint 'tabicl-classifier-v1.1-0506.ckpt'...
ARRIVATO QUI
Performing dummy prediction to ensure model is loaded...
  Embedding shape: (1000, 512)
  [tabicl+DS-simple]  train=0.8967  test=0.7225
  [tabicl+DS-vanilla] train=0.9200  test=0.7241
  [tabicl+RSF]        train=0.9650  test=0.7260
  [tabicl+Cox]        train=0.9404  test=0.7367
  [DS-simple]         train=0.8086  test=0.7936
  [DS-vanilla]        train=0.8232  test=0.7804
  [RSF]               train=0.9118  test=0.7792
    Cox fit failed: Convergence halted due to matrix inversion problems. Suspicion is high collinearity. Please see the following tips in the lifelines documentation: https://lifelines.readthedocs.io/en/latest/Examples.html#problems-with-convergence-in-the-cox-proportional-hazard-modelMatrix is singular.
  [Cox]               train=nan  test=nan
  Fold 2: train=1000, test=1291
Warming up TabICL model (triggering checkpoint load)...
ARRIVATO QUI 1
Loading TabICL model checkpoint 'tabicl-classifier-v1.1-0506.ckpt'...
ARRIVATO QUI
Performing dummy prediction to ensure model is loaded...
Warming up TabICL model (triggering checkpoint load)...
ARRIVATO QUI 1
Loading TabICL model checkpoint 'tabicl-classifier-v1.1-0506.ckpt'...
ARRIVATO QUI
Performing dummy prediction to ensure model is loaded...
  Embedding shape: (1000, 512)
  [tabicl+DS-simple]  train=0.8962  test=0.7045
  [tabicl+DS-vanilla] train=0.9379  test=0.7290
  [tabicl+RSF]        train=0.9650  test=0.7323
  [tabicl+Cox]        train=0.9507  test=0.7312
  [DS-simple]         train=0.8161  test=0.7815
  [DS-vanilla]        train=0.8235  test=0.7869
  [RSF]               train=0.9191  test=0.7709
  [Cox]               train=0.8193  test=0.7820
  Fold 3: train=1000, test=1290
Warming up TabICL model (triggering checkpoint load)...
ARRIVATO QUI 1
Loading TabICL model checkpoint 'tabicl-classifier-v1.1-0506.ckpt'...
ARRIVATO QUI
Performing dummy prediction to ensure model is loaded...
Warming up TabICL model (triggering checkpoint load)...
ARRIVATO QUI 1
Loading TabICL model checkpoint 'tabicl-classifier-v1.1-0506.ckpt'...
ARRIVATO QUI
Performing dummy prediction to ensure model is loaded...
  Embedding shape: (1000, 512)
  [tabicl+DS-simple]  train=0.8887  test=0.6970
  [tabicl+DS-vanilla] train=0.9066  test=0.7334
  [tabicl+RSF]        train=0.9732  test=0.6989
  [tabicl+Cox]        train=0.9415  test=0.6402
  [DS-simple]         train=0.8187  test=0.7763
  [DS-vanilla]        train=0.7791  test=0.7340
  [RSF]               train=0.9168  test=0.7915
  [Cox]               train=0.8166  test=0.7837
  Fold 4: train=1000, test=1290
Warming up TabICL model (triggering checkpoint load)...
ARRIVATO QUI 1
Loading TabICL model checkpoint 'tabicl-classifier-v1.1-0506.ckpt'...
ARRIVATO QUI
Performing dummy prediction to ensure model is loaded...
Warming up TabICL model (triggering checkpoint load)...
ARRIVATO QUI 1
Loading TabICL model checkpoint 'tabicl-classifier-v1.1-0506.ckpt'...
ARRIVATO QUI
Performing dummy prediction to ensure model is loaded...
  Embedding shape: (1000, 512)
  [tabicl+DS-simple]  train=0.9259  test=0.7305
  [tabicl+DS-vanilla] train=0.9302  test=0.7468
  [tabicl+RSF]        train=0.9630  test=0.7513
  [tabicl+Cox]        train=0.9468  test=0.7277
  [DS-simple]         train=0.8026  test=0.7952
  [DS-vanilla]        train=0.8005  test=0.7753
  [RSF]               train=0.9157  test=0.7963
  [Cox]               train=0.8069  test=0.7961
  Fold 5: train=1000, test=1290
Warming up TabICL model (triggering checkpoint load)...
ARRIVATO QUI 1
Loading TabICL model checkpoint 'tabicl-classifier-v1.1-0506.ckpt'...
ARRIVATO QUI
Performing dummy prediction to ensure model is loaded...
Warming up TabICL model (triggering checkpoint load)...
ARRIVATO QUI 1
Loading TabICL model checkpoint 'tabicl-classifier-v1.1-0506.ckpt'...
ARRIVATO QUI
Performing dummy prediction to ensure model is loaded...
  Embedding shape: (1000, 512)
  [tabicl+DS-simple]  train=0.8958  test=0.6757
  [tabicl+DS-vanilla] train=0.9225  test=0.7145
  [tabicl+RSF]        train=0.9675  test=0.6957
  [tabicl+Cox]        train=0.9401  test=0.6865
  [DS-simple]         train=0.7955  test=0.7618
  [DS-vanilla]        train=0.7888  test=0.7599
  [RSF]               train=0.9192  test=0.7826
  [Cox]               train=0.8002  test=0.7745

--- Sample size: 2500 ---
  Fold 1: train=2500, test=1291
Warming up TabICL model (triggering checkpoint load)...
ARRIVATO QUI 1
Loading TabICL model checkpoint 'tabicl-classifier-v1.1-0506.ckpt'...
ARRIVATO QUI
Performing dummy prediction to ensure model is loaded...
Warming up TabICL model (triggering checkpoint load)...
ARRIVATO QUI 1
Loading TabICL model checkpoint 'tabicl-classifier-v1.1-0506.ckpt'...
ARRIVATO QUI
Performing dummy prediction to ensure model is loaded...
  Embedding shape: (2500, 512)
  [tabicl+DS-simple]  train=0.9273  test=0.7255
  [tabicl+DS-vanilla] train=0.9216  test=0.7472
  [tabicl+RSF]        train=0.9593  test=0.7282
  [tabicl+Cox]        train=0.9301  test=0.7370
  [DS-simple]         train=0.7946  test=0.7863
  [DS-vanilla]        train=0.8103  test=0.7879
  [RSF]               train=0.9075  test=0.7862
  [Cox]               train=0.7980  test=0.7881
  Fold 2: train=2500, test=1291
Warming up TabICL model (triggering checkpoint load)...
ARRIVATO QUI 1
Loading TabICL model checkpoint 'tabicl-classifier-v1.1-0506.ckpt'...
ARRIVATO QUI
Performing dummy prediction to ensure model is loaded...
Warming up TabICL model (triggering checkpoint load)...
ARRIVATO QUI 1
Loading TabICL model checkpoint 'tabicl-classifier-v1.1-0506.ckpt'...
ARRIVATO QUI
Performing dummy prediction to ensure model is loaded...
  Embedding shape: (2500, 512)
  [tabicl+DS-simple]  train=0.9344  test=0.7216
  [tabicl+DS-vanilla] train=0.9322  test=0.7456
  [tabicl+RSF]        train=0.9623  test=0.7277
  [tabicl+Cox]        train=0.9358  test=0.7335
  [DS-simple]         train=0.8049  test=0.7880
  [DS-vanilla]        train=0.8109  test=0.7913
  [RSF]               train=0.9116  test=0.7816
  [Cox]               train=0.8082  test=0.7894
  Fold 3: train=2500, test=1290
Warming up TabICL model (triggering checkpoint load)...
ARRIVATO QUI 1
Loading TabICL model checkpoint 'tabicl-classifier-v1.1-0506.ckpt'...
ARRIVATO QUI
Performing dummy prediction to ensure model is loaded...
Warming up TabICL model (triggering checkpoint load)...
ARRIVATO QUI 1
Loading TabICL model checkpoint 'tabicl-classifier-v1.1-0506.ckpt'...
ARRIVATO QUI
Performing dummy prediction to ensure model is loaded...
  Embedding shape: (2500, 512)
  [tabicl+DS-simple]  train=0.9268  test=0.7218
  [tabicl+DS-vanilla] train=0.9194  test=0.7524
  [tabicl+RSF]        train=0.9647  test=0.7165
  [tabicl+Cox]        train=0.9304  test=0.7098
  [DS-simple]         train=0.8013  test=0.7817
  [DS-vanilla]        train=0.8260  test=0.7799
  [RSF]               train=0.9113  test=0.7939
  [Cox]               train=0.8105  test=0.7963
  Fold 4: train=2500, test=1290
Warming up TabICL model (triggering checkpoint load)...
ARRIVATO QUI 1
Loading TabICL model checkpoint 'tabicl-classifier-v1.1-0506.ckpt'...
ARRIVATO QUI
Performing dummy prediction to ensure model is loaded...
Warming up TabICL model (triggering checkpoint load)...
ARRIVATO QUI 1
Loading TabICL model checkpoint 'tabicl-classifier-v1.1-0506.ckpt'...
ARRIVATO QUI
Performing dummy prediction to ensure model is loaded...
  Embedding shape: (2500, 512)
  [tabicl+DS-simple]  train=0.9363  test=0.7411
  [tabicl+DS-vanilla] train=0.9255  test=0.7550
  [tabicl+RSF]        train=0.9633  test=0.7478
  [tabicl+Cox]        train=0.9363  test=0.7477
  [DS-simple]         train=0.7909  test=0.7995
  [DS-vanilla]        train=0.7938  test=0.7917
  [RSF]               train=0.9112  test=0.8014
  [Cox]               train=0.7950  test=0.7999
  Fold 5: train=2500, test=1290
Warming up TabICL model (triggering checkpoint load)...
ARRIVATO QUI 1
Loading TabICL model checkpoint 'tabicl-classifier-v1.1-0506.ckpt'...
ARRIVATO QUI
Performing dummy prediction to ensure model is loaded...
Warming up TabICL model (triggering checkpoint load)...
ARRIVATO QUI 1
Loading TabICL model checkpoint 'tabicl-classifier-v1.1-0506.ckpt'...
ARRIVATO QUI
Performing dummy prediction to ensure model is loaded...
  Embedding shape: (2500, 512)
  [tabicl+DS-simple]  train=0.9325  test=0.7122
  [tabicl+DS-vanilla] train=0.9277  test=0.7261
  [tabicl+RSF]        train=0.9639  test=0.7230
  [tabicl+Cox]        train=0.9328  test=0.7270
  [DS-simple]         train=0.7866  test=0.7548
  [DS-vanilla]        train=0.8050  test=0.7774
  [RSF]               train=0.9141  test=0.7879
  [Cox]               train=0.8106  test=0.7854

--- Sample size: 5000 ---
  Fold 1: train=5000, test=1291
Warming up TabICL model (triggering checkpoint load)...
ARRIVATO QUI 1
Loading TabICL model checkpoint 'tabicl-classifier-v1.1-0506.ckpt'...
ARRIVATO QUI
Performing dummy prediction to ensure model is loaded...
Warming up TabICL model (triggering checkpoint load)...
ARRIVATO QUI 1
Loading TabICL model checkpoint 'tabicl-classifier-v1.1-0506.ckpt'...
ARRIVATO QUI
Performing dummy prediction to ensure model is loaded...
  Embedding shape: (5000, 512)
  [tabicl+DS-simple]  train=0.9261  test=0.7451
  [tabicl+DS-vanilla] train=0.9184  test=0.7430
  [tabicl+RSF]        train=0.9621  test=0.7329
  [tabicl+Cox]        train=0.9277  test=0.7478
  [DS-simple]         train=0.7944  test=0.7850
  [DS-vanilla]        train=0.8130  test=0.7852
  [RSF]               train=0.9083  test=0.7969
  [Cox]               train=0.8023  test=0.7893
  Fold 2: train=5000, test=1291
Warming up TabICL model (triggering checkpoint load)...
ARRIVATO QUI 1
Loading TabICL model checkpoint 'tabicl-classifier-v1.1-0506.ckpt'...
ARRIVATO QUI
Performing dummy prediction to ensure model is loaded...
Warming up TabICL model (triggering checkpoint load)...
ARRIVATO QUI 1
Loading TabICL model checkpoint 'tabicl-classifier-v1.1-0506.ckpt'...
ARRIVATO QUI
Performing dummy prediction to ensure model is loaded...
  Embedding shape: (5000, 512)
  [tabicl+DS-simple]  train=0.9267  test=0.7344
  [tabicl+DS-vanilla] train=0.9196  test=0.7635
  [tabicl+RSF]        train=0.9625  test=0.7483
  [tabicl+Cox]        train=0.9285  test=0.7564
  [DS-simple]         train=0.7793  test=0.7891
  [DS-vanilla]        train=0.8131  test=0.7990
  [RSF]               train=0.9064  test=0.7883
  [Cox]               train=0.7995  test=0.7953
  Fold 3: train=5000, test=1290
Warming up TabICL model (triggering checkpoint load)...
ARRIVATO QUI 1
Loading TabICL model checkpoint 'tabicl-classifier-v1.1-0506.ckpt'...
ARRIVATO QUI
Performing dummy prediction to ensure model is loaded...
Warming up TabICL model (triggering checkpoint load)...
ARRIVATO QUI 1
Loading TabICL model checkpoint 'tabicl-classifier-v1.1-0506.ckpt'...
ARRIVATO QUI
Performing dummy prediction to ensure model is loaded...
  Embedding shape: (5000, 512)
  [tabicl+DS-simple]  train=0.9214  test=0.7260
  [tabicl+DS-vanilla] train=0.9221  test=0.7448
  [tabicl+RSF]        train=0.9636  test=0.7296
  [tabicl+Cox]        train=0.9258  test=0.7316
  [DS-simple]         train=0.7931  test=0.7846
  [DS-vanilla]        train=0.8193  test=0.7859
  [RSF]               train=0.9081  test=0.7995
  [Cox]               train=0.8008  test=0.7947
  Fold 4: train=5000, test=1290
Warming up TabICL model (triggering checkpoint load)...
ARRIVATO QUI 1
Loading TabICL model checkpoint 'tabicl-classifier-v1.1-0506.ckpt'...
ARRIVATO QUI
Performing dummy prediction to ensure model is loaded...
Warming up TabICL model (triggering checkpoint load)...
ARRIVATO QUI 1
Loading TabICL model checkpoint 'tabicl-classifier-v1.1-0506.ckpt'...
ARRIVATO QUI
Performing dummy prediction to ensure model is loaded...
  Embedding shape: (5000, 512)
  [tabicl+DS-simple]  train=0.9227  test=0.7542
  [tabicl+DS-vanilla] train=0.9240  test=0.7538
  [tabicl+RSF]        train=0.9636  test=0.7516
  [tabicl+Cox]        train=0.9270  test=0.7524
  [DS-simple]         train=0.7773  test=0.7877
  [DS-vanilla]        train=0.8039  test=0.7990
  [RSF]               train=0.9090  test=0.8104
  [Cox]               train=0.7976  test=0.8024
  Fold 5: train=5000, test=1290
Warming up TabICL model (triggering checkpoint load)...
ARRIVATO QUI 1
Loading TabICL model checkpoint 'tabicl-classifier-v1.1-0506.ckpt'...
ARRIVATO QUI
Performing dummy prediction to ensure model is loaded...
Warming up TabICL model (triggering checkpoint load)...
ARRIVATO QUI 1
Loading TabICL model checkpoint 'tabicl-classifier-v1.1-0506.ckpt'...
ARRIVATO QUI
Performing dummy prediction to ensure model is loaded...
  Embedding shape: (5000, 512)
  [tabicl+DS-simple]  train=0.9252  test=0.7229
  [tabicl+DS-vanilla] train=0.9212  test=0.7334
  [tabicl+RSF]        train=0.9640  test=0.7137
  [tabicl+Cox]        train=0.9265  test=0.7350
  [DS-simple]         train=0.7987  test=0.7680
  [DS-vanilla]        train=0.7948  test=0.7795
  [RSF]               train=0.9107  test=0.7984
  [Cox]               train=0.8034  test=0.7837

--- Sample size: 10000 ---
  Fold 1: train=5161, test=1291
Warming up TabICL model (triggering checkpoint load)...
ARRIVATO QUI 1
Loading TabICL model checkpoint 'tabicl-classifier-v1.1-0506.ckpt'...
ARRIVATO QUI
Performing dummy prediction to ensure model is loaded...
Warming up TabICL model (triggering checkpoint load)...
ARRIVATO QUI 1
Loading TabICL model checkpoint 'tabicl-classifier-v1.1-0506.ckpt'...
ARRIVATO QUI
Performing dummy prediction to ensure model is loaded...
  Embedding shape: (5161, 512)
  [tabicl+DS-simple]  train=0.9203  test=0.7353
  [tabicl+DS-vanilla] train=0.9222  test=0.7584
  [tabicl+RSF]        train=0.9627  test=0.7317
  [tabicl+Cox]        train=0.9277  test=0.7478
  [DS-simple]         train=0.7730  test=0.7702
  [DS-vanilla]        train=0.8075  test=0.7940
  [RSF]               train=0.9077  test=0.7904
  [Cox]               train=0.8016  test=0.7899
  Fold 2: train=5161, test=1291
Warming up TabICL model (triggering checkpoint load)...
ARRIVATO QUI 1
Loading TabICL model checkpoint 'tabicl-classifier-v1.1-0506.ckpt'...
ARRIVATO QUI
Performing dummy prediction to ensure model is loaded...
Warming up TabICL model (triggering checkpoint load)...
ARRIVATO QUI 1
Loading TabICL model checkpoint 'tabicl-classifier-v1.1-0506.ckpt'...
ARRIVATO QUI
Performing dummy prediction to ensure model is loaded...
  Embedding shape: (5161, 512)
  [tabicl+DS-simple]  train=0.9272  test=0.7422
  [tabicl+DS-vanilla] train=0.9240  test=0.7399
  [tabicl+RSF]        train=0.9633  test=0.7438
  [tabicl+Cox]        train=0.9290  test=0.7545
  [DS-simple]         train=0.7778  test=0.7731
  [DS-vanilla]        train=0.7959  test=0.7901
  [RSF]               train=0.9079  test=0.7860
  [Cox]               train=0.7995  test=0.7954
  Fold 3: train=5162, test=1290
Warming up TabICL model (triggering checkpoint load)...
ARRIVATO QUI 1
Loading TabICL model checkpoint 'tabicl-classifier-v1.1-0506.ckpt'...
ARRIVATO QUI
Performing dummy prediction to ensure model is loaded...
Warming up TabICL model (triggering checkpoint load)...
ARRIVATO QUI 1
Loading TabICL model checkpoint 'tabicl-classifier-v1.1-0506.ckpt'...
ARRIVATO QUI
Performing dummy prediction to ensure model is loaded...
  Embedding shape: (5162, 512)
  [tabicl+DS-simple]  train=0.9241  test=0.7388
  [tabicl+DS-vanilla] train=0.9218  test=0.7421
  [tabicl+RSF]        train=0.9630  test=0.7322
  [tabicl+Cox]        train=0.9260  test=0.7366
  [DS-simple]         train=0.7882  test=0.7757
  [DS-vanilla]        train=0.8093  test=0.7894
  [RSF]               train=0.9068  test=0.7919
  [Cox]               train=0.8004  test=0.7942
  Fold 4: train=5162, test=1290
Warming up TabICL model (triggering checkpoint load)...
ARRIVATO QUI 1
Loading TabICL model checkpoint 'tabicl-classifier-v1.1-0506.ckpt'...
ARRIVATO QUI
Performing dummy prediction to ensure model is loaded...
Warming up TabICL model (triggering checkpoint load)...
ARRIVATO QUI 1
Loading TabICL model checkpoint 'tabicl-classifier-v1.1-0506.ckpt'...
ARRIVATO QUI
Performing dummy prediction to ensure model is loaded...
  Embedding shape: (5162, 512)
  [tabicl+DS-simple]  train=0.9200  test=0.7518
  [tabicl+DS-vanilla] train=0.9165  test=0.7693
  [tabicl+RSF]        train=0.9634  test=0.7514
  [tabicl+Cox]        train=0.9269  test=0.7528
  [DS-simple]         train=0.7974  test=0.8001
  [DS-vanilla]        train=0.7986  test=0.7949
  [RSF]               train=0.9091  test=0.8077
  [Cox]               train=0.7983  test=0.8027
  Fold 5: train=5162, test=1290
Warming up TabICL model (triggering checkpoint load)...
ARRIVATO QUI 1
Loading TabICL model checkpoint 'tabicl-classifier-v1.1-0506.ckpt'...
ARRIVATO QUI
Performing dummy prediction to ensure model is loaded...
Warming up TabICL model (triggering checkpoint load)...
ARRIVATO QUI 1
Loading TabICL model checkpoint 'tabicl-classifier-v1.1-0506.ckpt'...
ARRIVATO QUI
Performing dummy prediction to ensure model is loaded...
  Embedding shape: (5162, 512)
  [tabicl+DS-simple]  train=0.9223  test=0.7290
  [tabicl+DS-vanilla] train=0.9178  test=0.7395
  [tabicl+RSF]        train=0.9644  test=0.7174
  [tabicl+Cox]        train=0.9266  test=0.7352
  [DS-simple]         train=0.7856  test=0.7575
  [DS-vanilla]        train=0.8106  test=0.7847
  [RSF]               train=0.9103  test=0.7930
  [Cox]               train=0.8033  test=0.7838

--- Sample size: 15000 skipped (actual train size 5161 already processed) ---

============================================================
Preprocess: NaN
============================================================
Loading existing folds from tmp/splits/OrmoniTirodei_seed789.pkl

--- Sample size: 100 ---
  Fold 1: train=100, test=1291
Warming up TabICL model (triggering checkpoint load)...
ARRIVATO QUI 1
Loading TabICL model checkpoint 'tabicl-classifier-v1.1-0506.ckpt'...
ARRIVATO QUI
Performing dummy prediction to ensure model is loaded...
Warming up TabICL model (triggering checkpoint load)...
ARRIVATO QUI 1
Loading TabICL model checkpoint 'tabicl-classifier-v1.1-0506.ckpt'...
ARRIVATO QUI
Performing dummy prediction to ensure model is loaded...
  Embedding shape: (100, 512)
  [tabicl+DS-simple]  train=0.8922  test=0.5987
  [tabicl+DS-vanilla] train=0.9684  test=0.6716
  [tabicl+RSF]        train=0.9580  test=0.6764
  [tabicl+Cox]        train=0.9947  test=0.4695
  Fold 2: train=100, test=1291
Warming up TabICL model (triggering checkpoint load)...
ARRIVATO QUI 1
Loading TabICL model checkpoint 'tabicl-classifier-v1.1-0506.ckpt'...
ARRIVATO QUI
Performing dummy prediction to ensure model is loaded...
Warming up TabICL model (triggering checkpoint load)...
ARRIVATO QUI 1
Loading TabICL model checkpoint 'tabicl-classifier-v1.1-0506.ckpt'...
ARRIVATO QUI
Performing dummy prediction to ensure model is loaded...
  Embedding shape: (100, 512)
  [tabicl+DS-simple]  train=0.9042  test=0.6710
  [tabicl+DS-vanilla] train=0.9127  test=0.6686
  [tabicl+RSF]        train=0.9441  test=0.6078
  [tabicl+Cox]        train=0.9990  test=0.5964
  Fold 3: train=100, test=1290
Warming up TabICL model (triggering checkpoint load)...
ARRIVATO QUI 1
Loading TabICL model checkpoint 'tabicl-classifier-v1.1-0506.ckpt'...
ARRIVATO QUI
Performing dummy prediction to ensure model is loaded...
Warming up TabICL model (triggering checkpoint load)...
ARRIVATO QUI 1
Loading TabICL model checkpoint 'tabicl-classifier-v1.1-0506.ckpt'...
ARRIVATO QUI
Performing dummy prediction to ensure model is loaded...
  Embedding shape: (100, 512)
  [tabicl+DS-simple]  train=0.8911  test=0.6811
  [tabicl+DS-vanilla] train=0.9062  test=0.6672
  [tabicl+RSF]        train=0.9483  test=0.6831
  [tabicl+Cox]        train=0.9970  test=0.6545
  Fold 4: train=100, test=1290
Warming up TabICL model (triggering checkpoint load)...
ARRIVATO QUI 1
Loading TabICL model checkpoint 'tabicl-classifier-v1.1-0506.ckpt'...
ARRIVATO QUI
Performing dummy prediction to ensure model is loaded...
Warming up TabICL model (triggering checkpoint load)...
ARRIVATO QUI 1
Loading TabICL model checkpoint 'tabicl-classifier-v1.1-0506.ckpt'...
ARRIVATO QUI
Performing dummy prediction to ensure model is loaded...
  Embedding shape: (100, 512)
  [tabicl+DS-simple]  train=0.8919  test=0.6558
  [tabicl+DS-vanilla] train=0.9286  test=0.6667
  [tabicl+RSF]        train=0.9464  test=0.6234
  [tabicl+Cox]        train=0.9955  test=0.6079
  Fold 5: train=100, test=1290
Warming up TabICL model (triggering checkpoint load)...
ARRIVATO QUI 1
Loading TabICL model checkpoint 'tabicl-classifier-v1.1-0506.ckpt'...
ARRIVATO QUI
Performing dummy prediction to ensure model is loaded...
Warming up TabICL model (triggering checkpoint load)...
ARRIVATO QUI 1
Loading TabICL model checkpoint 'tabicl-classifier-v1.1-0506.ckpt'...
ARRIVATO QUI
Performing dummy prediction to ensure model is loaded...
  Embedding shape: (100, 512)
  [tabicl+DS-simple]  train=0.9238  test=0.6270
  [tabicl+DS-vanilla] train=0.9200  test=0.6035
  [tabicl+RSF]        train=0.9332  test=0.5834
  [tabicl+Cox]        train=1.0000  test=0.6384

--- Sample size: 500 ---
  Fold 1: train=500, test=1291
Warming up TabICL model (triggering checkpoint load)...
ARRIVATO QUI 1
Loading TabICL model checkpoint 'tabicl-classifier-v1.1-0506.ckpt'...
ARRIVATO QUI
Performing dummy prediction to ensure model is loaded...
Warming up TabICL model (triggering checkpoint load)...
ARRIVATO QUI 1
Loading TabICL model checkpoint 'tabicl-classifier-v1.1-0506.ckpt'...
ARRIVATO QUI
Performing dummy prediction to ensure model is loaded...
  Embedding shape: (500, 512)
  [tabicl+DS-simple]  train=0.9024  test=0.7193
  [tabicl+DS-vanilla] train=0.9296  test=0.7118
  [tabicl+RSF]        train=0.9597  test=0.7222
  [tabicl+Cox]        train=0.9558  test=0.7038
  Fold 2: train=500, test=1291
Warming up TabICL model (triggering checkpoint load)...
ARRIVATO QUI 1
Loading TabICL model checkpoint 'tabicl-classifier-v1.1-0506.ckpt'...
ARRIVATO QUI
Performing dummy prediction to ensure model is loaded...
Warming up TabICL model (triggering checkpoint load)...
ARRIVATO QUI 1
Loading TabICL model checkpoint 'tabicl-classifier-v1.1-0506.ckpt'...
ARRIVATO QUI
Performing dummy prediction to ensure model is loaded...
  Embedding shape: (500, 512)
  [tabicl+DS-simple]  train=0.9029  test=0.6985
  [tabicl+DS-vanilla] train=0.9211  test=0.7123
  [tabicl+RSF]        train=0.9637  test=0.7020
  [tabicl+Cox]        train=0.9642  test=0.6461
  Fold 3: train=500, test=1290
Warming up TabICL model (triggering checkpoint load)...
ARRIVATO QUI 1
Loading TabICL model checkpoint 'tabicl-classifier-v1.1-0506.ckpt'...
ARRIVATO QUI
Performing dummy prediction to ensure model is loaded...
Warming up TabICL model (triggering checkpoint load)...
ARRIVATO QUI 1
Loading TabICL model checkpoint 'tabicl-classifier-v1.1-0506.ckpt'...
ARRIVATO QUI
Performing dummy prediction to ensure model is loaded...
  Embedding shape: (500, 512)
  [tabicl+DS-simple]  train=0.8840  test=0.6906
  [tabicl+DS-vanilla] train=0.8981  test=0.6432
  [tabicl+RSF]        train=0.9585  test=0.6822
  [tabicl+Cox]        train=0.9479  test=0.5547
  Fold 4: train=500, test=1290
Warming up TabICL model (triggering checkpoint load)...
ARRIVATO QUI 1
Loading TabICL model checkpoint 'tabicl-classifier-v1.1-0506.ckpt'...
ARRIVATO QUI
Performing dummy prediction to ensure model is loaded...
Warming up TabICL model (triggering checkpoint load)...
ARRIVATO QUI 1
Loading TabICL model checkpoint 'tabicl-classifier-v1.1-0506.ckpt'...
ARRIVATO QUI
Performing dummy prediction to ensure model is loaded...
  Embedding shape: (500, 512)
  [tabicl+DS-simple]  train=0.9302  test=0.7203
  [tabicl+DS-vanilla] train=0.9495  test=0.7144
  [tabicl+RSF]        train=0.9643  test=0.7190
  [tabicl+Cox]        train=0.9601  test=0.7120
  Fold 5: train=500, test=1290
Warming up TabICL model (triggering checkpoint load)...
ARRIVATO QUI 1
Loading TabICL model checkpoint 'tabicl-classifier-v1.1-0506.ckpt'...
ARRIVATO QUI
Performing dummy prediction to ensure model is loaded...
Warming up TabICL model (triggering checkpoint load)...
ARRIVATO QUI 1
Loading TabICL model checkpoint 'tabicl-classifier-v1.1-0506.ckpt'...
ARRIVATO QUI
Performing dummy prediction to ensure model is loaded...
  Embedding shape: (500, 512)
  [tabicl+DS-simple]  train=0.9124  test=0.7072
  [tabicl+DS-vanilla] train=0.9230  test=0.6869
  [tabicl+RSF]        train=0.9642  test=0.6780
  [tabicl+Cox]        train=0.9594  test=0.6456

--- Sample size: 1000 ---
  Fold 1: train=1000, test=1291
Warming up TabICL model (triggering checkpoint load)...
ARRIVATO QUI 1
Loading TabICL model checkpoint 'tabicl-classifier-v1.1-0506.ckpt'...
ARRIVATO QUI
Performing dummy prediction to ensure model is loaded...
Warming up TabICL model (triggering checkpoint load)...
ARRIVATO QUI 1
Loading TabICL model checkpoint 'tabicl-classifier-v1.1-0506.ckpt'...
ARRIVATO QUI
Performing dummy prediction to ensure model is loaded...
  Embedding shape: (1000, 512)
  [tabicl+DS-simple]  train=0.9446  test=0.7054
  [tabicl+DS-vanilla] train=0.9247  test=0.7290
  [tabicl+RSF]        train=0.9618  test=0.7326
  [tabicl+Cox]        train=0.9411  test=0.7328
  Fold 2: train=1000, test=1291
Warming up TabICL model (triggering checkpoint load)...
ARRIVATO QUI 1
Loading TabICL model checkpoint 'tabicl-classifier-v1.1-0506.ckpt'...
ARRIVATO QUI
Performing dummy prediction to ensure model is loaded...
Warming up TabICL model (triggering checkpoint load)...
ARRIVATO QUI 1
Loading TabICL model checkpoint 'tabicl-classifier-v1.1-0506.ckpt'...
ARRIVATO QUI
Performing dummy prediction to ensure model is loaded...
  Embedding shape: (1000, 512)
  [tabicl+DS-simple]  train=0.9059  test=0.7297
  [tabicl+DS-vanilla] train=0.9318  test=0.7203
  [tabicl+RSF]        train=0.9611  test=0.6993
  [tabicl+Cox]        train=0.9464  test=0.7090
  Fold 3: train=1000, test=1290
Warming up TabICL model (triggering checkpoint load)...
ARRIVATO QUI 1
Loading TabICL model checkpoint 'tabicl-classifier-v1.1-0506.ckpt'...
ARRIVATO QUI
Performing dummy prediction to ensure model is loaded...
Warming up TabICL model (triggering checkpoint load)...
ARRIVATO QUI 1
Loading TabICL model checkpoint 'tabicl-classifier-v1.1-0506.ckpt'...
ARRIVATO QUI
Performing dummy prediction to ensure model is loaded...
  Embedding shape: (1000, 512)
  [tabicl+DS-simple]  train=0.8949  test=0.7167
  [tabicl+DS-vanilla] train=0.9238  test=0.7337
  [tabicl+RSF]        train=0.9662  test=0.6978
  [tabicl+Cox]        train=0.9391  test=0.6472
  Fold 4: train=1000, test=1290
Warming up TabICL model (triggering checkpoint load)...
ARRIVATO QUI 1
Loading TabICL model checkpoint 'tabicl-classifier-v1.1-0506.ckpt'...
ARRIVATO QUI
Performing dummy prediction to ensure model is loaded...
Warming up TabICL model (triggering checkpoint load)...
ARRIVATO QUI 1
Loading TabICL model checkpoint 'tabicl-classifier-v1.1-0506.ckpt'...
ARRIVATO QUI
Performing dummy prediction to ensure model is loaded...
  Embedding shape: (1000, 512)
  [tabicl+DS-simple]  train=0.9409  test=0.7301
  [tabicl+DS-vanilla] train=0.9284  test=0.7403
  [tabicl+RSF]        train=0.9627  test=0.7409
  [tabicl+Cox]        train=0.9447  test=0.7283
  Fold 5: train=1000, test=1290
Warming up TabICL model (triggering checkpoint load)...
ARRIVATO QUI 1
Loading TabICL model checkpoint 'tabicl-classifier-v1.1-0506.ckpt'...
ARRIVATO QUI
Performing dummy prediction to ensure model is loaded...
Warming up TabICL model (triggering checkpoint load)...
ARRIVATO QUI 1
Loading TabICL model checkpoint 'tabicl-classifier-v1.1-0506.ckpt'...
ARRIVATO QUI
Performing dummy prediction to ensure model is loaded...
  Embedding shape: (1000, 512)
  [tabicl+DS-simple]  train=0.9324  test=0.7073
  [tabicl+DS-vanilla] train=0.9206  test=0.7299
  [tabicl+RSF]        train=0.9691  test=0.7148
  [tabicl+Cox]        train=0.9418  test=0.6791

--- Sample size: 2500 ---
  Fold 1: train=2500, test=1291
Warming up TabICL model (triggering checkpoint load)...
ARRIVATO QUI 1
Loading TabICL model checkpoint 'tabicl-classifier-v1.1-0506.ckpt'...
ARRIVATO QUI
Performing dummy prediction to ensure model is loaded...
Warming up TabICL model (triggering checkpoint load)...
ARRIVATO QUI 1
Loading TabICL model checkpoint 'tabicl-classifier-v1.1-0506.ckpt'...
ARRIVATO QUI
Performing dummy prediction to ensure model is loaded...
  Embedding shape: (2500, 512)
  [tabicl+DS-simple]  train=0.9228  test=0.7155
  [tabicl+DS-vanilla] train=0.9189  test=0.7521
  [tabicl+RSF]        train=0.9590  test=0.7374
  [tabicl+Cox]        train=0.9287  test=0.7098
  Fold 2: train=2500, test=1291
Warming up TabICL model (triggering checkpoint load)...
ARRIVATO QUI 1
Loading TabICL model checkpoint 'tabicl-classifier-v1.1-0506.ckpt'...
ARRIVATO QUI
Performing dummy prediction to ensure model is loaded...
Warming up TabICL model (triggering checkpoint load)...
ARRIVATO QUI 1
Loading TabICL model checkpoint 'tabicl-classifier-v1.1-0506.ckpt'...
ARRIVATO QUI
Performing dummy prediction to ensure model is loaded...
  Embedding shape: (2500, 512)
  [tabicl+DS-simple]  train=0.9253  test=0.6969
  [tabicl+DS-vanilla] train=0.9185  test=0.7245
  [tabicl+RSF]        train=0.9616  test=0.7264
  [tabicl+Cox]        train=0.9316  test=0.7168
  Fold 3: train=2500, test=1290
Warming up TabICL model (triggering checkpoint load)...
ARRIVATO QUI 1
Loading TabICL model checkpoint 'tabicl-classifier-v1.1-0506.ckpt'...
ARRIVATO QUI
Performing dummy prediction to ensure model is loaded...
Warming up TabICL model (triggering checkpoint load)...
ARRIVATO QUI 1
Loading TabICL model checkpoint 'tabicl-classifier-v1.1-0506.ckpt'...
ARRIVATO QUI
Performing dummy prediction to ensure model is loaded...
  Embedding shape: (2500, 512)
  [tabicl+DS-simple]  train=0.9244  test=0.7205
  [tabicl+DS-vanilla] train=0.9098  test=0.7587
  [tabicl+RSF]        train=0.9644  test=0.7415
  [tabicl+Cox]        train=0.9274  test=0.7097
  Fold 4: train=2500, test=1290
Warming up TabICL model (triggering checkpoint load)...
ARRIVATO QUI 1
Loading TabICL model checkpoint 'tabicl-classifier-v1.1-0506.ckpt'...
ARRIVATO QUI
Performing dummy prediction to ensure model is loaded...
Warming up TabICL model (triggering checkpoint load)...
ARRIVATO QUI 1
Loading TabICL model checkpoint 'tabicl-classifier-v1.1-0506.ckpt'...
ARRIVATO QUI
Performing dummy prediction to ensure model is loaded...
  Embedding shape: (2500, 512)
  [tabicl+DS-simple]  train=0.9315  test=0.7561
  [tabicl+DS-vanilla] train=0.9220  test=0.7604
  [tabicl+RSF]        train=0.9635  test=0.7578
  [tabicl+Cox]        train=0.9327  test=0.7581
  Fold 5: train=2500, test=1290
Warming up TabICL model (triggering checkpoint load)...
ARRIVATO QUI 1
Loading TabICL model checkpoint 'tabicl-classifier-v1.1-0506.ckpt'...
ARRIVATO QUI
Performing dummy prediction to ensure model is loaded...
Warming up TabICL model (triggering checkpoint load)...
ARRIVATO QUI 1
Loading TabICL model checkpoint 'tabicl-classifier-v1.1-0506.ckpt'...
ARRIVATO QUI
Performing dummy prediction to ensure model is loaded...
  Embedding shape: (2500, 512)
  [tabicl+DS-simple]  train=0.9301  test=0.7143
  [tabicl+DS-vanilla] train=0.9201  test=0.7311
  [tabicl+RSF]        train=0.9629  test=0.7224
  [tabicl+Cox]        train=0.9313  test=0.7126

--- Sample size: 5000 ---
  Fold 1: train=5000, test=1291
Warming up TabICL model (triggering checkpoint load)...
ARRIVATO QUI 1
Loading TabICL model checkpoint 'tabicl-classifier-v1.1-0506.ckpt'...
ARRIVATO QUI
Performing dummy prediction to ensure model is loaded...
Warming up TabICL model (triggering checkpoint load)...
ARRIVATO QUI 1
Loading TabICL model checkpoint 'tabicl-classifier-v1.1-0506.ckpt'...
ARRIVATO QUI
Performing dummy prediction to ensure model is loaded...
  Embedding shape: (5000, 512)
  [tabicl+DS-simple]  train=0.9245  test=0.7294
  [tabicl+DS-vanilla] train=0.9200  test=0.7443
  [tabicl+RSF]        train=0.9611  test=0.7311
  [tabicl+Cox]        train=0.9255  test=0.7429
  Fold 2: train=5000, test=1291
Warming up TabICL model (triggering checkpoint load)...
ARRIVATO QUI 1
Loading TabICL model checkpoint 'tabicl-classifier-v1.1-0506.ckpt'...
ARRIVATO QUI
Performing dummy prediction to ensure model is loaded...
Warming up TabICL model (triggering checkpoint load)...
ARRIVATO QUI 1
Loading TabICL model checkpoint 'tabicl-classifier-v1.1-0506.ckpt'...
ARRIVATO QUI
Performing dummy prediction to ensure model is loaded...
  Embedding shape: (5000, 512)
  [tabicl+DS-simple]  train=0.9208  test=0.7408
  [tabicl+DS-vanilla] train=0.9182  test=0.7340
  [tabicl+RSF]        train=0.9614  test=0.7409
  [tabicl+Cox]        train=0.9265  test=0.7466
  Fold 3: train=5000, test=1290
Warming up TabICL model (triggering checkpoint load)...
ARRIVATO QUI 1
Loading TabICL model checkpoint 'tabicl-classifier-v1.1-0506.ckpt'...
ARRIVATO QUI
Performing dummy prediction to ensure model is loaded...
Warming up TabICL model (triggering checkpoint load)...
ARRIVATO QUI 1
Loading TabICL model checkpoint 'tabicl-classifier-v1.1-0506.ckpt'...
ARRIVATO QUI
Performing dummy prediction to ensure model is loaded...
  Embedding shape: (5000, 512)
  [tabicl+DS-simple]  train=0.9149  test=0.7442
  [tabicl+DS-vanilla] train=0.9165  test=0.7658
  [tabicl+RSF]        train=0.9626  test=0.7431
  [tabicl+Cox]        train=0.9240  test=0.7309
  Fold 4: train=5000, test=1290
Warming up TabICL model (triggering checkpoint load)...
ARRIVATO QUI 1
Loading TabICL model checkpoint 'tabicl-classifier-v1.1-0506.ckpt'...
ARRIVATO QUI
Performing dummy prediction to ensure model is loaded...
Warming up TabICL model (triggering checkpoint load)...
ARRIVATO QUI 1
Loading TabICL model checkpoint 'tabicl-classifier-v1.1-0506.ckpt'...
ARRIVATO QUI
Performing dummy prediction to ensure model is loaded...
  Embedding shape: (5000, 512)
  [tabicl+DS-simple]  train=0.9261  test=0.7386
  [tabicl+DS-vanilla] train=0.9231  test=0.7579
  [tabicl+RSF]        train=0.9633  test=0.7679
  [tabicl+Cox]        train=0.9247  test=0.7604
  Fold 5: train=5000, test=1290
Warming up TabICL model (triggering checkpoint load)...
ARRIVATO QUI 1
Loading TabICL model checkpoint 'tabicl-classifier-v1.1-0506.ckpt'...
ARRIVATO QUI
Performing dummy prediction to ensure model is loaded...
Warming up TabICL model (triggering checkpoint load)...
ARRIVATO QUI 1
Loading TabICL model checkpoint 'tabicl-classifier-v1.1-0506.ckpt'...
ARRIVATO QUI
Performing dummy prediction to ensure model is loaded...
  Embedding shape: (5000, 512)
  [tabicl+DS-simple]  train=0.9202  test=0.7255
  [tabicl+DS-vanilla] train=0.9225  test=0.7403
  [tabicl+RSF]        train=0.9628  test=0.7364
  [tabicl+Cox]        train=0.9255  test=0.7367

--- Sample size: 10000 ---
  Fold 1: train=5161, test=1291
Warming up TabICL model (triggering checkpoint load)...
ARRIVATO QUI 1
Loading TabICL model checkpoint 'tabicl-classifier-v1.1-0506.ckpt'...
ARRIVATO QUI
Performing dummy prediction to ensure model is loaded...
Warming up TabICL model (triggering checkpoint load)...
ARRIVATO QUI 1
Loading TabICL model checkpoint 'tabicl-classifier-v1.1-0506.ckpt'...
ARRIVATO QUI
Performing dummy prediction to ensure model is loaded...
  Embedding shape: (5161, 512)
  [tabicl+DS-simple]  train=0.9228  test=0.7297
  [tabicl+DS-vanilla] train=0.9156  test=0.7521
  [tabicl+RSF]        train=0.9613  test=0.7375
  [tabicl+Cox]        train=0.9254  test=0.7422
  Fold 2: train=5161, test=1291
Warming up TabICL model (triggering checkpoint load)...
ARRIVATO QUI 1
Loading TabICL model checkpoint 'tabicl-classifier-v1.1-0506.ckpt'...
ARRIVATO QUI
Performing dummy prediction to ensure model is loaded...
Warming up TabICL model (triggering checkpoint load)...
ARRIVATO QUI 1
Loading TabICL model checkpoint 'tabicl-classifier-v1.1-0506.ckpt'...
ARRIVATO QUI
Performing dummy prediction to ensure model is loaded...
  Embedding shape: (5161, 512)
  [tabicl+DS-simple]  train=0.9222  test=0.7366
  [tabicl+DS-vanilla] train=0.9196  test=0.7593
  [tabicl+RSF]        train=0.9619  test=0.7438
  [tabicl+Cox]        train=0.9267  test=0.7466
  Fold 3: train=5162, test=1290
Warming up TabICL model (triggering checkpoint load)...
ARRIVATO QUI 1
Loading TabICL model checkpoint 'tabicl-classifier-v1.1-0506.ckpt'...
ARRIVATO QUI
Performing dummy prediction to ensure model is loaded...
Warming up TabICL model (triggering checkpoint load)...
ARRIVATO QUI 1
Loading TabICL model checkpoint 'tabicl-classifier-v1.1-0506.ckpt'...
ARRIVATO QUI
Performing dummy prediction to ensure model is loaded...
  Embedding shape: (5162, 512)
  [tabicl+DS-simple]  train=0.9198  test=0.7310
  [tabicl+DS-vanilla] train=0.9127  test=0.7401
  [tabicl+RSF]        train=0.9621  test=0.7397
  [tabicl+Cox]        train=0.9240  test=0.7384
  Fold 4: train=5162, test=1290
Warming up TabICL model (triggering checkpoint load)...
ARRIVATO QUI 1
Loading TabICL model checkpoint 'tabicl-classifier-v1.1-0506.ckpt'...
ARRIVATO QUI
Performing dummy prediction to ensure model is loaded...
Warming up TabICL model (triggering checkpoint load)...
ARRIVATO QUI 1
Loading TabICL model checkpoint 'tabicl-classifier-v1.1-0506.ckpt'...
ARRIVATO QUI
Performing dummy prediction to ensure model is loaded...
  Embedding shape: (5162, 512)
  [tabicl+DS-simple]  train=0.9208  test=0.7531
  [tabicl+DS-vanilla] train=0.9227  test=0.7518
  [tabicl+RSF]        train=0.9631  test=0.7667
  [tabicl+Cox]        train=0.9247  test=0.7604
  Fold 5: train=5162, test=1290
Warming up TabICL model (triggering checkpoint load)...
ARRIVATO QUI 1
Loading TabICL model checkpoint 'tabicl-classifier-v1.1-0506.ckpt'...
ARRIVATO QUI
Performing dummy prediction to ensure model is loaded...
Warming up TabICL model (triggering checkpoint load)...
ARRIVATO QUI 1
Loading TabICL model checkpoint 'tabicl-classifier-v1.1-0506.ckpt'...
ARRIVATO QUI
Performing dummy prediction to ensure model is loaded...
  Embedding shape: (5162, 512)
  [tabicl+DS-simple]  train=0.9221  test=0.7205
  [tabicl+DS-vanilla] train=0.9216  test=0.7488
  [tabicl+RSF]        train=0.9629  test=0.7366
  [tabicl+Cox]        train=0.9254  test=0.7376

--- Sample size: 15000 skipped (actual train size 5161 already processed) ---

Data saved → results/OrmoniTirodei/tabicl/results_samplesize_OrmoniTirodei_tabicl_seed789_data.txt

Dataset: OrmoniTirodei | Model: tabicl | Seed: 789
======================================================================

Preprocess: -1
------------------------------------------------------------

  Sample size (requested):    100  |  actual mean: 100
    TRAIN tabicl+DS-simple            → mean: 0.8975 | std: 0.0243 | min: 0.8601 | max: 0.9288
    TEST  tabicl+DS-simple            → mean: 0.6440 | std: 0.0416 | min: 0.5739 | max: 0.7039
    TRAIN tabicl+DS-vanilla           → mean: 0.9253 | std: 0.0235 | min: 0.8947 | max: 0.9507
    TEST  tabicl+DS-vanilla           → mean: 0.6460 | std: 0.0478 | min: 0.5606 | max: 0.6952
    TRAIN tabicl+RSF                  → mean: 0.9495 | std: 0.0028 | min: 0.9467 | max: 0.9532
    TEST  tabicl+RSF                  → mean: 0.6315 | std: 0.0165 | min: 0.6019 | max: 0.6458
    TRAIN tabicl+Cox                  → mean: 0.9676 | std: 0.0398 | min: 0.9027 | max: 0.9990
    TEST  tabicl+Cox                  → mean: 0.6051 | std: 0.0391 | min: 0.5523 | max: 0.6678
    TRAIN DS-simple (base)            → mean: 0.6483 | std: 0.0490 | min: 0.5765 | max: 0.7148
    TEST  DS-simple (base)            → mean: 0.6052 | std: 0.0532 | min: 0.5545 | max: 0.7052
    TRAIN DS-vanilla (base)           → mean: 0.7404 | std: 0.1185 | min: 0.5314 | max: 0.8505
    TEST  DS-vanilla (base)           → mean: 0.6239 | std: 0.0375 | min: 0.5725 | max: 0.6840
    TRAIN RSF (base)                  → mean: 0.9389 | std: 0.0154 | min: 0.9137 | max: 0.9582
    TEST  RSF (base)                  → mean: 0.7098 | std: 0.0169 | min: 0.6910 | max: 0.7383
    TRAIN Cox (base)                  → no valid scores
    TEST  Cox (base)                  → no valid scores

  Sample size (requested):    500  |  actual mean: 500
    TRAIN tabicl+DS-simple            → mean: 0.8992 | std: 0.0182 | min: 0.8698 | max: 0.9209
    TEST  tabicl+DS-simple            → mean: 0.7059 | std: 0.0217 | min: 0.6690 | max: 0.7328
    TRAIN tabicl+DS-vanilla           → mean: 0.9378 | std: 0.0115 | min: 0.9186 | max: 0.9510
    TEST  tabicl+DS-vanilla           → mean: 0.7133 | std: 0.0124 | min: 0.6914 | max: 0.7264
    TRAIN tabicl+RSF                  → mean: 0.9650 | std: 0.0027 | min: 0.9613 | max: 0.9692
    TEST  tabicl+RSF                  → mean: 0.6967 | std: 0.0265 | min: 0.6512 | max: 0.7282
    TRAIN tabicl+Cox                  → mean: 0.9607 | std: 0.0035 | min: 0.9572 | max: 0.9668
    TEST  tabicl+Cox                  → mean: 0.6697 | std: 0.0391 | min: 0.5999 | max: 0.7183
    TRAIN DS-simple (base)            → mean: 0.8121 | std: 0.0118 | min: 0.7897 | max: 0.8220
    TEST  DS-simple (base)            → mean: 0.7634 | std: 0.0112 | min: 0.7431 | max: 0.7747
    TRAIN DS-vanilla (base)           → mean: 0.8325 | std: 0.0097 | min: 0.8232 | max: 0.8501
    TEST  DS-vanilla (base)           → mean: 0.7520 | std: 0.0102 | min: 0.7367 | max: 0.7621
    TRAIN RSF (base)                  → mean: 0.9159 | std: 0.0098 | min: 0.9063 | max: 0.9335
    TEST  RSF (base)                  → mean: 0.7761 | std: 0.0035 | min: 0.7699 | max: 0.7802
    TRAIN Cox (base)                  → mean: 0.8305 | std: 0.0112 | min: 0.8161 | max: 0.8435
    TEST  Cox (base)                  → mean: 0.7755 | std: 0.0081 | min: 0.7653 | max: 0.7851

  Sample size (requested):   1000  |  actual mean: 1000
    TRAIN tabicl+DS-simple            → mean: 0.9007 | std: 0.0129 | min: 0.8887 | max: 0.9259
    TEST  tabicl+DS-simple            → mean: 0.7060 | std: 0.0194 | min: 0.6757 | max: 0.7305
    TRAIN tabicl+DS-vanilla           → mean: 0.9234 | std: 0.0105 | min: 0.9066 | max: 0.9379
    TEST  tabicl+DS-vanilla           → mean: 0.7296 | std: 0.0107 | min: 0.7145 | max: 0.7468
    TRAIN tabicl+RSF                  → mean: 0.9667 | std: 0.0035 | min: 0.9630 | max: 0.9732
    TEST  tabicl+RSF                  → mean: 0.7208 | std: 0.0210 | min: 0.6957 | max: 0.7513
    TRAIN tabicl+Cox                  → mean: 0.9439 | std: 0.0042 | min: 0.9401 | max: 0.9507
    TEST  tabicl+Cox                  → mean: 0.7045 | std: 0.0367 | min: 0.6402 | max: 0.7367
    TRAIN DS-simple (base)            → mean: 0.8083 | std: 0.0086 | min: 0.7955 | max: 0.8187
    TEST  DS-simple (base)            → mean: 0.7817 | std: 0.0122 | min: 0.7618 | max: 0.7952
    TRAIN DS-vanilla (base)           → mean: 0.8030 | std: 0.0179 | min: 0.7791 | max: 0.8235
    TEST  DS-vanilla (base)           → mean: 0.7673 | std: 0.0189 | min: 0.7340 | max: 0.7869
    TRAIN RSF (base)                  → mean: 0.9165 | std: 0.0027 | min: 0.9118 | max: 0.9192
    TEST  RSF (base)                  → mean: 0.7841 | std: 0.0090 | min: 0.7709 | max: 0.7963
    TRAIN Cox (base)                  → mean: 0.8107 | std: 0.0077 | min: 0.8002 | max: 0.8193
    TEST  Cox (base)                  → mean: 0.7841 | std: 0.0077 | min: 0.7745 | max: 0.7961

  Sample size (requested):   2500  |  actual mean: 2500
    TRAIN tabicl+DS-simple            → mean: 0.9315 | std: 0.0038 | min: 0.9268 | max: 0.9363
    TEST  tabicl+DS-simple            → mean: 0.7244 | std: 0.0094 | min: 0.7122 | max: 0.7411
    TRAIN tabicl+DS-vanilla           → mean: 0.9253 | std: 0.0045 | min: 0.9194 | max: 0.9322
    TEST  tabicl+DS-vanilla           → mean: 0.7453 | std: 0.0102 | min: 0.7261 | max: 0.7550
    TRAIN tabicl+RSF                  → mean: 0.9627 | std: 0.0019 | min: 0.9593 | max: 0.9647
    TEST  tabicl+RSF                  → mean: 0.7286 | std: 0.0105 | min: 0.7165 | max: 0.7478
    TRAIN tabicl+Cox                  → mean: 0.9331 | std: 0.0026 | min: 0.9301 | max: 0.9363
    TEST  tabicl+Cox                  → mean: 0.7310 | std: 0.0125 | min: 0.7098 | max: 0.7477
    TRAIN DS-simple (base)            → mean: 0.7956 | std: 0.0067 | min: 0.7866 | max: 0.8049
    TEST  DS-simple (base)            → mean: 0.7821 | std: 0.0148 | min: 0.7548 | max: 0.7995
    TRAIN DS-vanilla (base)           → mean: 0.8092 | std: 0.0104 | min: 0.7938 | max: 0.8260
    TEST  DS-vanilla (base)           → mean: 0.7856 | std: 0.0059 | min: 0.7774 | max: 0.7917
    TRAIN RSF (base)                  → mean: 0.9111 | std: 0.0021 | min: 0.9075 | max: 0.9141
    TEST  RSF (base)                  → mean: 0.7902 | std: 0.0069 | min: 0.7816 | max: 0.8014
    TRAIN Cox (base)                  → mean: 0.8045 | std: 0.0066 | min: 0.7950 | max: 0.8106
    TEST  Cox (base)                  → mean: 0.7918 | std: 0.0054 | min: 0.7854 | max: 0.7999

  Sample size (requested):   5000  |  actual mean: 5000
    TRAIN tabicl+DS-simple            → mean: 0.9244 | std: 0.0020 | min: 0.9214 | max: 0.9267
    TEST  tabicl+DS-simple            → mean: 0.7365 | std: 0.0117 | min: 0.7229 | max: 0.7542
    TRAIN tabicl+DS-vanilla           → mean: 0.9211 | std: 0.0020 | min: 0.9184 | max: 0.9240
    TEST  tabicl+DS-vanilla           → mean: 0.7477 | std: 0.0102 | min: 0.7334 | max: 0.7635
    TRAIN tabicl+RSF                  → mean: 0.9632 | std: 0.0007 | min: 0.9621 | max: 0.9640
    TEST  tabicl+RSF                  → mean: 0.7352 | std: 0.0137 | min: 0.7137 | max: 0.7516
    TRAIN tabicl+Cox                  → mean: 0.9271 | std: 0.0009 | min: 0.9258 | max: 0.9285
    TEST  tabicl+Cox                  → mean: 0.7446 | std: 0.0097 | min: 0.7316 | max: 0.7564
    TRAIN DS-simple (base)            → mean: 0.7886 | std: 0.0086 | min: 0.7773 | max: 0.7987
    TEST  DS-simple (base)            → mean: 0.7829 | std: 0.0076 | min: 0.7680 | max: 0.7891/scratch.hpc/luca.cotugno/Foundation_model_clinical_data/.venv/lib/python3.12/site-packages/lifelines/utils/__init__.py:990: ConvergenceWarning: Your dataset has more variables than samples. Even with a penalizer (which you must use), convergence is not guaranteed.

  warnings.warn(warning_text, ConvergenceWarning)
/scratch.hpc/luca.cotugno/Foundation_model_clinical_data/.venv/lib/python3.12/site-packages/lifelines/fitters/coxph_fitter.py:1614: ConvergenceWarning: Newton-Raphson failed to converge sufficiently. Please see the following tips in the lifelines documentation: https://lifelines.readthedocs.io/en/latest/Examples.html#problems-with-convergence-in-the-cox-proportional-hazard-model
  warnings.warn(
/scratch.hpc/luca.cotugno/Foundation_model_clinical_data/.venv/lib/python3.12/site-packages/lifelines/utils/__init__.py:990: ConvergenceWarning: Your dataset has more variables than samples. Even with a penalizer (which you must use), convergence is not guaranteed.

  warnings.warn(warning_text, ConvergenceWarning)
/scratch.hpc/luca.cotugno/Foundation_model_clinical_data/.venv/lib/python3.12/site-packages/lifelines/fitters/coxph_fitter.py:1614: ConvergenceWarning: Newton-Raphson failed to converge sufficiently. Please see the following tips in the lifelines documentation: https://lifelines.readthedocs.io/en/latest/Examples.html#problems-with-convergence-in-the-cox-proportional-hazard-model
  warnings.warn(
/scratch.hpc/luca.cotugno/Foundation_model_clinical_data/.venv/lib/python3.12/site-packages/lifelines/utils/__init__.py:990: ConvergenceWarning: Your dataset has more variables than samples. Even with a penalizer (which you must use), convergence is not guaranteed.

  warnings.warn(warning_text, ConvergenceWarning)
/scratch.hpc/luca.cotugno/Foundation_model_clinical_data/.venv/lib/python3.12/site-packages/lifelines/fitters/coxph_fitter.py:1614: ConvergenceWarning: Newton-Raphson failed to converge sufficiently. Please see the following tips in the lifelines documentation: https://lifelines.readthedocs.io/en/latest/Examples.html#problems-with-convergence-in-the-cox-proportional-hazard-model
  warnings.warn(
/scratch.hpc/luca.cotugno/Foundation_model_clinical_data/.venv/lib/python3.12/site-packages/lifelines/utils/__init__.py:990: ConvergenceWarning: Your dataset has more variables than samples. Even with a penalizer (which you must use), convergence is not guaranteed.

  warnings.warn(warning_text, ConvergenceWarning)
/scratch.hpc/luca.cotugno/Foundation_model_clinical_data/.venv/lib/python3.12/site-packages/lifelines/fitters/coxph_fitter.py:1614: ConvergenceWarning: Newton-Raphson failed to converge sufficiently. Please see the following tips in the lifelines documentation: https://lifelines.readthedocs.io/en/latest/Examples.html#problems-with-convergence-in-the-cox-proportional-hazard-model
  warnings.warn(
/scratch.hpc/luca.cotugno/Foundation_model_clinical_data/.venv/lib/python3.12/site-packages/pycox/models/cox.py:251: RuntimeWarning: overflow encountered in exp
  expg = np.exp(self.predict(input, batch_size, True, eval_, num_workers=num_workers)).reshape(1, -1)
/scratch.hpc/luca.cotugno/Foundation_model_clinical_data/.venv/lib/python3.12/site-packages/lifelines/utils/__init__.py:990: ConvergenceWarning: Your dataset has more variables than samples. Even with a penalizer (which you must use), convergence is not guaranteed.

  warnings.warn(warning_text, ConvergenceWarning)
/scratch.hpc/luca.cotugno/Foundation_model_clinical_data/.venv/lib/python3.12/site-packages/lifelines/fitters/coxph_fitter.py:1614: ConvergenceWarning: Newton-Raphson failed to converge sufficiently. Please see the following tips in the lifelines documentation: https://lifelines.readthedocs.io/en/latest/Examples.html#problems-with-convergence-in-the-cox-proportional-hazard-model
  warnings.warn(
/scratch.hpc/luca.cotugno/Foundation_model_clinical_data/.venv/lib/python3.12/site-packages/lifelines/utils/__init__.py:990: ConvergenceWarning: Your dataset has more variables than samples. Even with a penalizer (which you must use), convergence is not guaranteed.

  warnings.warn(warning_text, ConvergenceWarning)
/scratch.hpc/luca.cotugno/Foundation_model_clinical_data/.venv/lib/python3.12/site-packages/lifelines/fitters/coxph_fitter.py:1614: ConvergenceWarning: Newton-Raphson failed to converge sufficiently. Please see the following tips in the lifelines documentation: https://lifelines.readthedocs.io/en/latest/Examples.html#problems-with-convergence-in-the-cox-proportional-hazard-model
  warnings.warn(
/scratch.hpc/luca.cotugno/Foundation_model_clinical_data/.venv/lib/python3.12/site-packages/lifelines/utils/__init__.py:990: ConvergenceWarning: Your dataset has more variables than samples. Even with a penalizer (which you must use), convergence is not guaranteed.

  warnings.warn(warning_text, ConvergenceWarning)
/scratch.hpc/luca.cotugno/Foundation_model_clinical_data/.venv/lib/python3.12/site-packages/lifelines/fitters/coxph_fitter.py:1614: ConvergenceWarning: Newton-Raphson failed to converge sufficiently. Please see the following tips in the lifelines documentation: https://lifelines.readthedocs.io/en/latest/Examples.html#problems-with-convergence-in-the-cox-proportional-hazard-model
  warnings.warn(
/scratch.hpc/luca.cotugno/Foundation_model_clinical_data/test_sample_size.py:471: RuntimeWarning: Mean of empty slice
  "train_mean":    np.nanmean(tr_vals),
/scratch.hpc/luca.cotugno/Foundation_model_clinical_data/.venv/lib/python3.12/site-packages/numpy/lib/_nanfunctions_impl.py:1997: RuntimeWarning: Degrees of freedom <= 0 for slice.
  var = nanvar(a, axis=axis, dtype=dtype, out=out, ddof=ddof,
/scratch.hpc/luca.cotugno/Foundation_model_clinical_data/test_sample_size.py:473: RuntimeWarning: Mean of empty slice
  "test_mean":     np.nanmean(te_vals),

    TRAIN DS-vanilla (base)           → mean: 0.8088 | std: 0.0086 | min: 0.7948 | max: 0.8193
    TEST  DS-vanilla (base)           → mean: 0.7897 | std: 0.0079 | min: 0.7795 | max: 0.7990
    TRAIN RSF (base)                  → mean: 0.9085 | std: 0.0014 | min: 0.9064 | max: 0.9107
    TEST  RSF (base)                  → mean: 0.7987 | std: 0.0070 | min: 0.7883 | max: 0.8104
    TRAIN Cox (base)                  → mean: 0.8007 | std: 0.0020 | min: 0.7976 | max: 0.8034
    TEST  Cox (base)                  → mean: 0.7931 | std: 0.0063 | min: 0.7837 | max: 0.8024

  Sample size (requested):  10000  |  actual mean: 5161
    TRAIN tabicl+DS-simple            → mean: 0.9227 | std: 0.0027 | min: 0.9200 | max: 0.9272
    TEST  tabicl+DS-simple            → mean: 0.7394 | std: 0.0076 | min: 0.7290 | max: 0.7518
    TRAIN tabicl+DS-vanilla           → mean: 0.9205 | std: 0.0028 | min: 0.9165 | max: 0.9240
    TEST  tabicl+DS-vanilla           → mean: 0.7498 | std: 0.0120 | min: 0.7395 | max: 0.7693
    TRAIN tabicl+RSF                  → mean: 0.9633 | std: 0.0006 | min: 0.9627 | max: 0.9644
    TEST  tabicl+RSF                  → mean: 0.7353 | std: 0.0116 | min: 0.7174 | max: 0.7514
    TRAIN tabicl+Cox                  → mean: 0.9273 | std: 0.0010 | min: 0.9260 | max: 0.9290
    TEST  tabicl+Cox                  → mean: 0.7454 | std: 0.0080 | min: 0.7352 | max: 0.7545
    TRAIN DS-simple (base)            → mean: 0.7844 | std: 0.0085 | min: 0.7730 | max: 0.7974
    TEST  DS-simple (base)            → mean: 0.7753 | std: 0.0139 | min: 0.7575 | max: 0.8001
    TRAIN DS-vanilla (base)           → mean: 0.8044 | std: 0.0060 | min: 0.7959 | max: 0.8106
    TEST  DS-vanilla (base)           → mean: 0.7906 | std: 0.0036 | min: 0.7847 | max: 0.7949
    TRAIN RSF (base)                  → mean: 0.9083 | std: 0.0012 | min: 0.9068 | max: 0.9103
    TEST  RSF (base)                  → mean: 0.7938 | std: 0.0073 | min: 0.7860 | max: 0.8077
    TRAIN Cox (base)                  → mean: 0.8006 | std: 0.0017 | min: 0.7983 | max: 0.8033
    TEST  Cox (base)                  → mean: 0.7932 | std: 0.0062 | min: 0.7838 | max: 0.8027

Preprocess: NaN
------------------------------------------------------------

  Sample size (requested):    100  |  actual mean: 100
    TRAIN tabicl+DS-simple            → mean: 0.9006 | std: 0.0126 | min: 0.8911 | max: 0.9238
    TEST  tabicl+DS-simple            → mean: 0.6467 | std: 0.0302 | min: 0.5987 | max: 0.6811
    TRAIN tabicl+DS-vanilla           → mean: 0.9272 | std: 0.0219 | min: 0.9062 | max: 0.9684
    TEST  tabicl+DS-vanilla           → mean: 0.6555 | std: 0.0261 | min: 0.6035 | max: 0.6716
    TRAIN tabicl+RSF                  → mean: 0.9460 | std: 0.0080 | min: 0.9332 | max: 0.9580
    TEST  tabicl+RSF                  → mean: 0.6348 | std: 0.0389 | min: 0.5834 | max: 0.6831
    TRAIN tabicl+Cox                  → mean: 0.9972 | std: 0.0020 | min: 0.9947 | max: 1.0000
    TEST  tabicl+Cox                  → mean: 0.5934 | std: 0.0653 | min: 0.4695 | max: 0.6545

  Sample size (requested):    500  |  actual mean: 500
    TRAIN tabicl+DS-simple            → mean: 0.9064 | std: 0.0150 | min: 0.8840 | max: 0.9302
    TEST  tabicl+DS-simple            → mean: 0.7072 | std: 0.0116 | min: 0.6906 | max: 0.7203
    TRAIN tabicl+DS-vanilla           → mean: 0.9242 | std: 0.0165 | min: 0.8981 | max: 0.9495
    TEST  tabicl+DS-vanilla           → mean: 0.6937 | std: 0.0272 | min: 0.6432 | max: 0.7144
    TRAIN tabicl+RSF                  → mean: 0.9621 | std: 0.0025 | min: 0.9585 | max: 0.9643
    TEST  tabicl+RSF                  → mean: 0.7007 | std: 0.0182 | min: 0.6780 | max: 0.7222
    TRAIN tabicl+Cox                  → mean: 0.9575 | std: 0.0055 | min: 0.9479 | max: 0.9642
    TEST  tabicl+Cox                  → mean: 0.6524 | std: 0.0563 | min: 0.5547 | max: 0.7120

  Sample size (requested):   1000  |  actual mean: 1000
    TRAIN tabicl+DS-simple            → mean: 0.9237 | std: 0.0198 | min: 0.8949 | max: 0.9446
    TEST  tabicl+DS-simple            → mean: 0.7178 | std: 0.0106 | min: 0.7054 | max: 0.7301
    TRAIN tabicl+DS-vanilla           → mean: 0.9258 | std: 0.0039 | min: 0.9206 | max: 0.9318
    TEST  tabicl+DS-vanilla           → mean: 0.7306 | std: 0.0065 | min: 0.7203 | max: 0.7403
    TRAIN tabicl+RSF                  → mean: 0.9642 | std: 0.0030 | min: 0.9611 | max: 0.9691
    TEST  tabicl+RSF                  → mean: 0.7171 | std: 0.0173 | min: 0.6978 | max: 0.7409
    TRAIN tabicl+Cox                  → mean: 0.9426 | std: 0.0026 | min: 0.9391 | max: 0.9464
    TEST  tabicl+Cox                  → mean: 0.6993 | std: 0.0322 | min: 0.6472 | max: 0.7328

  Sample size (requested):   2500  |  actual mean: 2500
    TRAIN tabicl+DS-simple            → mean: 0.9268 | std: 0.0034 | min: 0.9228 | max: 0.9315
    TEST  tabicl+DS-simple            → mean: 0.7207 | std: 0.0194 | min: 0.6969 | max: 0.7561
    TRAIN tabicl+DS-vanilla           → mean: 0.9179 | std: 0.0042 | min: 0.9098 | max: 0.9220
    TEST  tabicl+DS-vanilla           → mean: 0.7454 | std: 0.0147 | min: 0.7245 | max: 0.7604
    TRAIN tabicl+RSF                  → mean: 0.9623 | std: 0.0019 | min: 0.9590 | max: 0.9644
    TEST  tabicl+RSF                  → mean: 0.7371 | std: 0.0125 | min: 0.7224 | max: 0.7578
    TRAIN tabicl+Cox                  → mean: 0.9303 | std: 0.0020 | min: 0.9274 | max: 0.9327
    TEST  tabicl+Cox                  → mean: 0.7214 | std: 0.0185 | min: 0.7097 | max: 0.7581

  Sample size (requested):   5000  |  actual mean: 5000
    TRAIN tabicl+DS-simple            → mean: 0.9213 | std: 0.0039 | min: 0.9149 | max: 0.9261
    TEST  tabicl+DS-simple            → mean: 0.7357 | std: 0.0071 | min: 0.7255 | max: 0.7442
    TRAIN tabicl+DS-vanilla           → mean: 0.9201 | std: 0.0025 | min: 0.9165 | max: 0.9231
    TEST  tabicl+DS-vanilla           → mean: 0.7485 | std: 0.0117 | min: 0.7340 | max: 0.7658
    TRAIN tabicl+RSF                  → mean: 0.9622 | std: 0.0008 | min: 0.9611 | max: 0.9633
    TEST  tabicl+RSF                  → mean: 0.7439 | std: 0.0127 | min: 0.7311 | max: 0.7679
    TRAIN tabicl+Cox                  → mean: 0.9252 | std: 0.0008 | min: 0.9240 | max: 0.9265
    TEST  tabicl+Cox                  → mean: 0.7435 | std: 0.0100 | min: 0.7309 | max: 0.7604

  Sample size (requested):  10000  |  actual mean: 5161
    TRAIN tabicl+DS-simple            → mean: 0.9216 | std: 0.0011 | min: 0.9198 | max: 0.9228
    TEST  tabicl+DS-simple            → mean: 0.7341 | std: 0.0108 | min: 0.7205 | max: 0.7531
    TRAIN tabicl+DS-vanilla           → mean: 0.9184 | std: 0.0038 | min: 0.9127 | max: 0.9227
    TEST  tabicl+DS-vanilla           → mean: 0.7504 | std: 0.0062 | min: 0.7401 | max: 0.7593
    TRAIN tabicl+RSF                  → mean: 0.9623 | std: 0.0007 | min: 0.9613 | max: 0.9631
    TEST  tabicl+RSF                  → mean: 0.7449 | std: 0.0112 | min: 0.7366 | max: 0.7667
    TRAIN tabicl+Cox                  → mean: 0.9252 | std: 0.0009 | min: 0.9240 | max: 0.9267
    TEST  tabicl+Cox                  → mean: 0.7450 | std: 0.0083 | min: 0.7376 | max: 0.7604
Text summary saved → results/OrmoniTirodei/tabicl/results_samplesize_OrmoniTirodei_tabicl_seed789.txt

######################################################################
Dataset: HURRAH
######################################################################

============================================================
Preprocess: -1
============================================================
Loading existing folds from tmp/splits/HURRAH_seed789.pkl

--- Sample size: 100 ---
  Fold 1: train=100, test=3392
Warming up TabICL model (triggering checkpoint load)...
ARRIVATO QUI 1
Loading TabICL model checkpoint 'tabicl-classifier-v1.1-0506.ckpt'...
ARRIVATO QUI
Performing dummy prediction to ensure model is loaded...
Warming up TabICL model (triggering checkpoint load)...
ARRIVATO QUI 1
Loading TabICL model checkpoint 'tabicl-classifier-v1.1-0506.ckpt'...
ARRIVATO QUI
Performing dummy prediction to ensure model is loaded...
  Embedding shape: (100, 512)
  [tabicl+DS-simple]  train=0.9461  test=0.6783
  [tabicl+DS-vanilla] train=0.9599  test=0.6355
  [tabicl+RSF]        train=0.9704  test=0.6087
  [tabicl+Cox]        train=0.9989  test=0.4842
  [DS-simple]         train=0.7951  test=0.6230
  [DS-vanilla]        train=0.8226  test=0.6396
  [RSF]               train=0.9757  test=0.7091
  [Cox]               train=0.9620  test=0.7075
  Fold 2: train=100, test=3392
Warming up TabICL model (triggering checkpoint load)...
ARRIVATO QUI 1
Loading TabICL model checkpoint 'tabicl-classifier-v1.1-0506.ckpt'...
ARRIVATO QUI
Performing dummy prediction to ensure model is loaded...
Warming up TabICL model (triggering checkpoint load)...
ARRIVATO QUI 1
Loading TabICL model checkpoint 'tabicl-classifier-v1.1-0506.ckpt'...
ARRIVATO QUI
Performing dummy prediction to ensure model is loaded...
  Embedding shape: (100, 512)
  [tabicl+DS-simple]  train=0.9422  test=0.7141
  [tabicl+DS-vanilla] train=0.9380  test=0.6853
  [tabicl+RSF]        train=0.9677  test=0.6983
  [tabicl+Cox]        train=0.9482  test=0.6706
  [DS-simple]         train=0.9312  test=0.7622
  [DS-vanilla]        train=0.9541  test=0.7040
  [RSF]               train=0.9745  test=0.7527
  [Cox]               train=0.9057  test=0.7756
  Fold 3: train=100, test=3392
Warming up TabICL model (triggering checkpoint load)...
ARRIVATO QUI 1
Loading TabICL model checkpoint 'tabicl-classifier-v1.1-0506.ckpt'...
ARRIVATO QUI
Performing dummy prediction to ensure model is loaded...
Warming up TabICL model (triggering checkpoint load)...
ARRIVATO QUI 1
Loading TabICL model checkpoint 'tabicl-classifier-v1.1-0506.ckpt'...
ARRIVATO QUI
Performing dummy prediction to ensure model is loaded...
  Embedding shape: (100, 512)
  [tabicl+DS-simple]  train=0.9677  test=0.6843
  [tabicl+DS-vanilla] train=0.9938  test=0.6240
  [tabicl+RSF]        train=0.9849  test=0.6180
  [tabicl+Cox]        train=1.0000  test=0.5724
  [DS-simple]         train=0.9688  test=0.7607
  [DS-vanilla]        train=0.8637  test=0.5828
  [RSF]               train=0.9761  test=0.7406
  [Cox]               train=0.9646  test=0.7782
  Fold 4: train=100, test=3391
Warming up TabICL model (triggering checkpoint load)...
ARRIVATO QUI 1
Loading TabICL model checkpoint 'tabicl-classifier-v1.1-0506.ckpt'...
ARRIVATO QUI
Performing dummy prediction to ensure model is loaded...
Warming up TabICL model (triggering checkpoint load)...
ARRIVATO QUI 1
Loading TabICL model checkpoint 'tabicl-classifier-v1.1-0506.ckpt'...
ARRIVATO QUI
Performing dummy prediction to ensure model is loaded...
  Embedding shape: (100, 512)
  [tabicl+DS-simple]  train=0.9688  test=0.7123
  [tabicl+DS-vanilla] train=0.9568  test=0.7342
  [tabicl+RSF]        train=0.9738  test=0.7040
  [tabicl+Cox]        train=0.9706  test=0.5141
  [DS-simple]         train=0.9154  test=0.7540
  [DS-vanilla]        train=0.8153  test=0.5517
  [RSF]               train=0.9577  test=0.7312
  [Cox]               train=0.9494  test=0.7738
  Fold 5: train=100, test=3391
Warming up TabICL model (triggering checkpoint load)...
ARRIVATO QUI 1
Loading TabICL model checkpoint 'tabicl-classifier-v1.1-0506.ckpt'...
ARRIVATO QUI
Performing dummy prediction to ensure model is loaded...
Warming up TabICL model (triggering checkpoint load)...
ARRIVATO QUI 1
Loading TabICL model checkpoint 'tabicl-classifier-v1.1-0506.ckpt'...
ARRIVATO QUI
Performing dummy prediction to ensure model is loaded...
  Embedding shape: (100, 512)
  [tabicl+DS-simple]  train=0.9822  test=0.5797
  [tabicl+DS-vanilla] train=0.9753  test=0.6273
  [tabicl+RSF]        train=0.9883  test=0.5856
  [tabicl+Cox]        train=0.9986  test=0.6065
  [DS-simple]         train=0.7586  test=0.6326
  [DS-vanilla]        train=0.8326  test=0.5481
  [RSF]               train=0.9698  test=0.6663
  [Cox]               train=0.9465  test=0.6448

--- Sample size: 500 ---
  Fold 1: train=500, test=3392
Warming up TabICL model (triggering checkpoint load)...
ARRIVATO QUI 1
Loading TabICL model checkpoint 'tabicl-classifier-v1.1-0506.ckpt'...
ARRIVATO QUI
Performing dummy prediction to ensure model is loaded...
Warming up TabICL model (triggering checkpoint load)...
ARRIVATO QUI 1
Loading TabICL model checkpoint 'tabicl-classifier-v1.1-0506.ckpt'...
ARRIVATO QUI
Performing dummy prediction to ensure model is loaded...
  Embedding shape: (500, 512)
  [tabicl+DS-simple]  train=0.9543  test=0.7438
  [tabicl+DS-vanilla] train=0.9485  test=0.7482
  [tabicl+RSF]        train=0.9832  test=0.5710
  [tabicl+Cox]        train=0.5885  test=0.3646
  [DS-simple]         train=0.8866  test=0.8051
  [DS-vanilla]        train=0.8180  test=0.7350
  [RSF]               train=0.9616  test=0.7945
  [Cox]               train=0.8694  test=0.7986
  Fold 2: train=500, test=3392
Warming up TabICL model (triggering checkpoint load)...
ARRIVATO QUI 1
Loading TabICL model checkpoint 'tabicl-classifier-v1.1-0506.ckpt'...
ARRIVATO QUI
Performing dummy prediction to ensure model is loaded...
Warming up TabICL model (triggering checkpoint load)...
ARRIVATO QUI 1
Loading TabICL model checkpoint 'tabicl-classifier-v1.1-0506.ckpt'...
ARRIVATO QUI
Performing dummy prediction to ensure model is loaded...
  Embedding shape: (500, 512)
  [tabicl+DS-simple]  train=0.9472  test=0.6969
  [tabicl+DS-vanilla] train=0.9485  test=0.6483
  [tabicl+RSF]        train=0.9822  test=0.6280
  [tabicl+Cox]        train=0.9789  test=0.6253
  [DS-simple]         train=0.8558  test=0.7951
  [DS-vanilla]        train=0.8500  test=0.7464
  [RSF]               train=0.9356  test=0.7730
  [Cox]               train=0.8460  test=0.7939
  Fold 3: train=500, test=3392
Warming up TabICL model (triggering checkpoint load)...
ARRIVATO QUI 1
Loading TabICL model checkpoint 'tabicl-classifier-v1.1-0506.ckpt'...
ARRIVATO QUI
Performing dummy prediction to ensure model is loaded...
Warming up TabICL model (triggering checkpoint load)...
ARRIVATO QUI 1
Loading TabICL model checkpoint 'tabicl-classifier-v1.1-0506.ckpt'...
ARRIVATO QUI
Performing dummy prediction to ensure model is loaded...
  Embedding shape: (500, 512)
  [tabicl+DS-simple]  train=0.9480  test=0.7722
  [tabicl+DS-vanilla] train=0.9465  test=0.7759
  [tabicl+RSF]        train=0.9883  test=0.6586
  [tabicl+Cox]        train=0.9812  test=0.5283
  [DS-simple]         train=0.8655  test=0.8303
  [DS-vanilla]        train=0.8755  test=0.7931
  [RSF]               train=0.9308  test=0.8134
  [Cox]               train=0.8567  test=0.8318
  Fold 4: train=500, test=3391
Warming up TabICL model (triggering checkpoint load)...
ARRIVATO QUI 1
Loading TabICL model checkpoint 'tabicl-classifier-v1.1-0506.ckpt'...
ARRIVATO QUI
Performing dummy prediction to ensure model is loaded...
Warming up TabICL model (triggering checkpoint load)...
ARRIVATO QUI 1
Loading TabICL model checkpoint 'tabicl-classifier-v1.1-0506.ckpt'...
ARRIVATO QUI
Performing dummy prediction to ensure model is loaded...
  Embedding shape: (500, 512)
  [tabicl+DS-simple]  train=0.9525  test=0.7324
  [tabicl+DS-vanilla] train=0.9552  test=0.7508
  [tabicl+RSF]        train=0.9839  test=0.6972
  [tabicl+Cox]        train=0.9779  test=0.6781
  [DS-simple]         train=0.8903  test=0.8089
  [DS-vanilla]        train=0.8908  test=0.7666
  [RSF]               train=0.9313  test=0.7917
  [Cox]               train=0.8778  test=0.8094
  Fold 5: train=500, test=3391
Warming up TabICL model (triggering checkpoint load)...
ARRIVATO QUI 1
Loading TabICL model checkpoint 'tabicl-classifier-v1.1-0506.ckpt'...
ARRIVATO QUI
Performing dummy prediction to ensure model is loaded...
Warming up TabICL model (triggering checkpoint load)...
ARRIVATO QUI 1
Loading TabICL model checkpoint 'tabicl-classifier-v1.1-0506.ckpt'...
ARRIVATO QUI
Performing dummy prediction to ensure model is loaded...
  Embedding shape: (500, 512)
  [tabicl+DS-simple]  train=0.9656  test=0.7055
  [tabicl+DS-vanilla] train=0.9588  test=0.7159
  [tabicl+RSF]        train=0.9826  test=0.6564
  [tabicl+Cox]        train=0.9815  test=0.5581
  [DS-simple]         train=0.8741  test=0.7795
  [DS-vanilla]        train=0.8787  test=0.7211
  [RSF]               train=0.9527  test=0.7689
  [Cox]               train=0.8545  test=0.7722

--- Sample size: 1000 ---
  Fold 1: train=1000, test=3392
Warming up TabICL model (triggering checkpoint load)...
ARRIVATO QUI 1
Loading TabICL model checkpoint 'tabicl-classifier-v1.1-0506.ckpt'...
ARRIVATO QUI
Performing dummy prediction to ensure model is loaded...
Warming up TabICL model (triggering checkpoint load)...
ARRIVATO QUI 1
Loading TabICL model checkpoint 'tabicl-classifier-v1.1-0506.ckpt'...
ARRIVATO QUI
Performing dummy prediction to ensure model is loaded...
  Embedding shape: (1000, 512)
  [tabicl+DS-simple]  train=0.9492  test=0.7715
  [tabicl+DS-vanilla] train=0.9561  test=0.7226
  [tabicl+RSF]        train=0.9812  test=0.6575
  [tabicl+Cox]        train=0.9765  test=0.6921
  [DS-simple]         train=0.8559  test=0.8225
  [DS-vanilla]        train=0.8794  test=0.8102
  [RSF]               train=0.9522  test=0.8128
  [Cox]               train=0.8551  test=0.8181
  Fold 2: train=1000, test=3392
Warming up TabICL model (triggering checkpoint load)...
ARRIVATO QUI 1
Loading TabICL model checkpoint 'tabicl-classifier-v1.1-0506.ckpt'...
ARRIVATO QUI
Performing dummy prediction to ensure model is loaded...
Warming up TabICL model (triggering checkpoint load)...
ARRIVATO QUI 1
Loading TabICL model checkpoint 'tabicl-classifier-v1.1-0506.ckpt'...
ARRIVATO QUI
Performing dummy prediction to ensure model is loaded...
  Embedding shape: (1000, 512)
  [tabicl+DS-simple]  train=0.9518  test=0.7350
  [tabicl+DS-vanilla] train=0.9644  test=0.7103
  [tabicl+RSF]        train=0.9817  test=0.6668
  [tabicl+Cox]        train=0.9734  test=0.6587
  [DS-simple]         train=0.8533  test=0.8168
  [DS-vanilla]        train=0.8701  test=0.8007
  [RSF]               train=0.9430  test=0.7976
  [Cox]               train=0.8450  test=0.8078
  Fold 3: train=1000, test=3392
Warming up TabICL model (triggering checkpoint load)...
ARRIVATO QUI 1
Loading TabICL model checkpoint 'tabicl-classifier-v1.1-0506.ckpt'...
ARRIVATO QUI
Performing dummy prediction to ensure model is loaded...
Warming up TabICL model (triggering checkpoint load)...
ARRIVATO QUI 1
Loading TabICL model checkpoint 'tabicl-classifier-v1.1-0506.ckpt'...
ARRIVATO QUI
Performing dummy prediction to ensure model is loaded...
  Embedding shape: (1000, 512)
  [tabicl+DS-simple]  train=0.9481  test=0.7959
  [tabicl+DS-vanilla] train=0.9665  test=0.7882
  [tabicl+RSF]        train=0.9820  test=0.7205
  [tabicl+Cox]        train=0.9761  test=0.6782
  [DS-simple]         train=0.8466  test=0.8481
  [DS-vanilla]        train=0.8606  test=0.8102
  [RSF]               train=0.9381  test=0.8277
  [Cox]               train=0.8323  test=0.8443
  Fold 4: train=1000, test=3391
Warming up TabICL model (triggering checkpoint load)...
ARRIVATO QUI 1
Loading TabICL model checkpoint 'tabicl-classifier-v1.1-0506.ckpt'...
ARRIVATO QUI
Performing dummy prediction to ensure model is loaded...
Warming up TabICL model (triggering checkpoint load)...
ARRIVATO QUI 1
Loading TabICL model checkpoint 'tabicl-classifier-v1.1-0506.ckpt'...
ARRIVATO QUI
Performing dummy prediction to ensure model is loaded...
  Embedding shape: (1000, 512)
  [tabicl+DS-simple]  train=0.9447  test=0.7719
  [tabicl+DS-vanilla] train=0.9548  test=0.7562
  [tabicl+RSF]        train=0.9833  test=0.7067
  [tabicl+Cox]        train=0.9702  test=0.6595
  [DS-simple]         train=0.8559  test=0.8215
  [DS-vanilla]        train=0.8800  test=0.8050
  [RSF]               train=0.9376  test=0.8126
  [Cox]               train=0.8496  test=0.8185
  Fold 5: train=1000, test=3391
Warming up TabICL model (triggering checkpoint load)...
ARRIVATO QUI 1
Loading TabICL model checkpoint 'tabicl-classifier-v1.1-0506.ckpt'...
ARRIVATO QUI
Performing dummy prediction to ensure model is loaded...
Warming up TabICL model (triggering checkpoint load)...
ARRIVATO QUI 1
Loading TabICL model checkpoint 'tabicl-classifier-v1.1-0506.ckpt'...
ARRIVATO QUI
Performing dummy prediction to ensure model is loaded...
  Embedding shape: (1000, 512)
  [tabicl+DS-simple]  train=0.9602  test=0.7053
  [tabicl+DS-vanilla] train=0.9679  test=0.7346
  [tabicl+RSF]        train=0.9870  test=0.6603
  [tabicl+Cox]        train=0.9741  test=0.6715
  [DS-simple]         train=0.8406  test=0.8202
  [DS-vanilla]        train=0.8575  test=0.7970
  [RSF]               train=0.9418  test=0.8099
  [Cox]               train=0.8302  test=0.8083

--- Sample size: 2500 ---
  Fold 1: train=2500, test=3392
Warming up TabICL model (triggering checkpoint load)...
ARRIVATO QUI 1
Loading TabICL model checkpoint 'tabicl-classifier-v1.1-0506.ckpt'...
ARRIVATO QUI
Performing dummy prediction to ensure model is loaded...
Warming up TabICL model (triggering checkpoint load)...
ARRIVATO QUI 1
Loading TabICL model checkpoint 'tabicl-classifier-v1.1-0506.ckpt'...
ARRIVATO QUI
Performing dummy prediction to ensure model is loaded...
  Embedding shape: (2500, 512)
  [tabicl+DS-simple]  train=0.9548  test=0.7779
  [tabicl+DS-vanilla] train=0.9548  test=0.7917
  [tabicl+RSF]        train=0.9850  test=0.7259
  [tabicl+Cox]        train=0.9671  test=0.7413
  [DS-simple]         train=0.8484  test=0.8252
  [DS-vanilla]        train=0.8616  test=0.8240
  [RSF]               train=0.9449  test=0.8400
  [Cox]               train=0.8443  test=0.8170
  Fold 2: train=2500, test=3392
Warming up TabICL model (triggering checkpoint load)...
ARRIVATO QUI 1
Loading TabICL model checkpoint 'tabicl-classifier-v1.1-0506.ckpt'...
ARRIVATO QUI
Performing dummy prediction to ensure model is loaded...
Warming up TabICL model (triggering checkpoint load)...
ARRIVATO QUI 1
Loading TabICL model checkpoint 'tabicl-classifier-v1.1-0506.ckpt'...
ARRIVATO QUI
Performing dummy prediction to ensure model is loaded...
  Embedding shape: (2500, 512)
  [tabicl+DS-simple]  train=0.9543  test=0.7732
  [tabicl+DS-vanilla] train=0.9534  test=0.7893
  [tabicl+RSF]        train=0.9836  test=0.7145
  [tabicl+Cox]        train=0.9695  test=0.7087
  [DS-simple]         train=0.8503  test=0.8253
  [DS-vanilla]        train=0.8361  test=0.7975
  [RSF]               train=0.9475  test=0.8222
  [Cox]               train=0.8406  test=0.8114
  Fold 3: train=2500, test=3392
Warming up TabICL model (triggering checkpoint load)...
ARRIVATO QUI 1
Loading TabICL model checkpoint 'tabicl-classifier-v1.1-0506.ckpt'...
ARRIVATO QUI
Performing dummy prediction to ensure model is loaded...
Warming up TabICL model (triggering checkpoint load)...
ARRIVATO QUI 1
Loading TabICL model checkpoint 'tabicl-classifier-v1.1-0506.ckpt'...
ARRIVATO QUI
Performing dummy prediction to ensure model is loaded...
  Embedding shape: (2500, 512)
  [tabicl+DS-simple]  train=0.9597  test=0.7893
  [tabicl+DS-vanilla] train=0.9657  test=0.7816
  [tabicl+RSF]        train=0.9838  test=0.7575
  [tabicl+Cox]        train=0.9693  test=0.7508
  [DS-simple]         train=0.8390  test=0.8430
  [DS-vanilla]        train=0.8631  test=0.8311
  [RSF]               train=0.9425  test=0.8374
  [Cox]               train=0.8296  test=0.8448
  Fold 4: train=2500, test=3391
Warming up TabICL model (triggering checkpoint load)...
ARRIVATO QUI 1
Loading TabICL model checkpoint 'tabicl-classifier-v1.1-0506.ckpt'...
ARRIVATO QUI
Performing dummy prediction to ensure model is loaded...
Warming up TabICL model (triggering checkpoint load)...
ARRIVATO QUI 1
Loading TabICL model checkpoint 'tabicl-classifier-v1.1-0506.ckpt'...
ARRIVATO QUI
Performing dummy prediction to ensure model is loaded...
  Embedding shape: (2500, 512)
  [tabicl+DS-simple]  train=0.9499  test=0.7751
  [tabicl+DS-vanilla] train=0.9553  test=0.7722
  [tabicl+RSF]        train=0.9844  test=0.7325
  [tabicl+Cox]        train=0.9649  test=0.7315
  [DS-simple]         train=0.8397  test=0.8347
  [DS-vanilla]        train=0.8611  test=0.8227
  [RSF]               train=0.9405  test=0.8310
  [Cox]               train=0.8277  test=0.8183
  Fold 5: train=2500, test=3391
Warming up TabICL model (triggering checkpoint load)...
ARRIVATO QUI 1
Loading TabICL model checkpoint 'tabicl-classifier-v1.1-0506.ckpt'...
ARRIVATO QUI
Performing dummy prediction to ensure model is loaded...
Warming up TabICL model (triggering checkpoint load)...
ARRIVATO QUI 1
Loading TabICL model checkpoint 'tabicl-classifier-v1.1-0506.ckpt'...
ARRIVATO QUI
Performing dummy prediction to ensure model is loaded...
  Embedding shape: (2500, 512)
  [tabicl+DS-simple]  train=0.9663  test=0.7822
  [tabicl+DS-vanilla] train=0.9590  test=0.7937
  [tabicl+RSF]        train=0.9848  test=0.7035
  [tabicl+Cox]        train=0.9691  test=0.7479
  [DS-simple]         train=0.8488  test=0.8284
  [DS-vanilla]        train=0.8486  test=0.8122
  [RSF]               train=0.9469  test=0.8252
  [Cox]               train=0.8406  test=0.8183

--- Sample size: 5000 ---
  Fold 1: train=5000, test=3392
Warming up TabICL model (triggering checkpoint load)...
ARRIVATO QUI 1
Loading TabICL model checkpoint 'tabicl-classifier-v1.1-0506.ckpt'...
ARRIVATO QUI
Performing dummy prediction to ensure model is loaded...
Warming up TabICL model (triggering checkpoint load)...
ARRIVATO QUI 1
Loading TabICL model checkpoint 'tabicl-classifier-v1.1-0506.ckpt'...
ARRIVATO QUI
Performing dummy prediction to ensure model is loaded...
  Embedding shape: (5000, 512)
  [tabicl+DS-simple]  train=0.9609  test=0.7871
  [tabicl+DS-vanilla] train=0.9649  test=0.7918
  [tabicl+RSF]        train=0.9828  test=0.7342
  [tabicl+Cox]        train=0.9652  test=0.7616
  [DS-simple]         train=0.8431  test=0.8289
  [DS-vanilla]        train=0.8576  test=0.8263
  [RSF]               train=0.9447  test=0.8508
  [Cox]               train=0.8348  test=0.8197
  Fold 2: train=5000, test=3392
Warming up TabICL model (triggering checkpoint load)...
ARRIVATO QUI 1
Loading TabICL model checkpoint 'tabicl-classifier-v1.1-0506.ckpt'...
ARRIVATO QUI
Performing dummy prediction to ensure model is loaded...
Warming up TabICL model (triggering checkpoint load)...
ARRIVATO QUI 1
Loading TabICL model checkpoint 'tabicl-classifier-v1.1-0506.ckpt'...
ARRIVATO QUI
Performing dummy prediction to ensure model is loaded...
  Embedding shape: (5000, 512)
  [tabicl+DS-simple]  train=0.9579  test=0.7738
  [tabicl+DS-vanilla] train=0.9656  test=0.7363
  [tabicl+RSF]        train=0.9830  test=0.6942
  [tabicl+Cox]        train=0.9667  test=0.7051
  [DS-simple]         train=0.8384  test=0.8226
  [DS-vanilla]        train=0.8074  test=0.7790
  [RSF]               train=0.9458  test=0.8329
  [Cox]               train=0.8352  test=0.8137
  Fold 3: train=5000, test=3392
Warming up TabICL model (triggering checkpoint load)...
ARRIVATO QUI 1
Loading TabICL model checkpoint 'tabicl-classifier-v1.1-0506.ckpt'...
ARRIVATO QUI
Performing dummy prediction to ensure model is loaded...
Warming up TabICL model (triggering checkpoint load)...
ARRIVATO QUI 1
Loading TabICL model checkpoint 'tabicl-classifier-v1.1-0506.ckpt'...
ARRIVATO QUI
Performing dummy prediction to ensure model is loaded...
  Embedding shape: (5000, 512)
  [tabicl+DS-simple]  train=0.9558  test=0.7833
  [tabicl+DS-vanilla] train=0.9612  test=0.7935
  [tabicl+RSF]        train=0.9836  test=0.7559
  [tabicl+Cox]        train=0.9672  test=0.7725
  [DS-simple]         train=0.8313  test=0.8456
  [DS-vanilla]        train=0.8088  test=0.8139
  [RSF]               train=0.9438  test=0.8450
  [Cox]               train=0.8256  test=0.8471
  Fold 4: train=5000, test=3391
Warming up TabICL model (triggering checkpoint load)...
ARRIVATO QUI 1
Loading TabICL model checkpoint 'tabicl-classifier-v1.1-0506.ckpt'...
ARRIVATO QUI
Performing dummy prediction to ensure model is loaded...
Warming up TabICL model (triggering checkpoint load)...
ARRIVATO QUI 1
Loading TabICL model checkpoint 'tabicl-classifier-v1.1-0506.ckpt'...
ARRIVATO QUI
Performing dummy prediction to ensure model is loaded...
  Embedding shape: (5000, 512)
  [tabicl+DS-simple]  train=0.9541  test=0.7505
  [tabicl+DS-vanilla] train=0.9630  test=0.7596
  [tabicl+RSF]        train=0.9833  test=0.6985
  [tabicl+Cox]        train=0.9637  test=0.7388
  [DS-simple]         train=0.8324  test=0.8310
  [DS-vanilla]        train=0.8662  test=0.8387
  [RSF]               train=0.9425  test=0.8419
  [Cox]               train=0.8254  test=0.8238
  Fold 5: train=5000, test=3391
Warming up TabICL model (triggering checkpoint load)...
ARRIVATO QUI 1
Loading TabICL model checkpoint 'tabicl-classifier-v1.1-0506.ckpt'...
ARRIVATO QUI
Performing dummy prediction to ensure model is loaded...
Warming up TabICL model (triggering checkpoint load)...
ARRIVATO QUI 1
Loading TabICL model checkpoint 'tabicl-classifier-v1.1-0506.ckpt'...
ARRIVATO QUI
Performing dummy prediction to ensure model is loaded...
  Embedding shape: (5000, 512)
  [tabicl+DS-simple]  train=0.9581  test=0.7721
  [tabicl+DS-vanilla] train=0.9627  test=0.7830
  [tabicl+RSF]        train=0.9845  test=0.7189
  [tabicl+Cox]        train=0.9669  test=0.7614
  [DS-simple]         train=0.8409  test=0.8273
  [DS-vanilla]        train=0.8587  test=0.8328
  [RSF]               train=0.9431  test=0.8450
  [Cox]               train=0.8348  test=0.8232

--- Sample size: 10000 ---
  Fold 1: train=10000, test=3392
Warming up TabICL model (triggering checkpoint load)...
ARRIVATO QUI 1
Loading TabICL model checkpoint 'tabicl-classifier-v1.1-0506.ckpt'...
ARRIVATO QUI
Performing dummy prediction to ensure model is loaded...
Warming up TabICL model (triggering checkpoint load)...
ARRIVATO QUI 1
Loading TabICL model checkpoint 'tabicl-classifier-v1.1-0506.ckpt'...
ARRIVATO QUI
Performing dummy prediction to ensure model is loaded...
  Embedding shape: (10000, 512)
  [tabicl+DS-simple]  train=0.9585  test=0.7874
  [tabicl+DS-vanilla] train=0.9660  test=0.7935
  [tabicl+RSF]        train=0.9836  test=0.7469
  [tabicl+Cox]        train=0.9646  test=0.7669
  [DS-simple]         train=0.8331  test=0.8220
  [DS-vanilla]        train=0.8461  test=0.8301
  [RSF]               train=0.9446  test=0.8563
  [Cox]               train=0.8302  test=0.8202
  Fold 2: train=10000, test=3392
Warming up TabICL model (triggering checkpoint load)...
ARRIVATO QUI 1
Loading TabICL model checkpoint 'tabicl-classifier-v1.1-0506.ckpt'...
ARRIVATO QUI
Performing dummy prediction to ensure model is loaded...
Warming up TabICL model (triggering checkpoint load)...
ARRIVATO QUI 1
Loading TabICL model checkpoint 'tabicl-classifier-v1.1-0506.ckpt'...
ARRIVATO QUI
Performing dummy prediction to ensure model is loaded...
  Embedding shape: (10000, 512)
  [tabicl+DS-simple]  train=0.9632  test=0.7504
  [tabicl+DS-vanilla] train=0.2986  test=0.4997
  [tabicl+RSF]        train=0.9842  test=0.7168
  [tabicl+Cox]        train=0.9658  test=0.7507
  [DS-simple]         train=0.8380  test=0.8329
  [DS-vanilla]        train=0.8251  test=0.8089
  [RSF]               train=0.9450  test=0.8376
  [Cox]               train=0.8289  test=0.8175
  Fold 3: train=10000, test=3392
Warming up TabICL model (triggering checkpoint load)...
ARRIVATO QUI 1
Loading TabICL model checkpoint 'tabicl-classifier-v1.1-0506.ckpt'...
ARRIVATO QUI
Performing dummy prediction to ensure model is loaded...
Warming up TabICL model (triggering checkpoint load)...
ARRIVATO QUI 1
Loading TabICL model checkpoint 'tabicl-classifier-v1.1-0506.ckpt'...
ARRIVATO QUI
Performing dummy prediction to ensure model is loaded...
  Embedding shape: (10000, 512)
  [tabicl+DS-simple]  train=0.9592  test=0.7923
  [tabicl+DS-vanilla] train=0.9629  test=0.7860
  [tabicl+RSF]        train=0.9833  test=0.7618
  [tabicl+Cox]        train=0.9647  test=0.7731
  [DS-simple]         train=0.8050  test=0.8152
  [DS-vanilla]        train=0.8458  test=0.8517
  [RSF]               train=0.9433  test=0.8574
  [Cox]               train=0.8273  test=0.8482
  Fold 4: train=10000, test=3391
Warming up TabICL model (triggering checkpoint load)...
ARRIVATO QUI 1
Loading TabICL model checkpoint 'tabicl-classifier-v1.1-0506.ckpt'...
ARRIVATO QUI
Performing dummy prediction to ensure model is loaded...
Warming up TabICL model (triggering checkpoint load)...
ARRIVATO QUI 1
Loading TabICL model checkpoint 'tabicl-classifier-v1.1-0506.ckpt'...
ARRIVATO QUI
Performing dummy prediction to ensure model is loaded...
  Embedding shape: (10000, 512)
  [tabicl+DS-simple]  train=0.9606  test=0.8108
  [tabicl+DS-vanilla] train=0.9614  test=0.7951
  [tabicl+RSF]        train=0.9853  test=0.7431
  [tabicl+Cox]        train=0.9643  test=0.7610
  [DS-simple]         train=0.8326  test=0.8246
  [DS-vanilla]        train=0.4885  test=0.4832
  [RSF]               train=0.9434  test=0.8426
  [Cox]               train=0.8313  test=0.8250
  Fold 5: train=10000, test=3391
Warming up TabICL model (triggering checkpoint load)...
ARRIVATO QUI 1
Loading TabICL model checkpoint 'tabicl-classifier-v1.1-0506.ckpt'...
ARRIVATO QUI
Performing dummy prediction to ensure model is loaded...
Warming up TabICL model (triggering checkpoint load)...
ARRIVATO QUI 1
Loading TabICL model checkpoint 'tabicl-classifier-v1.1-0506.ckpt'...
ARRIVATO QUI
Performing dummy prediction to ensure model is loaded...
  Embedding shape: (10000, 512)
  [tabicl+DS-simple]  train=0.9609  test=0.7820
  [tabicl+DS-vanilla] train=0.9606  test=0.6950
  [tabicl+RSF]        train=0.9841  test=0.7347
  [tabicl+Cox]        train=0.9656  test=0.7734
  [DS-simple]         train=0.8142  test=0.8078
  [DS-vanilla]        train=0.8379  test=0.8339
  [RSF]               train=0.9426  test=0.8548
  [Cox]               train=0.8290  test=0.8243

--- Sample size: 15000 ---
  Fold 1: train=13566, test=3392
Warming up TabICL model (triggering checkpoint load)...
ARRIVATO QUI 1
Loading TabICL model checkpoint 'tabicl-classifier-v1.1-0506.ckpt'...
ARRIVATO QUI
Performing dummy prediction to ensure model is loaded...
Warming up TabICL model (triggering checkpoint load)...
ARRIVATO QUI 1
Loading TabICL model checkpoint 'tabicl-classifier-v1.1-0506.ckpt'...
ARRIVATO QUI
Performing dummy prediction to ensure model is loaded...
  Embedding shape: (13566, 512)
  [tabicl+DS-simple]  train=0.9658  test=0.7969
  [tabicl+DS-vanilla] train=0.9646  test=0.7741
  [tabicl+RSF]        train=0.9836  test=0.7359
  [tabicl+Cox]        train=0.9647  test=0.7713
  [DS-simple]         train=0.8390  test=0.8300
  [DS-vanilla]        train=0.8413  test=0.8299
  [RSF]               train=0.9435  test=0.8540
  [Cox]               train=0.8287  test=0.8202
  Fold 2: train=13566, test=3392
Warming up TabICL model (triggering checkpoint load)...
ARRIVATO QUI 1
Loading TabICL model checkpoint 'tabicl-classifier-v1.1-0506.ckpt'...
ARRIVATO QUI
Performing dummy prediction to ensure model is loaded...
Warming up TabICL model (triggering checkpoint load)...
ARRIVATO QUI 1
Loading TabICL model checkpoint 'tabicl-classifier-v1.1-0506.ckpt'...
ARRIVATO QUI
Performing dummy prediction to ensure model is loaded...
  Embedding shape: (13566, 512)
  [tabicl+DS-simple]  train=0.9586  test=0.7881
  [tabicl+DS-vanilla] train=0.9618  test=0.7441
  [tabicl+RSF]        train=0.9838  test=0.7465
  [tabicl+Cox]        train=0.9647  test=0.7613
  [DS-simple]         train=0.8357  test=0.8275
  [DS-vanilla]        train=0.8622  test=0.8489
  [RSF]               train=0.9409  test=0.8449
  [Cox]               train=0.8299  test=0.8180
  Fold 3: train=13566, test=3392
Warming up TabICL model (triggering checkpoint load)...
ARRIVATO QUI 1
Loading TabICL model checkpoint 'tabicl-classifier-v1.1-0506.ckpt'...
ARRIVATO QUI
Performing dummy prediction to ensure model is loaded...
Warming up TabICL model (triggering checkpoint load)...
ARRIVATO QUI 1
Loading TabICL model checkpoint 'tabicl-classifier-v1.1-0506.ckpt'...
ARRIVATO QUI
Performing dummy prediction to ensure model is loaded...
  Embedding shape: (13566, 512)
  [tabicl+DS-simple]  train=0.9624  test=0.7874
  [tabicl+DS-vanilla] train=0.9649  test=0.7944
  [tabicl+RSF]        train=0.9831  test=0.7665
  [tabicl+Cox]        train=0.9635  test=0.7782
  [DS-simple]         train=0.8351  test=0.8515
  [DS-vanilla]        train=0.8590  test=0.8639
  [RSF]               train=0.9413  test=0.8596
  [Cox]               train=0.8241  test=0.8468
  Fold 4: train=13567, test=3391
Warming up TabICL model (triggering checkpoint load)...
ARRIVATO QUI 1
Loading TabICL model checkpoint 'tabicl-classifier-v1.1-0506.ckpt'...
ARRIVATO QUI
Performing dummy prediction to ensure model is loaded...
Warming up TabICL model (triggering checkpoint load)...
ARRIVATO QUI 1
Loading TabICL model checkpoint 'tabicl-classifier-v1.1-0506.ckpt'...
ARRIVATO QUI
Performing dummy prediction to ensure model is loaded...
  Embedding shape: (13567, 512)
  [tabicl+DS-simple]  train=0.9617  test=0.7792
  [tabicl+DS-vanilla] train=0.9625  test=0.7484
  [tabicl+RSF]        train=0.9841  test=0.7501
  [tabicl+Cox]        train=0.9644  test=0.7683
  [DS-simple]         train=0.8390  test=0.8382
  [DS-vanilla]        train=0.8580  test=0.8475
  [RSF]               train=0.9423  test=0.8478
  [Cox]               train=0.8284  test=0.8255
  Fold 5: train=13567, test=3391
Warming up TabICL model (triggering checkpoint load)...
ARRIVATO QUI 1
Loading TabICL model checkpoint 'tabicl-classifier-v1.1-0506.ckpt'...
ARRIVATO QUI
Performing dummy prediction to ensure model is loaded...
Warming up TabICL model (triggering checkpoint load)...
ARRIVATO QUI 1
Loading TabICL model checkpoint 'tabicl-classifier-v1.1-0506.ckpt'...
ARRIVATO QUI
Performing dummy prediction to ensure model is loaded...
  Embedding shape: (13567, 512)
  [tabicl+DS-simple]  train=0.9631  test=0.8056
  [tabicl+DS-vanilla] train=0.9588  test=0.8003
  [tabicl+RSF]        train=0.9837  test=0.7487
  [tabicl+Cox]        train=0.9645  test=0.7718
  [DS-simple]         train=0.8369  test=0.8314
  [DS-vanilla]        train=0.8576  test=0.8502
  [RSF]               train=0.9414  test=0.8538
  [Cox]               train=0.8292  test=0.8244

============================================================
Preprocess: NaN
============================================================
Loading existing folds from tmp/splits/HURRAH_seed789.pkl

--- Sample size: 100 ---
  Fold 1: train=100, test=3392
Warming up TabICL model (triggering checkpoint load)...
ARRIVATO QUI 1
Loading TabICL model checkpoint 'tabicl-classifier-v1.1-0506.ckpt'...
ARRIVATO QUI
Performing dummy prediction to ensure model is loaded...
Warming up TabICL model (triggering checkpoint load)...
ARRIVATO QUI 1
Loading TabICL model checkpoint 'tabicl-classifier-v1.1-0506.ckpt'...
ARRIVATO QUI
Performing dummy prediction to ensure model is loaded...
  Embedding shape: (100, 512)
  [tabicl+DS-simple]  train=0.9535  test=0.6825
  [tabicl+DS-vanilla] train=0.9599  test=0.6829
  [tabicl+RSF]        train=0.9731  test=0.6398
  [tabicl+Cox]        train=0.9989  test=0.5537
  Fold 2: train=100, test=3392
Warming up TabICL model (triggering checkpoint load)...
ARRIVATO QUI 1
Loading TabICL model checkpoint 'tabicl-classifier-v1.1-0506.ckpt'...
ARRIVATO QUI
Performing dummy prediction to ensure model is loaded...
Warming up TabICL model (triggering checkpoint load)...
ARRIVATO QUI 1
Loading TabICL model checkpoint 'tabicl-classifier-v1.1-0506.ckpt'...
ARRIVATO QUI
Performing dummy prediction to ensure model is loaded...
  Embedding shape: (100, 512)
  [tabicl+DS-simple]  train=0.9388  test=0.7229
  [tabicl+DS-vanilla] train=0.9643  test=0.7195
  [tabicl+RSF]        train=0.9690  test=0.7128
  [tabicl+Cox]        train=0.9541  test=0.5859
  Fold 3: train=100, test=3392
Warming up TabICL model (triggering checkpoint load)...
ARRIVATO QUI 1
Loading TabICL model checkpoint 'tabicl-classifier-v1.1-0506.ckpt'...
ARRIVATO QUI
Performing dummy prediction to ensure model is loaded...
Warming up TabICL model (triggering checkpoint load)...
ARRIVATO QUI 1
Loading TabICL model checkpoint 'tabicl-classifier-v1.1-0506.ckpt'...
ARRIVATO QUI
Performing dummy prediction to ensure model is loaded...
  Embedding shape: (100, 512)
  [tabicl+DS-simple]  train=0.9646  test=0.6532
  [tabicl+DS-vanilla] train=0.9605  test=0.5672
  [tabicl+RSF]        train=0.9766  test=0.5928
  [tabicl+Cox]        train=1.0000  test=0.5585
  Fold 4: train=100, test=3391
Warming up TabICL model (triggering checkpoint load)...
ARRIVATO QUI 1
Loading TabICL model checkpoint 'tabicl-classifier-v1.1-0506.ckpt'...
ARRIVATO QUI
Performing dummy prediction to ensure model is loaded...
Warming up TabICL model (triggering checkpoint load)...
ARRIVATO QUI 1
Loading TabICL model checkpoint 'tabicl-classifier-v1.1-0506.ckpt'...
ARRIVATO QUI
Performing dummy prediction to ensure model is loaded...
  Embedding shape: (100, 512)
  [tabicl+DS-simple]  train=0.9485  test=0.7120
  [tabicl+DS-vanilla] train=0.9596  test=0.7034
  [tabicl+RSF]        train=0.9619  test=0.6661
  [tabicl+Cox]        train=0.9982  test=0.6453
  Fold 5: train=100, test=3391
Warming up TabICL model (triggering checkpoint load)...
ARRIVATO QUI 1
Loading TabICL model checkpoint 'tabicl-classifier-v1.1-0506.ckpt'...
ARRIVATO QUI
Performing dummy prediction to ensure model is loaded...
Warming up TabICL model (triggering checkpoint load)...
ARRIVATO QUI 1
Loading TabICL model checkpoint 'tabicl-classifier-v1.1-0506.ckpt'...
ARRIVATO QUI
Performing dummy prediction to ensure model is loaded...
  Embedding shape: (100, 512)
  [tabicl+DS-simple]  train=0.9781  test=0.6249
  [tabicl+DS-vanilla] train=0.9973  test=0.4823
  [tabicl+RSF]        train=0.9822  test=0.4486
  [tabicl+Cox]        train=0.9986  test=0.4552

--- Sample size: 500 ---
  Fold 1: train=500, test=3392
Warming up TabICL model (triggering checkpoint load)...
ARRIVATO QUI 1
Loading TabICL model checkpoint 'tabicl-classifier-v1.1-0506.ckpt'...
ARRIVATO QUI
Performing dummy prediction to ensure model is loaded...
Warming up TabICL model (triggering checkpoint load)...
ARRIVATO QUI 1
Loading TabICL model checkpoint 'tabicl-classifier-v1.1-0506.ckpt'...
ARRIVATO QUI
Performing dummy prediction to ensure model is loaded...
  Embedding shape: (500, 512)
  [tabicl+DS-simple]  train=0.9445  test=0.7632
  [tabicl+DS-vanilla] train=0.9714  test=0.7205
  [tabicl+RSF]        train=0.9799  test=0.5809
  [tabicl+Cox]        train=0.7064  test=0.3734
  Fold 2: train=500, test=3392
Warming up TabICL model (triggering checkpoint load)...
ARRIVATO QUI 1
Loading TabICL model checkpoint 'tabicl-classifier-v1.1-0506.ckpt'...
ARRIVATO QUI
Performing dummy prediction to ensure model is loaded...
Warming up TabICL model (triggering checkpoint load)...
ARRIVATO QUI 1
Loading TabICL model checkpoint 'tabicl-classifier-v1.1-0506.ckpt'...
ARRIVATO QUI
Performing dummy prediction to ensure model is loaded...
  Embedding shape: (500, 512)
  [tabicl+DS-simple]  train=0.9445  test=0.6974
  [tabicl+DS-vanilla] train=0.9496  test=0.6631
  [tabicl+RSF]        train=0.9804  test=0.6618
  [tabicl+Cox]        train=0.9796  test=0.6215
  Fold 3: train=500, test=3392
Warming up TabICL model (triggering checkpoint load)...
ARRIVATO QUI 1
Loading TabICL model checkpoint 'tabicl-classifier-v1.1-0506.ckpt'...
ARRIVATO QUI
Performing dummy prediction to ensure model is loaded...
Warming up TabICL model (triggering checkpoint load)...
ARRIVATO QUI 1
Loading TabICL model checkpoint 'tabicl-classifier-v1.1-0506.ckpt'...
ARRIVATO QUI
Performing dummy prediction to ensure model is loaded...
  Embedding shape: (500, 512)
  [tabicl+DS-simple]  train=0.9536  test=0.7602
  [tabicl+DS-vanilla] train=0.9680  test=0.7553
  [tabicl+RSF]        train=0.9824  test=0.6493
  [tabicl+Cox]        train=0.9818  test=0.6526
  Fold 4: train=500, test=3391
Warming up TabICL model (triggering checkpoint load)...
ARRIVATO QUI 1
Loading TabICL model checkpoint 'tabicl-classifier-v1.1-0506.ckpt'...
ARRIVATO QUI
Performing dummy prediction to ensure model is loaded...
Warming up TabICL model (triggering checkpoint load)...
ARRIVATO QUI 1
Loading TabICL model checkpoint 'tabicl-classifier-v1.1-0506.ckpt'...
ARRIVATO QUI
Performing dummy prediction to ensure model is loaded...
  Embedding shape: (500, 512)
  [tabicl+DS-simple]  train=0.9568  test=0.7433
  [tabicl+DS-vanilla] train=0.9580  test=0.7271
  [tabicl+RSF]        train=0.9824  test=0.6946
  [tabicl+Cox]        train=0.9800  test=0.6553
  Fold 5: train=500, test=3391
Warming up TabICL model (triggering checkpoint load)...
ARRIVATO QUI 1
Loading TabICL model checkpoint 'tabicl-classifier-v1.1-0506.ckpt'...
ARRIVATO QUI
Performing dummy prediction to ensure model is loaded...
Warming up TabICL model (triggering checkpoint load)...
ARRIVATO QUI 1
Loading TabICL model checkpoint 'tabicl-classifier-v1.1-0506.ckpt'...
ARRIVATO QUI
Performing dummy prediction to ensure model is loaded...
  Embedding shape: (500, 512)
  [tabicl+DS-simple]  train=0.9600  test=0.7161
  [tabicl+DS-vanilla] train=0.9717  test=0.7175
  [tabicl+RSF]        train=0.9825  test=0.6096
  [tabicl+Cox]        train=0.7646  test=0.6892

--- Sample size: 1000 ---
  Fold 1: train=1000, test=3392
Warming up TabICL model (triggering checkpoint load)...
ARRIVATO QUI 1
Loading TabICL model checkpoint 'tabicl-classifier-v1.1-0506.ckpt'...
ARRIVATO QUI
Performing dummy prediction to ensure model is loaded...
Warming up TabICL model (triggering checkpoint load)...
ARRIVATO QUI 1
Loading TabICL model checkpoint 'tabicl-classifier-v1.1-0506.ckpt'...
ARRIVATO QUI
Performing dummy prediction to ensure model is loaded...
  Embedding shape: (1000, 512)
  [tabicl+DS-simple]  train=0.9564  test=0.7571
  [tabicl+DS-vanilla] train=0.9628  test=0.7814
  [tabicl+RSF]        train=0.9802  test=0.7022
  [tabicl+Cox]        train=0.9753  test=0.6906
  Fold 2: train=1000, test=3392
Warming up TabICL model (triggering checkpoint load)...
ARRIVATO QUI 1
Loading TabICL model checkpoint 'tabicl-classifier-v1.1-0506.ckpt'...
ARRIVATO QUI
Performing dummy prediction to ensure model is loaded...
Warming up TabICL model (triggering checkpoint load)...
ARRIVATO QUI 1
Loading TabICL model checkpoint 'tabicl-classifier-v1.1-0506.ckpt'...
ARRIVATO QUI
Performing dummy prediction to ensure model is loaded...
  Embedding shape: (1000, 512)
  [tabicl+DS-simple]  train=0.9660  test=0.7409
  [tabicl+DS-vanilla] train=0.9636  test=0.7740
  [tabicl+RSF]        train=0.9819  test=0.6998
  [tabicl+Cox]        train=0.9718  test=0.7076
  Fold 3: train=1000, test=3392
Warming up TabICL model (triggering checkpoint load)...
ARRIVATO QUI 1
Loading TabICL model checkpoint 'tabicl-classifier-v1.1-0506.ckpt'...
ARRIVATO QUI
Performing dummy prediction to ensure model is loaded...
Warming up TabICL model (triggering checkpoint load)...
ARRIVATO QUI 1
Loading TabICL model checkpoint 'tabicl-classifier-v1.1-0506.ckpt'...
ARRIVATO QUI
Performing dummy prediction to ensure model is loaded...
  Embedding shape: (1000, 512)
  [tabicl+DS-simple]  train=0.9556  test=0.7848
  [tabicl+DS-vanilla] train=0.9566  test=0.7659
  [tabicl+RSF]        train=0.9810  test=0.7234
  [tabicl+Cox]        train=0.9751  test=0.6440
  Fold 4: train=1000, test=3391
Warming up TabICL model (triggering checkpoint load)...
ARRIVATO QUI 1
Loading TabICL model checkpoint 'tabicl-classifier-v1.1-0506.ckpt'...
ARRIVATO QUI
Performing dummy prediction to ensure model is loaded...
Warming up TabICL model (triggering checkpoint load)...
ARRIVATO QUI 1
Loading TabICL model checkpoint 'tabicl-classifier-v1.1-0506.ckpt'...
ARRIVATO QUI
Performing dummy prediction to ensure model is loaded...
  Embedding shape: (1000, 512)
  [tabicl+DS-simple]  train=0.9484  test=0.7585
  [tabicl+DS-vanilla] train=0.9475  test=0.7641
  [tabicl+RSF]        train=0.9805  test=0.7106
  [tabicl+Cox]        train=0.9697  test=0.6704
  Fold 5: train=1000, test=3391
Warming up TabICL model (triggering checkpoint load)...
ARRIVATO QUI 1
Loading TabICL model checkpoint 'tabicl-classifier-v1.1-0506.ckpt'...
ARRIVATO QUI
Performing dummy prediction to ensure model is loaded...
Warming up TabICL model (triggering checkpoint load)...
ARRIVATO QUI 1
Loading TabICL model checkpoint 'tabicl-classifier-v1.1-0506.ckpt'...
ARRIVATO QUI
Performing dummy prediction to ensure model is loaded...
  Embedding shape: (1000, 512)
  [tabicl+DS-simple]  train=0.9463  test=0.7381
  [tabicl+DS-vanilla] train=0.9595  test=0.7240
  [tabicl+RSF]        train=0.9819  test=0.6985
  [tabicl+Cox]        train=0.9719  test=0.6625

--- Sample size: 2500 ---
  Fold 1: train=2500, test=3392
Warming up TabICL model (triggering checkpoint load)...
ARRIVATO QUI 1
Loading TabICL model checkpoint 'tabicl-classifier-v1.1-0506.ckpt'...
ARRIVATO QUI
Performing dummy prediction to ensure model is loaded...
Warming up TabICL model (triggering checkpoint load)...
ARRIVATO QUI 1
Loading TabICL model checkpoint 'tabicl-classifier-v1.1-0506.ckpt'...
ARRIVATO QUI
Performing dummy prediction to ensure model is loaded...
  Embedding shape: (2500, 512)
  [tabicl+DS-simple]  train=0.9543  test=0.7889
  [tabicl+DS-vanilla] train=0.9536  test=0.7820
  [tabicl+RSF]        train=0.9842  test=0.7339
  [tabicl+Cox]        train=0.9666  test=0.7181
  Fold 2: train=2500, test=3392
Warming up TabICL model (triggering checkpoint load)...
ARRIVATO QUI 1
Loading TabICL model checkpoint 'tabicl-classifier-v1.1-0506.ckpt'...
ARRIVATO QUI
Performing dummy prediction to ensure model is loaded...
Warming up TabICL model (triggering checkpoint load)...
ARRIVATO QUI 1
Loading TabICL model checkpoint 'tabicl-classifier-v1.1-0506.ckpt'...
ARRIVATO QUI
Performing dummy prediction to ensure model is loaded...
  Embedding shape: (2500, 512)
  [tabicl+DS-simple]  train=0.9648  test=0.7690
  [tabicl+DS-vanilla] train=0.9655  test=0.7433
  [tabicl+RSF]        train=0.9832  test=0.7319
  [tabicl+Cox]        train=0.9697  test=0.7164
  Fold 3: train=2500, test=3392
Warming up TabICL model (triggering checkpoint load)...
ARRIVATO QUI 1
Loading TabICL model checkpoint 'tabicl-classifier-v1.1-0506.ckpt'...
ARRIVATO QUI
Performing dummy prediction to ensure model is loaded...
Warming up TabICL model (triggering checkpoint load)...
ARRIVATO QUI 1
Loading TabICL model checkpoint 'tabicl-classifier-v1.1-0506.ckpt'...
ARRIVATO QUI
Performing dummy prediction to ensure model is loaded...
  Embedding shape: (2500, 512)
  [tabicl+DS-simple]  train=0.9484  test=0.7918
  [tabicl+DS-vanilla] train=0.9576  test=0.7871
  [tabicl+RSF]        train=0.9819  test=0.7590
  [tabicl+Cox]        train=0.9677  test=0.7175
  Fold 4: train=2500, test=3391
Warming up TabICL model (triggering checkpoint load)...
ARRIVATO QUI 1
Loading TabICL model checkpoint 'tabicl-classifier-v1.1-0506.ckpt'...
ARRIVATO QUI
Performing dummy prediction to ensure model is loaded...
Warming up TabICL model (triggering checkpoint load)...
ARRIVATO QUI 1
Loading TabICL model checkpoint 'tabicl-classifier-v1.1-0506.ckpt'...
ARRIVATO QUI
Performing dummy prediction to ensure model is loaded...
  Embedding shape: (2500, 512)
  [tabicl+DS-simple]  train=0.9589  test=0.7737
  [tabicl+DS-vanilla] train=0.9544  test=0.7699
  [tabicl+RSF]        train=0.9841  test=0.7448
  [tabicl+Cox]        train=0.9644  test=0.7386
  Fold 5: train=2500, test=3391
Warming up TabICL model (triggering checkpoint load)...
ARRIVATO QUI 1
Loading TabICL model checkpoint 'tabicl-classifier-v1.1-0506.ckpt'...
ARRIVATO QUI
Performing dummy prediction to ensure model is loaded...
Warming up TabICL model (triggering checkpoint load)...
ARRIVATO QUI 1
Loading TabICL model checkpoint 'tabicl-classifier-v1.1-0506.ckpt'...
ARRIVATO QUI
Performing dummy prediction to ensure model is loaded...
  Embedding shape: (2500, 512)
  [tabicl+DS-simple]  train=0.9627  test=0.7905
  [tabicl+DS-vanilla] train=0.9590  test=0.7842
  [tabicl+RSF]        train=0.9844  test=0.7144
  [tabicl+Cox]        train=0.9656  test=0.7369

--- Sample size: 5000 ---
  Fold 1: train=5000, test=3392
Warming up TabICL model (triggering checkpoint load)...
ARRIVATO QUI 1
Loading TabICL model checkpoint 'tabicl-classifier-v1.1-0506.ckpt'...
ARRIVATO QUI
Performing dummy prediction to ensure model is loaded...
Warming up TabICL model (triggering checkpoint load)...
ARRIVATO QUI 1
Loading TabICL model checkpoint 'tabicl-classifier-v1.1-0506.ckpt'...
ARRIVATO QUI
Performing dummy prediction to ensure model is loaded...
  Embedding shape: (5000, 512)
  [tabicl+DS-simple]  train=0.9579  test=0.7612
  [tabicl+DS-vanilla] train=0.9587  test=0.7771
  [tabicl+RSF]        train=0.9835  test=0.7148
  [tabicl+Cox]        train=0.9645  test=0.7381
  Fold 2: train=5000, test=3392
Warming up TabICL model (triggering checkpoint load)...
ARRIVATO QUI 1
Loading TabICL model checkpoint 'tabicl-classifier-v1.1-0506.ckpt'...
ARRIVATO QUI
Performing dummy prediction to ensure model is loaded...
Warming up TabICL model (triggering checkpoint load)...
ARRIVATO QUI 1
Loading TabICL model checkpoint 'tabicl-classifier-v1.1-0506.ckpt'...
ARRIVATO QUI
Performing dummy prediction to ensure model is loaded...
  Embedding shape: (5000, 512)
  [tabicl+DS-simple]  train=0.9596  test=0.7819
  [tabicl+DS-vanilla] train=0.9620  test=0.7898
  [tabicl+RSF]        train=0.9832  test=0.6834
  [tabicl+Cox]        train=0.9664  test=0.7174
  Fold 3: train=5000, test=3392
Warming up TabICL model (triggering checkpoint load)...
ARRIVATO QUI 1
Loading TabICL model checkpoint 'tabicl-classifier-v1.1-0506.ckpt'...
ARRIVATO QUI
Performing dummy prediction to ensure model is loaded...
Warming up TabICL model (triggering checkpoint load)...
ARRIVATO QUI 1
Loading TabICL model checkpoint 'tabicl-classifier-v1.1-0506.ckpt'...
ARRIVATO QUI
Performing dummy prediction to ensure model is loaded...
  Embedding shape: (5000, 512)
  [tabicl+DS-simple]  train=0.9630  test=0.7894
  [tabicl+DS-vanilla] train=0.9583  test=0.7990
  [tabicl+RSF]        train=0.9836  test=0.7343
  [tabicl+Cox]        train=0.9664  test=0.7376
  Fold 4: train=5000, test=3391
Warming up TabICL model (triggering checkpoint load)...
ARRIVATO QUI 1
Loading TabICL model checkpoint 'tabicl-classifier-v1.1-0506.ckpt'...
ARRIVATO QUI
Performing dummy prediction to ensure model is loaded...
Warming up TabICL model (triggering checkpoint load)...
ARRIVATO QUI 1
Loading TabICL model checkpoint 'tabicl-classifier-v1.1-0506.ckpt'...
ARRIVATO QUI
Performing dummy prediction to ensure model is loaded...
  Embedding shape: (5000, 512)
  [tabicl+DS-simple]  train=0.9631  test=0.7875
  [tabicl+DS-vanilla] train=0.9604  test=0.7458
  [tabicl+RSF]        train=0.9841  test=0.7022
  [tabicl+Cox]        train=0.9636  test=0.7325
  Fold 5: train=5000, test=3391
Warming up TabICL model (triggering checkpoint load)...
ARRIVATO QUI 1
Loading TabICL model checkpoint 'tabicl-classifier-v1.1-0506.ckpt'...
ARRIVATO QUI
Performing dummy prediction to ensure model is loaded...
Warming up TabICL model (triggering checkpoint load)...
ARRIVATO QUI 1
Loading TabICL model checkpoint 'tabicl-classifier-v1.1-0506.ckpt'...
ARRIVATO QUI
Performing dummy prediction to ensure model is loaded...
  Embedding shape: (5000, 512)
  [tabicl+DS-simple]  train=0.9603  test=0.7971
  [tabicl+DS-vanilla] train=0.9655  test=0.7755
  [tabicl+RSF]        train=0.9840  test=0.6897
  [tabicl+Cox]        train=0.9644  test=0.7185

--- Sample size: 10000 ---
  Fold 1: train=10000, test=3392
Warming up TabICL model (triggering checkpoint load)...
ARRIVATO QUI 1
Loading TabICL model checkpoint 'tabicl-classifier-v1.1-0506.ckpt'...
ARRIVATO QUI
Performing dummy prediction to ensure model is loaded...
Warming up TabICL model (triggering checkpoint load)...
ARRIVATO QUI 1
Loading TabICL model checkpoint 'tabicl-classifier-v1.1-0506.ckpt'...
ARRIVATO QUI
Performing dummy prediction to ensure model is loaded...
  Embedding shape: (10000, 512)
  [tabicl+DS-simple]  train=0.9585  test=0.7873
  [tabicl+DS-vanilla] train=0.9620  test=0.7639
  [tabicl+RSF]        train=0.9838  test=0.7198
  [tabicl+Cox]        train=0.9646  test=0.7472
  Fold 2: train=10000, test=3392
Warming up TabICL model (triggering checkpoint load)...
ARRIVATO QUI 1
Loading TabICL model checkpoint 'tabicl-classifier-v1.1-0506.ckpt'...
ARRIVATO QUI
Performing dummy prediction to ensure model is loaded...
Warming up TabICL model (triggering checkpoint load)...
ARRIVATO QUI 1
Loading TabICL model checkpoint 'tabicl-classifier-v1.1-0506.ckpt'...
ARRIVATO QUI
Performing dummy prediction to ensure model is loaded...
  Embedding shape: (10000, 512)
  [tabicl+DS-simple]  train=0.9610  test=0.7834
  [tabicl+DS-vanilla] train=0.9653  test=0.7526
  [tabicl+RSF]        train=0.9831  test=0.6815
  [tabicl+Cox]        train=0.9649  test=0.7296
  Fold 3: train=10000, test=3392
Warming up TabICL model (triggering checkpoint load)...
ARRIVATO QUI 1
Loading TabICL model checkpoint 'tabicl-classifier-v1.1-0506.ckpt'...
ARRIVATO QUI
Performing dummy prediction to ensure model is loaded...
Warming up TabICL model (triggering checkpoint load)...
ARRIVATO QUI 1
Loading TabICL model checkpoint 'tabicl-classifier-v1.1-0506.ckpt'...
ARRIVATO QUI
Performing dummy prediction to ensure model is loaded...
  Embedding shape: (10000, 512)
  [tabicl+DS-simple]  train=0.9591  test=0.7928
  [tabicl+DS-vanilla] train=0.9612  test=0.7430
  [tabicl+RSF]        train=0.9828  test=0.7352
  [tabicl+Cox]        train=0.9641  test=0.7419
  Fold 4: train=10000, test=3391
Warming up TabICL model (triggering checkpoint load)...
ARRIVATO QUI 1
Loading TabICL model checkpoint 'tabicl-classifier-v1.1-0506.ckpt'...
ARRIVATO QUI
Performing dummy prediction to ensure model is loaded...
Warming up TabICL model (triggering checkpoint load)...
ARRIVATO QUI 1
Loading TabICL model checkpoint 'tabicl-classifier-v1.1-0506.ckpt'...
ARRIVATO QUI
Performing dummy prediction to ensure model is loaded...
  Embedding shape: (10000, 512)
  [tabicl+DS-simple]  train=0.9612  test=0.7328
  [tabicl+DS-vanilla] train=0.9600  test=0.7329
  [tabicl+RSF]        train=0.9850  test=0.6915
  [tabicl+Cox]        train=0.9634  test=0.7313
  Fold 5: train=10000, test=3391
Warming up TabICL model (triggering checkpoint load)...
ARRIVATO QUI 1
Loading TabICL model checkpoint 'tabicl-classifier-v1.1-0506.ckpt'...
ARRIVATO QUI
Performing dummy prediction to ensure model is loaded...
Warming up TabICL model (triggering checkpoint load)...
ARRIVATO QUI 1
Loading TabICL model checkpoint 'tabicl-classifier-v1.1-0506.ckpt'...
ARRIVATO QUI
Performing dummy prediction to ensure model is loaded...
  Embedding shape: (10000, 512)
  [tabicl+DS-simple]  train=0.9655  test=0.7497
  [tabicl+DS-vanilla] train=0.7572  test=0.6460
  [tabicl+RSF]        train=0.9838  test=0.7010
  [tabicl+Cox]        train=0.9646  test=0.7274

--- Sample size: 15000 ---
  Fold 1: train=13566, test=3392
Warming up TabICL model (triggering checkpoint load)...
ARRIVATO QUI 1
Loading TabICL model checkpoint 'tabicl-classifier-v1.1-0506.ckpt'...
ARRIVATO QUI
Performing dummy prediction to ensure model is loaded...
Warming up TabICL model (triggering checkpoint load)...
ARRIVATO QUI 1
Loading TabICL model checkpoint 'tabicl-classifier-v1.1-0506.ckpt'...
ARRIVATO QUI
Performing dummy prediction to ensure model is loaded...
  Embedding shape: (13566, 512)
  [tabicl+DS-simple]  train=0.9634  test=0.7807
  [tabicl+DS-vanilla] train=0.9599  test=0.7798
  [tabicl+RSF]        train=0.9837  test=0.6756
  [tabicl+Cox]        train=0.9641  test=0.7473
  Fold 2: train=13566, test=3392
Warming up TabICL model (triggering checkpoint load)...
ARRIVATO QUI 1
Loading TabICL model checkpoint 'tabicl-classifier-v1.1-0506.ckpt'...
ARRIVATO QUI
Performing dummy prediction to ensure model is loaded...
Warming up TabICL model (triggering checkpoint load)...
ARRIVATO QUI 1
Loading TabICL model checkpoint 'tabicl-classifier-v1.1-0506.ckpt'...
ARRIVATO QUI
Performing dummy prediction to ensure model is loaded...
  Embedding shape: (13566, 512)
  [tabicl+DS-simple]  train=0.9598  test=0.7554
  [tabicl+DS-vanilla] train=0.9617  test=0.7540
  [tabicl+RSF]        train=0.9831  test=0.6765
  [tabicl+Cox]        train=0.9632  test=0.7263
  Fold 3: train=13566, test=3392
Warming up TabICL model (triggering checkpoint load)...
ARRIVATO QUI 1
Loading TabICL model checkpoint 'tabicl-classifier-v1.1-0506.ckpt'...
ARRIVATO QUI
Performing dummy prediction to ensure model is loaded...
Warming up TabICL model (triggering checkpoint load)...
ARRIVATO QUI 1
Loading TabICL model checkpoint 'tabicl-classifier-v1.1-0506.ckpt'...
ARRIVATO QUI
Performing dummy prediction to ensure model is loaded...
  Embedding shape: (13566, 512)
  [tabicl+DS-simple]  train=0.9603  test=0.8033
  [tabicl+DS-vanilla] train=0.9596  test=0.7501
  [tabicl+RSF]        train=0.9825  test=0.7596
  [tabicl+Cox]        train=0.9629  test=0.7447
  Fold 4: train=13567, test=3391
Warming up TabICL model (triggering checkpoint load)...
ARRIVATO QUI 1
Loading TabICL model checkpoint 'tabicl-classifier-v1.1-0506.ckpt'...
ARRIVATO QUI
Performing dummy prediction to ensure model is loaded...
Warming up TabICL model (triggering checkpoint load)...
ARRIVATO QUI 1
Loading TabICL model checkpoint 'tabicl-classifier-v1.1-0506.ckpt'...
ARRIVATO QUI
Performing dummy prediction to ensure model is loaded...
  Embedding shape: (13567, 512)
  [tabicl+DS-simple]  train=0.9651  test=0.7452
  [tabicl+DS-vanilla] train=0.9625  test=0.7126
  [tabicl+RSF]        train=0.9840  test=0.6950
  [tabicl+Cox]        train=0.9633  test=0.7351
  Fold 5: train=13567, test=3391
Warming up TabICL model (triggering checkpoint load)...
ARRIVATO QUI 1
Loading TabICL model checkpoint 'tabicl-classifier-v1.1-0506.ckpt'...
ARRIVATO QUI
Performing dummy prediction to ensure model is loaded...
Warming up TabICL model (triggering checkpoint load)...
ARRIVATO QUI 1
Loading TabICL model checkpoint 'tabicl-classifier-v1.1-0506.ckpt'...
ARRIVATO QUI
Performing dummy prediction to ensure model is loaded...
  Embedding shape: (13567, 512)
  [tabicl+DS-simple]  train=0.9642  test=0.7500
  [tabicl+DS-vanilla] train=0.9619  test=0.7632
  [tabicl+RSF]        train=0.9833  test=0.7097
  [tabicl+Cox]        train=0.9634  test=0.7453

Data saved → results/HURRAH/tabicl/results_samplesize_HURRAH_tabicl_seed789_data.txt

Dataset: HURRAH | Model: tabicl | Seed: 789
======================================================================

Preprocess: -1
------------------------------------------------------------

  Sample size (requested):    100  |  actual mean: 100
    TRAIN tabicl+DS-simple            → mean: 0.9614 | std: 0.0150 | min: 0.9422 | max: 0.9822
    TEST  tabicl+DS-simple            → mean: 0.6738 | std: 0.0492 | min: 0.5797 | max: 0.7141
    TRAIN tabicl+DS-vanilla           → mean: 0.9647 | std: 0.0187 | min: 0.9380 | max: 0.9938
    TEST  tabicl+DS-vanilla           → mean: 0.6612 | std: 0.0427 | min: 0.6240 | max: 0.7342
    TRAIN tabicl+RSF                  → mean: 0.9770 | std: 0.0081 | min: 0.9677 | max: 0.9883
    TEST  tabicl+RSF                  → mean: 0.6430 | std: 0.0487 | min: 0.5856 | max: 0.7040
    TRAIN tabicl+Cox                  → mean: 0.9833 | std: 0.0208 | min: 0.9482 | max: 1.0000
    TEST  tabicl+Cox                  → mean: 0.5696 | std: 0.0662 | min: 0.4842 | max: 0.6706
    TRAIN DS-simple (base)            → mean: 0.8738 | std: 0.0819 | min: 0.7586 | max: 0.9688
    TEST  DS-simple (base)            → mean: 0.7065 | std: 0.0644 | min: 0.6230 | max: 0.7622
    TRAIN DS-vanilla (base)           → mean: 0.8577 | std: 0.0510 | min: 0.8153 | max: 0.9541
    TEST  DS-vanilla (base)           → mean: 0.6052 | std: 0.0593 | min: 0.5481 | max: 0.7040
    TRAIN RSF (base)                  → mean: 0.9708 | std: 0.0069 | min: 0.9577 | max: 0.9761
    TEST  RSF (base)                  → mean: 0.7200 | std: 0.0304 | min: 0.6663 | max: 0.7527
    TRAIN Cox (base)                  → mean: 0.9456 | std: 0.0212 | min: 0.9057 | max: 0.9646
    TEST  Cox (base)                  → mean: 0.7360 | std: 0.0527 | min: 0.6448 | max: 0.7782

  Sample size (requested):    500  |  actual mean: 500
    TRAIN tabicl+DS-simple            → mean: 0.9535 | std: 0.0066 | min: 0.9472 | max: 0.9656
    TEST  tabicl+DS-simple            → mean: 0.7302 | std: 0.0271 | min: 0.6969 | max: 0.7722
    TRAIN tabicl+DS-vanilla           → mean: 0.9515 | std: 0.0047 | min: 0.9465 | max: 0.9588
    TEST  tabicl+DS-vanilla           → mean: 0.7278 | std: 0.0441 | min: 0.6483 | max: 0.7759
    TRAIN tabicl+RSF                  → mean: 0.9840 | std: 0.0022 | min: 0.9822 | max: 0.9883
    TEST  tabicl+RSF                  → mean: 0.6422 | std: 0.0419 | min: 0.5710 | max: 0.6972
    TRAIN tabicl+Cox                  → mean: 0.9016 | std: 0.1566 | min: 0.5885 | max: 0.9815
    TEST  tabicl+Cox                  → mean: 0.5509 | std: 0.1068 | min: 0.3646 | max: 0.6781
    TRAIN DS-simple (base)            → mean: 0.8745 | std: 0.0129 | min: 0.8558 | max: 0.8903
    TEST  DS-simple (base)            → mean: 0.8038 | std: 0.0167 | min: 0.7795 | max: 0.8303
    TRAIN DS-vanilla (base)           → mean: 0.8626 | std: 0.0260 | min: 0.8180 | max: 0.8908
    TEST  DS-vanilla (base)           → mean: 0.7525 | std: 0.0252 | min: 0.7211 | max: 0.7931
    TRAIN RSF (base)                  → mean: 0.9424 | std: 0.0125 | min: 0.9308 | max: 0.9616
    TEST  RSF (base)                  → mean: 0.7883 | std: 0.0160 | min: 0.7689 | max: 0.8134
    TRAIN Cox (base)                  → mean: 0.8609 | std: 0.0113 | min: 0.8460 | max: 0.8778
    TEST  Cox (base)                  → mean: 0.8012 | std: 0.0195 | min: 0.7722 | max: 0.8318

  Sample size (requested):   1000  |  actual mean: 1000
    TRAIN tabicl+DS-simple            → mean: 0.9508 | std: 0.0053 | min: 0.9447 | max: 0.9602
    TEST  tabicl+DS-simple            → mean: 0.7560 | std: 0.0319 | min: 0.7053 | max: 0.7959
    TRAIN tabicl+DS-vanilla           → mean: 0.9619 | std: 0.0054 | min: 0.9548 | max: 0.9679
    TEST  tabicl+DS-vanilla           → mean: 0.7424 | std: 0.0274 | min: 0.7103 | max: 0.7882
    TRAIN tabicl+RSF                  → mean: 0.9830 | std: 0.0021 | min: 0.9812 | max: 0.9870
    TEST  tabicl+RSF                  → mean: 0.6824 | std: 0.0260 | min: 0.6575 | max: 0.7205
    TRAIN tabicl+Cox                  → mean: 0.9741 | std: 0.0023 | min: 0.9702 | max: 0.9765
    TEST  tabicl+Cox                  → mean: 0.6720 | std: 0.0125 | min: 0.6587 | max: 0.6921
    TRAIN DS-simple (base)            → mean: 0.8505 | std: 0.0060 | min: 0.8406 | max: 0.8559
    TEST  DS-simple (base)            → mean: 0.8258 | std: 0.0113 | min: 0.8168 | max: 0.8481
    TRAIN DS-vanilla (base)           → mean: 0.8695 | std: 0.0093 | min: 0.8575 | max: 0.8800
    TEST  DS-vanilla (base)           → mean: 0.8046 | std: 0.0052 | min: 0.7970 | max: 0.8102
    TRAIN RSF (base)                  → mean: 0.9426 | std: 0.0053 | min: 0.9376 | max: 0.9522
    TEST  RSF (base)                  → mean: 0.8121 | std: 0.0096 | min: 0.7976 | max: 0.8277
    TRAIN Cox (base)                  → mean: 0.8424 | std: 0.0097 | min: 0.8302 | max: 0.8551
    TEST  Cox (base)                  → mean: 0.8194 | std: 0.0133 | min: 0.8078 | max: 0.8443

  Sample size (requested):   2500  |  actual mean: 2500
    TRAIN tabicl+DS-simple            → mean: 0.9570 | std: 0.0056 | min: 0.9499 | max: 0.9663
    TEST  tabicl+DS-simple            → mean: 0.7795 | std: 0.0057 | min: 0.7732 | max: 0.7893
    TRAIN tabicl+DS-vanilla           → mean: 0.9576 | std: 0.0044 | min: 0.9534 | max: 0.9657
    TEST  tabicl+DS-vanilla           → mean: 0.7857 | std: 0.0079 | min: 0.7722 | max: 0.7937
    TRAIN tabicl+RSF                  → mean: 0.9843 | std: 0.0006 | min: 0.9836 | max: 0.9850
    TEST  tabicl+RSF                  → mean: 0.7268 | std: 0.0183 | min: 0.7035 | max: 0.7575
    TRAIN tabicl+Cox                  → mean: 0.9680 | std: 0.0018 | min: 0.9649 | max: 0.9695
    TEST  tabicl+Cox                  → mean: 0.7360 | std: 0.0152 | min: 0.7087 | max: 0.7508
    TRAIN DS-simple (base)            → mean: 0.8452 | std: 0.0048 | min: 0.8390 | max: 0.8503
    TEST  DS-simple (base)            → mean: 0.8313 | std: 0.0068 | min: 0.8252 | max: 0.8430
    TRAIN DS-vanilla (base)           → mean: 0.8541 | std: 0.0104 | min: 0.8361 | max: 0.8631
    TEST  DS-vanilla (base)           → mean: 0.8175 | std: 0.0117 | min: 0.7975 | max: 0.8311
    TRAIN RSF (base)                  → mean: 0.9445 | std: 0.0026 | min: 0.9405 | max: 0.9475
    TEST  RSF (base)                  → mean: 0.8312 | std: 0.0068 | min: 0.8222 | max: 0.8400
    TRAIN Cox (base)                  → mean: 0.8366 | std: 0.0066 | min: 0.8277 | max: 0.8443
    TEST  Cox (base)                  → mean: 0.8220 | std: 0.0117 | min: 0.8114 | max: 0.8448

  Sample size (requested):   5000  |  actual mean: 5000
    TRAIN tabicl+DS-simple            → mean: 0.9574 | std: 0.0023 | min: 0.9541 | max: 0.9609
    TEST  tabicl+DS-simple            → mean: 0.7734 | std: 0.0127 | min: 0.7505 | max: 0.7871
    TRAIN tabicl+DS-vanilla           → mean: 0.9635 | std: 0.0016 | min: 0.9612 | max: 0.9656
    TEST  tabicl+DS-vanilla           → mean: 0.7729 | std: 0.0219 | min: 0.7363 | max: 0.7935
    TRAIN tabicl+RSF                  → mean: 0.9835 | std: 0.0006 | min: 0.9828 | max: 0.9845
    TEST  tabicl+RSF                  → mean: 0.7203 | std: 0.0229 | min: 0.6942 | max: 0.7559
    TRAIN tabicl+Cox                  → mean: 0.9659 | std: 0.0013 | min: 0.9637 | max: 0.9672
    TEST  tabicl+Cox                  → mean: 0.7479 | std: 0.0240 | min: 0.7051 | max: 0.7725
    TRAIN DS-simple (base)            → mean: 0.8372 | std: 0.0046 | min: 0.8313 | max: 0.8431
    TEST  DS-simple (base)            → mean: 0.8311 | std: 0.0078 | min: 0.8226 | max: 0.8456
    TRAIN DS-vanilla (base)           → mean: 0.8397 | std: 0.0260 | min: 0.8074 | max: 0.8662
    TEST  DS-vanilla (base)           → mean: 0.8181 | std: 0.0212 | min: 0.7790 | max: 0.8387
    TRAIN RSF (base)                  → mean: 0.9440 | std: 0.0012 | min: 0.9425 | max: 0.9458
    TEST  RSF (base)                  → mean: 0.8431 | std: 0.0059 | min: 0.8329 | max: 0.8508
    TRAIN Cox (base)                  → mean: 0.8312 | std: 0.0046 | min: 0.8254 | max: 0.8352
    TEST  Cox (base)                  → mean: 0.8255 | std: 0.0114 | min: 0.8137 | max: 0.8471

  Sample size (requested):  10000  |  actual mean: 10000
    TRAIN tabicl+DS-simple            → mean: 0.9605 | std: 0.0016 | min: 0.9585 | max: 0.9632
    TEST  tabicl+DS-simple            → mean: 0.7846 | std: 0.0197 | min: 0.7504 | max: 0.8108
    TRAIN tabicl+DS-vanilla           → mean: 0.8299 | std: 0.2656 | min: 0.2986 | max: 0.9660
    TEST  tabicl+DS-vanilla           → mean: 0.7139 | std: 0.1135 | min: 0.4997 | max: 0.7951
    TRAIN tabicl+RSF                  → mean: 0.9841 | std: 0.0007 | min: 0.9833 | max: 0.9853
    TEST  tabicl+RSF                  → mean: 0.7407 | std: 0.0148 | min: 0.7168 | max: 0.7618
    TRAIN tabicl+Cox                  → mean: 0.9650 | std: 0.0006 | min: 0.9643 | max: 0.9658
    TEST  tabicl+Cox                  → mean: 0.7650 | std: 0.0085 | min: 0.7507 | max: 0.7734
    TRAIN DS-simple (base)            → mean: 0.8246 | std: 0.0127 | min: 0.8050 | max: 0.8380
    TEST  DS-simple (base)            → mean: 0.8205 | std: 0.0085 | min: 0.8078 | max: 0.8329
    TRAIN DS-vanilla (base)           → mean: 0.7687 | std: 0.1403 | min: 0.4885 | max: 0.8461
    TEST  DS-vanilla (base)           → mean: 0.7616 | std: 0.1398 | min: 0.4832 | max: 0.8517
    TRAIN RSF (base)                  → mean: 0.9438 | std: 0.0009 | min: 0.9426 | max: 0.9450
    TEST  RSF (base)                  → mean: 0.8498 | std: 0.0081 | min: 0.8376 | max: 0.8574
    TRAIN Cox (base)                  → mean: 0.8294 | std: 0.0013 | min: 0.8273 | max: 0.8313
    TEST  Cox (base)                  → mean: 0.8270 | std: 0.0109 | min: 0.8175 | max: 0.8482

  Sample size (requested):  15000  |  actual mean: 13566
    TRAIN tabicl+DS-simple            → mean: 0.9623 | std: 0.0023 | min: 0.9586 | max: 0.9658
    TEST  tabicl+DS-simple            → mean: 0.7915 | std: 0.0090 | min: 0.7792 | max: 0.8056
    TRAIN tabicl+DS-vanilla           → mean: 0.9625 | std: 0.0022 | min: 0.9588 | max: 0.9649
    TEST  tabicl+DS-vanilla           → mean: 0.7723 | std: 0.0230 | min: 0.7441 | max: 0.8003
    TRAIN tabicl+RSF                  → mean: 0.9836 | std: 0.0003 | min: 0.9831 | max: 0.9841
    TEST  tabicl+RSF                  → mean: 0.7496 | std: 0.0098 | min: 0.7359 | max: 0.7665
    TRAIN tabicl+Cox                  → mean: 0.9644 | std: 0.0004 | min: 0.9635 | max: 0.9647
    TEST  tabicl+Cox                  → mean: 0.7702 | std: 0.0055 | min: 0.7613 | max: 0.7782
    TRAIN DS-simple (base)            → mean: 0.8371 | std: 0.0016 | min: 0.8351 | max: 0.8390
    TEST  DS-simple (base)            → mean: 0.8357 | std: 0.0087 | min: 0.8275 | max: 0.8515
    TRAIN DS-vanilla (base)           → mean: 0.8556 | std: 0.0073 | min: 0.8413 | max: 0.8622
    TEST  DS-vanilla (base)           → mean: 0.8481 | std: 0.0108 | min: 0.8299 | max: 0.8639
    TRAIN RSF (base)                  → mean: 0.9419 | std: 0.0009 | min: 0.9409 | max: 0.9435
    TEST  RSF (base)                  → mean: 0.8520 | std: 0.0051 | min: 0.8449 | max: 0.8596
    TRAIN Cox (base)                  → mean: 0.8281 | std: 0.0020 | min: 0.8241 | max: 0.8299
    TEST  Cox (base)                  → mean: 0.8270 | std: 0.0103 | min: 0.8180 | max: 0.8468

Preprocess: NaN
------------------------------------------------------------

  Sample size (requested):    100  |  actual mean: 100
    TRAIN tabicl+DS-simple            → mean: 0.9567 | std: 0.0135 | min: 0.9388 | max: 0.9781
    TEST  tabicl+DS-simple            → mean: 0.6791 | std: 0.0364 | min: 0.6249 | max: 0.7229
    TRAIN tabicl+DS-vanilla           → mean: 0.9683 | std: 0.0146 | min: 0.9596 | max: 0.9973
    TEST  tabicl+DS-vanilla           → mean: 0.6311 | std: 0.0916 | min: 0.4823 | max: 0.7195
    TRAIN tabicl+RSF                  → mean: 0.9725 | std: 0.0069 | min: 0.9619 | max: 0.9822
    TEST  tabicl+RSF                  → mean: 0.6120 | std: 0.0905 | min: 0.4486 | max: 0.7128
    TRAIN tabicl+Cox                  → mean: 0.9900 | std: 0.0179 | min: 0.9541 | max: 1.0000
    TEST  tabicl+Cox                  → mean: 0.5597 | std: 0.0616 | min: 0.4552 | max: 0.6453

  Sample size (requested):    500  |  actual mean: 500
    TRAIN tabicl+DS-simple            → mean: 0.9519 | std: 0.0064 | min: 0.9445 | max: 0.9600
    TEST  tabicl+DS-simple            → mean: 0.7360 | std: 0.0256 | min: 0.6974 | max: 0.7632
    TRAIN tabicl+DS-vanilla           → mean: 0.9637 | std: 0.0086 | min: 0.9496 | max: 0.9717
    TEST  tabicl+DS-vanilla           → mean: 0.7167 | std: 0.0300 | min: 0.6631 | max: 0.7553
    TRAIN tabicl+RSF                  → mean: 0.9815 | std: 0.0011 | min: 0.9799 | max: 0.9825
    TEST  tabicl+RSF                  → mean: 0.6392 | std: 0.0399 | min: 0.5809 | max: 0.6946
    TRAIN tabicl+Cox                  → mean: 0.8825 | std: 0.1214 | min: 0.7064 | max: 0.9818
    TEST  tabicl+Cox                  → mean: 0.5984 | std: 0.1145 | min: 0.3734 | max: 0.6892

  Sample size (requested):   1000  |  actual mean: 1000
    TRAIN tabicl+DS-simple            → mean: 0.9545 | std: 0.0070 | min: 0.9463 | max: 0.9660
    TEST  tabicl+DS-simple            → mean: 0.7559 | std: 0.0167 | min: 0.7381 | max: 0.7848
    TRAIN tabicl+DS-vanilla           → mean: 0.9580 | std: 0.0058 | min: 0.9475 | max: 0.9636
    TEST  tabicl+DS-vanilla           → mean: 0.7619 | std: 0.0199 | min: 0.7240 | max: 0.7814
    TRAIN tabicl+RSF                  → mean: 0.9811 | std: 0.0007 | min: 0.9802 | max: 0.9819
    TEST  tabicl+RSF                  → mean: 0.7069 | std: 0.0093 | min: 0.6985 | max: 0.7234
    TRAIN tabicl+Cox                  → mean: 0.9727 | std: 0.0021 | min: 0.9697 | max: 0.9753
    TEST  tabicl+Cox                  → mean: 0.6750 | std: 0.0221 | min: 0.6440 | max: 0.7076

  Sample size (requested):   2500  |  actual mean: 2500
    TRAIN tabicl+DS-simple            → mean: 0.9578 | std: 0.0059 | min: 0.9484 | max: 0.9648
    TEST  tabicl+DS-simple            → mean: 0.7828 | std: 0.0095 | min: 0.7690 | max: 0.7918
    TRAIN tabicl+DS-vanilla           → mean: 0.9581 | std: 0.0042 | min: 0.9536 | max: 0.9655
    TEST  tabicl+DS-vanilla           → mean: 0.7733 | std: 0.0161 | min: 0.7433 | max: 0.7871
    TRAIN tabicl+RSF                  → mean: 0.9836 | std: 0.0009 | min: 0.9819 | max: 0.9844
    TEST  tabicl+RSF                  → mean: 0.7368 | std: 0.0148 | min: 0.7144 | max: 0.7590
    TRAIN tabicl+Cox                  → mean: 0.9668 | std: 0.0018 | min: 0.9644 | max: 0.9697
    TEST  tabicl+Cox                  → mean: 0.7255 | std: 0.0100 | min: 0.7164 | max: 0.7386

  Sample size (requested):   5000  |  actual mean: 5000
    TRAIN tabicl+DS-simple            → mean: 0.9608 | std: 0.0020 | min: 0.9579 | max: 0.9631
    TEST  tabicl+DS-simple            → mean: 0.7834 | std: 0.0121 | min: 0.7612 | max: 0.7971
    TRAIN tabicl+DS-vanilla           → mean: 0.9610 | std: 0.0026 | min: 0.9583 | max: 0.9655
    TEST  tabicl+DS-vanilla           → mean: 0.7774 | std: 0.0180 | min: 0.7458 | max: 0.7990
    TRAIN tabicl+RSF                  → mean: 0.9837 | std: 0.0003 | min: 0.9832 | max: 0.9841
    TEST  tabicl+RSF                  → mean: 0.7049 | std: 0.0182 | min: 0.6834 | max: 0.7343
    TRAIN tabicl+Cox                  → mean: 0.9651 | std: 0.0011 | min: 0.9636 | max: 0.9664
    TEST  tabicl+Cox                  → mean: 0.7288 | std: 0.0091 | min: 0.7174 | max: 0.7381

  Sample size (requested):  10000  |  actual mean: 10000
    TRAIN tabicl+DS-simple            → mean: 0.9610 | std: 0.0025 | min: 0.9585 | max: 0.9655
    TEST  tabicl+DS-simple            → mean: 0.7692 | std: 0.0237 | min: 0.7328 | max: 0.7928
    TRAIN tabicl+DS-vanilla           → mean: 0.9211 | std: 0.0820 | min: 0.7572 | max: 0.9653
    TEST  tabicl+DS-vanilla           → mean: 0.7277 | std: 0.0421 | min: 0.6460 | max: 0.7639
    TRAIN tabicl+RSF                  → mean: 0.9837 | std: 0.0008 | min: 0.9828 | max: 0.9850
    TEST  tabicl+RSF                  → mean: 0.7058 | std: 0.0194 | min: 0.6815 | max: 0.7352
    TRAIN tabicl+Cox                  → mean: 0.9643 | std: 0.0005 | min: 0.9634 | max: 0.9649
    TEST  tabicl+Cox                  → mean: 0.7355 | std: 0.0077 | min: 0.7274 | max: 0.7472

  Sample size (requested):  15000  |  actual mean: 13566
    TRAIN tabicl+DS-simple            → mean: 0.9626 | std: 0.0021 | min: 0.9598 | max: 0.9651
    TEST  tabicl+DS-simple            → mean: 0.7669 | std: 0.0219 | min: 0.7452 | max: 0.8033
    TRAIN tabicl+DS-vanilla           → mean: 0.9611 | std: 0.0012 | min: 0.9596 | max: 0.9625
    TEST  tabicl+DS-vanilla           → mean: 0.7519 | std: 0.0222 | min: 0.7126 | max: 0.7798
    TRAIN tabicl+RSF                  → mean: 0.9833 | std: 0.0005 | min: 0.9825 | max: 0.9840
    TEST  tabicl+RSF                  → mean: 0.7033 | std: 0.0309 | min: 0.6756 | max: 0.7596
    TRAIN tabicl+Cox                  → mean: 0.9634 | std: 0.0004 | min: 0.9629 | max: 0.9641
    TEST  tabicl+Cox                  → mean: 0.7397 | std: 0.0079 | min: 0.7263 | max: 0.7473
Text summary saved → results/HURRAH/tabicl/results_samplesize_HURRAH_tabicl_seed789.txt
