/scratch.hpc/luca.cotugno/Foundation_model_clinical_data/.venv/lib/python3.12/site-packages/torchtuples/tupletree.py:146: UserWarning: The given NumPy array is not writable, and PyTorch does not support non-writable tensors. This means writing to this tensor will result in undefined behavior. You may want to copy the array to protect its data or make it writable before converting it to a tensor. This type of warning will be suppressed for the rest of this program. (Triggered internally at /pytorch/torch/csrc/utils/tensor_numpy.cpp:213.)
  return torch.from_numpy(data)
STARTED

============================================================
Dataset: OrmoniTirodei
============================================================
Loading existing folds from tmp/splits/OrmoniTirodei_seed77.pkl
Generating NaN ordering → tmp/masks/OrmoniTirodei_tabpfn_seed77_fold0_eval.npy
Generating NaN ordering → tmp/masks/OrmoniTirodei_tabpfn_seed77_fold1_train.npy
Generating NaN ordering → tmp/masks/OrmoniTirodei_tabpfn_seed77_fold1_test.npy
[fold=1, target=10%] actual NaN%: 10.0%
X_train shape: (5161, 76), X_test shape: (1291, 76)
Generating TabPFN Embeddings...
Successfully generated embeddings with shape: (5161, 192)
Fitting SimpleImputer (mean)...
Fitting SimpleImputer (median)...
Fitting SimpleImputer (constant, fill=-1)...
Fitting KNNImputer...
Fitting IterativeImputer (BayesianRidge, MICE-like)...
Fitting DeepSurv Simple pilot model...
0:	[1s / 1s],		train_loss: 155.1522,	val_loss: 33.3164
1:	[0s / 1s],		train_loss: 18.3544,	val_loss: 17.3910
2:	[0s / 1s],		train_loss: 12.1124,	val_loss: 14.1899
3:	[0s / 1s],		train_loss: 10.3217,	val_loss: 12.5620
4:	[0s / 1s],		train_loss: 9.0511,	val_loss: 11.2680
5:	[0s / 1s],		train_loss: 8.0476,	val_loss: 9.9496
6:	[0s / 1s],		train_loss: 6.8095,	val_loss: 8.4909
7:	[0s / 2s],		train_loss: 5.8248,	val_loss: 7.6028
8:	[0s / 2s],		train_loss: 5.0203,	val_loss: 7.1573
9:	[0s / 2s],		train_loss: 4.9085,	val_loss: 6.9073
10:	[0s / 2s],		train_loss: 4.6437,	val_loss: 6.4770
11:	[0s / 2s],		train_loss: 4.4494,	val_loss: 6.3694
12:	[0s / 2s],		train_loss: 4.5984,	val_loss: 6.7313
13:	[0s / 2s],		train_loss: 5.4617,	val_loss: 8.9448
14:	[0s / 2s],		train_loss: 6.0417,	val_loss: 8.3111
15:	[0s / 2s],		train_loss: 5.3127,	val_loss: 7.4939
16:	[0s / 2s],		train_loss: 4.8826,	val_loss: 6.8576
17:	[0s / 2s],		train_loss: 4.6850,	val_loss: 6.5986
18:	[0s / 2s],		train_loss: 5.0658,	val_loss: 7.5077
19:	[0s / 2s],		train_loss: 5.2332,	val_loss: 7.4183
20:	[0s / 2s],		train_loss: 5.1657,	val_loss: 6.6750
21:	[0s / 2s],		train_loss: 4.6000,	val_loss: 6.6443
22:	[0s / 2s],		train_loss: 4.7213,	val_loss: 6.6318
23:	[0s / 2s],		train_loss: 4.5624,	val_loss: 6.4882
24:	[0s / 2s],		train_loss: 4.4978,	val_loss: 6.4131
25:	[0s / 2s],		train_loss: 4.4165,	val_loss: 6.4303
26:	[0s / 2s],		train_loss: 4.4317,	val_loss: 6.5084
27:	[0s / 2s],		train_loss: 4.5187,	val_loss: 6.7073
28:	[0s / 2s],		train_loss: 4.9262,	val_loss: 6.7375
29:	[0s / 2s],		train_loss: 4.7601,	val_loss: 6.7638
30:	[0s / 2s],		train_loss: 4.9531,	val_loss: 7.3770
31:	[0s / 2s],		train_loss: 5.4163,	val_loss: 7.9869
Saved fixed_epochs=12 → nan/tabpfn/OrmoniTirodei/nan_percentage0.1/seed77/fold1/fixed_epochs_deepsurv_simple.json
Fitting DeepSurv Vanilla pilot model...
0:	[0s / 0s],		train_loss: 4.7578,	val_loss: 6.5130
1:	[0s / 0s],		train_loss: 4.6188,	val_loss: 6.3931
2:	[0s / 0s],		train_loss: 4.5466,	val_loss: 6.4180
3:	[0s / 0s],		train_loss: 4.4980,	val_loss: 6.3588
4:	[0s / 0s],		train_loss: 4.4489,	val_loss: 6.3646
5:	[0s / 0s],		train_loss: 4.4593,	val_loss: 6.3348
6:	[0s / 0s],		train_loss: 4.4326,	val_loss: 6.3932
7:	[0s / 0s],		train_loss: 4.4539,	val_loss: 6.3219
8:	[0s / 0s],		train_loss: 4.4429,	val_loss: 6.3291
9:	[0s / 0s],		train_loss: 4.4128,	val_loss: 6.2989
10:	[0s / 0s],		train_loss: 4.4228,	val_loss: 6.3234
11:	[0s / 0s],		train_loss: 4.4008,	val_loss: 6.3005
12:	[0s / 0s],		train_loss: 4.4068,	val_loss: 6.3114
13:	[0s / 1s],		train_loss: 4.4180,	val_loss: 6.3290
14:	[0s / 1s],		train_loss: 4.3943,	val_loss: 6.3758
15:	[0s / 1s],		train_loss: 4.4073,	val_loss: 6.3004
16:	[0s / 1s],		train_loss: 4.3871,	val_loss: 6.3361
17:	[0s / 1s],		train_loss: 4.4195,	val_loss: 6.3177
18:	[0s / 1s],		train_loss: 4.4295,	val_loss: 6.2899
19:	[0s / 1s],		train_loss: 4.4149,	val_loss: 6.3062
20:	[0s / 1s],		train_loss: 4.4201,	val_loss: 6.3262
21:	[0s / 1s],		train_loss: 4.3693,	val_loss: 6.3350
22:	[0s / 1s],		train_loss: 4.3639,	val_loss: 6.3498
23:	[0s / 1s],		train_loss: 4.4070,	val_loss: 6.3344
24:	[0s / 1s],		train_loss: 4.3785,	val_loss: 6.3092
25:	[0s / 1s],		train_loss: 4.3493,	val_loss: 6.3537
26:	[0s / 1s],		train_loss: 4.3557,	val_loss: 6.3024
27:	[0s / 1s],		train_loss: 4.3830,	val_loss: 6.3145
28:	[0s / 1s],		train_loss: 4.3592,	val_loss: 6.3045
29:	[0s / 1s],		train_loss: 4.3606,	val_loss: 6.3047
30:	[0s / 1s],		train_loss: 4.3764,	val_loss: 6.2904
31:	[0s / 1s],		train_loss: 4.3575,	val_loss: 6.2926
32:	[0s / 1s],		train_loss: 4.3557,	val_loss: 6.3122
33:	[0s / 1s],		train_loss: 4.3756,	val_loss: 6.3010
34:	[0s / 1s],		train_loss: 4.3709,	val_loss: 6.3043
35:	[0s / 1s],		train_loss: 4.3634,	val_loss: 6.3189
36:	[0s / 2s],		train_loss: 4.3642,	val_loss: 6.3036
37:	[0s / 2s],		train_loss: 4.3352,	val_loss: 6.3158
38:	[0s / 2s],		train_loss: 4.3541,	val_loss: 6.3662
Saved fixed_epochs=19 → nan/tabpfn/OrmoniTirodei/nan_percentage0.1/seed77/fold1/fixed_epochs_deepsurv_vanilla.json
Evaluating method: embeddings
Fitting Random Survival Forest model...
C-index TRAIN: 0.9600846697283203
C-index TEST : 0.773769032416503
Fitting deepsurv_simple.pt...
0:	[0s / 0s],		train_loss: 3.5787
1:	[0s / 0s],		train_loss: 3.2794
2:	[0s / 0s],		train_loss: 3.2697
3:	[0s / 0s],		train_loss: 3.2669
4:	[0s / 0s],		train_loss: 3.2413
5:	[0s / 0s],		train_loss: 3.2386
6:	[0s / 0s],		train_loss: 3.2231
7:	[0s / 0s],		train_loss: 3.2547
8:	[0s / 0s],		train_loss: 3.2526
9:	[0s / 0s],		train_loss: 3.2407
10:	[0s / 0s],		train_loss: 3.2549
11:	[0s / 0s],		train_loss: 3.2342
C-index TRAIN: 0.9168185427747202
C-index TEST : 0.7737199165029469
Fitting deepsurv_vanilla.pt...
0:	[0s / 0s],		train_loss: 3.4670
1:	[0s / 0s],		train_loss: 3.2867
2:	[0s / 0s],		train_loss: 3.2827
3:	[0s / 0s],		train_loss: 3.2712
4:	[0s / 0s],		train_loss: 3.2528
5:	[0s / 0s],		train_loss: 3.2660
6:	[0s / 0s],		train_loss: 3.2714
7:	[0s / 0s],		train_loss: 3.2579
8:	[0s / 0s],		train_loss: 3.2519
9:	[0s / 0s],		train_loss: 3.2547
10:	[0s / 0s],		train_loss: 3.2326
11:	[0s / 0s],		train_loss: 3.2392
12:	[0s / 0s],		train_loss: 3.2415
13:	[0s / 0s],		train_loss: 3.2367
14:	[0s / 0s],		train_loss: 3.2493
15:	[0s / 0s],		train_loss: 3.2320
16:	[0s / 0s],		train_loss: 3.2198
17:	[0s / 0s],		train_loss: 3.2162
18:	[0s / 0s],		train_loss: 3.2233
C-index TRAIN: 0.9193041434680681
C-index TEST : 0.764197568762279
Fitting Cox model...
C-index TRAIN: 0.9160303937079092
C-index TEST : 0.772034626719057
Evaluating method: mean
Fitting Random Survival Forest model...
C-index TRAIN: 0.9017716883827944
C-index TEST : 0.7899496561886051
Fitting deepsurv_simple.pt...
0:	[0s / 0s],		train_loss: 44.3921
1:	[0s / 0s],		train_loss: 9.8570
2:	[0s / 0s],		train_loss: 7.6500
3:	[0s / 0s],		train_loss: 5.7297
4:	[0s / 0s],		train_loss: 4.9520
5:	[0s / 0s],		train_loss: 5.1025
6:	[0s / 0s],		train_loss: 5.8133
7:	[0s / 0s],		train_loss: 5.1816
8:	[0s / 0s],		train_loss: 6.2389
9:	[0s / 0s],		train_loss: 6.1796
10:	[0s / 0s],		train_loss: 5.8417
11:	[0s / 0s],		train_loss: 5.3869
C-index TRAIN: 0.7639299997078173
C-index TEST : 0.7609083374263261
Fitting deepsurv_vanilla.pt...
0:	[0s / 0s],		train_loss: 4.8691
1:	[0s / 0s],		train_loss: 4.5992
2:	[0s / 0s],		train_loss: 4.5333
3:	[0s / 0s],		train_loss: 4.4922
4:	[0s / 0s],		train_loss: 4.4408
5:	[0s / 0s],		train_loss: 4.4778
6:	[0s / 0s],		train_loss: 4.4653
7:	[0s / 0s],		train_loss: 4.4631
8:	[0s / 0s],		train_loss: 4.4312
9:	[0s / 0s],		train_loss: 4.4336
10:	[0s / 0s],		train_loss: 4.4277
11:	[0s / 0s],		train_loss: 4.4102
12:	[0s / 0s],		train_loss: 4.4094
13:	[0s / 0s],		train_loss: 4.4008
14:	[0s / 0s],		train_loss: 4.4217
15:	[0s / 0s],		train_loss: 4.4251
16:	[0s / 0s],		train_loss: 4.3899
17:	[0s / 0s],		train_loss: 4.3844
18:	[0s / 0s],		train_loss: 4.3946
C-index TRAIN: 0.8016269741645294
C-index TEST : 0.7766177554027505
Fitting Cox model...
C-index TRAIN: 0.7954666633416143
C-index TEST : 0.7851209479371316
Evaluating method: median
Fitting Random Survival Forest model...
C-index TRAIN: 0.8966441599084668
C-index TEST : 0.7916410854616895
Fitting deepsurv_simple.pt...
0:	[0s / 0s],		train_loss: 46.0593
1:	[0s / 0s],		train_loss: 10.1066
2:	[0s / 0s],		train_loss: 7.6810
3:	[0s / 0s],		train_loss: 6.3376
4:	[0s / 0s],		train_loss: 6.5365
5:	[0s / 0s],		train_loss: 5.8294
6:	[0s / 0s],		train_loss: 4.6853
7:	[0s / 0s],		train_loss: 5.3516
8:	[0s / 0s],		train_loss: 4.9622
9:	[0s / 0s],		train_loss: 4.6950
10:	[0s / 0s],		train_loss: 4.5825
11:	[0s / 0s],		train_loss: 5.0671
C-index TRAIN: 0.7541877514376975
C-index TEST : 0.7429580058939096
Fitting deepsurv_vanilla.pt...
0:	[0s / 0s],		train_loss: 4.8706
1:	[0s / 0s],		train_loss: 4.5981
2:	[0s / 0s],		train_loss: 4.5148
3:	[0s / 0s],		train_loss: 4.4841
4:	[0s / 0s],		train_loss: 4.4295
5:	[0s / 0s],		train_loss: 4.4630
6:	[0s / 0s],		train_loss: 4.4582
7:	[0s / 0s],		train_loss: 4.4409
8:	[0s / 0s],		train_loss: 4.4244
9:	[0s / 0s],		train_loss: 4.4368
10:	[0s / 0s],		train_loss: 4.4282
11:	[0s / 0s],		train_loss: 4.3986
12:	[0s / 0s],		train_loss: 4.4010
13:	[0s / 0s],		train_loss: 4.3884
14:	[0s / 0s],		train_loss: 4.4159
15:	[0s / 0s],		train_loss: 4.4364
16:	[0s / 0s],		train_loss: 4.3822
17:	[0s / 0s],		train_loss: 4.3855
18:	[0s / 0s],		train_loss: 4.3827
C-index TRAIN: 0.8021545780852872
C-index TEST : 0.7758610633595285
Fitting Cox model...
C-index TRAIN: 0.7944823610005604
C-index TEST : 0.781409626719057
Evaluating method: constant
Fitting Random Survival Forest model...
C-index TRAIN: 0.9088328340481886
C-index TEST : 0.7925773575638507
Fitting deepsurv_simple.pt...
0:	[0s / 0s],		train_loss: 48.3815
1:	[0s / 0s],		train_loss: 10.3514
2:	[0s / 0s],		train_loss: 7.2807
3:	[0s / 0s],		train_loss: 7.0357
4:	[0s / 0s],		train_loss: 7.9314
5:	[0s / 0s],		train_loss: 7.1097
6:	[0s / 0s],		train_loss: 5.7990
7:	[0s / 0s],		train_loss: 5.0853
8:	[0s / 0s],		train_loss: 4.9173
9:	[0s / 0s],		train_loss: 4.9554
10:	[0s / 0s],		train_loss: 5.7472
11:	[0s / 0s],		train_loss: 7.2673
C-index TRAIN: 0.6955923577642175
C-index TEST : 0.6946479002946955
Fitting deepsurv_vanilla.pt...
0:	[0s / 0s],		train_loss: 4.9466
1:	[0s / 0s],		train_loss: 4.7506
2:	[0s / 0s],		train_loss: 4.7029
3:	[0s / 0s],		train_loss: 4.6048
4:	[0s / 0s],		train_loss: 4.5456
5:	[0s / 0s],		train_loss: 4.5396
6:	[0s / 0s],		train_loss: 4.5398
7:	[0s / 0s],		train_loss: 4.5311
8:	[0s / 0s],		train_loss: 4.5020
9:	[0s / 0s],		train_loss: 4.5151
10:	[0s / 0s],		train_loss: 4.4731
11:	[0s / 0s],		train_loss: 4.4883
12:	[0s / 0s],		train_loss: 4.4698
13:	[0s / 0s],		train_loss: 4.4727
14:	[0s / 0s],		train_loss: 4.4717
15:	[0s / 0s],		train_loss: 4.4863
16:	[0s / 0s],		train_loss: 4.4766
17:	[0s / 0s],		train_loss: 4.4383
18:	[0s / 0s],		train_loss: 4.4432
C-index TRAIN: 0.7953396475829134
C-index TEST : 0.7525356090373281
Fitting Cox model...
C-index TRAIN: 0.7466157511823632
C-index TEST : 0.747231090373281
Evaluating method: knn
Fitting Random Survival Forest model...
C-index TRAIN: 0.9045055513795959
C-index TEST : 0.7943148330058939
Fitting deepsurv_simple.pt...
0:	[0s / 0s],		train_loss: 51.3411
1:	[0s / 0s],		train_loss: 13.8569
2:	[0s / 0s],		train_loss: 9.6567
3:	[0s / 0s],		train_loss: 8.5281
4:	[0s / 0s],		train_loss: 6.9299
5:	[0s / 0s],		train_loss: 5.3068
6:	[0s / 0s],		train_loss: 4.8855
7:	[0s / 0s],		train_loss: 7.1906
8:	[0s / 0s],		train_loss: 7.0092
9:	[0s / 0s],		train_loss: 6.2067
10:	[0s / 0s],		train_loss: 5.4376
11:	[0s / 0s],		train_loss: 4.8620
C-index TRAIN: 0.77350475466976
C-index TEST : 0.7677262401768173
Fitting deepsurv_vanilla.pt...
0:	[0s / 0s],		train_loss: 4.8556
1:	[0s / 0s],		train_loss: 4.5942
2:	[0s / 0s],		train_loss: 4.5353
3:	[0s / 0s],		train_loss: 4.4896
4:	[0s / 0s],		train_loss: 4.4551
5:	[0s / 0s],		train_loss: 4.4886
6:	[0s / 0s],		train_loss: 4.4615
7:	[0s / 0s],		train_loss: 4.4564
8:	[0s / 0s],		train_loss: 4.4400
9:	[0s / 0s],		train_loss: 4.4335
10:	[0s / 0s],		train_loss: 4.4222
11:	[0s / 0s],		train_loss: 4.4104
12:	[0s / 0s],		train_loss: 4.4110
13:	[0s / 0s],		train_loss: 4.4007
14:	[0s / 0s],		train_loss: 4.4297
15:	[0s / 0s],		train_loss: 4.4269
16:	[0s / 0s],		train_loss: 4.3844
17:	[0s / 0s],		train_loss: 4.3816
18:	[0s / 0s],		train_loss: 4.3958
C-index TRAIN: 0.8006680749752156
C-index TEST : 0.7790766208251474
Fitting Cox model...
C-index TRAIN: 0.7942614559374424
C-index TEST : 0.7864286591355599
Evaluating method: imputer_bayesian
Fitting Random Survival Forest model...
C-index TRAIN: 0.9039760864220805
C-index TEST : 0.7894738457760314
Fitting deepsurv_simple.pt...
0:	[0s / 0s],		train_loss: 46.6627
1:	[0s / 0s],		train_loss: 11.9585
2:	[0s / 0s],		train_loss: 8.8961
3:	[0s / 0s],		train_loss: 8.0603
4:	[0s / 0s],		train_loss: 6.6508
5:	[0s / 0s],		train_loss: 5.3164
6:	[0s / 0s],		train_loss: 7.1385
7:	[0s / 0s],		train_loss: 8.7188
8:	[0s / 0s],		train_loss: 7.5076
9:	[0s / 0s],		train_loss: 7.8787
10:	[0s / 0s],		train_loss: 6.6374
11:	[0s / 0s],		train_loss: 5.1489
C-index TRAIN: 0.7697078674770613
C-index TEST : 0.7548072200392927
Fitting deepsurv_vanilla.pt...
0:	[0s / 0s],		train_loss: 4.8358
1:	[0s / 0s],		train_loss: 4.5794
2:	[0s / 0s],		train_loss: 4.5271
3:	[0s / 0s],		train_loss: 4.4786
4:	[0s / 0s],		train_loss: 4.4463
5:	[0s / 0s],		train_loss: 4.4762
6:	[0s / 0s],		train_loss: 4.4432
7:	[0s / 0s],		train_loss: 4.4455
8:	[0s / 0s],		train_loss: 4.4103
9:	[0s / 0s],		train_loss: 4.4191
10:	[0s / 0s],		train_loss: 4.4036
11:	[0s / 0s],		train_loss: 4.3978
12:	[0s / 0s],		train_loss: 4.3904
13:	[0s / 0s],		train_loss: 4.3748
14:	[0s / 0s],		train_loss: 4.4242
15:	[0s / 0s],		train_loss: 4.4142
16:	[0s / 0s],		train_loss: 4.3824
17:	[0s / 0s],		train_loss: 4.3686
18:	[0s / 0s],		train_loss: 4.3857
C-index TRAIN: 0.8017175136027829
C-index TEST : 0.7771703094302554
Fitting Cox model...
C-index TRAIN: 0.7974998459992083
C-index TEST : 0.7820880402750491
[fold=1, target=30%] actual NaN%: 30.0%
X_train shape: (5161, 76), X_test shape: (1291, 76)
Generating TabPFN Embeddings...
Successfully generated embeddings with shape: (5161, 192)
Fitting SimpleImputer (mean)...
Fitting SimpleImputer (median)...
Fitting SimpleImputer (constant, fill=-1)...
Fitting KNNImputer...
Fitting IterativeImputer (BayesianRidge, MICE-like)...
Fitting DeepSurv Simple pilot model...
0:	[0s / 0s],		train_loss: 129.9983,	val_loss: 37.9416
1:	[0s / 0s],		train_loss: 20.6264,	val_loss: 16.5528
2:	[0s / 0s],		train_loss: 13.1293,	val_loss: 16.2413
3:	[0s / 0s],		train_loss: 11.9343,	val_loss: 13.1935
4:	[0s / 0s],		train_loss: 10.0681,	val_loss: 11.8448
5:	[0s / 0s],		train_loss: 9.0588,	val_loss: 10.5873
6:	[0s / 0s],		train_loss: 7.9364,	val_loss: 9.4759
7:	[0s / 0s],		train_loss: 6.8048,	val_loss: 8.4283
8:	[0s / 0s],		train_loss: 5.7601,	val_loss: 7.5059
9:	[0s / 0s],		train_loss: 5.0295,	val_loss: 6.8016
10:	[0s / 0s],		train_loss: 4.8849,	val_loss: 7.5374
11:	[0s / 0s],		train_loss: 5.6189,	val_loss: 7.8644
12:	[0s / 0s],		train_loss: 5.5440,	val_loss: 7.6029
13:	[0s / 0s],		train_loss: 5.3329,	val_loss: 7.2966
14:	[0s / 0s],		train_loss: 5.1845,	val_loss: 7.2224
15:	[0s / 0s],		train_loss: 4.8430,	val_loss: 6.6861
16:	[0s / 0s],		train_loss: 4.5764,	val_loss: 6.5356
17:	[0s / 0s],		train_loss: 4.6304,	val_loss: 6.5164
18:	[0s / 0s],		train_loss: 4.6818,	val_loss: 6.8706
19:	[0s / 0s],		train_loss: 4.7613,	val_loss: 6.7406
20:	[0s / 0s],		train_loss: 4.9000,	val_loss: 7.8223
21:	[0s / 0s],		train_loss: 5.9786,	val_loss: 7.5264
22:	[0s / 0s],		train_loss: 4.9044,	val_loss: 6.8765
23:	[0s / 0s],		train_loss: 4.7565,	val_loss: 6.5167
24:	[0s / 0s],		train_loss: 4.7880,	val_loss: 6.9608
25:	[0s / 0s],		train_loss: 4.7781,	val_loss: 6.8742
26:	[0s / 0s],		train_loss: 4.6510,	val_loss: 7.0831
27:	[0s / 0s],		train_loss: 4.5950,	val_loss: 6.7441
28:	[0s / 0s],		train_loss: 5.3073,	val_loss: 7.8120
29:	[0s / 0s],		train_loss: 5.6737,	val_loss: 7.1083
30:	[0s / 0s],		train_loss: 5.2312,	val_loss: 7.1071
31:	[0s / 1s],		train_loss: 5.3180,	val_loss: 7.1011
32:	[0s / 1s],		train_loss: 4.9588,	val_loss: 6.6244
33:	[0s / 1s],		train_loss: 5.7251,	val_loss: 8.6188
34:	[0s / 1s],		train_loss: 5.6421,	val_loss: 7.5820
35:	[0s / 1s],		train_loss: 5.2188,	val_loss: 7.0193
36:	[0s / 1s],		train_loss: 4.8706,	val_loss: 6.5222
37:	[0s / 1s],		train_loss: 5.4463,	val_loss: 9.5233
Saved fixed_epochs=18 → nan/tabpfn/OrmoniTirodei/nan_percentage0.3/seed77/fold1/fixed_epochs_deepsurv_simple.json
Fitting DeepSurv Vanilla pilot model...
0:	[0s / 0s],		train_loss: 4.8334,	val_loss: 6.5980
1:	[0s / 0s],		train_loss: 4.6924,	val_loss: 6.5215
2:	[0s / 0s],		train_loss: 4.6186,	val_loss: 6.5066
3:	[0s / 0s],		train_loss: 4.5892,	val_loss: 6.4561
4:	[0s / 0s],		train_loss: 4.5316,	val_loss: 6.4666
5:	[0s / 0s],		train_loss: 4.5566,	val_loss: 6.4326
6:	[0s / 0s],		train_loss: 4.5051,	val_loss: 6.4515
7:	[0s / 0s],		train_loss: 4.5458,	val_loss: 6.4146
8:	[0s / 0s],		train_loss: 4.5188,	val_loss: 6.4265
9:	[0s / 0s],		train_loss: 4.4919,	val_loss: 6.4373
10:	[0s / 0s],		train_loss: 4.5134,	val_loss: 6.4287
11:	[0s / 0s],		train_loss: 4.5106,	val_loss: 6.4111
12:	[0s / 0s],		train_loss: 4.5026,	val_loss: 6.3925
13:	[0s / 0s],		train_loss: 4.4774,	val_loss: 6.4177
14:	[0s / 0s],		train_loss: 4.4729,	val_loss: 6.3942
15:	[0s / 0s],		train_loss: 4.4674,	val_loss: 6.3892
16:	[0s / 0s],		train_loss: 4.4657,	val_loss: 6.4139
17:	[0s / 0s],		train_loss: 4.4811,	val_loss: 6.4169
18:	[0s / 0s],		train_loss: 4.4724,	val_loss: 6.3781
19:	[0s / 0s],		train_loss: 4.4347,	val_loss: 6.4536
20:	[0s / 0s],		train_loss: 4.4518,	val_loss: 6.3733
21:	[0s / 1s],		train_loss: 4.4381,	val_loss: 6.4266
22:	[0s / 1s],		train_loss: 4.4306,	val_loss: 6.3911
23:	[0s / 1s],		train_loss: 4.4515,	val_loss: 6.3903
24:	[0s / 1s],		train_loss: 4.4360,	val_loss: 6.4122
25:	[0s / 1s],		train_loss: 4.4074,	val_loss: 6.4378
26:	[0s / 1s],		train_loss: 4.4422,	val_loss: 6.3851
27:	[0s / 1s],		train_loss: 4.4357,	val_loss: 6.3895
28:	[0s / 1s],		train_loss: 4.4352,	val_loss: 6.4023
29:	[0s / 1s],		train_loss: 4.4328,	val_loss: 6.3713
30:	[0s / 1s],		train_loss: 4.4373,	val_loss: 6.3680
31:	[0s / 1s],		train_loss: 4.4262,	val_loss: 6.3666
32:	[0s / 1s],		train_loss: 4.4482,	val_loss: 6.3953
33:	[0s / 1s],		train_loss: 4.4200,	val_loss: 6.3941
34:	[0s / 1s],		train_loss: 4.4209,	val_loss: 6.3882
35:	[0s / 1s],		train_loss: 4.4021,	val_loss: 6.3875
36:	[0s / 1s],		train_loss: 4.4205,	val_loss: 6.3886
37:	[0s / 1s],		train_loss: 4.3941,	val_loss: 6.3859
38:	[0s / 1s],		train_loss: 4.4319,	val_loss: 6.4426
39:	[0s / 1s],		train_loss: 4.4355,	val_loss: 6.4173
40:	[0s / 1s],		train_loss: 4.4152,	val_loss: 6.4046
41:	[0s / 1s],		train_loss: 4.4120,	val_loss: 6.4121
42:	[0s / 1s],		train_loss: 4.3841,	val_loss: 6.4849
43:	[0s / 2s],		train_loss: 4.4203,	val_loss: 6.4013
44:	[0s / 2s],		train_loss: 4.4259,	val_loss: 6.4862
45:	[0s / 2s],		train_loss: 4.4235,	val_loss: 6.7575
46:	[0s / 2s],		train_loss: 4.4073,	val_loss: 6.9363
47:	[0s / 2s],		train_loss: 4.4062,	val_loss: 6.3851
48:	[0s / 2s],		train_loss: 4.3901,	val_loss: 6.4117
49:	[0s / 2s],		train_loss: 4.3986,	val_loss: 6.7791
50:	[0s / 2s],		train_loss: 4.4181,	val_loss: 51.6270
51:	[0s / 2s],		train_loss: 4.3883,	val_loss: 177.6590
Saved fixed_epochs=32 → nan/tabpfn/OrmoniTirodei/nan_percentage0.3/seed77/fold1/fixed_epochs_deepsurv_vanilla.json
Evaluating method: embeddings
Fitting Random Survival Forest model...
C-index TRAIN: 0.9590043378905782
C-index TEST : 0.7445235756385069
Fitting deepsurv_simple.pt...
0:	[0s / 0s],		train_loss: 3.5882
1:	[0s / 0s],		train_loss: 3.2794
2:	[0s / 0s],		train_loss: 3.2685
3:	[0s / 0s],		train_loss: 3.2699
4:	[0s / 0s],		train_loss: 3.2316
5:	[0s / 0s],		train_loss: 3.2288
6:	[0s / 0s],		train_loss: 3.2099
7:	[0s / 0s],		train_loss: 3.2404
8:	[0s / 0s],		train_loss: 3.2471
9:	[0s / 0s],		train_loss: 3.2300
10:	[0s / 0s],		train_loss: 3.2426
11:	[0s / 0s],		train_loss: 3.2307
12:	[0s / 0s],		train_loss: 3.2319
13:	[0s / 0s],		train_loss: 3.2367
14:	[0s / 0s],		train_loss: 3.2210
15:	[0s / 0s],		train_loss: 3.2380
16:	[0s / 0s],		train_loss: 3.2306
17:	[0s / 0s],		train_loss: 3.2175
C-index TRAIN: 0.9146830030954625
C-index TEST : 0.746924115913556
Fitting deepsurv_vanilla.pt...
0:	[0s / 0s],		train_loss: 3.4508
1:	[0s / 0s],		train_loss: 3.2911
2:	[0s / 0s],		train_loss: 3.2799
3:	[0s / 0s],		train_loss: 3.2692
4:	[0s / 0s],		train_loss: 3.2592
5:	[0s / 0s],		train_loss: 3.2755
6:	[0s / 0s],		train_loss: 3.2564
7:	[0s / 0s],		train_loss: 3.2533
8:	[0s / 0s],		train_loss: 3.2493
9:	[0s / 0s],		train_loss: 3.2514
10:	[0s / 0s],		train_loss: 3.2319
11:	[0s / 0s],		train_loss: 3.2312
12:	[0s / 0s],		train_loss: 3.2394
13:	[0s / 0s],		train_loss: 3.2447
14:	[0s / 0s],		train_loss: 3.2439
15:	[0s / 0s],		train_loss: 3.2253
16:	[0s / 0s],		train_loss: 3.2314
17:	[0s / 0s],		train_loss: 3.2163
18:	[0s / 0s],		train_loss: 3.2283
19:	[0s / 0s],		train_loss: 3.2248
20:	[0s / 0s],		train_loss: 3.2286
21:	[0s / 0s],		train_loss: 3.2112
22:	[0s / 0s],		train_loss: 3.2166
23:	[0s / 1s],		train_loss: 3.2110
24:	[0s / 1s],		train_loss: 3.2233
25:	[0s / 1s],		train_loss: 3.2099
26:	[0s / 1s],		train_loss: 3.2228
27:	[0s / 1s],		train_loss: 3.2279
28:	[0s / 1s],		train_loss: 3.2070
29:	[0s / 1s],		train_loss: 3.2095
30:	[0s / 1s],		train_loss: 3.1974
31:	[0s / 1s],		train_loss: 3.2299
C-index TRAIN: 0.9188764772211893
C-index TEST : 0.6869136787819253
Fitting Cox model...
C-index TRAIN: 0.9160774779378745
C-index TEST : 0.7382029715127701
Evaluating method: mean
Fitting Random Survival Forest model...
C-index TRAIN: 0.892392063124878
C-index TEST : 0.7775693762278978
Fitting deepsurv_simple.pt...
0:	[0s / 0s],		train_loss: 40.2272
1:	[0s / 0s],		train_loss: 10.2660
2:	[0s / 0s],		train_loss: 8.4786
3:	[0s / 0s],		train_loss: 6.1844
4:	[0s / 0s],		train_loss: 5.2983
5:	[0s / 0s],		train_loss: 4.9955
6:	[0s / 0s],		train_loss: 4.8537
7:	[0s / 0s],		train_loss: 4.5720
8:	[0s / 0s],		train_loss: 4.9614
9:	[0s / 0s],		train_loss: 4.6902
10:	[0s / 0s],		train_loss: 4.8490
11:	[0s / 0s],		train_loss: 4.6344
12:	[0s / 0s],		train_loss: 4.7919
13:	[0s / 0s],		train_loss: 4.8689
14:	[0s / 0s],		train_loss: 5.7465
15:	[0s / 0s],		train_loss: 7.6747
16:	[0s / 0s],		train_loss: 8.0043
17:	[0s / 0s],		train_loss: 7.3753
C-index TRAIN: 0.6850186913226742
C-index TEST : 0.6895582637524558
Fitting deepsurv_vanilla.pt...
0:	[0s / 0s],		train_loss: 4.9455
1:	[0s / 0s],		train_loss: 4.6699
2:	[0s / 0s],		train_loss: 4.6080
3:	[0s / 0s],		train_loss: 4.5810
4:	[0s / 0s],		train_loss: 4.5261
5:	[0s / 0s],		train_loss: 4.5487
6:	[0s / 0s],		train_loss: 4.5208
7:	[0s / 0s],		train_loss: 4.5219
8:	[0s / 0s],		train_loss: 4.4946
9:	[0s / 0s],		train_loss: 4.5000
10:	[0s / 0s],		train_loss: 4.4598
11:	[0s / 0s],		train_loss: 4.4715
12:	[0s / 0s],		train_loss: 4.4752
13:	[0s / 0s],		train_loss: 4.4748
14:	[0s / 0s],		train_loss: 4.4701
15:	[0s / 0s],		train_loss: 4.4916
16:	[0s / 0s],		train_loss: 4.4532
17:	[0s / 0s],		train_loss: 4.4458
18:	[0s / 0s],		train_loss: 4.4718
19:	[0s / 0s],		train_loss: 4.4408
20:	[0s / 0s],		train_loss: 4.4478
21:	[0s / 0s],		train_loss: 4.4440
22:	[0s / 0s],		train_loss: 4.4675
23:	[0s / 1s],		train_loss: 4.4462
24:	[0s / 1s],		train_loss: 4.4362
25:	[0s / 1s],		train_loss: 4.4449
26:	[0s / 1s],		train_loss: 4.4556
27:	[0s / 1s],		train_loss: 4.3996
28:	[0s / 1s],		train_loss: 4.4342
29:	[0s / 1s],		train_loss: 4.4241
30:	[0s / 1s],		train_loss: 4.4520
31:	[0s / 1s],		train_loss: 4.4119
C-index TRAIN: 0.7840136570321414
C-index TEST : 0.7620763752455796
Fitting Cox model...
C-index TRAIN: 0.7792497751402337
C-index TEST : 0.7747298624754421
Evaluating method: median
Fitting Random Survival Forest model...
C-index TRAIN: 0.874932002369472
C-index TEST : 0.7735541502946954
Fitting deepsurv_simple.pt...
0:	[0s / 0s],		train_loss: 40.3851
1:	[0s / 0s],		train_loss: 9.8540
2:	[0s / 0s],		train_loss: 7.5198
3:	[0s / 0s],		train_loss: 6.0624
4:	[0s / 0s],		train_loss: 6.6630
5:	[0s / 0s],		train_loss: 6.1361
6:	[0s / 0s],		train_loss: 5.5436
7:	[0s / 0s],		train_loss: 5.2842
8:	[0s / 0s],		train_loss: 4.6940
9:	[0s / 0s],		train_loss: 5.1773
10:	[0s / 0s],		train_loss: 5.1792
11:	[0s / 0s],		train_loss: 4.8835
12:	[0s / 0s],		train_loss: 5.2476
13:	[0s / 0s],		train_loss: 7.0472
14:	[0s / 0s],		train_loss: 7.4508
15:	[0s / 0s],		train_loss: 7.4065
16:	[0s / 0s],		train_loss: 8.3951
17:	[0s / 0s],		train_loss: 8.6978
C-index TRAIN: 0.7471865311558955
C-index TEST : 0.7437453953831041
Fitting deepsurv_vanilla.pt...
0:	[0s / 0s],		train_loss: 4.9269
1:	[0s / 0s],		train_loss: 4.6510
2:	[0s / 0s],		train_loss: 4.6034
3:	[0s / 0s],		train_loss: 4.5846
4:	[0s / 0s],		train_loss: 4.5126
5:	[0s / 0s],		train_loss: 4.5545
6:	[0s / 0s],		train_loss: 4.5229
7:	[0s / 0s],		train_loss: 4.5212
8:	[0s / 0s],		train_loss: 4.4985
9:	[0s / 0s],		train_loss: 4.5464
10:	[0s / 0s],		train_loss: 4.4784
11:	[0s / 0s],		train_loss: 4.4826
12:	[0s / 0s],		train_loss: 4.4974
13:	[0s / 0s],		train_loss: 4.4858
14:	[0s / 0s],		train_loss: 4.4855
15:	[0s / 0s],		train_loss: 4.4969
16:	[0s / 0s],		train_loss: 4.4586
17:	[0s / 0s],		train_loss: 4.4432
18:	[0s / 0s],		train_loss: 4.4722
19:	[0s / 0s],		train_loss: 4.4630
20:	[0s / 0s],		train_loss: 4.4575
21:	[0s / 1s],		train_loss: 4.4450
22:	[0s / 1s],		train_loss: 4.4725
23:	[0s / 1s],		train_loss: 4.4931
24:	[0s / 1s],		train_loss: 4.4528
25:	[0s / 1s],		train_loss: 4.4765
26:	[0s / 1s],		train_loss: 4.4676
27:	[0s / 1s],		train_loss: 4.4240
28:	[0s / 1s],		train_loss: 4.4726
29:	[0s / 1s],		train_loss: 4.4409
30:	[0s / 1s],		train_loss: 4.4664
31:	[0s / 1s],		train_loss: 4.4228
C-index TRAIN: 0.7843034204552878
C-index TEST : 0.7631722740667977
Fitting Cox model...
C-index TRAIN: 0.7754125034498969
C-index TEST : 0.7694284135559921
Evaluating method: constant
Fitting Random Survival Forest model...
C-index TRAIN: 0.9050372495812202
C-index TEST : 0.7709172396856582
Fitting deepsurv_simple.pt...
0:	[0s / 0s],		train_loss: 43.3903
1:	[0s / 0s],		train_loss: 9.2195
2:	[0s / 0s],		train_loss: 7.9005
3:	[0s / 0s],		train_loss: 7.5486
4:	[0s / 0s],		train_loss: 7.8814
5:	[0s / 0s],		train_loss: 7.2101
6:	[0s / 0s],		train_loss: 6.1979
7:	[0s / 0s],		train_loss: 5.2428
8:	[0s / 0s],		train_loss: 4.9688
9:	[0s / 0s],		train_loss: 4.9712
10:	[0s / 0s],		train_loss: 5.0402
11:	[0s / 0s],		train_loss: 6.2357
12:	[0s / 0s],		train_loss: 5.7936
13:	[0s / 0s],		train_loss: 5.3056
14:	[0s / 0s],		train_loss: 5.2694
15:	[0s / 0s],		train_loss: 5.4073
16:	[0s / 0s],		train_loss: 5.4123
17:	[0s / 0s],		train_loss: 5.6232
C-index TRAIN: 0.6554820838921872
C-index TEST : 0.6430286100196464
Fitting deepsurv_vanilla.pt...
0:	[0s / 0s],		train_loss: 5.0141
1:	[0s / 0s],		train_loss: 4.8857
2:	[0s / 0s],		train_loss: 4.8524
3:	[0s / 0s],		train_loss: 4.8070
4:	[0s / 0s],		train_loss: 4.7784
5:	[0s / 0s],		train_loss: 4.7477
6:	[0s / 0s],		train_loss: 4.6981
7:	[0s / 0s],		train_loss: 4.6534
8:	[0s / 0s],		train_loss: 4.6614
9:	[0s / 0s],		train_loss: 4.6474
10:	[0s / 0s],		train_loss: 4.6205
11:	[0s / 0s],		train_loss: 4.6257
12:	[0s / 0s],		train_loss: 4.5951
13:	[0s / 0s],		train_loss: 4.5997
14:	[0s / 0s],		train_loss: 4.5959
15:	[0s / 0s],		train_loss: 4.5702
16:	[0s / 0s],		train_loss: 4.5517
17:	[0s / 0s],		train_loss: 4.5331
18:	[0s / 0s],		train_loss: 4.5574
19:	[0s / 0s],		train_loss: 4.5123
20:	[0s / 1s],		train_loss: 4.5416
21:	[0s / 1s],		train_loss: 4.4946
22:	[0s / 1s],		train_loss: 4.4889
23:	[0s / 1s],		train_loss: 4.5166
24:	[0s / 1s],		train_loss: 4.5022
25:	[0s / 1s],		train_loss: 4.4835
26:	[0s / 1s],		train_loss: 4.4920
27:	[0s / 1s],		train_loss: 4.4427
28:	[0s / 1s],		train_loss: 4.4726
29:	[0s / 1s],		train_loss: 4.4667
30:	[0s / 1s],		train_loss: 4.4651
31:	[0s / 1s],		train_loss: 4.4419
C-index TRAIN: 0.8056873841620933
C-index TEST : 0.7204782662082515
Fitting Cox model...
C-index TRAIN: 0.6888307459649466
C-index TEST : 0.6750706041257367
Evaluating method: knn
Fitting Random Survival Forest model...
C-index TRAIN: 0.9015896789879086
C-index TEST : 0.779871684675835
Fitting deepsurv_simple.pt...
0:	[0s / 0s],		train_loss: 40.1811
1:	[0s / 0s],		train_loss: 10.4750
2:	[0s / 0s],		train_loss: 8.4954
3:	[0s / 1s],		train_loss: 6.5993
4:	[0s / 1s],		train_loss: 5.6694
5:	[0s / 1s],		train_loss: 5.0473
6:	[0s / 2s],		train_loss: 5.5640
7:	[0s / 2s],		train_loss: 5.2072
8:	[0s / 2s],		train_loss: 4.6396
9:	[0s / 2s],		train_loss: 4.5757
10:	[0s / 2s],		train_loss: 4.5820
11:	[0s / 2s],		train_loss: 4.7792
12:	[0s / 2s],		train_loss: 5.4931
13:	[0s / 2s],		train_loss: 4.9484
14:	[0s / 2s],		train_loss: 6.4752
15:	[0s / 2s],		train_loss: 6.8167
16:	[0s / 2s],		train_loss: 7.3309
17:	[0s / 2s],		train_loss: 9.6167
C-index TRAIN: 0.7159117153938819
C-index TEST : 0.7051725196463654
Fitting deepsurv_vanilla.pt...
0:	[0s / 0s],		train_loss: 4.9019
1:	[0s / 0s],		train_loss: 4.6649
2:	[0s / 0s],		train_loss: 4.6245
3:	[0s / 0s],		train_loss: 4.6071
4:	[0s / 0s],		train_loss: 4.5564
5:	[0s / 0s],		train_loss: 4.5965
6:	[0s / 0s],		train_loss: 4.5533
7:	[0s / 0s],		train_loss: 4.5418
8:	[0s / 0s],		train_loss: 4.5203
9:	[0s / 0s],		train_loss: 4.5379
10:	[0s / 0s],		train_loss: 4.5052
11:	[0s / 0s],		train_loss: 4.5074
12:	[0s / 0s],		train_loss: 4.5006
13:	[0s / 0s],		train_loss: 4.4974
14:	[0s / 0s],		train_loss: 4.5081
15:	[0s / 0s],		train_loss: 4.5076
16:	[0s / 0s],		train_loss: 4.4695
17:	[0s / 0s],		train_loss: 4.4871
18:	[0s / 0s],		train_loss: 4.5093
19:	[0s / 0s],		train_loss: 4.4816
20:	[0s / 1s],		train_loss: 4.4898
21:	[0s / 1s],		train_loss: 4.4667
22:	[0s / 1s],		train_loss: 4.4837
23:	[0s / 1s],		train_loss: 4.4910
24:	[0s / 1s],		train_loss: 4.4779
25:	[0s / 1s],		train_loss: 4.4738
26:	[0s / 1s],		train_loss: 4.4717
27:	[0s / 1s],		train_loss: 4.4344
28:	[0s / 1s],		train_loss: 4.4638
29:	[0s / 1s],		train_loss: 4.4543
30:	[0s / 1s],		train_loss: 4.4793
31:	[0s / 1s],		train_loss: 4.4336
C-index TRAIN: 0.7830018113470761
C-index TEST : 0.7633932956777996
Fitting Cox model...
C-index TRAIN: 0.7723233685360843
C-index TEST : 0.77536836935167
Evaluating method: imputer_bayesian
Fitting Random Survival Forest model...
C-index TRAIN: 0.9098433770075236
C-index TEST : 0.7821156679764244
Fitting deepsurv_simple.pt...
0:	[0s / 0s],		train_loss: 55.6741
1:	[0s / 0s],		train_loss: 15.9364
2:	[0s / 0s],		train_loss: 11.7424
3:	[0s / 0s],		train_loss: 8.9300
4:	[0s / 0s],		train_loss: 5.9101
5:	[0s / 0s],		train_loss: 4.6802
6:	[0s / 0s],		train_loss: 5.3587
7:	[0s / 0s],		train_loss: 11.5834
8:	[0s / 0s],		train_loss: 8.1289
9:	[0s / 0s],		train_loss: 7.3158
10:	[0s / 0s],		train_loss: 5.9458
11:	[0s / 0s],		train_loss: 5.4555
12:	[0s / 0s],		train_loss: 5.2285
13:	[0s / 0s],		train_loss: 5.0318
14:	[0s / 0s],		train_loss: 5.2525
15:	[0s / 0s],		train_loss: 6.5598
16:	[0s / 0s],		train_loss: 7.8193
17:	[0s / 0s],		train_loss: 13.0447
C-index TRAIN: 0.6747874556445151
C-index TEST : 0.648265594302554
Fitting deepsurv_vanilla.pt...
0:	[0s / 0s],		train_loss: 4.8571
1:	[0s / 0s],		train_loss: 4.6521
2:	[0s / 0s],		train_loss: 4.5722
3:	[0s / 0s],		train_loss: 4.5630
4:	[0s / 0s],		train_loss: 4.5273
5:	[0s / 0s],		train_loss: 4.5495
6:	[0s / 0s],		train_loss: 4.5203
7:	[0s / 0s],		train_loss: 4.5074
8:	[0s / 0s],		train_loss: 4.4837
9:	[0s / 0s],		train_loss: 4.5052
10:	[0s / 0s],		train_loss: 4.4805
11:	[0s / 0s],		train_loss: 4.4565
12:	[0s / 0s],		train_loss: 4.4740
13:	[0s / 0s],		train_loss: 4.4644
14:	[0s / 0s],		train_loss: 4.4770
15:	[0s / 0s],		train_loss: 4.4892
16:	[0s / 0s],		train_loss: 4.4668
17:	[0s / 0s],		train_loss: 4.4411
18:	[0s / 0s],		train_loss: 4.4556
19:	[0s / 0s],		train_loss: 4.4511
20:	[0s / 0s],		train_loss: 4.4524
21:	[0s / 1s],		train_loss: 4.4259
22:	[0s / 1s],		train_loss: 4.4635
23:	[0s / 1s],		train_loss: 4.4499
24:	[0s / 1s],		train_loss: 4.4324
25:	[0s / 1s],		train_loss: 4.4421
26:	[0s / 1s],		train_loss: 4.4583
27:	[0s / 1s],		train_loss: 4.4019
28:	[0s / 1s],		train_loss: 4.4270
29:	[0s / 1s],		train_loss: 4.4086
30:	[0s / 1s],		train_loss: 4.4209
31:	[0s / 1s],		train_loss: 4.4157
C-index TRAIN: 0.7862375959573815
C-index TEST : 0.7625920923379175
Fitting Cox model...
C-index TRAIN: 0.7783700630649526
C-index TEST : 0.7752609282907662
[fold=1, target=50%] actual NaN%: 50.0%
X_train shape: (5161, 76), X_test shape: (1291, 76)
Generating TabPFN Embeddings...
Successfully generated embeddings with shape: (5161, 192)
Fitting SimpleImputer (mean)...
Fitting SimpleImputer (median)...
Fitting SimpleImputer (constant, fill=-1)...
Fitting KNNImputer...
Fitting IterativeImputer (BayesianRidge, MICE-like)...
Fitting DeepSurv Simple pilot model...
0:	[0s / 0s],		train_loss: 155.5731,	val_loss: 24.2752
1:	[0s / 0s],		train_loss: 14.8950,	val_loss: 16.1423
2:	[0s / 0s],		train_loss: 11.9634,	val_loss: 13.8540
3:	[0s / 0s],		train_loss: 10.6492,	val_loss: 12.6290
4:	[0s / 0s],		train_loss: 8.9771,	val_loss: 11.0246
5:	[0s / 0s],		train_loss: 7.9395,	val_loss: 9.7480
6:	[0s / 0s],		train_loss: 6.7055,	val_loss: 8.6489
7:	[0s / 0s],		train_loss: 5.9060,	val_loss: 8.0533
8:	[0s / 0s],		train_loss: 5.2425,	val_loss: 7.5105
9:	[0s / 0s],		train_loss: 5.0844,	val_loss: 7.2741
10:	[0s / 0s],		train_loss: 4.9256,	val_loss: 7.1949
11:	[0s / 0s],		train_loss: 4.9528,	val_loss: 6.9294
12:	[0s / 0s],		train_loss: 4.7168,	val_loss: 6.7667
13:	[0s / 0s],		train_loss: 4.6365,	val_loss: 6.6876
14:	[0s / 0s],		train_loss: 4.6208,	val_loss: 6.5872
15:	[0s / 0s],		train_loss: 4.5486,	val_loss: 6.6472
16:	[0s / 0s],		train_loss: 4.5673,	val_loss: 6.5407
17:	[0s / 0s],		train_loss: 4.5706,	val_loss: 6.5606
18:	[0s / 0s],		train_loss: 4.5896,	val_loss: 6.6686
19:	[0s / 0s],		train_loss: 4.5752,	val_loss: 6.5856
20:	[0s / 0s],		train_loss: 4.5658,	val_loss: 6.5650
21:	[0s / 0s],		train_loss: 4.5790,	val_loss: 6.6267
22:	[0s / 0s],		train_loss: 4.6602,	val_loss: 6.5934
23:	[0s / 0s],		train_loss: 4.5641,	val_loss: 6.6421
24:	[0s / 0s],		train_loss: 4.5903,	val_loss: 6.5749
25:	[0s / 0s],		train_loss: 4.5570,	val_loss: 6.5558
26:	[0s / 0s],		train_loss: 4.7185,	val_loss: 6.9413
27:	[0s / 0s],		train_loss: 4.8247,	val_loss: 7.6536
28:	[0s / 0s],		train_loss: 5.6798,	val_loss: 8.6272
29:	[0s / 0s],		train_loss: 7.3276,	val_loss: 8.7713
30:	[0s / 0s],		train_loss: 8.5864,	val_loss: 13.6739
31:	[0s / 0s],		train_loss: 10.3535,	val_loss: 11.6401
32:	[0s / 1s],		train_loss: 7.7767,	val_loss: 10.2011
33:	[0s / 1s],		train_loss: 7.5471,	val_loss: 10.2969
34:	[0s / 1s],		train_loss: 7.0069,	val_loss: 8.2623
35:	[0s / 1s],		train_loss: 5.5116,	val_loss: 8.9673
36:	[0s / 1s],		train_loss: 8.6745,	val_loss: 10.5891
Saved fixed_epochs=17 → nan/tabpfn/OrmoniTirodei/nan_percentage0.5/seed77/fold1/fixed_epochs_deepsurv_simple.json
Fitting DeepSurv Vanilla pilot model...
0:	[0s / 0s],		train_loss: 4.8699,	val_loss: 6.6828
1:	[0s / 0s],		train_loss: 4.7420,	val_loss: 6.6451
2:	[0s / 0s],		train_loss: 4.6910,	val_loss: 6.6118
3:	[0s / 0s],		train_loss: 4.6672,	val_loss: 6.5663
4:	[0s / 0s],		train_loss: 4.6060,	val_loss: 6.5804
5:	[0s / 0s],		train_loss: 4.6120,	val_loss: 6.5226
6:	[0s / 0s],		train_loss: 4.5836,	val_loss: 6.5176
7:	[0s / 0s],		train_loss: 4.5888,	val_loss: 6.5008
8:	[0s / 0s],		train_loss: 4.5800,	val_loss: 6.5164
9:	[0s / 0s],		train_loss: 4.5631,	val_loss: 6.5066
10:	[0s / 0s],		train_loss: 4.5682,	val_loss: 6.5279
11:	[0s / 0s],		train_loss: 4.5504,	val_loss: 6.4956
12:	[0s / 0s],		train_loss: 4.5484,	val_loss: 6.5160
13:	[0s / 0s],		train_loss: 4.5612,	val_loss: 6.4782
14:	[0s / 0s],		train_loss: 4.5227,	val_loss: 6.4805
15:	[0s / 0s],		train_loss: 4.5254,	val_loss: 6.4839
16:	[0s / 0s],		train_loss: 4.5179,	val_loss: 6.4817
17:	[0s / 0s],		train_loss: 4.5057,	val_loss: 6.4792
18:	[0s / 0s],		train_loss: 4.5255,	val_loss: 6.4978
19:	[0s / 0s],		train_loss: 4.5316,	val_loss: 6.5222
20:	[0s / 0s],		train_loss: 4.5298,	val_loss: 6.4839
21:	[0s / 0s],		train_loss: 4.4993,	val_loss: 6.4985
22:	[0s / 1s],		train_loss: 4.4848,	val_loss: 6.5214
23:	[0s / 1s],		train_loss: 4.5412,	val_loss: 6.5101
24:	[0s / 1s],		train_loss: 4.5312,	val_loss: 6.4992
25:	[0s / 1s],		train_loss: 4.5126,	val_loss: 6.4916
26:	[0s / 1s],		train_loss: 4.5124,	val_loss: 6.4844
27:	[0s / 1s],		train_loss: 4.5135,	val_loss: 6.4820
28:	[0s / 1s],		train_loss: 4.5024,	val_loss: 6.4790
29:	[0s / 1s],		train_loss: 4.4996,	val_loss: 6.4771
30:	[0s / 1s],		train_loss: 4.5008,	val_loss: 6.5432
31:	[0s / 1s],		train_loss: 4.5019,	val_loss: 6.4784
32:	[0s / 1s],		train_loss: 4.5103,	val_loss: 6.4836
33:	[0s / 1s],		train_loss: 4.4870,	val_loss: 6.4726
34:	[0s / 1s],		train_loss: 4.4966,	val_loss: 6.4890
35:	[0s / 1s],		train_loss: 4.4814,	val_loss: 6.4974
36:	[0s / 1s],		train_loss: 4.5105,	val_loss: 6.5017
37:	[0s / 1s],		train_loss: 4.4917,	val_loss: 6.4919
38:	[0s / 1s],		train_loss: 4.5082,	val_loss: 6.5021
39:	[0s / 1s],		train_loss: 4.4999,	val_loss: 6.5002
40:	[0s / 1s],		train_loss: 4.4756,	val_loss: 6.4833
41:	[0s / 1s],		train_loss: 4.4861,	val_loss: 6.5008
42:	[0s / 1s],		train_loss: 4.4654,	val_loss: 6.5181
43:	[0s / 1s],		train_loss: 4.4989,	val_loss: 6.4827
44:	[0s / 2s],		train_loss: 4.4962,	val_loss: 6.5062
45:	[0s / 2s],		train_loss: 4.4774,	val_loss: 6.5227
46:	[0s / 2s],		train_loss: 4.4990,	val_loss: 6.4965
47:	[0s / 2s],		train_loss: 4.4770,	val_loss: 6.5027
48:	[0s / 2s],		train_loss: 4.4533,	val_loss: 6.4981
49:	[0s / 2s],		train_loss: 4.4814,	val_loss: 6.5004
50:	[0s / 2s],		train_loss: 4.4847,	val_loss: 6.5218
51:	[0s / 2s],		train_loss: 4.4621,	val_loss: 6.4926
52:	[0s / 2s],		train_loss: 4.4800,	val_loss: 6.5036
53:	[0s / 2s],		train_loss: 4.4836,	val_loss: 6.4810
Saved fixed_epochs=34 → nan/tabpfn/OrmoniTirodei/nan_percentage0.5/seed77/fold1/fixed_epochs_deepsurv_vanilla.json
Evaluating method: embeddings
Fitting Random Survival Forest model...
C-index TRAIN: 0.9575132752404506
C-index TEST : 0.7562929764243614
Fitting deepsurv_simple.pt...
0:	[0s / 0s],		train_loss: 3.5722
1:	[0s / 0s],		train_loss: 3.2852
2:	[0s / 0s],		train_loss: 3.2691
3:	[0s / 0s],		train_loss: 3.2586
4:	[0s / 0s],		train_loss: 3.2307
5:	[0s / 0s],		train_loss: 3.2355
6:	[0s / 0s],		train_loss: 3.2140
7:	[0s / 0s],		train_loss: 3.2463
8:	[0s / 0s],		train_loss: 3.2486
9:	[0s / 0s],		train_loss: 3.2426
10:	[0s / 0s],		train_loss: 3.2494
11:	[0s / 0s],		train_loss: 3.2404
12:	[0s / 0s],		train_loss: 3.2388
13:	[0s / 0s],		train_loss: 3.2440
14:	[0s / 0s],		train_loss: 3.2288
15:	[0s / 0s],		train_loss: 3.2443
16:	[0s / 0s],		train_loss: 3.2467
C-index TRAIN: 0.9138537251163101
C-index TEST : 0.6825485019646366
Fitting deepsurv_vanilla.pt...
0:	[0s / 0s],		train_loss: 3.4562
1:	[0s / 0s],		train_loss: 3.2970
2:	[0s / 0s],		train_loss: 3.2915
3:	[0s / 0s],		train_loss: 3.2683
4:	[0s / 0s],		train_loss: 3.2658
5:	[0s / 0s],		train_loss: 3.2875
6:	[0s / 0s],		train_loss: 3.2680
7:	[0s / 0s],		train_loss: 3.2613
8:	[0s / 0s],		train_loss: 3.2533
9:	[0s / 0s],		train_loss: 3.2620
10:	[0s / 0s],		train_loss: 3.2428
11:	[0s / 0s],		train_loss: 3.2457
12:	[0s / 0s],		train_loss: 3.2519
13:	[0s / 0s],		train_loss: 3.2536
14:	[0s / 0s],		train_loss: 3.2568
15:	[0s / 0s],		train_loss: 3.2381
16:	[0s / 0s],		train_loss: 3.2435
17:	[0s / 0s],		train_loss: 3.2312
18:	[0s / 0s],		train_loss: 3.2390
19:	[0s / 0s],		train_loss: 3.2402
20:	[0s / 0s],		train_loss: 3.2471
21:	[0s / 0s],		train_loss: 3.2289
22:	[0s / 0s],		train_loss: 3.2314
23:	[0s / 1s],		train_loss: 3.2355
24:	[0s / 1s],		train_loss: 3.2419
25:	[0s / 1s],		train_loss: 3.2235
26:	[0s / 1s],		train_loss: 3.2402
27:	[0s / 1s],		train_loss: 3.2445
28:	[0s / 1s],		train_loss: 3.2268
29:	[0s / 1s],		train_loss: 3.2324
30:	[0s / 1s],		train_loss: 3.2204
31:	[0s / 1s],		train_loss: 3.2403
32:	[0s / 1s],		train_loss: 3.2010
33:	[0s / 1s],		train_loss: 3.2375
C-index TRAIN: 0.9154063880831117
C-index TEST : 0.661281311394892
Fitting Cox model...
C-index TRAIN: 0.914652482092639
C-index TEST : 0.7016668713163065
Evaluating method: mean
Fitting Random Survival Forest model...
C-index TRAIN: 0.8739065711160767
C-index TEST : 0.7567380893909627
Fitting deepsurv_simple.pt...
0:	[0s / 0s],		train_loss: 25.4723
1:	[0s / 0s],		train_loss: 9.6563
2:	[0s / 0s],		train_loss: 8.9793
3:	[0s / 0s],		train_loss: 7.4264
4:	[0s / 0s],		train_loss: 6.0296
5:	[0s / 0s],		train_loss: 4.9627
6:	[0s / 0s],		train_loss: 5.3238
7:	[0s / 0s],		train_loss: 5.7512
8:	[0s / 0s],		train_loss: 7.2606
9:	[0s / 0s],		train_loss: 8.3928
10:	[0s / 0s],		train_loss: 7.6169
11:	[0s / 0s],		train_loss: 6.4089
12:	[0s / 0s],		train_loss: 5.0627
13:	[0s / 0s],		train_loss: 5.4110
14:	[0s / 0s],		train_loss: 5.0226
15:	[0s / 0s],		train_loss: 4.7395
16:	[0s / 0s],		train_loss: 4.6911
C-index TRAIN: 0.7534608304802088
C-index TEST : 0.7513353388998035
Fitting deepsurv_vanilla.pt...
0:	[0s / 0s],		train_loss: 4.9220
1:	[0s / 0s],		train_loss: 4.7319
2:	[0s / 0s],		train_loss: 4.6795
3:	[0s / 0s],		train_loss: 4.6764
4:	[0s / 0s],		train_loss: 4.6150
5:	[0s / 0s],		train_loss: 4.6210
6:	[0s / 0s],		train_loss: 4.5972
7:	[0s / 0s],		train_loss: 4.5872
8:	[0s / 0s],		train_loss: 4.5550
9:	[0s / 0s],		train_loss: 4.5860
10:	[0s / 0s],		train_loss: 4.5290
11:	[0s / 0s],		train_loss: 4.5413
12:	[0s / 0s],		train_loss: 4.5535
13:	[0s / 0s],		train_loss: 4.5366
14:	[0s / 0s],		train_loss: 4.5306
15:	[0s / 0s],		train_loss: 4.5501
16:	[0s / 0s],		train_loss: 4.5219
17:	[0s / 0s],		train_loss: 4.5329
18:	[0s / 0s],		train_loss: 4.5414
19:	[0s / 0s],		train_loss: 4.5227
20:	[0s / 0s],		train_loss: 4.5251
21:	[0s / 0s],		train_loss: 4.5142
22:	[0s / 1s],		train_loss: 4.5151
23:	[0s / 1s],		train_loss: 4.5306
24:	[0s / 1s],		train_loss: 4.5087
25:	[0s / 1s],		train_loss: 4.4988
26:	[0s / 1s],		train_loss: 4.5222
27:	[0s / 1s],		train_loss: 4.4656
28:	[0s / 1s],		train_loss: 4.5008
29:	[0s / 1s],		train_loss: 4.5152
30:	[0s / 1s],		train_loss: 4.5241
31:	[0s / 1s],		train_loss: 4.4795
32:	[0s / 1s],		train_loss: 4.5024
33:	[0s / 1s],		train_loss: 4.4903
C-index TRAIN: 0.7729503518196938
C-index TEST : 0.7507582269155206
Fitting Cox model...
C-index TRAIN: 0.7658000624936143
C-index TEST : 0.7597740667976425
Evaluating method: median
Fitting Random Survival Forest model...
C-index TRAIN: 0.8472654577247821
C-index TEST : 0.7529899312377211
Fitting deepsurv_simple.pt...
0:	[0s / 0s],		train_loss: 31.9180
1:	[0s / 0s],		train_loss: 10.1852
2:	[0s / 0s],		train_loss: 7.0282
3:	[0s / 0s],		train_loss: 6.8116
4:	[0s / 0s],		train_loss: 6.6590
5:	[0s / 0s],		train_loss: 5.6851
6:	[0s / 0s],		train_loss: 7.1370
7:	[0s / 0s],		train_loss: 8.7725
8:	[0s / 0s],		train_loss: 8.8965
9:	[0s / 0s],		train_loss: 8.6953
10:	[0s / 0s],		train_loss: 7.3668
11:	[0s / 0s],		train_loss: 6.4681
12:	[0s / 0s],		train_loss: 5.7001
13:	[0s / 0s],		train_loss: 5.2693
14:	[0s / 0s],		train_loss: 5.5003
15:	[0s / 0s],		train_loss: 5.1226
16:	[0s / 0s],		train_loss: 4.9530
C-index TRAIN: 0.7523086626236264
C-index TEST : 0.7416502946954814
Fitting deepsurv_vanilla.pt...
0:	[0s / 0s],		train_loss: 4.9318
1:	[0s / 0s],		train_loss: 4.7290
2:	[0s / 0s],		train_loss: 4.6846
3:	[0s / 0s],		train_loss: 4.6619
4:	[0s / 0s],		train_loss: 4.5898
5:	[0s / 0s],		train_loss: 4.6161
6:	[0s / 0s],		train_loss: 4.6187
7:	[0s / 0s],		train_loss: 4.5985
8:	[0s / 0s],		train_loss: 4.5716
9:	[0s / 0s],		train_loss: 4.5973
10:	[0s / 0s],		train_loss: 4.5618
11:	[0s / 0s],		train_loss: 4.5417
12:	[0s / 0s],		train_loss: 4.5471
13:	[0s / 0s],		train_loss: 4.5370
14:	[0s / 0s],		train_loss: 4.5429
15:	[0s / 0s],		train_loss: 4.5579
16:	[0s / 0s],		train_loss: 4.5384
17:	[0s / 0s],		train_loss: 4.5245
18:	[0s / 0s],		train_loss: 4.5276
19:	[0s / 0s],		train_loss: 4.5196
20:	[0s / 0s],		train_loss: 4.5352
21:	[0s / 0s],		train_loss: 4.5192
22:	[0s / 1s],		train_loss: 4.5214
23:	[0s / 1s],		train_loss: 4.5314
24:	[0s / 1s],		train_loss: 4.5134
25:	[0s / 1s],		train_loss: 4.5163
26:	[0s / 1s],		train_loss: 4.5352
27:	[0s / 1s],		train_loss: 4.4916
28:	[0s / 1s],		train_loss: 4.4993
29:	[0s / 1s],		train_loss: 4.4921
30:	[0s / 1s],		train_loss: 4.5001
31:	[0s / 1s],		train_loss: 4.4694
32:	[0s / 1s],		train_loss: 4.4725
33:	[0s / 1s],		train_loss: 4.4803
C-index TRAIN: 0.7634696722658438
C-index TEST : 0.7343043958742632
Fitting Cox model...
C-index TRAIN: 0.7601013818384028
C-index TEST : 0.7494413064833005
Evaluating method: constant
Fitting Random Survival Forest model...
C-index TRAIN: 0.8880863684826725
C-index TEST : 0.7503223231827112
Fitting deepsurv_simple.pt...
0:	[0s / 0s],		train_loss: 41.6572
1:	[0s / 0s],		train_loss: 9.4437
2:	[0s / 0s],		train_loss: 7.0596
3:	[0s / 0s],		train_loss: 6.5867
4:	[0s / 0s],		train_loss: 6.2319
5:	[0s / 0s],		train_loss: 6.3785
6:	[0s / 0s],		train_loss: 6.0176
7:	[0s / 0s],		train_loss: 6.1993
8:	[0s / 0s],		train_loss: 5.4834
9:	[0s / 0s],		train_loss: 7.6150
10:	[0s / 0s],		train_loss: 7.3672
11:	[0s / 0s],		train_loss: 6.6124
12:	[0s / 0s],		train_loss: 5.8000
13:	[0s / 0s],		train_loss: 6.5331
14:	[0s / 0s],		train_loss: 7.9078
15:	[0s / 0s],		train_loss: 8.2355
16:	[0s / 0s],		train_loss: 7.1841
C-index TRAIN: 0.5774662133429264
C-index TEST : 0.5618829813359528
Fitting deepsurv_vanilla.pt...
0:	[0s / 0s],		train_loss: 5.0207
1:	[0s / 0s],		train_loss: 4.9053
2:	[0s / 0s],		train_loss: 4.8964
3:	[0s / 0s],		train_loss: 4.8649
4:	[0s / 0s],		train_loss: 4.8416
5:	[0s / 0s],		train_loss: 4.8547
6:	[0s / 0s],		train_loss: 4.8218
7:	[0s / 0s],		train_loss: 4.7789
8:	[0s / 0s],		train_loss: 4.7571
9:	[0s / 0s],		train_loss: 4.7722
10:	[0s / 0s],		train_loss: 4.7283
11:	[0s / 0s],		train_loss: 4.7043
12:	[0s / 0s],		train_loss: 4.6869
13:	[0s / 0s],		train_loss: 4.6843
14:	[0s / 0s],		train_loss: 4.6706
15:	[0s / 0s],		train_loss: 4.6778
16:	[0s / 0s],		train_loss: 4.6358
17:	[0s / 0s],		train_loss: 4.6678
18:	[0s / 0s],		train_loss: 4.6184
19:	[0s / 0s],		train_loss: 4.5989
20:	[0s / 0s],		train_loss: 4.6177
21:	[0s / 0s],		train_loss: 4.5698
22:	[0s / 0s],		train_loss: 4.5790
23:	[0s / 1s],		train_loss: 4.6146
24:	[0s / 1s],		train_loss: 4.5624
25:	[0s / 1s],		train_loss: 4.5490
26:	[0s / 1s],		train_loss: 4.5759
27:	[0s / 1s],		train_loss: 4.5478
28:	[0s / 1s],		train_loss: 4.5301
29:	[0s / 1s],		train_loss: 4.5137
30:	[0s / 1s],		train_loss: 4.5199
31:	[0s / 1s],		train_loss: 4.4883
32:	[0s / 1s],		train_loss: 4.4687
33:	[0s / 1s],		train_loss: 4.4720
C-index TRAIN: 0.7986642966983906
C-index TEST : 0.6620180500982318
Fitting Cox model...
C-index TRAIN: 0.6438433461143135
C-index TEST : 0.6426387524557957
Evaluating method: knn
Fitting Random Survival Forest model...
C-index TRAIN: 0.897071453947994
C-index TEST : 0.7571187377210216
Fitting deepsurv_simple.pt...
0:	[0s / 0s],		train_loss: 39.6083
1:	[0s / 0s],		train_loss: 12.6840
2:	[0s / 0s],		train_loss: 9.5006
3:	[0s / 0s],		train_loss: 7.0098
4:	[0s / 0s],		train_loss: 5.3241
5:	[0s / 0s],		train_loss: 4.6436
6:	[0s / 0s],		train_loss: 5.5551
7:	[0s / 0s],		train_loss: 6.4451
8:	[0s / 0s],		train_loss: 5.6538
9:	[0s / 0s],		train_loss: 5.3588
10:	[0s / 0s],		train_loss: 6.9027
11:	[0s / 0s],		train_loss: 7.2339
12:	[0s / 0s],		train_loss: 6.1798
13:	[0s / 0s],		train_loss: 5.6700
14:	[0s / 0s],		train_loss: 5.1081
15:	[0s / 0s],		train_loss: 5.9591
16:	[0s / 0s],		train_loss: 7.8379
C-index TRAIN: 0.6762714463549641
C-index TEST : 0.6794219670923379
Fitting deepsurv_vanilla.pt...
0:	[0s / 0s],		train_loss: 4.9239
1:	[0s / 0s],		train_loss: 4.7292
2:	[0s / 0s],		train_loss: 4.7020
3:	[0s / 0s],		train_loss: 4.6701
4:	[0s / 0s],		train_loss: 4.6186
5:	[0s / 0s],		train_loss: 4.6333
6:	[0s / 0s],		train_loss: 4.6616
7:	[0s / 0s],		train_loss: 4.6538
8:	[0s / 0s],		train_loss: 4.6002
9:	[0s / 0s],		train_loss: 4.6528
10:	[0s / 0s],		train_loss: 4.5749
11:	[0s / 0s],		train_loss: 4.5801
12:	[0s / 0s],		train_loss: 4.5641
13:	[0s / 0s],		train_loss: 4.5774
14:	[0s / 0s],		train_loss: 4.5748
15:	[0s / 0s],		train_loss: 4.6080
16:	[0s / 0s],		train_loss: 4.5630
17:	[0s / 0s],		train_loss: 4.5417
18:	[0s / 0s],		train_loss: 4.5731
19:	[0s / 0s],		train_loss: 4.5695
20:	[0s / 0s],		train_loss: 4.5511
21:	[0s / 0s],		train_loss: 4.5506
22:	[0s / 0s],		train_loss: 4.5418
23:	[0s / 1s],		train_loss: 4.5449
24:	[0s / 1s],		train_loss: 4.5385
25:	[0s / 1s],		train_loss: 4.5337
26:	[0s / 1s],		train_loss: 4.5427
27:	[0s / 1s],		train_loss: 4.5061
28:	[0s / 1s],		train_loss: 4.5293
29:	[0s / 1s],		train_loss: 4.5202
30:	[0s / 1s],		train_loss: 4.5405
31:	[0s / 1s],		train_loss: 4.5192
32:	[0s / 1s],		train_loss: 4.5057
33:	[0s / 1s],		train_loss: 4.5063
C-index TRAIN: 0.7612957021775433
C-index TEST : 0.7409258349705304
Fitting Cox model...
C-index TRAIN: 0.7580097626266226
C-index TEST : 0.753763506876228
Evaluating method: imputer_bayesian
Fitting Random Survival Forest model...
C-index TRAIN: 0.9119361128413583
C-index TEST : 0.7562039538310412
Fitting deepsurv_simple.pt...
0:	[0s / 0s],		train_loss: 32.2496
1:	[0s / 0s],		train_loss: 12.4780
2:	[0s / 0s],		train_loss: 7.2949
3:	[0s / 0s],		train_loss: 10.6135
4:	[0s / 0s],		train_loss: 10.8990
5:	[0s / 0s],		train_loss: 15.5151
6:	[0s / 0s],		train_loss: 9.8657
7:	[0s / 0s],		train_loss: 7.6328
8:	[0s / 0s],		train_loss: 6.9368
9:	[0s / 0s],		train_loss: 7.8895
10:	[0s / 0s],		train_loss: 8.7598
11:	[0s / 0s],		train_loss: 7.2911
12:	[0s / 0s],		train_loss: 8.2156
13:	[0s / 0s],		train_loss: 13.4218
14:	[0s / 0s],		train_loss: 15.1490
15:	[0s / 0s],		train_loss: 11.1649
16:	[0s / 0s],		train_loss: 9.8385
C-index TRAIN: 0.6530165823958206
C-index TEST : 0.6459448673870334
Fitting deepsurv_vanilla.pt...
0:	[0s / 0s],		train_loss: 4.9207
1:	[0s / 0s],		train_loss: 4.6666
2:	[0s / 0s],		train_loss: 4.6097
3:	[0s / 0s],		train_loss: 4.6061
4:	[0s / 0s],		train_loss: 4.5684
5:	[0s / 0s],		train_loss: 4.5796
6:	[0s / 0s],		train_loss: 4.5443
7:	[0s / 0s],		train_loss: 4.5564
8:	[0s / 0s],		train_loss: 4.5483
9:	[0s / 0s],		train_loss: 4.5520
10:	[0s / 0s],		train_loss: 4.5180
11:	[0s / 0s],		train_loss: 4.5045
12:	[0s / 0s],		train_loss: 4.5184
13:	[0s / 0s],		train_loss: 4.5184
14:	[0s / 0s],		train_loss: 4.5403
15:	[0s / 0s],		train_loss: 4.5355
16:	[0s / 0s],		train_loss: 4.5136
17:	[0s / 0s],		train_loss: 4.4931
18:	[0s / 0s],		train_loss: 4.5160
19:	[0s / 0s],		train_loss: 4.5239
20:	[0s / 0s],		train_loss: 4.5004
21:	[0s / 0s],		train_loss: 4.4594
22:	[0s / 0s],		train_loss: 4.4951
23:	[0s / 1s],		train_loss: 4.5114
24:	[0s / 1s],		train_loss: 4.4908
25:	[0s / 1s],		train_loss: 4.4808
26:	[0s / 1s],		train_loss: 4.4979
27:	[0s / 1s],		train_loss: 4.4613
28:	[0s / 1s],		train_loss: 4.4917
29:	[0s / 1s],		train_loss: 4.4553
30:	[0s / 1s],		train_loss: 4.4869
31:	[0s / 1s],		train_loss: 4.4459
32:	[0s / 1s],		train_loss: 4.4701
33:	[0s / 1s],		train_loss: 4.4684
C-index TRAIN: 0.7763781954233756
C-index TEST : 0.7448213408644401
Fitting Cox model...
C-index TRAIN: 0.76732406549435
C-index TEST : 0.7589605844793713
[fold=1, target=70%] actual NaN%: 70.0%
X_train shape: (5161, 76), X_test shape: (1291, 76)
Generating TabPFN Embeddings...
Successfully generated embeddings with shape: (5161, 192)
Fitting SimpleImputer (mean)...
Fitting SimpleImputer (median)...
Fitting SimpleImputer (constant, fill=-1)...
Fitting KNNImputer...
Fitting IterativeImputer (BayesianRidge, MICE-like)...
Fitting DeepSurv Simple pilot model...
0:	[0s / 0s],		train_loss: 126.4400,	val_loss: 19.8910
1:	[0s / 0s],		train_loss: 11.1956,	val_loss: 11.8593
2:	[0s / 0s],		train_loss: 9.3277,	val_loss: 10.6151
3:	[0s / 0s],		train_loss: 8.4490,	val_loss: 9.7442
4:	[0s / 0s],		train_loss: 7.1463,	val_loss: 8.6679
5:	[0s / 0s],		train_loss: 6.2289,	val_loss: 8.1142
6:	[0s / 0s],		train_loss: 5.7515,	val_loss: 7.5954
7:	[0s / 0s],		train_loss: 5.4311,	val_loss: 7.4872
8:	[0s / 0s],		train_loss: 5.3292,	val_loss: 7.2888
9:	[0s / 0s],		train_loss: 5.1191,	val_loss: 7.0137
10:	[0s / 0s],		train_loss: 4.8788,	val_loss: 6.9073
11:	[0s / 0s],		train_loss: 4.8472,	val_loss: 6.7983
12:	[0s / 0s],		train_loss: 4.7102,	val_loss: 6.7567
13:	[0s / 0s],		train_loss: 4.7400,	val_loss: 6.6873
14:	[0s / 0s],		train_loss: 4.6775,	val_loss: 6.6704
15:	[0s / 0s],		train_loss: 4.6356,	val_loss: 6.7832
16:	[0s / 0s],		train_loss: 4.7483,	val_loss: 6.6938
17:	[0s / 0s],		train_loss: 4.6916,	val_loss: 6.7409
18:	[0s / 0s],		train_loss: 5.4699,	val_loss: 7.8169
19:	[0s / 0s],		train_loss: 6.1038,	val_loss: 7.6852
20:	[0s / 0s],		train_loss: 5.9347,	val_loss: 7.3221
21:	[0s / 0s],		train_loss: 5.2897,	val_loss: 7.3175
22:	[0s / 0s],		train_loss: 5.8785,	val_loss: 8.0978
23:	[0s / 0s],		train_loss: 6.0419,	val_loss: 7.7667
24:	[0s / 0s],		train_loss: 5.2731,	val_loss: 7.0888
25:	[0s / 0s],		train_loss: 4.8881,	val_loss: 6.8913
26:	[0s / 0s],		train_loss: 4.7886,	val_loss: 6.7585
27:	[0s / 0s],		train_loss: 4.7746,	val_loss: 6.7053
28:	[0s / 0s],		train_loss: 4.8303,	val_loss: 6.8607
29:	[0s / 0s],		train_loss: 4.8207,	val_loss: 6.7927
30:	[0s / 0s],		train_loss: 5.6743,	val_loss: 8.3421
31:	[0s / 1s],		train_loss: 6.8475,	val_loss: 8.2755
32:	[0s / 1s],		train_loss: 6.3831,	val_loss: 7.7675
33:	[0s / 1s],		train_loss: 6.1753,	val_loss: 7.3805
34:	[0s / 1s],		train_loss: 5.2967,	val_loss: 6.9427
Saved fixed_epochs=15 → nan/tabpfn/OrmoniTirodei/nan_percentage0.7/seed77/fold1/fixed_epochs_deepsurv_simple.json
Fitting DeepSurv Vanilla pilot model...
0:	[0s / 0s],		train_loss: 4.9555,	val_loss: 6.8046
1:	[0s / 0s],		train_loss: 4.8236,	val_loss: 6.7333
2:	[0s / 0s],		train_loss: 4.7914,	val_loss: 6.6948
3:	[0s / 0s],		train_loss: 4.7603,	val_loss: 6.7242
4:	[0s / 0s],		train_loss: 4.7456,	val_loss: 6.6502
5:	[0s / 0s],		train_loss: 4.7284,	val_loss: 6.6472
6:	[0s / 0s],		train_loss: 4.7069,	val_loss: 6.6748
7:	[0s / 0s],		train_loss: 4.7063,	val_loss: 6.6347
8:	[0s / 0s],		train_loss: 4.7168,	val_loss: 6.7327
9:	[0s / 0s],		train_loss: 4.6965,	val_loss: 6.6073
10:	[0s / 0s],		train_loss: 4.6959,	val_loss: 6.6363
11:	[0s / 0s],		train_loss: 4.6962,	val_loss: 6.6920
12:	[0s / 0s],		train_loss: 4.6869,	val_loss: 6.6547
13:	[0s / 0s],		train_loss: 4.6756,	val_loss: 6.6431
14:	[0s / 0s],		train_loss: 4.6705,	val_loss: 6.7012
15:	[0s / 0s],		train_loss: 4.6949,	val_loss: 6.6715
16:	[0s / 0s],		train_loss: 4.6444,	val_loss: 6.6399
17:	[0s / 0s],		train_loss: 4.6633,	val_loss: 6.6427
18:	[0s / 0s],		train_loss: 4.6825,	val_loss: 6.6827
19:	[0s / 0s],		train_loss: 4.6718,	val_loss: 6.6250
20:	[0s / 0s],		train_loss: 4.6591,	val_loss: 6.6313
21:	[0s / 0s],		train_loss: 4.6494,	val_loss: 6.6421
22:	[0s / 1s],		train_loss: 4.6276,	val_loss: 6.6210
23:	[0s / 1s],		train_loss: 4.6857,	val_loss: 6.6370
24:	[0s / 1s],		train_loss: 4.6488,	val_loss: 6.6708
25:	[0s / 1s],		train_loss: 4.6619,	val_loss: 6.6245
26:	[0s / 1s],		train_loss: 4.6343,	val_loss: 6.6150
27:	[0s / 1s],		train_loss: 4.6448,	val_loss: 6.6455
28:	[0s / 1s],		train_loss: 4.6421,	val_loss: 6.6173
29:	[0s / 1s],		train_loss: 4.6332,	val_loss: 6.6219
Saved fixed_epochs=10 → nan/tabpfn/OrmoniTirodei/nan_percentage0.7/seed77/fold1/fixed_epochs_deepsurv_vanilla.json
Evaluating method: embeddings
Fitting Random Survival Forest model...
C-index TRAIN: 0.957606140974651
C-index TEST : 0.7172212671905698
Fitting deepsurv_simple.pt...
0:	[0s / 0s],		train_loss: 3.5493
1:	[0s / 0s],		train_loss: 3.2996
2:	[0s / 0s],		train_loss: 3.2879
3:	[0s / 0s],		train_loss: 3.2924
4:	[0s / 0s],		train_loss: 3.2710
5:	[0s / 0s],		train_loss: 3.2696
6:	[0s / 0s],		train_loss: 3.2543
7:	[0s / 0s],		train_loss: 3.2922
8:	[0s / 0s],		train_loss: 3.2785
9:	[0s / 0s],		train_loss: 3.2707
10:	[0s / 0s],		train_loss: 3.2769
11:	[0s / 0s],		train_loss: 3.2658
12:	[0s / 0s],		train_loss: 3.2644
13:	[0s / 0s],		train_loss: 3.2748
14:	[0s / 0s],		train_loss: 3.2495
C-index TRAIN: 0.9114213500742274
C-index TEST : 0.6990176817288801
Fitting deepsurv_vanilla.pt...
0:	[0s / 0s],		train_loss: 3.4737
1:	[0s / 0s],		train_loss: 3.3179
2:	[0s / 0s],		train_loss: 3.3133
3:	[0s / 0s],		train_loss: 3.3000
4:	[0s / 0s],		train_loss: 3.2908
5:	[0s / 0s],		train_loss: 3.3045
6:	[0s / 0s],		train_loss: 3.2917
7:	[0s / 0s],		train_loss: 3.2840
8:	[0s / 0s],		train_loss: 3.2798
9:	[0s / 0s],		train_loss: 3.2888
C-index TRAIN: 0.9115586945869326
C-index TEST : 0.6798210338899804
Fitting Cox model...
C-index TRAIN: 0.9108314014220926
C-index TEST : 0.6995548870333989
Evaluating method: mean
Fitting Random Survival Forest model...
C-index TRAIN: 0.8315856647316227
C-index TEST : 0.711035731827112
Fitting deepsurv_simple.pt...
0:	[0s / 0s],		train_loss: 26.7447
1:	[0s / 0s],		train_loss: 9.9383
2:	[0s / 0s],		train_loss: 9.0978
3:	[0s / 0s],		train_loss: 7.4558
4:	[0s / 0s],		train_loss: 6.1509
5:	[0s / 0s],		train_loss: 5.3458
6:	[0s / 0s],		train_loss: 4.9374
7:	[0s / 0s],		train_loss: 5.2644
8:	[0s / 0s],		train_loss: 5.4185
9:	[0s / 0s],		train_loss: 5.2001
10:	[0s / 0s],		train_loss: 5.4056
11:	[0s / 0s],		train_loss: 5.7347
12:	[0s / 0s],		train_loss: 5.2010
13:	[0s / 0s],		train_loss: 4.8325
14:	[0s / 0s],		train_loss: 5.0330
C-index TRAIN: 0.6858485276128538
C-index TEST : 0.644809061886051
Fitting deepsurv_vanilla.pt...
0:	[0s / 0s],		train_loss: 5.0256
1:	[0s / 0s],		train_loss: 4.8540
2:	[0s / 0s],		train_loss: 4.7925
3:	[0s / 0s],		train_loss: 4.7854
4:	[0s / 0s],		train_loss: 4.7268
5:	[0s / 0s],		train_loss: 4.7388
6:	[0s / 0s],		train_loss: 4.7305
7:	[0s / 0s],		train_loss: 4.7109
8:	[0s / 0s],		train_loss: 4.6888
9:	[0s / 0s],		train_loss: 4.7134
C-index TRAIN: 0.7150830887775947
C-index TEST : 0.6946371561886051
Fitting Cox model...
C-index TRAIN: 0.7326190798327077
C-index TEST : 0.7134178536345775/scratch.hpc/luca.cotugno/Foundation_model_clinical_data/.venv/lib/python3.12/site-packages/sklearn/impute/_iterative.py:867: ConvergenceWarning: [IterativeImputer] Early stopping criterion not reached.
  warnings.warn(

Evaluating method: median
Fitting Random Survival Forest model...
C-index TRAIN: 0.8029193711407914
C-index TEST : 0.709522347740668
Fitting deepsurv_simple.pt...
0:	[0s / 0s],		train_loss: 24.3152
1:	[0s / 0s],		train_loss: 6.8714
2:	[0s / 0s],		train_loss: 6.0422
3:	[0s / 0s],		train_loss: 5.5783
4:	[0s / 0s],		train_loss: 5.6518
5:	[0s / 0s],		train_loss: 5.5353
6:	[0s / 0s],		train_loss: 5.4941
7:	[0s / 0s],		train_loss: 6.0741
8:	[0s / 0s],		train_loss: 6.1556
9:	[0s / 0s],		train_loss: 7.5992
10:	[0s / 0s],		train_loss: 6.7459
11:	[0s / 0s],		train_loss: 6.2275
12:	[0s / 0s],		train_loss: 5.7944
13:	[0s / 0s],		train_loss: 5.5654
14:	[0s / 0s],		train_loss: 5.5462
C-index TRAIN: 0.6913705028279384
C-index TEST : 0.6685581409626719
Fitting deepsurv_vanilla.pt...
0:	[0s / 0s],		train_loss: 5.0169
1:	[0s / 0s],		train_loss: 4.8299
2:	[0s / 0s],		train_loss: 4.7998
3:	[0s / 0s],		train_loss: 4.7872
4:	[0s / 0s],		train_loss: 4.7250
5:	[0s / 0s],		train_loss: 4.7359
6:	[0s / 0s],		train_loss: 4.7274
7:	[0s / 0s],		train_loss: 4.7077
8:	[0s / 0s],		train_loss: 4.7074
9:	[0s / 0s],		train_loss: 4.6997
C-index TRAIN: 0.7146021968794508
C-index TEST : 0.6846175098231827
Fitting Cox model...
C-index TRAIN: 0.7262078082030407
C-index TEST : 0.7048164292730845
Evaluating method: constant
Fitting Random Survival Forest model...
C-index TRAIN: 0.852280021267928
C-index TEST : 0.6916502946954813
Fitting deepsurv_simple.pt...
0:	[0s / 0s],		train_loss: 33.3102
1:	[0s / 0s],		train_loss: 8.6582
2:	[0s / 0s],		train_loss: 6.8106
3:	[0s / 0s],		train_loss: 6.5259
4:	[0s / 0s],		train_loss: 6.2497
5:	[0s / 0s],		train_loss: 5.7785
6:	[0s / 0s],		train_loss: 5.4915
7:	[0s / 0s],		train_loss: 5.2962
8:	[0s / 0s],		train_loss: 5.1630
9:	[0s / 0s],		train_loss: 5.1736
10:	[0s / 0s],		train_loss: 5.4059
11:	[0s / 0s],		train_loss: 5.2767
12:	[0s / 0s],		train_loss: 5.0735
13:	[0s / 0s],		train_loss: 5.0596
14:	[0s / 0s],		train_loss: 5.1003
C-index TRAIN: 0.5802030539985399
C-index TEST : 0.5796291748526523
Fitting deepsurv_vanilla.pt...
0:	[0s / 0s],		train_loss: 5.0450
1:	[0s / 0s],		train_loss: 4.9212
2:	[0s / 0s],		train_loss: 4.9106
3:	[0s / 0s],		train_loss: 4.8861
4:	[0s / 0s],		train_loss: 4.8814
5:	[0s / 0s],		train_loss: 4.8739
6:	[0s / 0s],		train_loss: 4.8474
7:	[0s / 0s],		train_loss: 4.8375
8:	[0s / 0s],		train_loss: 4.8179
9:	[0s / 0s],		train_loss: 4.8078
C-index TRAIN: 0.69190275934059
C-index TEST : 0.5853235510805501
Fitting Cox model...
C-index TRAIN: 0.6197518530808254
C-index TEST : 0.6084479371316307
Evaluating method: knn
Fitting Random Survival Forest model...
C-index TRAIN: 0.8842999030958161
C-index TEST : 0.703149557956778
Fitting deepsurv_simple.pt...
0:	[0s / 0s],		train_loss: 33.6293
1:	[0s / 0s],		train_loss: 12.7230
2:	[0s / 0s],		train_loss: 10.3285
3:	[0s / 0s],		train_loss: 8.2382
4:	[0s / 0s],		train_loss: 8.6068
5:	[0s / 0s],		train_loss: 8.1054
6:	[0s / 0s],		train_loss: 8.6714
7:	[0s / 0s],		train_loss: 6.8311
8:	[0s / 0s],		train_loss: 7.6180
9:	[0s / 0s],		train_loss: 7.5800
10:	[0s / 0s],		train_loss: 7.9434
11:	[0s / 0s],		train_loss: 7.8996
12:	[0s / 0s],		train_loss: 6.4215
13:	[0s / 0s],		train_loss: 5.2975
14:	[0s / 0s],		train_loss: 5.1117
C-index TRAIN: 0.6305020388588197
C-index TEST : 0.6331777996070727
Fitting deepsurv_vanilla.pt...
0:	[0s / 0s],		train_loss: 5.0122
1:	[0s / 0s],		train_loss: 4.8731
2:	[0s / 0s],		train_loss: 4.8386
3:	[0s / 0s],		train_loss: 4.8063
4:	[0s / 0s],		train_loss: 4.7852
5:	[0s / 0s],		train_loss: 4.7929
6:	[0s / 0s],		train_loss: 4.7868
7:	[0s / 0s],		train_loss: 4.7633
8:	[0s / 0s],		train_loss: 4.7599
9:	[0s / 0s],		train_loss: 4.7505
C-index TRAIN: 0.6893977108131261
C-index TEST : 0.6621746070726916
Fitting Cox model...
C-index TRAIN: 0.7109232994171791
C-index TEST : 0.6917608055009823
Evaluating method: imputer_bayesian
Fitting Random Survival Forest model...
C-index TRAIN: 0.892237224866652
C-index TEST : 0.7204905451866405
Fitting deepsurv_simple.pt...
0:	[0s / 0s],		train_loss: 39.4242
1:	[0s / 0s],		train_loss: 12.1855
2:	[0s / 0s],		train_loss: 9.3689
3:	[0s / 0s],		train_loss: 6.0742
4:	[0s / 0s],		train_loss: 5.1847
5:	[0s / 0s],		train_loss: 4.9370
6:	[0s / 0s],		train_loss: 5.2142
7:	[0s / 0s],		train_loss: 5.4396
8:	[0s / 0s],		train_loss: 4.9661
9:	[0s / 0s],		train_loss: 5.4974
10:	[0s / 0s],		train_loss: 6.6084
11:	[0s / 0s],		train_loss: 5.7623
12:	[0s / 0s],		train_loss: 7.5453
13:	[0s / 0s],		train_loss: 11.0582
14:	[0s / 0s],		train_loss: 10.9326
C-index TRAIN: 0.610727592791758
C-index TEST : 0.6315508349705304
Fitting deepsurv_vanilla.pt...
0:	[0s / 0s],		train_loss: 5.0005
1:	[0s / 0s],		train_loss: 4.8035
2:	[0s / 0s],		train_loss: 4.7470
3:	[0s / 0s],		train_loss: 4.7386
4:	[0s / 0s],		train_loss: 4.6967
5:	[0s / 0s],		train_loss: 4.7124
6:	[0s / 0s],		train_loss: 4.6871
7:	[0s / 0s],		train_loss: 4.6927
8:	[0s / 0s],		train_loss: 4.6833
9:	[0s / 0s],		train_loss: 4.6744
C-index TRAIN: 0.7240081558074861
C-index TEST : 0.7085461689587427
Fitting Cox model...
C-index TRAIN: 0.734037375945616
C-index TEST : 0.7304273084479371
[fold=1, target=90%] actual NaN%: 90.0%
X_train shape: (5161, 76), X_test shape: (1291, 76)
Generating TabPFN Embeddings...
Successfully generated embeddings with shape: (5161, 192)
Fitting SimpleImputer (mean)...
Fitting SimpleImputer (median)...
Fitting SimpleImputer (constant, fill=-1)...
Fitting KNNImputer...
Fitting IterativeImputer (BayesianRidge, MICE-like)...
Fitting DeepSurv Simple pilot model...
0:	[0s / 0s],		train_loss: 30.6338,	val_loss: 8.7366
1:	[0s / 0s],		train_loss: 7.4320,	val_loss: 9.7430
2:	[0s / 0s],		train_loss: 6.9330,	val_loss: 8.2089
3:	[0s / 0s],		train_loss: 5.9237,	val_loss: 7.3016
4:	[0s / 0s],		train_loss: 5.2642,	val_loss: 7.0549
5:	[0s / 0s],		train_loss: 5.0075,	val_loss: 6.8724
6:	[0s / 0s],		train_loss: 4.9538,	val_loss: 6.8609
7:	[0s / 0s],		train_loss: 4.9269,	val_loss: 6.8623
8:	[0s / 0s],		train_loss: 4.9088,	val_loss: 6.8329
9:	[0s / 0s],		train_loss: 4.9598,	val_loss: 7.2051
10:	[0s / 0s],		train_loss: 5.3739,	val_loss: 7.1887
11:	[0s / 0s],		train_loss: 5.1013,	val_loss: 6.9901
12:	[0s / 0s],		train_loss: 4.9316,	val_loss: 6.8713
13:	[0s / 0s],		train_loss: 4.9017,	val_loss: 6.8173
14:	[0s / 0s],		train_loss: 4.8380,	val_loss: 7.1265
15:	[0s / 0s],		train_loss: 5.0810,	val_loss: 7.1692
16:	[0s / 0s],		train_loss: 5.2304,	val_loss: 7.0747
17:	[0s / 0s],		train_loss: 4.9393,	val_loss: 6.8037
18:	[0s / 0s],		train_loss: 4.8867,	val_loss: 6.8402
19:	[0s / 0s],		train_loss: 4.8672,	val_loss: 6.8706
20:	[0s / 0s],		train_loss: 4.8734,	val_loss: 6.8550
21:	[0s / 0s],		train_loss: 4.8780,	val_loss: 6.8338
22:	[0s / 0s],		train_loss: 6.3179,	val_loss: 9.5156
23:	[0s / 0s],		train_loss: 7.5380,	val_loss: 8.7483
24:	[0s / 0s],		train_loss: 5.8692,	val_loss: 7.2344
25:	[0s / 0s],		train_loss: 5.0349,	val_loss: 6.8487
26:	[0s / 0s],		train_loss: 4.9968,	val_loss: 7.1291
27:	[0s / 0s],		train_loss: 7.9455,	val_loss: 10.5446
28:	[0s / 0s],		train_loss: 7.6168,	val_loss: 9.2474
29:	[0s / 0s],		train_loss: 6.5353,	val_loss: 8.0862
30:	[0s / 0s],		train_loss: 5.6711,	val_loss: 7.1691
31:	[0s / 1s],		train_loss: 5.2186,	val_loss: 6.9357
32:	[0s / 1s],		train_loss: 5.0019,	val_loss: 6.9498
33:	[0s / 1s],		train_loss: 4.9052,	val_loss: 6.8855
34:	[0s / 1s],		train_loss: 4.8923,	val_loss: 6.8513
35:	[0s / 1s],		train_loss: 4.8701,	val_loss: 6.8386
36:	[0s / 1s],		train_loss: 4.8671,	val_loss: 6.8130
37:	[0s / 1s],		train_loss: 4.8427,	val_loss: 6.8750
Saved fixed_epochs=18 → nan/tabpfn/OrmoniTirodei/nan_percentage0.9/seed77/fold1/fixed_epochs_deepsurv_simple.json
Fitting DeepSurv Vanilla pilot model...
0:	[0s / 0s],		train_loss: 5.0269,	val_loss: 6.8339
1:	[0s / 0s],		train_loss: 4.9752,	val_loss: 6.8312
2:	[0s / 0s],		train_loss: 4.9463,	val_loss: 6.8098
3:	[0s / 0s],		train_loss: 4.9357,	val_loss: 6.8267
4:	[0s / 0s],		train_loss: 4.9219,	val_loss: 6.7952
5:	[0s / 0s],		train_loss: 4.8885,	val_loss: 6.7944
6:	[0s / 0s],		train_loss: 4.8809,	val_loss: 6.7944
7:	[0s / 0s],		train_loss: 4.8801,	val_loss: 6.7922
8:	[0s / 0s],		train_loss: 4.8744,	val_loss: 6.7886
9:	[0s / 0s],		train_loss: 4.8543,	val_loss: 6.7829
10:	[0s / 0s],		train_loss: 4.8481,	val_loss: 6.7832
11:	[0s / 0s],		train_loss: 4.8681,	val_loss: 6.7942
12:	[0s / 0s],		train_loss: 4.8711,	val_loss: 6.7821
13:	[0s / 0s],		train_loss: 4.8624,	val_loss: 6.7762
14:	[0s / 0s],		train_loss: 4.8544,	val_loss: 6.7830
15:	[0s / 0s],		train_loss: 4.8575,	val_loss: 6.7775
16:	[0s / 0s],		train_loss: 4.8295,	val_loss: 6.7845
17:	[0s / 0s],		train_loss: 4.8522,	val_loss: 6.8090
18:	[0s / 0s],		train_loss: 4.8582,	val_loss: 6.7907
19:	[0s / 0s],		train_loss: 4.8470,	val_loss: 6.7828
20:	[0s / 0s],		train_loss: 4.8549,	val_loss: 6.7760
21:	[0s / 1s],		train_loss: 4.8159,	val_loss: 6.7952
22:	[0s / 1s],		train_loss: 4.8216,	val_loss: 6.7748
23:	[0s / 1s],		train_loss: 4.8653,	val_loss: 6.7881
24:	[0s / 1s],		train_loss: 4.8227,	val_loss: 6.7707
25:	[0s / 1s],		train_loss: 4.8223,	val_loss: 6.7843
26:	[0s / 1s],		train_loss: 4.8111,	val_loss: 6.7829
27:	[0s / 1s],		train_loss: 4.8388,	val_loss: 6.7830
28:	[0s / 1s],		train_loss: 4.8113,	val_loss: 6.7755
29:	[0s / 1s],		train_loss: 4.8261,	val_loss: 6.7717
30:	[0s / 1s],		train_loss: 4.8274,	val_loss: 6.7981
31:	[0s / 1s],		train_loss: 4.8196,	val_loss: 6.7630
32:	[0s / 1s],		train_loss: 4.8206,	val_loss: 6.7643
33:	[0s / 1s],		train_loss: 4.8195,	val_loss: 6.7721
34:	[0s / 1s],		train_loss: 4.8019,	val_loss: 6.7821
35:	[0s / 1s],		train_loss: 4.8158,	val_loss: 6.7870
36:	[0s / 1s],		train_loss: 4.8144,	val_loss: 6.7603
37:	[0s / 1s],		train_loss: 4.8182,	val_loss: 6.7701
38:	[0s / 1s],		train_loss: 4.8087,	val_loss: 6.7755
39:	[0s / 1s],		train_loss: 4.8086,	val_loss: 6.7654
40:	[0s / 1s],		train_loss: 4.8028,	val_loss: 6.7824
41:	[0s / 1s],		train_loss: 4.8085,	val_loss: 6.7773
42:	[0s / 1s],		train_loss: 4.8000,	val_loss: 6.7571
43:	[0s / 2s],		train_loss: 4.8226,	val_loss: 6.7834
44:	[0s / 2s],		train_loss: 4.8061,	val_loss: 6.7650
45:	[0s / 2s],		train_loss: 4.8075,	val_loss: 6.7782
46:	[0s / 2s],		train_loss: 4.8068,	val_loss: 6.7779
47:	[0s / 2s],		train_loss: 4.8091,	val_loss: 6.7806
48:	[0s / 2s],		train_loss: 4.7889,	val_loss: 6.7731
49:	[0s / 2s],		train_loss: 4.8144,	val_loss: 6.7866
50:	[0s / 2s],		train_loss: 4.7985,	val_loss: 6.7724
51:	[0s / 2s],		train_loss: 4.7996,	val_loss: 6.7749
52:	[0s / 2s],		train_loss: 4.7814,	val_loss: 6.7991
53:	[0s / 2s],		train_loss: 4.7901,	val_loss: 6.7669
54:	[0s / 2s],		train_loss: 4.8049,	val_loss: 6.7785
55:	[0s / 2s],		train_loss: 4.8000,	val_loss: 6.7721
56:	[0s / 2s],		train_loss: 4.7873,	val_loss: 6.7808
57:	[0s / 2s],		train_loss: 4.8156,	val_loss: 6.7770
58:	[0s / 2s],		train_loss: 4.8073,	val_loss: 6.7893
59:	[0s / 2s],		train_loss: 4.8176,	val_loss: 6.7696
60:	[0s / 2s],		train_loss: 4.8077,	val_loss: 6.7711
61:	[0s / 2s],		train_loss: 4.8115,	val_loss: 6.7912
62:	[0s / 2s],		train_loss: 4.8006,	val_loss: 6.7588
Saved fixed_epochs=43 → nan/tabpfn/OrmoniTirodei/nan_percentage0.9/seed77/fold1/fixed_epochs_deepsurv_vanilla.json
Evaluating method: embeddings
Fitting Random Survival Forest model...
C-index TRAIN: 0.9648023979086413
C-index TEST : 0.6054457269155207
Fitting deepsurv_simple.pt...
0:	[0s / 0s],		train_loss: 3.5430
1:	[0s / 0s],		train_loss: 3.2928
2:	[0s / 0s],		train_loss: 3.3094
3:	[0s / 0s],		train_loss: 3.3197
4:	[0s / 0s],		train_loss: 3.2931
5:	[0s / 0s],		train_loss: 3.2859
6:	[0s / 0s],		train_loss: 3.2662
7:	[0s / 0s],		train_loss: 3.3017
8:	[0s / 0s],		train_loss: 3.2986
9:	[0s / 0s],		train_loss: 3.2900
10:	[0s / 0s],		train_loss: 3.2965
11:	[0s / 0s],		train_loss: 3.2878
12:	[0s / 0s],		train_loss: 3.2876
13:	[0s / 0s],		train_loss: 3.2948
14:	[0s / 0s],		train_loss: 3.2706
15:	[0s / 0s],		train_loss: 3.2941
16:	[0s / 0s],		train_loss: 3.2900
17:	[0s / 0s],		train_loss: 3.2837
C-index TRAIN: 0.9026344650235821
C-index TEST : 0.6144891944990177
Fitting deepsurv_vanilla.pt...
0:	[0s / 0s],		train_loss: 3.4915
1:	[0s / 0s],		train_loss: 3.3306
2:	[0s / 0s],		train_loss: 3.3347
3:	[0s / 0s],		train_loss: 3.3208
4:	[0s / 0s],		train_loss: 3.3172
5:	[0s / 0s],		train_loss: 3.3220
6:	[0s / 0s],		train_loss: 3.3116
7:	[0s / 0s],		train_loss: 3.3050
8:	[0s / 0s],		train_loss: 3.2982
9:	[0s / 0s],		train_loss: 3.3071
10:	[0s / 0s],		train_loss: 3.2992
11:	[0s / 0s],		train_loss: 3.2984
12:	[0s / 0s],		train_loss: 3.3031
13:	[0s / 0s],		train_loss: 3.2988
14:	[0s / 0s],		train_loss: 3.3038
15:	[0s / 0s],		train_loss: 3.2939
16:	[0s / 0s],		train_loss: 3.2926
17:	[0s / 0s],		train_loss: 3.2773
18:	[0s / 0s],		train_loss: 3.2820
19:	[0s / 0s],		train_loss: 3.2900
20:	[0s / 0s],		train_loss: 3.2853
21:	[0s / 0s],		train_loss: 3.2722
22:	[0s / 0s],		train_loss: 3.2804
23:	[0s / 1s],		train_loss: 3.2868
24:	[0s / 1s],		train_loss: 3.2852
25:	[0s / 1s],		train_loss: 3.2762
26:	[0s / 1s],		train_loss: 3.2831
27:	[0s / 1s],		train_loss: 3.2822
28:	[0s / 1s],		train_loss: 3.2725
29:	[0s / 1s],		train_loss: 3.2835
30:	[0s / 1s],		train_loss: 3.2659
31:	[0s / 1s],		train_loss: 3.2900
32:	[0s / 1s],		train_loss: 3.2515
33:	[0s / 1s],		train_loss: 3.2966
34:	[0s / 1s],		train_loss: 3.2820
35:	[0s / 1s],		train_loss: 3.2952
36:	[0s / 1s],		train_loss: 3.2804
37:	[0s / 1s],		train_loss: 3.2814
38:	[0s / 1s],		train_loss: 3.2868
39:	[0s / 1s],		train_loss: 3.2887
40:	[0s / 1s],		train_loss: 3.2865
41:	[0s / 1s],		train_loss: 3.2855
42:	[0s / 1s],		train_loss: 3.2779
C-index TRAIN: 0.9028816107049812
C-index TEST : 0.4985618246561886
Fitting Cox model...
C-index TRAIN: 0.9012989850463835
C-index TEST : 0.6014335707269155
Evaluating method: mean
Fitting Random Survival Forest model...
C-index TRAIN: 0.7448317613466016
C-index TEST : 0.6295079199410609
Fitting deepsurv_simple.pt...
0:	[0s / 0s],		train_loss: 17.9830
1:	[0s / 0s],		train_loss: 7.9268
2:	[0s / 0s],		train_loss: 7.0931
3:	[0s / 0s],		train_loss: 6.0091
4:	[0s / 0s],		train_loss: 5.5108
5:	[0s / 0s],		train_loss: 5.1421
6:	[0s / 0s],		train_loss: 5.1799
7:	[0s / 0s],		train_loss: 5.1107
8:	[0s / 0s],		train_loss: 6.1544
9:	[0s / 0s],		train_loss: 6.0393
10:	[0s / 0s],		train_loss: 5.1071
11:	[0s / 0s],		train_loss: 5.0069
12:	[0s / 0s],		train_loss: 5.1648
13:	[0s / 0s],		train_loss: 4.9441
14:	[0s / 0s],		train_loss: 5.4625
15:	[0s / 0s],		train_loss: 5.3009
16:	[0s / 0s],		train_loss: 5.0819
17:	[0s / 0s],		train_loss: 7.9142
C-index TRAIN: 0.5835990738736679
C-index TEST : 0.5548563359528488
Fitting deepsurv_vanilla.pt...
0:	[0s / 0s],		train_loss: 5.0977
1:	[0s / 0s],		train_loss: 4.9300
2:	[0s / 0s],		train_loss: 4.9123
3:	[0s / 0s],		train_loss: 4.8995
4:	[0s / 0s],		train_loss: 4.8852
5:	[0s / 0s],		train_loss: 4.9115
6:	[0s / 0s],		train_loss: 4.9078
7:	[0s / 0s],		train_loss: 4.8756
8:	[0s / 0s],		train_loss: 4.8746
9:	[0s / 0s],		train_loss: 4.8750
10:	[0s / 0s],		train_loss: 4.8675
11:	[0s / 0s],		train_loss: 4.8635
12:	[0s / 0s],		train_loss: 4.8472
13:	[0s / 0s],		train_loss: 4.8648
14:	[0s / 0s],		train_loss: 4.8639
15:	[0s / 0s],		train_loss: 4.8563
16:	[0s / 0s],		train_loss: 4.8387
17:	[0s / 0s],		train_loss: 4.8353
18:	[0s / 0s],		train_loss: 4.8466
19:	[0s / 0s],		train_loss: 4.8336
20:	[0s / 0s],		train_loss: 4.8422
21:	[0s / 0s],		train_loss: 4.8269
22:	[0s / 0s],		train_loss: 4.8234
23:	[0s / 1s],		train_loss: 4.8283
24:	[0s / 1s],		train_loss: 4.8075
25:	[0s / 1s],		train_loss: 4.8320
26:	[0s / 1s],		train_loss: 4.8199
27:	[0s / 1s],		train_loss: 4.8338
28:	[0s / 1s],		train_loss: 4.8480
29:	[0s / 1s],		train_loss: 4.8146
30:	[0s / 1s],		train_loss: 4.8233
31:	[0s / 1s],		train_loss: 4.8168
32:	[0s / 1s],		train_loss: 4.8129
33:	[0s / 1s],		train_loss: 4.8236
34:	[0s / 1s],		train_loss: 4.8066
35:	[0s / 1s],		train_loss: 4.8111
36:	[0s / 1s],		train_loss: 4.7978
37:	[0s / 1s],		train_loss: 4.8221
38:	[0s / 1s],		train_loss: 4.8153
39:	[0s / 1s],		train_loss: 4.8139
40:	[0s / 1s],		train_loss: 4.8098
41:	[0s / 1s],		train_loss: 4.8113
42:	[0s / 1s],		train_loss: 4.7965
C-index TRAIN: 0.654863103066635
C-index TEST : 0.6095653241650295
Fitting Cox model...
C-index TRAIN: 0.6544104989272054
C-index TEST : 0.6365545186640471
Evaluating method: median
Fitting Random Survival Forest model...
C-index TRAIN: 0.6945312876569156
C-index TEST : 0.6261173870333988
Fitting deepsurv_simple.pt...
0:	[0s / 0s],		train_loss: 15.4661
1:	[0s / 0s],		train_loss: 6.0297
2:	[0s / 0s],		train_loss: 5.5755
3:	[0s / 0s],		train_loss: 5.6714
4:	[0s / 0s],		train_loss: 5.3832
5:	[0s / 0s],		train_loss: 5.2701
6:	[0s / 0s],		train_loss: 5.1555
7:	[0s / 0s],		train_loss: 5.0690
8:	[0s / 0s],		train_loss: 4.9937
9:	[0s / 0s],		train_loss: 4.9677
10:	[0s / 0s],		train_loss: 5.0341
11:	[0s / 0s],		train_loss: 5.1114
12:	[0s / 0s],		train_loss: 5.2322
13:	[0s / 0s],		train_loss: 5.4475
14:	[0s / 0s],		train_loss: 5.4767
15:	[0s / 0s],		train_loss: 5.4259
16:	[0s / 0s],		train_loss: 5.2637
17:	[0s / 0s],		train_loss: 5.6073
C-index TRAIN: 0.6319489018859561
C-index TEST : 0.6122160486247544
Fitting deepsurv_vanilla.pt...
0:	[0s / 0s],		train_loss: 5.1230
1:	[0s / 0s],		train_loss: 4.9622
2:	[0s / 0s],		train_loss: 4.9142
3:	[0s / 0s],		train_loss: 4.8973
4:	[0s / 0s],		train_loss: 4.8830
5:	[0s / 0s],		train_loss: 4.9017
6:	[0s / 0s],		train_loss: 4.8818
7:	[0s / 0s],		train_loss: 4.8695
8:	[0s / 0s],		train_loss: 4.8707
9:	[0s / 0s],		train_loss: 4.8717
10:	[0s / 0s],		train_loss: 4.8444
11:	[0s / 0s],		train_loss: 4.8672
12:	[0s / 0s],		train_loss: 4.8533
13:	[0s / 0s],		train_loss: 4.8523
14:	[0s / 0s],		train_loss: 4.8605
15:	[0s / 0s],		train_loss: 4.8656
16:	[0s / 0s],		train_loss: 4.8347
17:	[0s / 0s],		train_loss: 4.8363
18:	[0s / 0s],		train_loss: 4.8609
19:	[0s / 0s],		train_loss: 4.8414
20:	[0s / 0s],		train_loss: 4.8568
21:	[0s / 0s],		train_loss: 4.8421
22:	[0s / 1s],		train_loss: 4.8424
23:	[0s / 1s],		train_loss: 4.8494
24:	[0s / 1s],		train_loss: 4.8319
25:	[0s / 1s],		train_loss: 4.8294
26:	[0s / 1s],		train_loss: 4.8290
27:	[0s / 1s],		train_loss: 4.8401
28:	[0s / 1s],		train_loss: 4.8558
29:	[0s / 1s],		train_loss: 4.8332
30:	[0s / 1s],		train_loss: 4.8325
31:	[0s / 1s],		train_loss: 4.8284
32:	[0s / 1s],		train_loss: 4.8335
33:	[0s / 1s],		train_loss: 4.8355
34:	[0s / 1s],		train_loss: 4.8214
35:	[0s / 1s],		train_loss: 4.8243
36:	[0s / 1s],		train_loss: 4.8150
37:	[0s / 1s],		train_loss: 4.8291
38:	[0s / 1s],		train_loss: 4.8324
39:	[0s / 1s],		train_loss: 4.8295
40:	[0s / 1s],		train_loss: 4.8260
41:	[0s / 1s],		train_loss: 4.8323
42:	[0s / 1s],		train_loss: 4.8181
C-index TRAIN: 0.647051215173256
C-index TEST : 0.612340373280943
Fitting Cox model...
C-index TRAIN: 0.6454270883949655
C-index TEST : 0.6173409872298625
Evaluating method: constant
Fitting Random Survival Forest model...
C-index TRAIN: 0.7765316379040335
C-index TEST : 0.6057895383104126
Fitting deepsurv_simple.pt...
0:	[0s / 0s],		train_loss: 20.9401
1:	[0s / 0s],		train_loss: 6.6761
2:	[0s / 0s],		train_loss: 5.8756
3:	[0s / 0s],		train_loss: 5.8310
4:	[0s / 0s],		train_loss: 5.5375
5:	[0s / 0s],		train_loss: 5.3939
6:	[0s / 0s],		train_loss: 5.3446
7:	[0s / 0s],		train_loss: 5.5842
8:	[0s / 0s],		train_loss: 5.5423
9:	[0s / 0s],		train_loss: 5.4968
10:	[0s / 0s],		train_loss: 5.5110
11:	[0s / 0s],		train_loss: 5.4441
12:	[0s / 0s],		train_loss: 5.4398
13:	[0s / 0s],		train_loss: 5.3529
14:	[0s / 0s],		train_loss: 5.3521
15:	[0s / 0s],		train_loss: 5.3647
16:	[0s / 0s],		train_loss: 5.2875
17:	[0s / 0s],		train_loss: 6.0580
C-index TRAIN: 0.5422877799301702
C-index TEST : 0.49706992878192535
Fitting deepsurv_vanilla.pt...
0:	[0s / 0s],		train_loss: 5.0340
1:	[0s / 0s],		train_loss: 4.9440
2:	[0s / 0s],		train_loss: 4.9343
3:	[0s / 0s],		train_loss: 4.9204
4:	[0s / 0s],		train_loss: 4.9339
5:	[0s / 0s],		train_loss: 4.9325
6:	[0s / 0s],		train_loss: 4.9207
7:	[0s / 0s],		train_loss: 4.9030
8:	[0s / 0s],		train_loss: 4.9028
9:	[0s / 0s],		train_loss: 4.8877
10:	[0s / 0s],		train_loss: 4.8810
11:	[0s / 0s],		train_loss: 4.8775
12:	[0s / 0s],		train_loss: 4.8742
13:	[0s / 0s],		train_loss: 4.8880
14:	[0s / 0s],		train_loss: 4.8813
15:	[0s / 0s],		train_loss: 4.8693
16:	[0s / 0s],		train_loss: 4.8416
17:	[0s / 0s],		train_loss: 4.8410
18:	[0s / 0s],		train_loss: 4.8392
19:	[0s / 0s],		train_loss: 4.8283
20:	[0s / 0s],		train_loss: 4.8381
21:	[0s / 0s],		train_loss: 4.8252
22:	[0s / 0s],		train_loss: 4.8167
23:	[0s / 1s],		train_loss: 4.8213
24:	[0s / 1s],		train_loss: 4.8137
25:	[0s / 1s],		train_loss: 4.7984
26:	[0s / 1s],		train_loss: 4.8003
27:	[0s / 1s],		train_loss: 4.7929
28:	[0s / 1s],		train_loss: 4.7975
29:	[0s / 1s],		train_loss: 4.7863
30:	[0s / 1s],		train_loss: 4.7947
31:	[0s / 1s],		train_loss: 4.7591
32:	[0s / 1s],		train_loss: 4.7599
33:	[0s / 1s],		train_loss: 4.7787
34:	[0s / 1s],		train_loss: 4.7683
35:	[0s / 1s],		train_loss: 4.7544
36:	[0s / 1s],		train_loss: 4.7468
37:	[0s / 1s],		train_loss: 4.7224
38:	[0s / 1s],		train_loss: 4.7205
39:	[0s / 1s],		train_loss: 4.7460
40:	[0s / 1s],		train_loss: 4.7468
41:	[0s / 1s],		train_loss: 4.7201
42:	[0s / 1s],		train_loss: 4.7055
C-index TRAIN: 0.7251378051193027
C-index TEST : 0.5458190078585462
Fitting Cox model...
C-index TRAIN: 0.5637110115125595
C-index TEST : 0.4987751719056974
Evaluating method: knn
Fitting Random Survival Forest model...
C-index TRAIN: 0.8952785311357964
C-index TEST : 0.6069683202357564
Fitting deepsurv_simple.pt...
0:	[0s / 0s],		train_loss: 23.2558
1:	[0s / 0s],		train_loss: 9.9794
2:	[0s / 0s],		train_loss: 7.1363
3:	[0s / 0s],		train_loss: 9.1620
4:	[0s / 0s],		train_loss: 8.4630
5:	[0s / 0s],		train_loss: 8.9386
6:	[0s / 0s],		train_loss: 10.1294
7:	[0s / 0s],		train_loss: 8.8700
8:	[0s / 0s],		train_loss: 6.9902
9:	[0s / 0s],		train_loss: 6.2930
10:	[0s / 0s],		train_loss: 6.3929
11:	[0s / 0s],		train_loss: 5.8661
12:	[0s / 0s],		train_loss: 6.1549
13:	[0s / 0s],		train_loss: 5.2981
14:	[0s / 0s],		train_loss: 6.8349
15:	[0s / 0s],		train_loss: 6.7051
16:	[0s / 0s],		train_loss: 8.5353
17:	[0s / 0s],		train_loss: 11.4085
C-index TRAIN: 0.5462390401219054
C-index TEST : 0.5352099705304518
Fitting deepsurv_vanilla.pt...
0:	[0s / 0s],		train_loss: 5.0278
1:	[0s / 0s],		train_loss: 4.9608
2:	[0s / 0s],		train_loss: 4.9479
3:	[0s / 0s],		train_loss: 4.9380
4:	[0s / 0s],		train_loss: 4.9324
5:	[0s / 0s],		train_loss: 4.9438
6:	[0s / 0s],		train_loss: 4.9331
7:	[0s / 0s],		train_loss: 4.9229
8:	[0s / 0s],		train_loss: 4.9238
9:	[0s / 0s],		train_loss: 4.9115
10:	[0s / 0s],		train_loss: 4.9285
11:	[0s / 0s],		train_loss: 4.9097
12:	[0s / 0s],		train_loss: 4.9004
13:	[0s / 0s],		train_loss: 4.9091
14:	[0s / 0s],		train_loss: 4.9202
15:	[0s / 0s],		train_loss: 4.9084
16:	[0s / 0s],		train_loss: 4.8769
17:	[0s / 0s],		train_loss: 4.8945
18:	[0s / 0s],		train_loss: 4.8932
19:	[0s / 0s],		train_loss: 4.8856
20:	[0s / 0s],		train_loss: 4.8945
21:	[0s / 0s],		train_loss: 4.8819
22:	[0s / 0s],		train_loss: 4.8942
23:	[0s / 1s],		train_loss: 4.8788
24:	[0s / 1s],		train_loss: 4.8748
25:	[0s / 1s],		train_loss: 4.8869
26:	[0s / 1s],		train_loss: 4.8743
27:	[0s / 1s],		train_loss: 4.8594
28:	[0s / 1s],		train_loss: 4.8733
29:	[0s / 1s],		train_loss: 4.8677
30:	[0s / 1s],		train_loss: 4.8834
31:	[0s / 1s],		train_loss: 4.8459
32:	[0s / 1s],		train_loss: 4.8511
33:	[0s / 1s],		train_loss: 4.8831
34:	[0s / 1s],		train_loss: 4.8431
35:	[0s / 1s],		train_loss: 4.8679
36:	[0s / 1s],		train_loss: 4.8610
37:	[0s / 1s],		train_loss: 4.8555
38:	[0s / 1s],		train_loss: 4.8729
39:	[0s / 1s],		train_loss: 4.8541
40:	[0s / 1s],		train_loss: 4.8541
41:	[0s / 1s],		train_loss: 4.8594
42:	[0s / 1s],		train_loss: 4.8256
C-index TRAIN: 0.6379265519511202
C-index TEST : 0.5512309675834971
Fitting Cox model...
C-index TRAIN: 0.6069778828808625
C-index TEST : 0.6034411836935167
Evaluating method: imputer_bayesian
Fitting Random Survival Forest model...
C-index TRAIN: 0.8595626303074675
C-index TEST : 0.6228419695481336
Fitting deepsurv_simple.pt...
0:	[0s / 0s],		train_loss: 17.7122
1:	[0s / 0s],		train_loss: 8.0565
2:	[0s / 0s],		train_loss: 7.2755
3:	[0s / 0s],		train_loss: 6.0318
4:	[0s / 0s],		train_loss: 5.3689
5:	[0s / 0s],		train_loss: 5.0551
6:	[0s / 0s],		train_loss: 4.9745
7:	[0s / 0s],		train_loss: 4.9336
8:	[0s / 0s],		train_loss: 4.9005
9:	[0s / 0s],		train_loss: 4.9150
10:	[0s / 0s],		train_loss: 4.8673
11:	[0s / 0s],		train_loss: 4.8474
12:	[0s / 0s],		train_loss: 4.8580
13:	[0s / 0s],		train_loss: 4.8466
14:	[0s / 0s],		train_loss: 4.8795
15:	[0s / 0s],		train_loss: 4.9087
16:	[0s / 0s],		train_loss: 4.8897
17:	[0s / 0s],		train_loss: 4.9468
C-index TRAIN: 0.6350083532634861
C-index TEST : 0.5978481090373281
Fitting deepsurv_vanilla.pt...
0:	[0s / 0s],		train_loss: 5.0589
1:	[0s / 0s],		train_loss: 4.9396
2:	[0s / 0s],		train_loss: 4.9125
3:	[0s / 0s],		train_loss: 4.8983
4:	[0s / 0s],		train_loss: 4.8993
5:	[0s / 0s],		train_loss: 4.9124
6:	[0s / 0s],		train_loss: 4.8884
7:	[0s / 0s],		train_loss: 4.8812
8:	[0s / 0s],		train_loss: 4.8896
9:	[0s / 0s],		train_loss: 4.8916
10:	[0s / 0s],		train_loss: 4.8790
11:	[0s / 0s],		train_loss: 4.8768
12:	[0s / 0s],		train_loss: 4.8748
13:	[0s / 0s],		train_loss: 4.8681
14:	[0s / 0s],		train_loss: 4.8716
15:	[0s / 0s],		train_loss: 4.8681
16:	[0s / 0s],		train_loss: 4.8445
17:	[0s / 0s],		train_loss: 4.8544
18:	[0s / 0s],		train_loss: 4.8663
19:	[0s / 0s],		train_loss: 4.8343
20:	[0s / 0s],		train_loss: 4.8620
21:	[0s / 0s],		train_loss: 4.8320
22:	[0s / 0s],		train_loss: 4.8471
23:	[0s / 1s],		train_loss: 4.8365
24:	[0s / 1s],		train_loss: 4.8293
25:	[0s / 1s],		train_loss: 4.8468
26:	[0s / 1s],		train_loss: 4.8389
27:	[0s / 1s],		train_loss: 4.8407
28:	[0s / 1s],		train_loss: 4.8467
29:	[0s / 1s],		train_loss: 4.8458
30:	[0s / 1s],		train_loss: 4.8433
31:	[0s / 1s],		train_loss: 4.8314
32:	[0s / 1s],		train_loss: 4.8278
33:	[0s / 1s],		train_loss: 4.8368
34:	[0s / 1s],		train_loss: 4.8203
35:	[0s / 1s],		train_loss: 4.8334
36:	[0s / 1s],		train_loss: 4.8131
37:	[0s / 1s],		train_loss: 4.8414
38:	[0s / 1s],		train_loss: 4.8335
39:	[0s / 1s],		train_loss: 4.8210
40:	[0s / 1s],		train_loss: 4.8223
41:	[0s / 1s],		train_loss: 4.8344
42:	[0s / 1s],		train_loss: 4.8230
C-index TRAIN: 0.6596235420405412
C-index TEST : 0.6041165275049116
Fitting Cox model...
C-index TRAIN: 0.6496460587242705
C-index TEST : 0.6172028487229863
Generating NaN ordering → tmp/masks/OrmoniTirodei_tabpfn_seed77_fold2_train.npy
Generating NaN ordering → tmp/masks/OrmoniTirodei_tabpfn_seed77_fold2_test.npy
[fold=2, target=10%] actual NaN%: 10.0%
X_train shape: (5161, 76), X_test shape: (1291, 76)
Generating TabPFN Embeddings...
Successfully generated embeddings with shape: (5161, 192)
Fitting SimpleImputer (mean)...
Fitting SimpleImputer (median)...
Fitting SimpleImputer (constant, fill=-1)...
Fitting KNNImputer...
Fitting IterativeImputer (BayesianRidge, MICE-like)...
Fitting DeepSurv Simple pilot model...
0:	[0s / 0s],		train_loss: 17.1362,	val_loss: 14.5625
1:	[0s / 0s],		train_loss: 10.3058,	val_loss: 11.7466
2:	[0s / 0s],		train_loss: 7.9718,	val_loss: 8.5646
3:	[0s / 0s],		train_loss: 6.4752,	val_loss: 9.0658
4:	[0s / 0s],		train_loss: 6.4529,	val_loss: 8.8996
5:	[0s / 0s],		train_loss: 5.8563,	val_loss: 8.1301
6:	[0s / 0s],		train_loss: 5.3881,	val_loss: 7.6867
7:	[0s / 0s],		train_loss: 5.1948,	val_loss: 7.3413
8:	[0s / 0s],		train_loss: 4.9629,	val_loss: 6.8343
9:	[0s / 0s],		train_loss: 4.6527,	val_loss: 6.4413
10:	[0s / 0s],		train_loss: 4.7991,	val_loss: 6.7630
11:	[0s / 0s],		train_loss: 4.7695,	val_loss: 6.4671
12:	[0s / 0s],		train_loss: 5.2289,	val_loss: 8.3668
13:	[0s / 0s],		train_loss: 6.2261,	val_loss: 11.7590
14:	[0s / 0s],		train_loss: 9.2887,	val_loss: 12.7162
15:	[0s / 0s],		train_loss: 9.4518,	val_loss: 9.7772
16:	[0s / 0s],		train_loss: 6.9370,	val_loss: 9.1090
17:	[0s / 0s],		train_loss: 8.7951,	val_loss: 10.6768
18:	[0s / 0s],		train_loss: 6.7778,	val_loss: 8.7578
19:	[0s / 0s],		train_loss: 5.9049,	val_loss: 8.0601
20:	[0s / 0s],		train_loss: 5.3967,	val_loss: 7.7874
21:	[0s / 0s],		train_loss: 5.5546,	val_loss: 7.6709
22:	[0s / 0s],		train_loss: 5.6434,	val_loss: 8.1293
23:	[0s / 0s],		train_loss: 7.5218,	val_loss: 9.2970
24:	[0s / 0s],		train_loss: 6.6376,	val_loss: 6.8298
25:	[0s / 0s],		train_loss: 6.4585,	val_loss: 10.7767
26:	[0s / 0s],		train_loss: 7.2403,	val_loss: 10.7623
27:	[0s / 0s],		train_loss: 6.9823,	val_loss: 10.3994
28:	[0s / 1s],		train_loss: 6.8937,	val_loss: 11.0253
29:	[0s / 1s],		train_loss: 7.3485,	val_loss: 10.9591
Saved fixed_epochs=10 → nan/tabpfn/OrmoniTirodei/nan_percentage0.1/seed77/fold2/fixed_epochs_deepsurv_simple.json
Fitting DeepSurv Vanilla pilot model...
0:	[0s / 0s],		train_loss: 4.8610,	val_loss: 6.6246
1:	[0s / 0s],		train_loss: 4.6346,	val_loss: 6.4738
2:	[0s / 0s],		train_loss: 4.5468,	val_loss: 6.3621
3:	[0s / 0s],		train_loss: 4.5275,	val_loss: 6.3405
4:	[0s / 0s],		train_loss: 4.4737,	val_loss: 6.3287
5:	[0s / 0s],		train_loss: 4.4927,	val_loss: 6.3332
6:	[0s / 0s],		train_loss: 4.4859,	val_loss: 6.3235
7:	[0s / 0s],		train_loss: 4.4813,	val_loss: 6.3380
8:	[0s / 0s],		train_loss: 4.4476,	val_loss: 6.3211
9:	[0s / 0s],		train_loss: 4.4701,	val_loss: 6.3377
10:	[0s / 0s],		train_loss: 4.4462,	val_loss: 6.3322
11:	[0s / 0s],		train_loss: 4.4630,	val_loss: 6.3433
12:	[0s / 0s],		train_loss: 4.4181,	val_loss: 6.3206
13:	[0s / 0s],		train_loss: 4.4555,	val_loss: 6.3311
14:	[0s / 0s],		train_loss: 4.4444,	val_loss: 6.2962
15:	[0s / 0s],		train_loss: 4.4179,	val_loss: 6.3090
16:	[0s / 0s],		train_loss: 4.4394,	val_loss: 6.3500
17:	[0s / 0s],		train_loss: 4.4182,	val_loss: 6.3406
18:	[0s / 0s],		train_loss: 4.4209,	val_loss: 6.3233
19:	[0s / 0s],		train_loss: 4.4196,	val_loss: 6.3022
20:	[0s / 0s],		train_loss: 4.3985,	val_loss: 6.3181
21:	[0s / 1s],		train_loss: 4.3958,	val_loss: 6.2834
22:	[0s / 1s],		train_loss: 4.4053,	val_loss: 6.2987
23:	[0s / 1s],		train_loss: 4.4147,	val_loss: 6.3056
24:	[0s / 1s],		train_loss: 4.4079,	val_loss: 6.2988
25:	[0s / 1s],		train_loss: 4.3927,	val_loss: 6.3229
26:	[0s / 1s],		train_loss: 4.4014,	val_loss: 6.3000
27:	[0s / 1s],		train_loss: 4.3834,	val_loss: 6.3038
28:	[0s / 1s],		train_loss: 4.3927,	val_loss: 6.2918
29:	[0s / 1s],		train_loss: 4.3905,	val_loss: 6.3116
30:	[0s / 1s],		train_loss: 4.3955,	val_loss: 6.2865
31:	[0s / 1s],		train_loss: 4.3890,	val_loss: 6.3007
32:	[0s / 1s],		train_loss: 4.4028,	val_loss: 6.3051
33:	[0s / 1s],		train_loss: 4.4049,	val_loss: 6.2809
34:	[0s / 1s],		train_loss: 4.3763,	val_loss: 6.2920
35:	[0s / 1s],		train_loss: 4.3719,	val_loss: 6.3042
36:	[0s / 1s],		train_loss: 4.3988,	val_loss: 6.2792
37:	[0s / 1s],		train_loss: 4.3570,	val_loss: 6.2941
38:	[0s / 1s],		train_loss: 4.3797,	val_loss: 6.2916
39:	[0s / 1s],		train_loss: 4.3832,	val_loss: 6.3008
40:	[0s / 1s],		train_loss: 4.3749,	val_loss: 6.3128
41:	[0s / 1s],		train_loss: 4.3488,	val_loss: 6.3095
42:	[0s / 1s],		train_loss: 4.3855,	val_loss: 6.3113
43:	[0s / 2s],		train_loss: 4.3702,	val_loss: 6.3567
44:	[0s / 2s],		train_loss: 4.3848,	val_loss: 6.2893
45:	[0s / 2s],		train_loss: 4.3701,	val_loss: 6.2899
46:	[0s / 2s],		train_loss: 4.3521,	val_loss: 6.2666
47:	[0s / 2s],		train_loss: 4.3816,	val_loss: 6.3070
48:	[0s / 2s],		train_loss: 4.3996,	val_loss: 6.2841
49:	[0s / 2s],		train_loss: 4.3807,	val_loss: 6.2822
50:	[0s / 2s],		train_loss: 4.3605,	val_loss: 6.2882
51:	[0s / 2s],		train_loss: 4.3672,	val_loss: 6.3188
52:	[0s / 2s],		train_loss: 4.3483,	val_loss: 6.2866
53:	[0s / 2s],		train_loss: 4.3448,	val_loss: 6.3052
54:	[0s / 2s],		train_loss: 4.3680,	val_loss: 6.3620
55:	[0s / 2s],		train_loss: 4.3833,	val_loss: 6.3146
56:	[0s / 2s],		train_loss: 4.3626,	val_loss: 6.3152
57:	[0s / 2s],		train_loss: 4.3364,	val_loss: 6.2955
58:	[0s / 2s],		train_loss: 4.3364,	val_loss: 6.3008
59:	[0s / 2s],		train_loss: 4.3483,	val_loss: 6.6782
60:	[0s / 2s],		train_loss: 4.3486,	val_loss: 30.4370
61:	[0s / 2s],		train_loss: 4.3549,	val_loss: 56.5944
62:	[0s / 2s],		train_loss: 4.3513,	val_loss: 61.6369
63:	[0s / 2s],		train_loss: 4.3474,	val_loss: 61.1895
64:	[0s / 2s],		train_loss: 4.3445,	val_loss: 71.1686
65:	[0s / 3s],		train_loss: 4.3470,	val_loss: 61.0904
66:	[0s / 3s],		train_loss: 4.3389,	val_loss: 73.7687
Saved fixed_epochs=47 → nan/tabpfn/OrmoniTirodei/nan_percentage0.1/seed77/fold2/fixed_epochs_deepsurv_vanilla.json
Evaluating method: embeddings
Fitting Random Survival Forest model...
C-index TRAIN: 0.9604098324406024
C-index TEST : 0.795335444327167
Fitting deepsurv_simple.pt...
0:	[0s / 0s],		train_loss: 3.6389
1:	[0s / 0s],		train_loss: 3.2848
2:	[0s / 0s],		train_loss: 3.2476
3:	[0s / 0s],		train_loss: 3.2476
4:	[0s / 0s],		train_loss: 3.2350
5:	[0s / 0s],		train_loss: 3.2384
6:	[0s / 0s],		train_loss: 3.2402
7:	[0s / 0s],		train_loss: 3.2334
8:	[0s / 0s],		train_loss: 3.2187
9:	[0s / 0s],		train_loss: 3.2135
C-index TRAIN: 0.9165759565810554
C-index TEST : 0.7882617632353758
Fitting deepsurv_vanilla.pt...
0:	[0s / 0s],		train_loss: 3.4163
1:	[0s / 0s],		train_loss: 3.3111
2:	[0s / 0s],		train_loss: 3.3000
3:	[0s / 0s],		train_loss: 3.2613
4:	[0s / 0s],		train_loss: 3.2434
5:	[0s / 0s],		train_loss: 3.2644
6:	[0s / 0s],		train_loss: 3.2757
7:	[0s / 0s],		train_loss: 3.2393
8:	[0s / 0s],		train_loss: 3.2502
9:	[0s / 0s],		train_loss: 3.2406
10:	[0s / 0s],		train_loss: 3.2292
11:	[0s / 0s],		train_loss: 3.2450
12:	[0s / 0s],		train_loss: 3.2610
13:	[0s / 0s],		train_loss: 3.2082
14:	[0s / 0s],		train_loss: 3.2058
15:	[0s / 0s],		train_loss: 3.2274
16:	[0s / 0s],		train_loss: 3.2458
17:	[0s / 0s],		train_loss: 3.2280
18:	[0s / 0s],		train_loss: 3.2116
19:	[0s / 0s],		train_loss: 3.2262
20:	[0s / 0s],		train_loss: 3.2083
21:	[0s / 0s],		train_loss: 3.2184
22:	[0s / 1s],		train_loss: 3.2324
23:	[0s / 1s],		train_loss: 3.2336
24:	[0s / 1s],		train_loss: 3.2420
25:	[0s / 1s],		train_loss: 3.2289
26:	[0s / 1s],		train_loss: 3.2246
27:	[0s / 1s],		train_loss: 3.2452
28:	[0s / 1s],		train_loss: 3.2158
29:	[0s / 1s],		train_loss: 3.2402
30:	[0s / 1s],		train_loss: 3.1962
31:	[0s / 1s],		train_loss: 3.2271
32:	[0s / 1s],		train_loss: 3.2267
33:	[0s / 1s],		train_loss: 3.2346
34:	[0s / 1s],		train_loss: 3.2165
35:	[0s / 1s],		train_loss: 3.2186
36:	[0s / 1s],		train_loss: 3.1989
37:	[0s / 1s],		train_loss: 3.2223
38:	[0s / 1s],		train_loss: 3.2125
39:	[0s / 1s],		train_loss: 3.2087
40:	[0s / 1s],		train_loss: 3.2170
41:	[0s / 1s],		train_loss: 3.2074
42:	[0s / 1s],		train_loss: 3.2039
43:	[0s / 1s],		train_loss: 3.2108
44:	[0s / 2s],		train_loss: 3.1973
45:	[0s / 2s],		train_loss: 3.2164
46:	[0s / 2s],		train_loss: 3.2058
C-index TRAIN: 0.9200646869136285
C-index TEST : 0.6715722583313273
Fitting Cox model...
C-index TRAIN: 0.9171135276517417
C-index TEST : 0.7827497237807776
Evaluating method: mean
Fitting Random Survival Forest model...
C-index TRAIN: 0.9006145739921146
C-index TEST : 0.8035572097846416
Fitting deepsurv_simple.pt...
0:	[0s / 0s],		train_loss: 80.8410
1:	[0s / 0s],		train_loss: 20.6096
2:	[0s / 0s],		train_loss: 14.1306
3:	[0s / 0s],		train_loss: 10.7558
4:	[0s / 0s],		train_loss: 8.5560
5:	[0s / 0s],		train_loss: 8.1312
6:	[0s / 0s],		train_loss: 7.2839
7:	[0s / 0s],		train_loss: 5.4830
8:	[0s / 0s],		train_loss: 7.0487
9:	[0s / 0s],		train_loss: 8.6351
C-index TRAIN: 0.7247249616936481
C-index TEST : 0.7391163453882191
Fitting deepsurv_vanilla.pt...
0:	[0s / 0s],		train_loss: 4.8358
1:	[0s / 0s],		train_loss: 4.6194
2:	[0s / 0s],		train_loss: 4.5660
3:	[0s / 0s],		train_loss: 4.5158
4:	[0s / 0s],		train_loss: 4.4666
5:	[0s / 0s],		train_loss: 4.4709
6:	[0s / 0s],		train_loss: 4.5139
7:	[0s / 0s],		train_loss: 4.4503
8:	[0s / 0s],		train_loss: 4.4533
9:	[0s / 0s],		train_loss: 4.4484
10:	[0s / 0s],		train_loss: 4.4479
11:	[0s / 0s],		train_loss: 4.4289
12:	[0s / 0s],		train_loss: 4.4551
13:	[0s / 0s],		train_loss: 4.4209
14:	[0s / 0s],		train_loss: 4.4321
15:	[0s / 0s],		train_loss: 4.4058
16:	[0s / 0s],		train_loss: 4.4249
17:	[0s / 0s],		train_loss: 4.4176
18:	[0s / 0s],		train_loss: 4.4200
19:	[0s / 0s],		train_loss: 4.4064
20:	[0s / 0s],		train_loss: 4.4014
21:	[0s / 1s],		train_loss: 4.4107
22:	[0s / 1s],		train_loss: 4.4272
23:	[0s / 1s],		train_loss: 4.4202
24:	[0s / 1s],		train_loss: 4.4165
25:	[0s / 1s],		train_loss: 4.3979
26:	[0s / 1s],		train_loss: 4.3958
27:	[0s / 1s],		train_loss: 4.3907
28:	[0s / 1s],		train_loss: 4.3783
29:	[0s / 1s],		train_loss: 4.3879
30:	[0s / 1s],		train_loss: 4.4143
31:	[0s / 1s],		train_loss: 4.3847
32:	[0s / 1s],		train_loss: 4.3969
33:	[0s / 1s],		train_loss: 4.3862
34:	[0s / 1s],		train_loss: 4.3833
35:	[0s / 1s],		train_loss: 4.3978
36:	[0s / 1s],		train_loss: 4.3925
37:	[0s / 1s],		train_loss: 4.4041
38:	[0s / 1s],		train_loss: 4.3917
39:	[0s / 1s],		train_loss: 4.3906
40:	[0s / 1s],		train_loss: 4.3824
41:	[0s / 1s],		train_loss: 4.3523
42:	[0s / 2s],		train_loss: 4.3512
43:	[0s / 2s],		train_loss: 4.3743
44:	[0s / 2s],		train_loss: 4.4019
45:	[0s / 2s],		train_loss: 4.3457
46:	[0s / 2s],		train_loss: 4.3833
C-index TRAIN: 0.7975590594197206
C-index TEST : 0.7988414223901141
Fitting Cox model...
C-index TRAIN: 0.788908494737824
C-index TEST : 0.7955514817078063
Evaluating method: median
Fitting Random Survival Forest model...
C-index TRAIN: 0.8936714896311776
C-index TEST : 0.8035541235363467
Fitting deepsurv_simple.pt...
0:	[0s / 0s],		train_loss: 74.2068
1:	[0s / 0s],		train_loss: 19.8219
2:	[0s / 0s],		train_loss: 13.0277
3:	[0s / 0s],		train_loss: 9.9151
4:	[0s / 0s],		train_loss: 8.0424
5:	[0s / 0s],		train_loss: 6.9831
6:	[0s / 0s],		train_loss: 7.0014
7:	[0s / 0s],		train_loss: 5.6553
8:	[0s / 0s],		train_loss: 5.4854
9:	[0s / 0s],		train_loss: 5.8876
C-index TRAIN: 0.758195125105591
C-index TEST : 0.7711516026887395
Fitting deepsurv_vanilla.pt...
0:	[0s / 0s],		train_loss: 4.8391
1:	[0s / 0s],		train_loss: 4.6197
2:	[0s / 0s],		train_loss: 4.5471
3:	[0s / 0s],		train_loss: 4.5122
4:	[0s / 0s],		train_loss: 4.4671
5:	[0s / 0s],		train_loss: 4.4712
6:	[0s / 0s],		train_loss: 4.5056
7:	[0s / 0s],		train_loss: 4.4481
8:	[0s / 0s],		train_loss: 4.4560
9:	[0s / 0s],		train_loss: 4.4487
10:	[0s / 0s],		train_loss: 4.4557
11:	[0s / 0s],		train_loss: 4.4348
12:	[0s / 0s],		train_loss: 4.4341
13:	[0s / 0s],		train_loss: 4.4074
14:	[0s / 0s],		train_loss: 4.4198
15:	[0s / 0s],		train_loss: 4.4133
16:	[0s / 0s],		train_loss: 4.4284
17:	[0s / 0s],		train_loss: 4.4174
18:	[0s / 0s],		train_loss: 4.4013
19:	[0s / 0s],		train_loss: 4.4055
20:	[0s / 0s],		train_loss: 4.4080
21:	[0s / 1s],		train_loss: 4.4052
22:	[0s / 1s],		train_loss: 4.4273
23:	[0s / 1s],		train_loss: 4.4155
24:	[0s / 1s],		train_loss: 4.4068
25:	[0s / 1s],		train_loss: 4.3903
26:	[0s / 1s],		train_loss: 4.3963
27:	[0s / 1s],		train_loss: 4.3856
28:	[0s / 1s],		train_loss: 4.3584
29:	[0s / 1s],		train_loss: 4.3802
30:	[0s / 1s],		train_loss: 4.4086
31:	[0s / 1s],		train_loss: 4.3749
32:	[0s / 1s],		train_loss: 4.4070
33:	[0s / 1s],		train_loss: 4.3941
34:	[0s / 1s],		train_loss: 4.3778
35:	[0s / 1s],		train_loss: 4.3995
36:	[0s / 1s],		train_loss: 4.3941
37:	[0s / 1s],		train_loss: 4.3956
38:	[0s / 1s],		train_loss: 4.3948
39:	[0s / 1s],		train_loss: 4.3904
40:	[0s / 1s],		train_loss: 4.3840
41:	[0s / 1s],		train_loss: 4.3438
42:	[0s / 1s],		train_loss: 4.3503
43:	[0s / 2s],		train_loss: 4.3886
44:	[0s / 2s],		train_loss: 4.4021
45:	[0s / 2s],		train_loss: 4.3425
46:	[0s / 2s],		train_loss: 4.3613
C-index TRAIN: 0.7977517525411522
C-index TEST : 0.7978599954323525
Fitting Cox model...
C-index TRAIN: 0.7883733392993254
C-index TEST : 0.792415853440241
Evaluating method: constant
Fitting Random Survival Forest model...
C-index TRAIN: 0.9066058992711109
C-index TEST : 0.8042855643822256
Fitting deepsurv_simple.pt...
0:	[0s / 0s],		train_loss: 77.4181
1:	[0s / 0s],		train_loss: 20.5157
2:	[0s / 0s],		train_loss: 13.2644
3:	[0s / 0s],		train_loss: 9.9215
4:	[0s / 0s],		train_loss: 8.7564
5:	[0s / 0s],		train_loss: 7.6112
6:	[0s / 0s],		train_loss: 7.0134
7:	[0s / 0s],		train_loss: 6.2168
8:	[0s / 0s],		train_loss: 5.8441
9:	[0s / 0s],		train_loss: 5.8659
C-index TRAIN: 0.6950108276067366
C-index TEST : 0.6905326247307249
Fitting deepsurv_vanilla.pt...
0:	[0s / 0s],		train_loss: 4.8913
1:	[0s / 0s],		train_loss: 4.7918
2:	[0s / 0s],		train_loss: 4.7309
3:	[0s / 0s],		train_loss: 4.6665
4:	[0s / 0s],		train_loss: 4.6080
5:	[0s / 0s],		train_loss: 4.5985
6:	[0s / 0s],		train_loss: 4.5959
7:	[0s / 0s],		train_loss: 4.5483
8:	[0s / 0s],		train_loss: 4.5531
9:	[0s / 0s],		train_loss: 4.5191
10:	[0s / 0s],		train_loss: 4.5283
11:	[0s / 0s],		train_loss: 4.5137
12:	[0s / 0s],		train_loss: 4.4766
13:	[0s / 0s],		train_loss: 4.4634
14:	[0s / 0s],		train_loss: 4.4828
15:	[0s / 0s],		train_loss: 4.4708
16:	[0s / 0s],		train_loss: 4.4527
17:	[0s / 0s],		train_loss: 4.4536
18:	[0s / 0s],		train_loss: 4.4613
19:	[0s / 0s],		train_loss: 4.4715
20:	[0s / 0s],		train_loss: 4.4634
21:	[0s / 1s],		train_loss: 4.4448
22:	[0s / 1s],		train_loss: 4.4640
23:	[0s / 1s],		train_loss: 4.4361
24:	[0s / 1s],		train_loss: 4.4304
25:	[0s / 1s],		train_loss: 4.4245
26:	[0s / 1s],		train_loss: 4.4198
27:	[0s / 1s],		train_loss: 4.4249
28:	[0s / 1s],		train_loss: 4.3947
29:	[0s / 1s],		train_loss: 4.4046
30:	[0s / 1s],		train_loss: 4.4069
31:	[0s / 1s],		train_loss: 4.3995
32:	[0s / 1s],		train_loss: 4.4150
33:	[0s / 1s],		train_loss: 4.3694
34:	[0s / 1s],		train_loss: 4.3783
35:	[0s / 1s],		train_loss: 4.3620
36:	[0s / 1s],		train_loss: 4.3554
37:	[0s / 1s],		train_loss: 4.3942
38:	[0s / 1s],		train_loss: 4.3585
39:	[0s / 1s],		train_loss: 4.3828
40:	[0s / 1s],		train_loss: 4.3936
41:	[0s / 1s],		train_loss: 4.3461
42:	[0s / 2s],		train_loss: 4.3504
43:	[0s / 2s],		train_loss: 4.3565
44:	[0s / 2s],		train_loss: 4.3846
45:	[0s / 2s],		train_loss: 4.3368
46:	[0s / 2s],		train_loss: 4.3571
C-index TRAIN: 0.8129071501597848
C-index TEST : 0.7687659327568221
Fitting Cox model...
C-index TRAIN: 0.740476555917983
C-index TEST : 0.7435728879259794
Evaluating method: knn
Fitting Random Survival Forest model...
C-index TRAIN: 0.899890999242978
C-index TEST : 0.799998765500682
Fitting deepsurv_simple.pt...
0:	[0s / 0s],		train_loss: 83.0578
1:	[0s / 0s],		train_loss: 22.5087
2:	[0s / 0s],		train_loss: 15.6905
3:	[0s / 0s],		train_loss: 11.5252
4:	[0s / 0s],		train_loss: 9.2199
5:	[0s / 0s],		train_loss: 8.0123
6:	[0s / 0s],		train_loss: 8.7682
7:	[0s / 0s],		train_loss: 8.1960
8:	[0s / 0s],		train_loss: 6.9423
9:	[0s / 0s],		train_loss: 7.9557
C-index TRAIN: 0.7436841438274837
C-index TEST : 0.7593389873402095
Fitting deepsurv_vanilla.pt...
0:	[0s / 0s],		train_loss: 4.8100
1:	[0s / 0s],		train_loss: 4.6080
2:	[0s / 0s],		train_loss: 4.5694
3:	[0s / 0s],		train_loss: 4.5164
4:	[0s / 0s],		train_loss: 4.4784
5:	[0s / 0s],		train_loss: 4.4962
6:	[0s / 0s],		train_loss: 4.5304
7:	[0s / 0s],		train_loss: 4.4645
8:	[0s / 0s],		train_loss: 4.4515
9:	[0s / 0s],		train_loss: 4.4530
10:	[0s / 0s],		train_loss: 4.4489
11:	[0s / 0s],		train_loss: 4.4440
12:	[0s / 0s],		train_loss: 4.4394
13:	[0s / 0s],		train_loss: 4.4335
14:	[0s / 0s],		train_loss: 4.4460
15:	[0s / 0s],		train_loss: 4.4229
16:	[0s / 0s],		train_loss: 4.4234
17:	[0s / 0s],		train_loss: 4.4098
18:	[0s / 0s],		train_loss: 4.4030
19:	[0s / 0s],		train_loss: 4.4156
20:	[0s / 1s],		train_loss: 4.4280
21:	[0s / 1s],		train_loss: 4.4191
22:	[0s / 1s],		train_loss: 4.4356
23:	[0s / 1s],		train_loss: 4.4200
24:	[0s / 1s],		train_loss: 4.4181
25:	[0s / 1s],		train_loss: 4.4189
26:	[0s / 1s],		train_loss: 4.4016
27:	[0s / 1s],		train_loss: 4.3838
28:	[0s / 1s],		train_loss: 4.3908
29:	[0s / 1s],		train_loss: 4.3933
30:	[0s / 1s],		train_loss: 4.4214
31:	[0s / 1s],		train_loss: 4.3917
32:	[0s / 1s],		train_loss: 4.4206
33:	[0s / 1s],		train_loss: 4.3981
34:	[0s / 1s],		train_loss: 4.3962
35:	[0s / 1s],		train_loss: 4.4028
36:	[0s / 1s],		train_loss: 4.3952
37:	[0s / 1s],		train_loss: 4.4157
38:	[0s / 1s],		train_loss: 4.3921
39:	[0s / 1s],		train_loss: 4.3889
40:	[0s / 1s],		train_loss: 4.3951
41:	[0s / 2s],		train_loss: 4.3424
42:	[0s / 2s],		train_loss: 4.3607
43:	[0s / 2s],		train_loss: 4.3785
44:	[0s / 2s],		train_loss: 4.4105
45:	[0s / 2s],		train_loss: 4.3591
46:	[0s / 2s],		train_loss: 4.3853
C-index TRAIN: 0.7975704872181468
C-index TEST : 0.799026597287805
Fitting Cox model...
C-index TRAIN: 0.7878348391393363
C-index TEST : 0.7938108376695122
Evaluating method: imputer_bayesian
Fitting Random Survival Forest model...
C-index TRAIN: 0.9008407143284524
C-index TEST : 0.8023165379701128
Fitting deepsurv_simple.pt...
0:	[0s / 0s],		train_loss: 82.2805
1:	[0s / 0s],		train_loss: 21.4494
2:	[0s / 0s],		train_loss: 13.8629
3:	[0s / 0s],		train_loss: 12.0642
4:	[0s / 0s],		train_loss: 9.5251
5:	[0s / 0s],		train_loss: 8.4456
6:	[0s / 0s],		train_loss: 7.4080
7:	[0s / 0s],		train_loss: 5.8898
8:	[0s / 0s],		train_loss: 5.1232
9:	[0s / 0s],		train_loss: 6.2972
C-index TRAIN: 0.7412158322763394
C-index TEST : 0.7393956508589029
Fitting deepsurv_vanilla.pt...
0:	[0s / 0s],		train_loss: 4.8096
1:	[0s / 0s],		train_loss: 4.5828
2:	[0s / 0s],		train_loss: 4.5536
3:	[0s / 0s],		train_loss: 4.5004
4:	[0s / 0s],		train_loss: 4.4544
5:	[0s / 0s],		train_loss: 4.4564
6:	[0s / 0s],		train_loss: 4.4750
7:	[0s / 0s],		train_loss: 4.4326
8:	[0s / 0s],		train_loss: 4.4309
9:	[0s / 0s],		train_loss: 4.4269
10:	[0s / 0s],		train_loss: 4.4550
11:	[0s / 0s],		train_loss: 4.4166
12:	[0s / 0s],		train_loss: 4.4351
13:	[0s / 0s],		train_loss: 4.4061
14:	[0s / 0s],		train_loss: 4.4182
15:	[0s / 0s],		train_loss: 4.4052
16:	[0s / 0s],		train_loss: 4.4152
17:	[0s / 0s],		train_loss: 4.3878
18:	[0s / 0s],		train_loss: 4.3928
19:	[0s / 0s],		train_loss: 4.3973
20:	[0s / 0s],		train_loss: 4.3938
21:	[0s / 0s],		train_loss: 4.3920
22:	[0s / 0s],		train_loss: 4.4105
23:	[0s / 1s],		train_loss: 4.4176
24:	[0s / 1s],		train_loss: 4.3920
25:	[0s / 1s],		train_loss: 4.3737
26:	[0s / 1s],		train_loss: 4.3736
27:	[0s / 1s],		train_loss: 4.3652
28:	[0s / 1s],		train_loss: 4.3705
29:	[0s / 1s],		train_loss: 4.3869
30:	[0s / 1s],		train_loss: 4.3774
31:	[0s / 1s],		train_loss: 4.3660
32:	[0s / 1s],		train_loss: 4.3664
33:	[0s / 1s],		train_loss: 4.3721
34:	[0s / 1s],		train_loss: 4.3522
35:	[0s / 1s],		train_loss: 4.3760
36:	[0s / 1s],		train_loss: 4.3810
37:	[0s / 1s],		train_loss: 4.3953
38:	[0s / 1s],		train_loss: 4.3736
39:	[0s / 1s],		train_loss: 4.3733
40:	[0s / 1s],		train_loss: 4.3726
41:	[0s / 1s],		train_loss: 4.3352
42:	[0s / 1s],		train_loss: 4.3243
43:	[0s / 1s],		train_loss: 4.3606
44:	[0s / 1s],		train_loss: 4.3817
45:	[0s / 1s],		train_loss: 4.3260
46:	[0s / 2s],		train_loss: 4.3506
C-index TRAIN: 0.8033418970591351
C-index TEST : 0.7949126283107728
Fitting Cox model...
C-index TRAIN: 0.7912542594099093
C-index TEST : 0.7982303452277343
[fold=2, target=30%] actual NaN%: 30.0%
X_train shape: (5161, 76), X_test shape: (1291, 76)
Generating TabPFN Embeddings...
Successfully generated embeddings with shape: (5161, 192)
Fitting SimpleImputer (mean)...
Fitting SimpleImputer (median)...
Fitting SimpleImputer (constant, fill=-1)...
Fitting KNNImputer...
Fitting IterativeImputer (BayesianRidge, MICE-like)...
Fitting DeepSurv Simple pilot model...
0:	[0s / 0s],		train_loss: 14.7975,	val_loss: 12.1662
1:	[0s / 0s],		train_loss: 8.8346,	val_loss: 10.6057
2:	[0s / 0s],		train_loss: 6.8063,	val_loss: 8.6086
3:	[0s / 0s],		train_loss: 6.1192,	val_loss: 7.5909
4:	[0s / 0s],		train_loss: 6.6199,	val_loss: 10.1452
5:	[0s / 0s],		train_loss: 8.3510,	val_loss: 9.8258
6:	[0s / 0s],		train_loss: 7.3186,	val_loss: 8.8352
7:	[0s / 0s],		train_loss: 8.0192,	val_loss: 11.7169
8:	[0s / 0s],		train_loss: 8.5989,	val_loss: 9.9318
9:	[0s / 0s],		train_loss: 6.3694,	val_loss: 8.2961
10:	[0s / 0s],		train_loss: 6.5122,	val_loss: 8.3937
11:	[0s / 0s],		train_loss: 6.4587,	val_loss: 7.1550
12:	[0s / 0s],		train_loss: 5.0707,	val_loss: 6.9736
13:	[0s / 0s],		train_loss: 5.1528,	val_loss: 6.6547
14:	[0s / 0s],		train_loss: 5.9619,	val_loss: 8.4804
15:	[0s / 0s],		train_loss: 6.8231,	val_loss: 7.9163
16:	[0s / 0s],		train_loss: 5.2761,	val_loss: 14.2645
17:	[0s / 0s],		train_loss: 7.0853,	val_loss: 9.4359
18:	[0s / 0s],		train_loss: 7.3771,	val_loss: 8.8549
19:	[0s / 0s],		train_loss: 7.1852,	val_loss: 9.8609
20:	[0s / 0s],		train_loss: 6.8605,	val_loss: 8.0948
21:	[0s / 0s],		train_loss: 5.2235,	val_loss: 7.3400
22:	[0s / 0s],		train_loss: 5.0159,	val_loss: 7.1615
23:	[0s / 0s],		train_loss: 5.0168,	val_loss: 7.2087
24:	[0s / 0s],		train_loss: 4.9166,	val_loss: 6.6298
25:	[0s / 0s],		train_loss: 4.6439,	val_loss: 6.9694
26:	[0s / 0s],		train_loss: 5.4381,	val_loss: 8.1632
27:	[0s / 0s],		train_loss: 6.2735,	val_loss: 7.8479
28:	[0s / 0s],		train_loss: 6.4601,	val_loss: 10.1342
29:	[0s / 0s],		train_loss: 8.7342,	val_loss: 10.3432
30:	[0s / 0s],		train_loss: 7.2284,	val_loss: 7.8711
31:	[0s / 0s],		train_loss: 5.3414,	val_loss: 7.1025
32:	[0s / 1s],		train_loss: 5.0353,	val_loss: 7.6577
33:	[0s / 1s],		train_loss: 5.5216,	val_loss: 8.6113
34:	[0s / 1s],		train_loss: 8.9463,	val_loss: 14.3415
35:	[0s / 1s],		train_loss: 10.3925,	val_loss: 13.0598
36:	[0s / 1s],		train_loss: 8.8475,	val_loss: 10.6270
37:	[0s / 1s],		train_loss: 6.7979,	val_loss: 9.2801
38:	[0s / 1s],		train_loss: 10.2231,	val_loss: 14.6424
39:	[0s / 1s],		train_loss: 11.6922,	val_loss: 12.4471
40:	[0s / 1s],		train_loss: 8.4401,	val_loss: 9.6033
41:	[0s / 1s],		train_loss: 6.3017,	val_loss: 8.6798
42:	[0s / 1s],		train_loss: 6.4242,	val_loss: 11.5826
43:	[0s / 1s],		train_loss: 9.7151,	val_loss: 12.1685
44:	[0s / 1s],		train_loss: 8.3638,	val_loss: 13.5742
Saved fixed_epochs=25 → nan/tabpfn/OrmoniTirodei/nan_percentage0.3/seed77/fold2/fixed_epochs_deepsurv_simple.json
Fitting DeepSurv Vanilla pilot model...
0:	[0s / 0s],		train_loss: 4.8727,	val_loss: 6.6715
1:	[0s / 0s],		train_loss: 4.6982,	val_loss: 6.6040
2:	[0s / 0s],		train_loss: 4.6155,	val_loss: 6.4861
3:	[0s / 0s],		train_loss: 4.5855,	val_loss: 6.4491
4:	[0s / 0s],		train_loss: 4.5578,	val_loss: 6.4237
5:	[0s / 0s],		train_loss: 4.5601,	val_loss: 6.4394
6:	[0s / 0s],		train_loss: 4.5478,	val_loss: 6.4188
7:	[0s / 0s],		train_loss: 4.5469,	val_loss: 6.4116
8:	[0s / 0s],		train_loss: 4.5081,	val_loss: 6.4189
9:	[0s / 0s],		train_loss: 4.5499,	val_loss: 6.4465
10:	[0s / 0s],		train_loss: 4.5308,	val_loss: 6.4577
11:	[0s / 0s],		train_loss: 4.5572,	val_loss: 6.4475
12:	[0s / 0s],		train_loss: 4.5005,	val_loss: 6.4272
13:	[0s / 0s],		train_loss: 4.5209,	val_loss: 6.4254
14:	[0s / 0s],		train_loss: 4.5299,	val_loss: 6.4002
15:	[0s / 0s],		train_loss: 4.4854,	val_loss: 6.3981
16:	[0s / 0s],		train_loss: 4.5213,	val_loss: 6.4445
17:	[0s / 0s],		train_loss: 4.4954,	val_loss: 6.4374
18:	[0s / 0s],		train_loss: 4.4850,	val_loss: 6.3875
19:	[0s / 0s],		train_loss: 4.4744,	val_loss: 6.3740
20:	[0s / 0s],		train_loss: 4.4654,	val_loss: 6.4099
21:	[0s / 1s],		train_loss: 4.4730,	val_loss: 6.4115
22:	[0s / 1s],		train_loss: 4.4782,	val_loss: 6.4171
23:	[0s / 1s],		train_loss: 4.4836,	val_loss: 6.3730
24:	[0s / 1s],		train_loss: 4.4666,	val_loss: 6.3791
25:	[0s / 1s],		train_loss: 4.4756,	val_loss: 6.4022
26:	[0s / 1s],		train_loss: 4.4605,	val_loss: 6.3881
27:	[0s / 1s],		train_loss: 4.4462,	val_loss: 6.3768
28:	[0s / 1s],		train_loss: 4.4722,	val_loss: 6.3810
29:	[0s / 1s],		train_loss: 4.4575,	val_loss: 6.4080
30:	[0s / 1s],		train_loss: 4.4579,	val_loss: 6.3763
31:	[0s / 1s],		train_loss: 4.4500,	val_loss: 6.3749
32:	[0s / 1s],		train_loss: 4.4686,	val_loss: 6.3678
33:	[0s / 1s],		train_loss: 4.4624,	val_loss: 6.3999
34:	[0s / 1s],		train_loss: 4.4317,	val_loss: 6.3799
35:	[0s / 1s],		train_loss: 4.4254,	val_loss: 6.4151
36:	[0s / 1s],		train_loss: 4.4587,	val_loss: 6.3696
37:	[0s / 1s],		train_loss: 4.4206,	val_loss: 6.3897
38:	[0s / 1s],		train_loss: 4.4365,	val_loss: 6.3726
39:	[0s / 1s],		train_loss: 4.4443,	val_loss: 6.3866
40:	[0s / 1s],		train_loss: 4.4568,	val_loss: 6.3958
41:	[0s / 1s],		train_loss: 4.4357,	val_loss: 6.4101
42:	[0s / 1s],		train_loss: 4.4661,	val_loss: 6.3785
43:	[0s / 2s],		train_loss: 4.4407,	val_loss: 6.4191
44:	[0s / 2s],		train_loss: 4.4448,	val_loss: 6.3835
45:	[0s / 2s],		train_loss: 4.4256,	val_loss: 6.4326
46:	[0s / 2s],		train_loss: 4.4415,	val_loss: 6.4441
47:	[0s / 2s],		train_loss: 4.4300,	val_loss: 6.3797
48:	[0s / 2s],		train_loss: 4.4606,	val_loss: 6.3674
49:	[0s / 2s],		train_loss: 4.4309,	val_loss: 6.3846
50:	[0s / 2s],		train_loss: 4.4374,	val_loss: 6.3846
51:	[0s / 2s],		train_loss: 4.4466,	val_loss: 6.3712
52:	[0s / 2s],		train_loss: 4.4285,	val_loss: 6.3838
53:	[0s / 2s],		train_loss: 4.4307,	val_loss: 6.3689
54:	[0s / 2s],		train_loss: 4.4161,	val_loss: 6.3855
55:	[0s / 2s],		train_loss: 4.4212,	val_loss: 6.4048
56:	[0s / 2s],		train_loss: 4.4339,	val_loss: 6.3749
57:	[0s / 2s],		train_loss: 4.4178,	val_loss: 6.3787
58:	[0s / 2s],		train_loss: 4.4140,	val_loss: 6.3844
59:	[0s / 2s],		train_loss: 4.4520,	val_loss: 6.4310
60:	[0s / 2s],		train_loss: 4.4099,	val_loss: 6.3820
61:	[0s / 2s],		train_loss: 4.4338,	val_loss: 6.4331
62:	[0s / 2s],		train_loss: 4.4187,	val_loss: 6.3973
63:	[0s / 2s],		train_loss: 4.4126,	val_loss: 6.4298
64:	[0s / 2s],		train_loss: 4.3854,	val_loss: 6.3954
65:	[0s / 3s],		train_loss: 4.4149,	val_loss: 6.4414
66:	[0s / 3s],		train_loss: 4.3915,	val_loss: 6.3877
67:	[0s / 3s],		train_loss: 4.4059,	val_loss: 6.4126
68:	[0s / 3s],		train_loss: 4.4029,	val_loss: 6.4119
Saved fixed_epochs=49 → nan/tabpfn/OrmoniTirodei/nan_percentage0.3/seed77/fold2/fixed_epochs_deepsurv_vanilla.json
Evaluating method: embeddings
Fitting Random Survival Forest model...
C-index TRAIN: 0.9587813247103936
C-index TEST : 0.7687412427704634
Fitting deepsurv_simple.pt...
0:	[0s / 0s],		train_loss: 3.6303
1:	[0s / 0s],		train_loss: 3.2927
2:	[0s / 0s],		train_loss: 3.2556
3:	[0s / 0s],		train_loss: 3.2512
4:	[0s / 0s],		train_loss: 3.2479
5:	[0s / 0s],		train_loss: 3.2513
6:	[0s / 0s],		train_loss: 3.2498
7:	[0s / 0s],		train_loss: 3.2521
8:	[0s / 0s],		train_loss: 3.2413
9:	[0s / 0s],		train_loss: 3.2241
10:	[0s / 0s],		train_loss: 3.2524
11:	[0s / 0s],		train_loss: 3.2457
12:	[0s / 0s],		train_loss: 3.2218
13:	[0s / 0s],		train_loss: 3.2506
14:	[0s / 0s],		train_loss: 3.2476
15:	[0s / 0s],		train_loss: 3.2256
16:	[0s / 0s],		train_loss: 3.2508
17:	[0s / 0s],		train_loss: 3.2511
18:	[0s / 0s],		train_loss: 3.2517
19:	[0s / 0s],		train_loss: 3.2524
20:	[0s / 0s],		train_loss: 3.2273
21:	[0s / 0s],		train_loss: 3.2387
22:	[0s / 0s],		train_loss: 3.2488
23:	[0s / 0s],		train_loss: 3.2284
24:	[0s / 0s],		train_loss: 3.2340
C-index TRAIN: 0.9154092991433425
C-index TEST : 0.77185218105167
Fitting deepsurv_vanilla.pt...
0:	[0s / 0s],		train_loss: 3.4583
1:	[0s / 0s],		train_loss: 3.3248
2:	[0s / 0s],		train_loss: 3.3143
3:	[0s / 0s],		train_loss: 3.2803
4:	[0s / 0s],		train_loss: 3.2711
5:	[0s / 0s],		train_loss: 3.2866
6:	[0s / 0s],		train_loss: 3.2903
7:	[0s / 0s],		train_loss: 3.2545
8:	[0s / 0s],		train_loss: 3.2696
9:	[0s / 0s],		train_loss: 3.2596
10:	[0s / 0s],		train_loss: 3.2390
11:	[0s / 0s],		train_loss: 3.2660
12:	[0s / 0s],		train_loss: 3.2713
13:	[0s / 0s],		train_loss: 3.2324
14:	[0s / 0s],		train_loss: 3.2216
15:	[0s / 0s],		train_loss: 3.2433
16:	[0s / 0s],		train_loss: 3.2502
17:	[0s / 0s],		train_loss: 3.2466
18:	[0s / 0s],		train_loss: 3.2263
19:	[0s / 0s],		train_loss: 3.2380
20:	[0s / 0s],		train_loss: 3.2265
21:	[0s / 0s],		train_loss: 3.2377
22:	[0s / 0s],		train_loss: 3.2265
23:	[0s / 1s],		train_loss: 3.2519
24:	[0s / 1s],		train_loss: 3.2441
25:	[0s / 1s],		train_loss: 3.2531
26:	[0s / 1s],		train_loss: 3.2389
27:	[0s / 1s],		train_loss: 3.2545
28:	[0s / 1s],		train_loss: 3.2334
29:	[0s / 1s],		train_loss: 3.2469
30:	[0s / 1s],		train_loss: 3.2221
31:	[0s / 1s],		train_loss: 3.2472
32:	[0s / 1s],		train_loss: 3.2414
33:	[0s / 1s],		train_loss: 3.2475
34:	[0s / 1s],		train_loss: 3.2399
35:	[0s / 1s],		train_loss: 3.2440
36:	[0s / 1s],		train_loss: 3.2120
37:	[0s / 1s],		train_loss: 3.2299
38:	[0s / 1s],		train_loss: 3.2393
39:	[0s / 1s],		train_loss: 3.2312
40:	[0s / 1s],		train_loss: 3.2334
41:	[0s / 1s],		train_loss: 3.2167
42:	[0s / 1s],		train_loss: 3.2187
43:	[0s / 1s],		train_loss: 3.2314
44:	[0s / 1s],		train_loss: 3.2166
45:	[0s / 1s],		train_loss: 3.2307
46:	[0s / 2s],		train_loss: 3.2100
47:	[0s / 2s],		train_loss: 3.2277
48:	[0s / 2s],		train_loss: 3.2208
C-index TRAIN: 0.9179822261499989
C-index TEST : 0.7519705695362603
Fitting Cox model...
C-index TRAIN: 0.9141393269751417
C-index TEST : 0.7593405304643569
Evaluating method: mean
Fitting Random Survival Forest model...
C-index TRAIN: 0.8880306168372537
C-index TEST : 0.7842033467276509
Fitting deepsurv_simple.pt...
0:	[0s / 0s],		train_loss: 76.5326
1:	[0s / 0s],		train_loss: 17.7684
2:	[0s / 0s],		train_loss: 13.9252
3:	[0s / 0s],		train_loss: 10.2582
4:	[0s / 0s],		train_loss: 9.0589
5:	[0s / 0s],		train_loss: 8.1381
6:	[0s / 0s],		train_loss: 6.9114
7:	[0s / 0s],		train_loss: 5.7324
8:	[0s / 0s],		train_loss: 5.0191
9:	[0s / 0s],		train_loss: 4.6346
10:	[0s / 0s],		train_loss: 4.6236
11:	[0s / 0s],		train_loss: 4.7159
12:	[0s / 0s],		train_loss: 5.6209
13:	[0s / 0s],		train_loss: 5.4313
14:	[0s / 0s],		train_loss: 8.9317
15:	[0s / 0s],		train_loss: 8.8555
16:	[0s / 0s],		train_loss: 8.2153
17:	[0s / 0s],		train_loss: 8.2257
18:	[0s / 0s],		train_loss: 8.4001
19:	[0s / 0s],		train_loss: 8.0905
20:	[0s / 0s],		train_loss: 6.9634
21:	[0s / 0s],		train_loss: 6.2638
22:	[0s / 0s],		train_loss: 5.4212
23:	[0s / 0s],		train_loss: 5.6818
24:	[0s / 0s],		train_loss: 4.8349/scratch.hpc/luca.cotugno/Foundation_model_clinical_data/.venv/lib/python3.12/site-packages/sklearn/impute/_iterative.py:867: ConvergenceWarning: [IterativeImputer] Early stopping criterion not reached.
  warnings.warn(
/scratch.hpc/luca.cotugno/Foundation_model_clinical_data/.venv/lib/python3.12/site-packages/lifelines/utils/__init__.py:1100: ConvergenceWarning: Column(s) [33, 36] have very low variance. This may harm convergence. 1) Are you using formula's? Did you mean to add '-1' to the end. 2) Try dropping this redundant column before fitting if convergence fails.

  warnings.warn(dedent(warning_text), ConvergenceWarning)
/scratch.hpc/luca.cotugno/Foundation_model_clinical_data/.venv/lib/python3.12/site-packages/lifelines/utils/__init__.py:797: RuntimeWarning: invalid value encountered in divide
  return (X - mean) / std
/scratch.hpc/luca.cotugno/Foundation_model_clinical_data/.venv/lib/python3.12/site-packages/lifelines/utils/__init__.py:1100: ConvergenceWarning: Column(s) [33, 36] have very low variance. This may harm convergence. 1) Are you using formula's? Did you mean to add '-1' to the end. 2) Try dropping this redundant column before fitting if convergence fails.

  warnings.warn(dedent(warning_text), ConvergenceWarning)
/scratch.hpc/luca.cotugno/Foundation_model_clinical_data/.venv/lib/python3.12/site-packages/lifelines/utils/__init__.py:797: RuntimeWarning: invalid value encountered in divide
  return (X - mean) / std
/scratch.hpc/luca.cotugno/Foundation_model_clinical_data/.venv/lib/python3.12/site-packages/lifelines/utils/__init__.py:1120: ConvergenceWarning: Column 34 have very low variance when conditioned on death event present or not. This may harm convergence. This could be a form of 'complete separation'. For example, try the following code:

>>> events = df['__e__'].astype(bool)
>>> print(df.loc[events, '34'].var())
>>> print(df.loc[~events, '34'].var())

A very low variance means that the column 34 completely determines whether a subject dies or not. See https://stats.stackexchange.com/questions/11109/how-to-deal-with-perfect-separation-in-logistic-regression.

  warnings.warn(dedent(warning_text), ConvergenceWarning)
/scratch.hpc/luca.cotugno/Foundation_model_clinical_data/.venv/lib/python3.12/site-packages/lifelines/utils/__init__.py:1100: ConvergenceWarning: Column(s) [33, 36] have very low variance. This may harm convergence. 1) Are you using formula's? Did you mean to add '-1' to the end. 2) Try dropping this redundant column before fitting if convergence fails.

  warnings.warn(dedent(warning_text), ConvergenceWarning)
/scratch.hpc/luca.cotugno/Foundation_model_clinical_data/.venv/lib/python3.12/site-packages/lifelines/utils/__init__.py:797: RuntimeWarning: invalid value encountered in divide
  return (X - mean) / std
/scratch.hpc/luca.cotugno/Foundation_model_clinical_data/.venv/lib/python3.12/site-packages/lifelines/utils/__init__.py:1120: ConvergenceWarning: Column 40 have very low variance when conditioned on death event present or not. This may harm convergence. This could be a form of 'complete separation'. For example, try the following code:

>>> events = df['__e__'].astype(bool)
>>> print(df.loc[events, '40'].var())
>>> print(df.loc[~events, '40'].var())

A very low variance means that the column 40 completely determines whether a subject dies or not. See https://stats.stackexchange.com/questions/11109/how-to-deal-with-perfect-separation-in-logistic-regression.

  warnings.warn(dedent(warning_text), ConvergenceWarning)
/scratch.hpc/luca.cotugno/Foundation_model_clinical_data/.venv/lib/python3.12/site-packages/lifelines/utils/__init__.py:1100: ConvergenceWarning: Column(s) [33, 36] have very low variance. This may harm convergence. 1) Are you using formula's? Did you mean to add '-1' to the end. 2) Try dropping this redundant column before fitting if convergence fails.

  warnings.warn(dedent(warning_text), ConvergenceWarning)
/scratch.hpc/luca.cotugno/Foundation_model_clinical_data/.venv/lib/python3.12/site-packages/lifelines/utils/__init__.py:797: RuntimeWarning: invalid value encountered in divide
  return (X - mean) / std

C-index TRAIN: 0.7458659242375986
C-index TEST : 0.7596398965489571
Fitting deepsurv_vanilla.pt...
0:	[0s / 0s],		train_loss: 4.8851
1:	[0s / 0s],		train_loss: 4.7019
2:	[0s / 0s],		train_loss: 4.6254
3:	[0s / 0s],		train_loss: 4.5774
4:	[0s / 0s],		train_loss: 4.5500
5:	[0s / 0s],		train_loss: 4.5651
6:	[0s / 0s],		train_loss: 4.5831
7:	[0s / 0s],		train_loss: 4.5143
8:	[0s / 0s],		train_loss: 4.5192
9:	[0s / 0s],		train_loss: 4.5332
10:	[0s / 0s],		train_loss: 4.5243
11:	[0s / 0s],		train_loss: 4.5140
12:	[0s / 0s],		train_loss: 4.5178
13:	[0s / 0s],		train_loss: 4.5073
14:	[0s / 0s],		train_loss: 4.4975
15:	[0s / 0s],		train_loss: 4.4698
16:	[0s / 0s],		train_loss: 4.4685
17:	[0s / 0s],		train_loss: 4.4722
18:	[0s / 0s],		train_loss: 4.4762
19:	[0s / 0s],		train_loss: 4.4617
20:	[0s / 0s],		train_loss: 4.4679
21:	[0s / 0s],		train_loss: 4.4868
22:	[0s / 0s],		train_loss: 4.5043
23:	[0s / 1s],		train_loss: 4.4903
24:	[0s / 1s],		train_loss: 4.4662
25:	[0s / 1s],		train_loss: 4.4728
26:	[0s / 1s],		train_loss: 4.4675
27:	[0s / 1s],		train_loss: 4.4495
28:	[0s / 1s],		train_loss: 4.4214
29:	[0s / 1s],		train_loss: 4.4557
30:	[0s / 1s],		train_loss: 4.4510
31:	[0s / 1s],		train_loss: 4.4327
32:	[0s / 1s],		train_loss: 4.4478
33:	[0s / 1s],		train_loss: 4.4357
34:	[0s / 1s],		train_loss: 4.4205
35:	[0s / 1s],		train_loss: 4.4538
36:	[0s / 1s],		train_loss: 4.4586
37:	[0s / 1s],		train_loss: 4.4590
38:	[0s / 1s],		train_loss: 4.4557
39:	[0s / 1s],		train_loss: 4.4475
40:	[0s / 1s],		train_loss: 4.4497
41:	[0s / 1s],		train_loss: 4.4094
42:	[0s / 1s],		train_loss: 4.4051
43:	[0s / 1s],		train_loss: 4.4380
44:	[0s / 1s],		train_loss: 4.4584
45:	[0s / 1s],		train_loss: 4.3946
46:	[0s / 2s],		train_loss: 4.4380
47:	[0s / 2s],		train_loss: 4.4056
48:	[0s / 2s],		train_loss: 4.3961
C-index TRAIN: 0.7858478887560497
C-index TEST : 0.7762346536303538
Fitting Cox model...
C-index TRAIN: 0.7725957305745079
C-index TEST : 0.7799597553222352
Evaluating method: median
Fitting Random Survival Forest model...
C-index TRAIN: 0.8709550703562166
C-index TEST : 0.7871908350770637
Fitting deepsurv_simple.pt...
0:	[0s / 0s],		train_loss: 85.6871
1:	[0s / 0s],		train_loss: 18.1786
2:	[0s / 0s],		train_loss: 13.9111
3:	[0s / 0s],		train_loss: 10.1408
4:	[0s / 0s],		train_loss: 9.1063
5:	[0s / 0s],		train_loss: 8.0138
6:	[0s / 0s],		train_loss: 7.6657
7:	[0s / 0s],		train_loss: 6.2956
8:	[0s / 0s],		train_loss: 5.6009
9:	[0s / 0s],		train_loss: 5.0260
10:	[0s / 0s],		train_loss: 4.6958
11:	[0s / 0s],		train_loss: 4.9392
12:	[0s / 0s],		train_loss: 5.3914
13:	[0s / 0s],		train_loss: 5.3707
14:	[0s / 0s],		train_loss: 5.4417
15:	[0s / 0s],		train_loss: 5.5332
16:	[0s / 0s],		train_loss: 5.0678
17:	[0s / 0s],		train_loss: 5.2585
18:	[0s / 0s],		train_loss: 5.5194
19:	[0s / 0s],		train_loss: 5.8232
20:	[0s / 0s],		train_loss: 5.2294
21:	[0s / 0s],		train_loss: 4.9373
22:	[0s / 0s],		train_loss: 5.8353
23:	[0s / 0s],		train_loss: 6.2251
24:	[0s / 0s],		train_loss: 6.1946
C-index TRAIN: 0.7162558481526174
C-index TEST : 0.7298668592485603
Fitting deepsurv_vanilla.pt...
0:	[0s / 0s],		train_loss: 4.9056
1:	[0s / 0s],		train_loss: 4.7435
2:	[0s / 0s],		train_loss: 4.6433
3:	[0s / 0s],		train_loss: 4.5780
4:	[0s / 0s],		train_loss: 4.5524
5:	[0s / 0s],		train_loss: 4.5479
6:	[0s / 0s],		train_loss: 4.5657
7:	[0s / 0s],		train_loss: 4.5226
8:	[0s / 0s],		train_loss: 4.5072
9:	[0s / 0s],		train_loss: 4.5259
10:	[0s / 0s],		train_loss: 4.5061
11:	[0s / 0s],		train_loss: 4.5066
12:	[0s / 0s],		train_loss: 4.5059
13:	[0s / 0s],		train_loss: 4.5045
14:	[0s / 0s],		train_loss: 4.4998
15:	[0s / 0s],		train_loss: 4.4743
16:	[0s / 0s],		train_loss: 4.4719
17:	[0s / 0s],		train_loss: 4.4630
18:	[0s / 0s],		train_loss: 4.4777
19:	[0s / 0s],		train_loss: 4.4474
20:	[0s / 0s],		train_loss: 4.4615
21:	[0s / 0s],		train_loss: 4.4804
22:	[0s / 0s],		train_loss: 4.4992
23:	[0s / 1s],		train_loss: 4.5065
24:	[0s / 1s],		train_loss: 4.4804
25:	[0s / 1s],		train_loss: 4.4564
26:	[0s / 1s],		train_loss: 4.4582
27:	[0s / 1s],		train_loss: 4.4527
28:	[0s / 1s],		train_loss: 4.4283
29:	[0s / 1s],		train_loss: 4.4762
30:	[0s / 1s],		train_loss: 4.4694
31:	[0s / 1s],		train_loss: 4.4387
32:	[0s / 1s],		train_loss: 4.4451
33:	[0s / 1s],		train_loss: 4.4265
34:	[0s / 1s],		train_loss: 4.4365
35:	[0s / 1s],		train_loss: 4.4535
36:	[0s / 1s],		train_loss: 4.4507
37:	[0s / 1s],		train_loss: 4.4613
38:	[0s / 1s],		train_loss: 4.4398
39:	[0s / 1s],		train_loss: 4.4550
40:	[0s / 1s],		train_loss: 4.4574
41:	[0s / 1s],		train_loss: 4.4174
42:	[0s / 1s],		train_loss: 4.4128
43:	[0s / 1s],		train_loss: 4.4349
44:	[0s / 1s],		train_loss: 4.4719
45:	[0s / 1s],		train_loss: 4.4100
46:	[0s / 2s],		train_loss: 4.4284
47:	[0s / 2s],		train_loss: 4.4036
48:	[0s / 2s],		train_loss: 4.3930
C-index TRAIN: 0.7770300879996224
C-index TEST : 0.7725496731663056
Fitting Cox model...
C-index TRAIN: 0.7708512724992911
C-index TEST : 0.7749847230709405
Evaluating method: constant
Fitting Random Survival Forest model...
C-index TRAIN: 0.9024205377791867
C-index TEST : 0.7896227987334037
Fitting deepsurv_simple.pt...
0:	[0s / 0s],		train_loss: 81.3920
1:	[0s / 0s],		train_loss: 16.6699
2:	[0s / 0s],		train_loss: 12.4646
3:	[0s / 0s],		train_loss: 9.9412
4:	[0s / 0s],		train_loss: 9.0820
5:	[0s / 0s],		train_loss: 8.0459
6:	[0s / 0s],		train_loss: 7.5571
7:	[0s / 0s],		train_loss: 6.5862
8:	[0s / 0s],		train_loss: 6.0121
9:	[0s / 0s],		train_loss: 5.4050
10:	[0s / 0s],		train_loss: 4.9846
11:	[0s / 0s],		train_loss: 5.0107
12:	[0s / 0s],		train_loss: 4.9318
13:	[0s / 0s],		train_loss: 6.4504
14:	[0s / 0s],		train_loss: 7.1495
15:	[0s / 0s],		train_loss: 7.2608
16:	[0s / 0s],		train_loss: 6.5047
17:	[0s / 0s],		train_loss: 5.8264
18:	[0s / 0s],		train_loss: 7.1335
19:	[0s / 0s],		train_loss: 6.9140
20:	[0s / 0s],		train_loss: 6.0700
21:	[0s / 0s],		train_loss: 6.2986
22:	[0s / 0s],		train_loss: 6.7062
23:	[0s / 0s],		train_loss: 7.4804
24:	[0s / 0s],		train_loss: 6.2122
C-index TRAIN: 0.6412275202197705
C-index TEST : 0.6513835651105803
Fitting deepsurv_vanilla.pt...
0:	[0s / 0s],		train_loss: 4.9638
1:	[0s / 0s],		train_loss: 4.8752
2:	[0s / 0s],		train_loss: 4.8338
3:	[0s / 0s],		train_loss: 4.8129
4:	[0s / 0s],		train_loss: 4.7777
5:	[0s / 0s],		train_loss: 4.7650
6:	[0s / 0s],		train_loss: 4.7409
7:	[0s / 0s],		train_loss: 4.6779
8:	[0s / 0s],		train_loss: 4.6277
9:	[0s / 0s],		train_loss: 4.6551
10:	[0s / 0s],		train_loss: 4.6430
11:	[0s / 0s],		train_loss: 4.6061
12:	[0s / 0s],		train_loss: 4.5856
13:	[0s / 0s],		train_loss: 4.5782
14:	[0s / 0s],		train_loss: 4.5926
15:	[0s / 0s],		train_loss: 4.5498
16:	[0s / 0s],		train_loss: 4.5480
17:	[0s / 0s],		train_loss: 4.5472
18:	[0s / 0s],		train_loss: 4.5211
19:	[0s / 0s],		train_loss: 4.5234
20:	[0s / 0s],		train_loss: 4.5045
21:	[0s / 0s],		train_loss: 4.4998
22:	[0s / 0s],		train_loss: 4.4956
23:	[0s / 1s],		train_loss: 4.4841
24:	[0s / 1s],		train_loss: 4.4706
25:	[0s / 1s],		train_loss: 4.4932
26:	[0s / 1s],		train_loss: 4.4957
27:	[0s / 1s],		train_loss: 4.4362
28:	[0s / 1s],		train_loss: 4.4743
29:	[0s / 1s],		train_loss: 4.4574
30:	[0s / 1s],		train_loss: 4.4369
31:	[0s / 1s],		train_loss: 4.4137
32:	[0s / 1s],		train_loss: 4.4358
33:	[0s / 1s],		train_loss: 4.4126
34:	[0s / 1s],		train_loss: 4.3835
35:	[0s / 1s],		train_loss: 4.3885
36:	[0s / 1s],		train_loss: 4.3797
37:	[0s / 1s],		train_loss: 4.4150
38:	[0s / 1s],		train_loss: 4.3782
39:	[0s / 1s],		train_loss: 4.3592
40:	[0s / 1s],		train_loss: 4.3658
41:	[0s / 1s],		train_loss: 4.3703
42:	[0s / 1s],		train_loss: 4.3475
43:	[0s / 1s],		train_loss: 4.3456
44:	[0s / 1s],		train_loss: 4.3224
45:	[0s / 1s],		train_loss: 4.3566
46:	[0s / 2s],		train_loss: 4.2895
47:	[0s / 2s],		train_loss: 4.2871
48:	[0s / 2s],		train_loss: 4.2807
C-index TRAIN: 0.8364202635120245
C-index TEST : 0.7082476899431513
Fitting Cox model...
C-index TRAIN: 0.6848397153716339
C-index TEST : 0.6792493009647612
Evaluating method: knn
Fitting Random Survival Forest model...
C-index TRAIN: 0.9003083461578627
C-index TEST : 0.7829626749131221
Fitting deepsurv_simple.pt...
0:	[0s / 0s],		train_loss: 84.8014
1:	[0s / 0s],		train_loss: 19.1538
2:	[0s / 0s],		train_loss: 14.5448
3:	[0s / 0s],		train_loss: 10.3900
4:	[0s / 0s],		train_loss: 9.7467
5:	[0s / 0s],		train_loss: 8.1533
6:	[0s / 0s],		train_loss: 6.3466
7:	[0s / 0s],		train_loss: 5.7439
8:	[0s / 0s],		train_loss: 6.2853
9:	[0s / 0s],		train_loss: 7.0638
10:	[0s / 0s],		train_loss: 6.3496
11:	[0s / 0s],		train_loss: 6.3202
12:	[0s / 0s],		train_loss: 5.4113
13:	[0s / 0s],		train_loss: 7.4468
14:	[0s / 0s],		train_loss: 8.0124
15:	[0s / 0s],		train_loss: 7.0415
16:	[0s / 0s],		train_loss: 5.6304
17:	[0s / 0s],		train_loss: 7.3591
18:	[0s / 0s],		train_loss: 7.3062
19:	[0s / 0s],		train_loss: 6.8017
20:	[0s / 0s],		train_loss: 5.9132
21:	[0s / 0s],		train_loss: 5.5959
22:	[0s / 0s],		train_loss: 5.5339
23:	[0s / 0s],		train_loss: 4.8782
24:	[0s / 0s],		train_loss: 4.7959
C-index TRAIN: 0.7394010421408893
C-index TEST : 0.7406316933009894
Fitting deepsurv_vanilla.pt...
0:	[0s / 0s],		train_loss: 4.8639
1:	[0s / 0s],		train_loss: 4.7144
2:	[0s / 0s],		train_loss: 4.6511
3:	[0s / 0s],		train_loss: 4.5825
4:	[0s / 0s],		train_loss: 4.5655
5:	[0s / 0s],		train_loss: 4.5644
6:	[0s / 0s],		train_loss: 4.5844
7:	[0s / 0s],		train_loss: 4.5298
8:	[0s / 0s],		train_loss: 4.5359
9:	[0s / 0s],		train_loss: 4.5341
10:	[0s / 0s],		train_loss: 4.5249
11:	[0s / 0s],		train_loss: 4.5074
12:	[0s / 0s],		train_loss: 4.5182
13:	[0s / 0s],		train_loss: 4.4939
14:	[0s / 0s],		train_loss: 4.5224
15:	[0s / 0s],		train_loss: 4.5135
16:	[0s / 0s],		train_loss: 4.4876
17:	[0s / 0s],		train_loss: 4.4912
18:	[0s / 0s],		train_loss: 4.4935
19:	[0s / 0s],		train_loss: 4.4822
20:	[0s / 0s],		train_loss: 4.4831
21:	[0s / 0s],		train_loss: 4.4769
22:	[0s / 1s],		train_loss: 4.4851
23:	[0s / 1s],		train_loss: 4.4832
24:	[0s / 1s],		train_loss: 4.4565
25:	[0s / 1s],		train_loss: 4.4609
26:	[0s / 1s],		train_loss: 4.4622
27:	[0s / 1s],		train_loss: 4.4374
28:	[0s / 1s],		train_loss: 4.4408
29:	[0s / 1s],		train_loss: 4.4701
30:	[0s / 1s],		train_loss: 4.4546
31:	[0s / 1s],		train_loss: 4.4614
32:	[0s / 1s],		train_loss: 4.4547
33:	[0s / 1s],		train_loss: 4.4339
34:	[0s / 1s],		train_loss: 4.4341
35:	[0s / 1s],		train_loss: 4.4678
36:	[0s / 1s],		train_loss: 4.4769
37:	[0s / 1s],		train_loss: 4.4660
38:	[0s / 1s],		train_loss: 4.4438
39:	[0s / 1s],		train_loss: 4.4541
40:	[0s / 1s],		train_loss: 4.4538
41:	[0s / 1s],		train_loss: 4.4346
42:	[0s / 1s],		train_loss: 4.4326
43:	[0s / 1s],		train_loss: 4.4806
44:	[0s / 2s],		train_loss: 4.4586
45:	[0s / 2s],		train_loss: 4.4163
46:	[0s / 2s],		train_loss: 4.4216
47:	[0s / 2s],		train_loss: 4.4243
48:	[0s / 2s],		train_loss: 4.4319
C-index TRAIN: 0.7822363328176268
C-index TEST : 0.7703553506286688
Fitting Cox model...
C-index TRAIN: 0.7718957546936662
C-index TEST : 0.779172762007049
Evaluating method: imputer_bayesian
Fitting Random Survival Forest model...
C-index TRAIN: 0.9067251943376095
C-index TEST : 0.7906536056638829
Fitting deepsurv_simple.pt...
0:	[0s / 0s],		train_loss: 68.4928
1:	[0s / 0s],		train_loss: 12.8855
2:	[0s / 0s],		train_loss: 9.9106
3:	[0s / 0s],		train_loss: 7.9793
4:	[0s / 0s],		train_loss: 6.3224
5:	[0s / 0s],		train_loss: 5.1489
6:	[0s / 0s],		train_loss: 5.5632
7:	[0s / 0s],		train_loss: 5.7456
8:	[0s / 0s],		train_loss: 4.7486
9:	[0s / 0s],		train_loss: 5.2389
10:	[0s / 0s],		train_loss: 5.1463
11:	[0s / 0s],		train_loss: 5.0026
12:	[0s / 0s],		train_loss: 7.4722
13:	[0s / 0s],		train_loss: 8.1972
14:	[0s / 0s],		train_loss: 6.4167
15:	[0s / 0s],		train_loss: 5.8819
16:	[0s / 0s],		train_loss: 5.7359
17:	[0s / 0s],		train_loss: 10.6616
18:	[0s / 0s],		train_loss: 9.1322
19:	[0s / 0s],		train_loss: 10.0326
20:	[0s / 0s],		train_loss: 9.4977
21:	[0s / 0s],		train_loss: 7.5779
22:	[0s / 0s],		train_loss: 5.8096
23:	[0s / 0s],		train_loss: 6.6867
24:	[0s / 0s],		train_loss: 6.5764
C-index TRAIN: 0.7024131608101213
C-index TEST : 0.7062802066551859
Fitting deepsurv_vanilla.pt...
0:	[0s / 0s],		train_loss: 4.8479
1:	[0s / 0s],		train_loss: 4.6390
2:	[0s / 0s],		train_loss: 4.5707
3:	[0s / 0s],		train_loss: 4.5268
4:	[0s / 0s],		train_loss: 4.4969
5:	[0s / 0s],		train_loss: 4.4971
6:	[0s / 0s],		train_loss: 4.5028
7:	[0s / 0s],		train_loss: 4.4783
8:	[0s / 0s],		train_loss: 4.4757
9:	[0s / 0s],		train_loss: 4.4776
10:	[0s / 0s],		train_loss: 4.4926
11:	[0s / 0s],		train_loss: 4.4658
12:	[0s / 0s],		train_loss: 4.4926
13:	[0s / 0s],		train_loss: 4.4656
14:	[0s / 0s],		train_loss: 4.4798
15:	[0s / 0s],		train_loss: 4.4471
16:	[0s / 0s],		train_loss: 4.4467
17:	[0s / 0s],		train_loss: 4.4467
18:	[0s / 0s],		train_loss: 4.4491
19:	[0s / 0s],		train_loss: 4.4369
20:	[0s / 0s],		train_loss: 4.4436
21:	[0s / 0s],		train_loss: 4.4457
22:	[0s / 0s],		train_loss: 4.4565
23:	[0s / 1s],		train_loss: 4.4414
24:	[0s / 1s],		train_loss: 4.4307
25:	[0s / 1s],		train_loss: 4.4329
26:	[0s / 1s],		train_loss: 4.4266
27:	[0s / 1s],		train_loss: 4.4134
28:	[0s / 1s],		train_loss: 4.3975
29:	[0s / 1s],		train_loss: 4.4296
30:	[0s / 1s],		train_loss: 4.4214
31:	[0s / 1s],		train_loss: 4.4217
32:	[0s / 1s],		train_loss: 4.3995
33:	[0s / 1s],		train_loss: 4.4115
34:	[0s / 1s],		train_loss: 4.4002
35:	[0s / 1s],		train_loss: 4.4271
36:	[0s / 1s],		train_loss: 4.4199
37:	[0s / 1s],		train_loss: 4.4316
38:	[0s / 1s],		train_loss: 4.4030
39:	[0s / 1s],		train_loss: 4.4277
40:	[0s / 1s],		train_loss: 4.4055
41:	[0s / 1s],		train_loss: 4.3731
42:	[0s / 1s],		train_loss: 4.3689
43:	[0s / 1s],		train_loss: 4.4150
44:	[0s / 1s],		train_loss: 4.4228
45:	[0s / 1s],		train_loss: 4.3728
46:	[0s / 2s],		train_loss: 4.4008
47:	[0s / 2s],		train_loss: 4.3857
48:	[0s / 2s],		train_loss: 4.3860
C-index TRAIN: 0.7964876336355599
C-index TEST : 0.7801634477096951
Fitting Cox model...
C-index TRAIN: 0.7796963884812251
C-index TEST : 0.7816757093741705
[fold=2, target=50%] actual NaN%: 50.0%
X_train shape: (5161, 76), X_test shape: (1291, 76)
Generating TabPFN Embeddings...
Successfully generated embeddings with shape: (5161, 192)
Fitting SimpleImputer (mean)...
Fitting SimpleImputer (median)...
Fitting SimpleImputer (constant, fill=-1)...
Fitting KNNImputer...
Fitting IterativeImputer (BayesianRidge, MICE-like)...
Fitting DeepSurv Simple pilot model...
0:	[0s / 0s],		train_loss: 17.7239,	val_loss: 14.0357
1:	[0s / 0s],		train_loss: 8.3904,	val_loss: 10.1420
2:	[0s / 0s],		train_loss: 7.7244,	val_loss: 8.9044
3:	[0s / 0s],		train_loss: 6.2323,	val_loss: 7.8986
4:	[0s / 0s],		train_loss: 5.7135,	val_loss: 7.5110
5:	[0s / 0s],		train_loss: 5.5304,	val_loss: 11.0711
6:	[0s / 0s],		train_loss: 6.1535,	val_loss: 7.8654
7:	[0s / 0s],		train_loss: 6.0674,	val_loss: 8.4916
8:	[0s / 0s],		train_loss: 7.5389,	val_loss: 9.1297
9:	[0s / 0s],		train_loss: 6.5141,	val_loss: 7.1902
10:	[0s / 0s],		train_loss: 5.1114,	val_loss: 7.5320
11:	[0s / 0s],		train_loss: 6.3489,	val_loss: 8.3308
12:	[0s / 0s],		train_loss: 5.5480,	val_loss: 7.7130
13:	[0s / 0s],		train_loss: 5.3195,	val_loss: 7.7294
14:	[0s / 0s],		train_loss: 6.1719,	val_loss: 9.2639
15:	[0s / 0s],		train_loss: 6.6570,	val_loss: 7.9847
16:	[0s / 0s],		train_loss: 5.5805,	val_loss: 7.7506
17:	[0s / 0s],		train_loss: 5.5245,	val_loss: 6.8805
18:	[0s / 0s],		train_loss: 4.7469,	val_loss: 6.9392
19:	[0s / 0s],		train_loss: 5.0938,	val_loss: 7.1029
20:	[0s / 0s],		train_loss: 5.5040,	val_loss: 8.0175
21:	[0s / 0s],		train_loss: 5.3418,	val_loss: 7.1739
22:	[0s / 0s],		train_loss: 5.1307,	val_loss: 7.7583
23:	[0s / 0s],		train_loss: 9.2869,	val_loss: 18.1427
24:	[0s / 0s],		train_loss: 14.3424,	val_loss: 15.4636
25:	[0s / 0s],		train_loss: 9.7732,	val_loss: 10.5954
26:	[0s / 0s],		train_loss: 9.2905,	val_loss: 13.0930
27:	[0s / 0s],		train_loss: 8.3580,	val_loss: 10.4512
28:	[0s / 1s],		train_loss: 8.3863,	val_loss: 9.7084
29:	[0s / 1s],		train_loss: 7.4450,	val_loss: 10.6950
30:	[0s / 1s],		train_loss: 9.3191,	val_loss: 13.0865
31:	[0s / 1s],		train_loss: 9.6618,	val_loss: 12.4348
32:	[0s / 1s],		train_loss: 9.2232,	val_loss: 12.4147
33:	[0s / 1s],		train_loss: 9.3049,	val_loss: 10.8362
34:	[0s / 1s],		train_loss: 7.1622,	val_loss: 9.3976
35:	[0s / 1s],		train_loss: 6.6689,	val_loss: 8.4804
36:	[0s / 1s],		train_loss: 5.8705,	val_loss: 7.9500
37:	[0s / 1s],		train_loss: 5.2605,	val_loss: 7.1415
Saved fixed_epochs=18 → nan/tabpfn/OrmoniTirodei/nan_percentage0.5/seed77/fold2/fixed_epochs_deepsurv_simple.json
Fitting DeepSurv Vanilla pilot model...
0:	[0s / 0s],		train_loss: 4.8920,	val_loss: 6.7721
1:	[0s / 0s],		train_loss: 4.7675,	val_loss: 6.6753
2:	[0s / 0s],		train_loss: 4.7034,	val_loss: 6.5762
3:	[0s / 0s],		train_loss: 4.6817,	val_loss: 6.5627
4:	[0s / 0s],		train_loss: 4.6480,	val_loss: 6.5469
5:	[0s / 0s],		train_loss: 4.6468,	val_loss: 6.5486
6:	[0s / 0s],		train_loss: 4.6219,	val_loss: 6.5406
7:	[0s / 0s],		train_loss: 4.6172,	val_loss: 6.5362
8:	[0s / 0s],		train_loss: 4.5898,	val_loss: 6.5450
9:	[0s / 0s],		train_loss: 4.6229,	val_loss: 6.5455
10:	[0s / 0s],		train_loss: 4.6156,	val_loss: 6.5446
11:	[0s / 0s],		train_loss: 4.6102,	val_loss: 6.5228
12:	[0s / 0s],		train_loss: 4.5648,	val_loss: 6.5256
13:	[0s / 0s],		train_loss: 4.5800,	val_loss: 6.5091
14:	[0s / 0s],		train_loss: 4.6247,	val_loss: 6.5105
15:	[0s / 0s],		train_loss: 4.5774,	val_loss: 6.5098
16:	[0s / 0s],		train_loss: 4.5945,	val_loss: 6.5336
17:	[0s / 0s],		train_loss: 4.5692,	val_loss: 6.5247
18:	[0s / 0s],		train_loss: 4.5639,	val_loss: 6.5371
19:	[0s / 0s],		train_loss: 4.5530,	val_loss: 6.4781
20:	[0s / 0s],		train_loss: 4.5740,	val_loss: 6.5014
21:	[0s / 1s],		train_loss: 4.5500,	val_loss: 6.4783
22:	[0s / 1s],		train_loss: 4.5598,	val_loss: 6.5712
23:	[0s / 1s],		train_loss: 4.5625,	val_loss: 6.5087
24:	[0s / 1s],		train_loss: 4.5381,	val_loss: 6.4768
25:	[0s / 1s],		train_loss: 4.5537,	val_loss: 6.5250
26:	[0s / 1s],		train_loss: 4.5517,	val_loss: 6.4991
27:	[0s / 1s],		train_loss: 4.5633,	val_loss: 6.4838
28:	[0s / 1s],		train_loss: 4.5459,	val_loss: 6.5241
29:	[0s / 1s],		train_loss: 4.5451,	val_loss: 6.4822
30:	[0s / 1s],		train_loss: 4.5608,	val_loss: 6.4875
31:	[0s / 1s],		train_loss: 4.5435,	val_loss: 6.4664
32:	[0s / 1s],		train_loss: 4.5570,	val_loss: 6.4876
33:	[0s / 1s],		train_loss: 4.5629,	val_loss: 6.4842
34:	[0s / 1s],		train_loss: 4.5341,	val_loss: 6.4724
35:	[0s / 1s],		train_loss: 4.5166,	val_loss: 6.4894
36:	[0s / 1s],		train_loss: 4.5355,	val_loss: 6.4768
37:	[0s / 1s],		train_loss: 4.5193,	val_loss: 6.4991
38:	[0s / 1s],		train_loss: 4.5338,	val_loss: 6.5024
39:	[0s / 1s],		train_loss: 4.5221,	val_loss: 6.4851
40:	[0s / 1s],		train_loss: 4.5244,	val_loss: 6.4704
41:	[0s / 1s],		train_loss: 4.5203,	val_loss: 6.4939
42:	[0s / 1s],		train_loss: 4.5293,	val_loss: 6.4657
43:	[0s / 1s],		train_loss: 4.5090,	val_loss: 6.4988
44:	[0s / 2s],		train_loss: 4.5161,	val_loss: 6.4541
45:	[0s / 2s],		train_loss: 4.5007,	val_loss: 6.4939
46:	[0s / 2s],		train_loss: 4.4986,	val_loss: 6.4644
47:	[0s / 2s],		train_loss: 4.4943,	val_loss: 6.4676
48:	[0s / 2s],		train_loss: 4.5218,	val_loss: 6.4791
49:	[0s / 2s],		train_loss: 4.5230,	val_loss: 6.4801
50:	[0s / 2s],		train_loss: 4.5300,	val_loss: 6.4718
51:	[0s / 2s],		train_loss: 4.5184,	val_loss: 6.4914
52:	[0s / 2s],		train_loss: 4.5124,	val_loss: 6.4936
53:	[0s / 2s],		train_loss: 4.5232,	val_loss: 6.4711
54:	[0s / 2s],		train_loss: 4.5318,	val_loss: 6.5191
55:	[0s / 2s],		train_loss: 4.5368,	val_loss: 6.5010
56:	[0s / 2s],		train_loss: 4.5229,	val_loss: 6.4916
57:	[0s / 2s],		train_loss: 4.5003,	val_loss: 6.4905
58:	[0s / 2s],		train_loss: 4.5188,	val_loss: 6.5037
59:	[0s / 2s],		train_loss: 4.5540,	val_loss: 6.4793
60:	[0s / 2s],		train_loss: 4.5047,	val_loss: 6.5230
61:	[0s / 2s],		train_loss: 4.5090,	val_loss: 6.5248
62:	[0s / 2s],		train_loss: 4.4909,	val_loss: 6.5295
63:	[0s / 2s],		train_loss: 4.5241,	val_loss: 6.5694
64:	[0s / 2s],		train_loss: 4.4959,	val_loss: 6.5224
Saved fixed_epochs=45 → nan/tabpfn/OrmoniTirodei/nan_percentage0.5/seed77/fold2/fixed_epochs_deepsurv_vanilla.json
Evaluating method: embeddings
Fitting Random Survival Forest model...
C-index TRAIN: 0.9586811688835357
C-index TEST : 0.7608064984044096
Fitting deepsurv_simple.pt...
0:	[0s / 0s],		train_loss: 3.6077
1:	[0s / 0s],		train_loss: 3.3078
2:	[0s / 0s],		train_loss: 3.2664
3:	[0s / 0s],		train_loss: 3.2687
4:	[0s / 0s],		train_loss: 3.2544
5:	[0s / 0s],		train_loss: 3.2629
6:	[0s / 0s],		train_loss: 3.2547
7:	[0s / 0s],		train_loss: 3.2600
8:	[0s / 0s],		train_loss: 3.2424
9:	[0s / 0s],		train_loss: 3.2330
10:	[0s / 0s],		train_loss: 3.2516
11:	[0s / 0s],		train_loss: 3.2501
12:	[0s / 0s],		train_loss: 3.2303
13:	[0s / 0s],		train_loss: 3.2492
14:	[0s / 0s],		train_loss: 3.2477
15:	[0s / 0s],		train_loss: 3.2275
16:	[0s / 0s],		train_loss: 3.2535
17:	[0s / 0s],		train_loss: 3.2527
C-index TRAIN: 0.9087102865422901
C-index TEST : 0.6968748649766371
Fitting deepsurv_vanilla.pt...
0:	[0s / 0s],		train_loss: 3.4142
1:	[0s / 0s],		train_loss: 3.3130
2:	[0s / 0s],		train_loss: 3.3182
3:	[0s / 0s],		train_loss: 3.2812
4:	[0s / 0s],		train_loss: 3.2779
5:	[0s / 0s],		train_loss: 3.2860
6:	[0s / 0s],		train_loss: 3.2855
7:	[0s / 0s],		train_loss: 3.2561
8:	[0s / 0s],		train_loss: 3.2898
9:	[0s / 0s],		train_loss: 3.2639
10:	[0s / 0s],		train_loss: 3.2465
11:	[0s / 0s],		train_loss: 3.2702
12:	[0s / 0s],		train_loss: 3.2827
13:	[0s / 0s],		train_loss: 3.2482
14:	[0s / 0s],		train_loss: 3.2310
15:	[0s / 0s],		train_loss: 3.2572
16:	[0s / 0s],		train_loss: 3.2609
17:	[0s / 0s],		train_loss: 3.2537
18:	[0s / 0s],		train_loss: 3.2384
19:	[0s / 0s],		train_loss: 3.2528
20:	[0s / 0s],		train_loss: 3.2385
21:	[0s / 0s],		train_loss: 3.2463
22:	[0s / 0s],		train_loss: 3.2417
23:	[0s / 1s],		train_loss: 3.2495
24:	[0s / 1s],		train_loss: 3.2525
25:	[0s / 1s],		train_loss: 3.2620
26:	[0s / 1s],		train_loss: 3.2473
27:	[0s / 1s],		train_loss: 3.2637
28:	[0s / 1s],		train_loss: 3.2362
29:	[0s / 1s],		train_loss: 3.2625
30:	[0s / 1s],		train_loss: 3.2346
31:	[0s / 1s],		train_loss: 3.2535
32:	[0s / 1s],		train_loss: 3.2628
33:	[0s / 1s],		train_loss: 3.2561
34:	[0s / 1s],		train_loss: 3.2414
35:	[0s / 1s],		train_loss: 3.2473
36:	[0s / 1s],		train_loss: 3.2256
37:	[0s / 1s],		train_loss: 3.2466
38:	[0s / 1s],		train_loss: 3.2443
39:	[0s / 1s],		train_loss: 3.2397
40:	[0s / 1s],		train_loss: 3.2425
41:	[0s / 1s],		train_loss: 3.2398
42:	[0s / 1s],		train_loss: 3.2302
43:	[0s / 1s],		train_loss: 3.2370
44:	[0s / 1s],		train_loss: 3.2302
C-index TRAIN: 0.9132537190515708
C-index TEST : 0.7207624267787592
Fitting Cox model...
C-index TRAIN: 0.9127202359738176
C-index TEST : 0.7069730693973791
Evaluating method: mean
Fitting Random Survival Forest model...
C-index TRAIN: 0.8652649558292363
C-index TEST : 0.7593559617058312
Fitting deepsurv_simple.pt...
0:	[0s / 0s],		train_loss: 64.4625
1:	[0s / 0s],		train_loss: 15.9913
2:	[0s / 0s],		train_loss: 13.4940
3:	[0s / 0s],		train_loss: 10.9237
4:	[0s / 0s],		train_loss: 9.1415
5:	[0s / 0s],		train_loss: 7.7411
6:	[0s / 0s],		train_loss: 6.9020
7:	[0s / 0s],		train_loss: 5.5211
8:	[0s / 0s],		train_loss: 4.8943
9:	[0s / 0s],		train_loss: 4.7850
10:	[0s / 0s],		train_loss: 4.6025
11:	[0s / 0s],		train_loss: 4.7571
12:	[0s / 0s],		train_loss: 4.8130
13:	[0s / 0s],		train_loss: 4.7928
14:	[0s / 0s],		train_loss: 4.6123
15:	[0s / 0s],		train_loss: 4.6907
16:	[0s / 0s],		train_loss: 6.0945
17:	[0s / 0s],		train_loss: 6.2078
C-index TRAIN: 0.6447617759281881
C-index TEST : 0.6539358924504194
Fitting deepsurv_vanilla.pt...
0:	[0s / 0s],		train_loss: 4.8835
1:	[0s / 0s],		train_loss: 4.7699
2:	[0s / 0s],		train_loss: 4.7106
3:	[0s / 0s],		train_loss: 4.6525
4:	[0s / 0s],		train_loss: 4.6326
5:	[0s / 0s],		train_loss: 4.6715
6:	[0s / 0s],		train_loss: 4.6614
7:	[0s / 0s],		train_loss: 4.6029
8:	[0s / 0s],		train_loss: 4.5926
9:	[0s / 0s],		train_loss: 4.6143
10:	[0s / 0s],		train_loss: 4.6119
11:	[0s / 0s],		train_loss: 4.6094
12:	[0s / 0s],		train_loss: 4.5993
13:	[0s / 0s],		train_loss: 4.5554
14:	[0s / 0s],		train_loss: 4.5815
15:	[0s / 0s],		train_loss: 4.5522
16:	[0s / 0s],		train_loss: 4.5633
17:	[0s / 0s],		train_loss: 4.5617
18:	[0s / 0s],		train_loss: 4.5646
19:	[0s / 0s],		train_loss: 4.5476
20:	[0s / 0s],		train_loss: 4.5582
21:	[0s / 0s],		train_loss: 4.5365
22:	[0s / 1s],		train_loss: 4.5614
23:	[0s / 1s],		train_loss: 4.5524
24:	[0s / 1s],		train_loss: 4.5304
25:	[0s / 1s],		train_loss: 4.5486
26:	[0s / 1s],		train_loss: 4.5268
27:	[0s / 1s],		train_loss: 4.5255
28:	[0s / 1s],		train_loss: 4.5156
29:	[0s / 1s],		train_loss: 4.5502
30:	[0s / 1s],		train_loss: 4.5452
31:	[0s / 1s],		train_loss: 4.5117
32:	[0s / 1s],		train_loss: 4.5290
33:	[0s / 1s],		train_loss: 4.5338
34:	[0s / 1s],		train_loss: 4.5238
35:	[0s / 1s],		train_loss: 4.5167
36:	[0s / 1s],		train_loss: 4.5281
37:	[0s / 1s],		train_loss: 4.5437
38:	[0s / 1s],		train_loss: 4.5158
39:	[0s / 1s],		train_loss: 4.5523
40:	[0s / 1s],		train_loss: 4.5239
41:	[0s / 1s],		train_loss: 4.4953
42:	[0s / 1s],		train_loss: 4.5015
43:	[0s / 1s],		train_loss: 4.4991
44:	[0s / 1s],		train_loss: 4.5236
C-index TRAIN: 0.759485630147387
C-index TEST : 0.7534025887450697
Fitting Cox model...
C-index TRAIN: 0.7505553166763725
C-index TEST : 0.7552635964668629
Evaluating method: median
Fitting Random Survival Forest model...
C-index TRAIN: 0.8435168334258087
C-index TEST : 0.7620656877087075
Fitting deepsurv_simple.pt...
0:	[0s / 0s],		train_loss: 64.1850
1:	[0s / 0s],		train_loss: 12.9022
2:	[0s / 0s],		train_loss: 9.8234
3:	[0s / 0s],		train_loss: 8.5769
4:	[0s / 0s],		train_loss: 8.0064
5:	[0s / 0s],		train_loss: 7.7301
6:	[0s / 0s],		train_loss: 7.9720
7:	[0s / 0s],		train_loss: 6.8769
8:	[0s / 0s],		train_loss: 6.3087
9:	[0s / 0s],		train_loss: 6.1483
10:	[0s / 0s],		train_loss: 5.3611
11:	[0s / 0s],		train_loss: 5.5422
12:	[0s / 0s],		train_loss: 5.9377
13:	[0s / 0s],		train_loss: 5.4721
14:	[0s / 0s],		train_loss: 5.2350
15:	[0s / 0s],		train_loss: 5.0737
16:	[0s / 0s],		train_loss: 6.0437
17:	[0s / 0s],		train_loss: 5.8928
C-index TRAIN: 0.7167811552445047
C-index TEST : 0.7065008734082674
Fitting deepsurv_vanilla.pt...
0:	[0s / 0s],		train_loss: 4.9041
1:	[0s / 0s],		train_loss: 4.7617
2:	[0s / 0s],		train_loss: 4.6891
3:	[0s / 0s],		train_loss: 4.6373
4:	[0s / 0s],		train_loss: 4.6235
5:	[0s / 0s],		train_loss: 4.6378
6:	[0s / 0s],		train_loss: 4.6694
7:	[0s / 0s],		train_loss: 4.6046
8:	[0s / 0s],		train_loss: 4.5990
9:	[0s / 0s],		train_loss: 4.6103
10:	[0s / 0s],		train_loss: 4.5917
11:	[0s / 0s],		train_loss: 4.5861
12:	[0s / 0s],		train_loss: 4.6143
13:	[0s / 0s],		train_loss: 4.5706
14:	[0s / 0s],		train_loss: 4.5716
15:	[0s / 0s],		train_loss: 4.5603
16:	[0s / 0s],		train_loss: 4.5773
17:	[0s / 0s],		train_loss: 4.5663
18:	[0s / 0s],		train_loss: 4.5660
19:	[0s / 0s],		train_loss: 4.5389
20:	[0s / 0s],		train_loss: 4.5443
21:	[0s / 1s],		train_loss: 4.5314
22:	[0s / 1s],		train_loss: 4.5578
23:	[0s / 1s],		train_loss: 4.5596
24:	[0s / 1s],		train_loss: 4.5280
25:	[0s / 1s],		train_loss: 4.5356
26:	[0s / 1s],		train_loss: 4.5404
27:	[0s / 1s],		train_loss: 4.5271
28:	[0s / 1s],		train_loss: 4.5216
29:	[0s / 1s],		train_loss: 4.5353
30:	[0s / 1s],		train_loss: 4.5474
31:	[0s / 1s],		train_loss: 4.4988
32:	[0s / 1s],		train_loss: 4.5527
33:	[0s / 1s],		train_loss: 4.5168
34:	[0s / 1s],		train_loss: 4.5080
35:	[0s / 1s],		train_loss: 4.5273
36:	[0s / 1s],		train_loss: 4.5262
37:	[0s / 1s],		train_loss: 4.5256
38:	[0s / 1s],		train_loss: 4.5199
39:	[0s / 1s],		train_loss: 4.5340
40:	[0s / 1s],		train_loss: 4.5254
41:	[0s / 1s],		train_loss: 4.4975
42:	[0s / 1s],		train_loss: 4.5047
43:	[0s / 2s],		train_loss: 4.5223
44:	[0s / 2s],		train_loss: 4.5327
C-index TRAIN: 0.7630015827965365
C-index TEST : 0.7496744008048936
Fitting Cox model...
C-index TRAIN: 0.7491128126246142
C-index TEST : 0.7478257380762797
Evaluating method: constant
Fitting Random Survival Forest model...
C-index TRAIN: 0.8802563691858986
C-index TEST : 0.7593065817331136
Fitting deepsurv_simple.pt...
0:	[0s / 0s],		train_loss: 65.4820
1:	[0s / 0s],		train_loss: 13.4297
2:	[0s / 0s],		train_loss: 10.4562
3:	[0s / 0s],		train_loss: 9.5189
4:	[0s / 0s],		train_loss: 8.9098
5:	[0s / 0s],		train_loss: 8.2193
6:	[0s / 0s],		train_loss: 8.3254
7:	[0s / 0s],		train_loss: 7.0606
8:	[0s / 0s],		train_loss: 6.5756
9:	[0s / 0s],		train_loss: 6.3974
10:	[0s / 0s],		train_loss: 5.6573
11:	[0s / 0s],		train_loss: 5.3816
12:	[0s / 0s],		train_loss: 5.4684
13:	[0s / 0s],		train_loss: 5.3572
14:	[0s / 0s],		train_loss: 5.3727
15:	[0s / 0s],		train_loss: 5.1968
16:	[0s / 0s],		train_loss: 5.7714
17:	[0s / 0s],		train_loss: 6.2072
C-index TRAIN: 0.6063842557269994
C-index TEST : 0.608173002734416
Fitting deepsurv_vanilla.pt...
0:	[0s / 0s],		train_loss: 4.9529
1:	[0s / 0s],		train_loss: 4.8983
2:	[0s / 0s],		train_loss: 4.8547
3:	[0s / 0s],		train_loss: 4.8472
4:	[0s / 0s],		train_loss: 4.8407
5:	[0s / 0s],		train_loss: 4.8143
6:	[0s / 0s],		train_loss: 4.7861
7:	[0s / 0s],		train_loss: 4.7585
8:	[0s / 0s],		train_loss: 4.7466
9:	[0s / 0s],		train_loss: 4.7180
10:	[0s / 0s],		train_loss: 4.7144
11:	[0s / 0s],		train_loss: 4.6709
12:	[0s / 0s],		train_loss: 4.6902
13:	[0s / 0s],		train_loss: 4.6738
14:	[0s / 0s],		train_loss: 4.6746
15:	[0s / 0s],		train_loss: 4.6531
16:	[0s / 0s],		train_loss: 4.6421
17:	[0s / 0s],		train_loss: 4.6466
18:	[0s / 0s],		train_loss: 4.5979
19:	[0s / 0s],		train_loss: 4.6012
20:	[0s / 0s],		train_loss: 4.5902
21:	[0s / 1s],		train_loss: 4.6013
22:	[0s / 1s],		train_loss: 4.5842
23:	[0s / 1s],		train_loss: 4.6024
24:	[0s / 1s],		train_loss: 4.5664
25:	[0s / 1s],		train_loss: 4.5520
26:	[0s / 1s],		train_loss: 4.5489
27:	[0s / 1s],		train_loss: 4.5255
28:	[0s / 1s],		train_loss: 4.5205
29:	[0s / 1s],		train_loss: 4.5132
30:	[0s / 1s],		train_loss: 4.5167
31:	[0s / 1s],		train_loss: 4.5023
32:	[0s / 1s],		train_loss: 4.4791
33:	[0s / 1s],		train_loss: 4.4272
34:	[0s / 1s],		train_loss: 4.4479
35:	[0s / 1s],		train_loss: 4.4533
36:	[0s / 1s],		train_loss: 4.4528
37:	[0s / 1s],		train_loss: 4.4685
38:	[0s / 1s],		train_loss: 4.4124
39:	[0s / 1s],		train_loss: 4.4160
40:	[0s / 1s],		train_loss: 4.3957
41:	[0s / 1s],		train_loss: 4.4075
42:	[0s / 1s],		train_loss: 4.3829
43:	[0s / 1s],		train_loss: 4.3802
44:	[0s / 2s],		train_loss: 4.3868
C-index TRAIN: 0.8301858884713768
C-index TEST : 0.654247603528199
Fitting Cox model...
C-index TRAIN: 0.6473873822983216
C-index TEST : 0.6471492324500491
Evaluating method: knn
Fitting Random Survival Forest model...
C-index TRAIN: 0.8918488022366524
C-index TEST : 0.7654543883364504
Fitting deepsurv_simple.pt...
0:	[0s / 0s],		train_loss: 67.4066
1:	[0s / 0s],		train_loss: 18.4374
2:	[0s / 0s],		train_loss: 13.9454
3:	[0s / 0s],		train_loss: 10.8724
4:	[0s / 0s],		train_loss: 9.4122
5:	[0s / 0s],		train_loss: 7.9706
6:	[0s / 0s],		train_loss: 7.8041
7:	[0s / 0s],		train_loss: 7.5042
8:	[0s / 0s],		train_loss: 6.4276
9:	[0s / 0s],		train_loss: 6.0044
10:	[0s / 0s],		train_loss: 5.3442
11:	[0s / 0s],		train_loss: 4.9595
12:	[0s / 0s],		train_loss: 4.8027
13:	[0s / 0s],		train_loss: 5.1783
14:	[0s / 0s],		train_loss: 4.9215
15:	[0s / 0s],		train_loss: 5.7267
16:	[0s / 0s],		train_loss: 6.0676
17:	[0s / 0s],		train_loss: 7.3157
C-index TRAIN: 0.6693823637295429
C-index TEST : 0.6777601861624971
Fitting deepsurv_vanilla.pt...
0:	[0s / 0s],		train_loss: 4.8814
1:	[0s / 0s],		train_loss: 4.7967
2:	[0s / 0s],		train_loss: 4.7356
3:	[0s / 0s],		train_loss: 4.6659
4:	[0s / 0s],		train_loss: 4.6388
5:	[0s / 0s],		train_loss: 4.6496
6:	[0s / 0s],		train_loss: 4.6580
7:	[0s / 0s],		train_loss: 4.6245
8:	[0s / 0s],		train_loss: 4.6230
9:	[0s / 0s],		train_loss: 4.6267
10:	[0s / 0s],		train_loss: 4.6106
11:	[0s / 0s],		train_loss: 4.5993
12:	[0s / 0s],		train_loss: 4.6195
13:	[0s / 0s],		train_loss: 4.5807
14:	[0s / 0s],		train_loss: 4.6063
15:	[0s / 0s],		train_loss: 4.5743
16:	[0s / 0s],		train_loss: 4.5757
17:	[0s / 0s],		train_loss: 4.5827
18:	[0s / 0s],		train_loss: 4.5675
19:	[0s / 0s],		train_loss: 4.5537
20:	[0s / 0s],		train_loss: 4.5373
21:	[0s / 0s],		train_loss: 4.5654
22:	[0s / 0s],		train_loss: 4.5818
23:	[0s / 1s],		train_loss: 4.5835
24:	[0s / 1s],		train_loss: 4.5428
25:	[0s / 1s],		train_loss: 4.5504
26:	[0s / 1s],		train_loss: 4.5618
27:	[0s / 1s],		train_loss: 4.5624
28:	[0s / 1s],		train_loss: 4.5392
29:	[0s / 1s],		train_loss: 4.5476
30:	[0s / 1s],		train_loss: 4.5570
31:	[0s / 1s],		train_loss: 4.5193
32:	[0s / 1s],		train_loss: 4.5350
33:	[0s / 1s],		train_loss: 4.5281
34:	[0s / 1s],		train_loss: 4.5331
35:	[0s / 1s],		train_loss: 4.5483
36:	[0s / 1s],		train_loss: 4.5300
37:	[0s / 1s],		train_loss: 4.5412
38:	[0s / 1s],		train_loss: 4.5213
39:	[0s / 1s],		train_loss: 4.5214
40:	[0s / 1s],		train_loss: 4.5441
41:	[0s / 1s],		train_loss: 4.5090
42:	[0s / 1s],		train_loss: 4.5104
43:	[0s / 1s],		train_loss: 4.5188
44:	[0s / 1s],		train_loss: 4.5380
C-index TRAIN: 0.7625437275880433
C-index TEST : 0.7493750347202933
Fitting Cox model...
C-index TRAIN: 0.7455545864121804
C-index TEST : 0.7617601491275177
Evaluating method: imputer_bayesian
Fitting Random Survival Forest model...
C-index TRAIN: 0.9046269390558297
C-index TEST : 0.773818121215488
Fitting deepsurv_simple.pt...
0:	[0s / 0s],		train_loss: 64.3282
1:	[0s / 0s],		train_loss: 24.9667
2:	[0s / 0s],		train_loss: 12.8508
3:	[0s / 0s],		train_loss: 9.0355
4:	[0s / 0s],		train_loss: 7.1508
5:	[0s / 0s],		train_loss: 6.4865
6:	[0s / 0s],		train_loss: 6.6109
7:	[0s / 0s],		train_loss: 6.7144
8:	[0s / 0s],		train_loss: 7.9450
9:	[0s / 0s],		train_loss: 7.7509
10:	[0s / 0s],		train_loss: 8.3177
11:	[0s / 0s],		train_loss: 9.3429
12:	[0s / 0s],		train_loss: 6.4581
13:	[0s / 0s],		train_loss: 5.9247
14:	[0s / 0s],		train_loss: 5.6640
15:	[0s / 0s],		train_loss: 5.9944
16:	[0s / 0s],		train_loss: 8.6958
17:	[0s / 0s],		train_loss: 8.0243
C-index TRAIN: 0.6100823098795268
C-index TEST : 0.6085248350400286
Fitting deepsurv_vanilla.pt...
0:	[0s / 0s],		train_loss: 4.8507
1:	[0s / 0s],		train_loss: 4.7160
2:	[0s / 0s],		train_loss: 4.6406
3:	[0s / 0s],		train_loss: 4.6037
4:	[0s / 0s],		train_loss: 4.5835
5:	[0s / 0s],		train_loss: 4.6047
6:	[0s / 0s],		train_loss: 4.5987
7:	[0s / 0s],		train_loss: 4.5612
8:	[0s / 0s],		train_loss: 4.5443
9:	[0s / 0s],		train_loss: 4.5515
10:	[0s / 0s],		train_loss: 4.5790
11:	[0s / 0s],		train_loss: 4.5777
12:	[0s / 0s],		train_loss: 4.5797
13:	[0s / 0s],		train_loss: 4.5322
14:	[0s / 0s],		train_loss: 4.5418
15:	[0s / 0s],		train_loss: 4.5265
16:	[0s / 0s],		train_loss: 4.5501
17:	[0s / 0s],		train_loss: 4.5298
18:	[0s / 0s],		train_loss: 4.5271
19:	[0s / 0s],		train_loss: 4.5167
20:	[0s / 0s],		train_loss: 4.5068
21:	[0s / 0s],		train_loss: 4.5499
22:	[0s / 0s],		train_loss: 4.5368
23:	[0s / 1s],		train_loss: 4.5267
24:	[0s / 1s],		train_loss: 4.4927
25:	[0s / 1s],		train_loss: 4.5228
26:	[0s / 1s],		train_loss: 4.4985
27:	[0s / 1s],		train_loss: 4.4742
28:	[0s / 1s],		train_loss: 4.4807
29:	[0s / 1s],		train_loss: 4.5195
30:	[0s / 1s],		train_loss: 4.5026
31:	[0s / 1s],		train_loss: 4.4784
32:	[0s / 1s],		train_loss: 4.4829
33:	[0s / 1s],		train_loss: 4.4834
34:	[0s / 1s],		train_loss: 4.4731
35:	[0s / 1s],		train_loss: 4.4838
36:	[0s / 1s],		train_loss: 4.4894
37:	[0s / 1s],		train_loss: 4.4880
38:	[0s / 1s],		train_loss: 4.4850
39:	[0s / 1s],		train_loss: 4.5055
40:	[0s / 1s],		train_loss: 4.4727
41:	[0s / 1s],		train_loss: 4.4485
42:	[0s / 1s],		train_loss: 4.4473
43:	[0s / 1s],		train_loss: 4.4783
44:	[0s / 1s],		train_loss: 4.4795
C-index TRAIN: 0.7740999261559822
C-index TEST : 0.7515014597954435
Fitting Cox model...
C-index TRAIN: 0.7540442328268062
C-index TEST : 0.7666580251714411
[fold=2, target=70%] actual NaN%: 70.0%
X_train shape: (5161, 76), X_test shape: (1291, 76)
Generating TabPFN Embeddings...
Successfully generated embeddings with shape: (5161, 192)
Fitting SimpleImputer (mean)...
Fitting SimpleImputer (median)...
Fitting SimpleImputer (constant, fill=-1)...
Fitting KNNImputer...
Fitting IterativeImputer (BayesianRidge, MICE-like)...
Fitting DeepSurv Simple pilot model...
0:	[0s / 0s],		train_loss: 13.6945,	val_loss: 10.4018
1:	[0s / 0s],		train_loss: 7.6572,	val_loss: 9.4288
2:	[0s / 0s],		train_loss: 6.6360,	val_loss: 8.5330
3:	[0s / 0s],		train_loss: 6.6889,	val_loss: 8.3859
4:	[0s / 0s],		train_loss: 6.5643,	val_loss: 7.4176
5:	[0s / 0s],		train_loss: 5.1725,	val_loss: 7.1089
6:	[0s / 0s],		train_loss: 4.9072,	val_loss: 6.8427
7:	[0s / 0s],		train_loss: 4.9799,	val_loss: 6.8351
8:	[0s / 0s],		train_loss: 5.0386,	val_loss: 6.7736
9:	[0s / 0s],		train_loss: 4.7980,	val_loss: 6.6780
10:	[0s / 0s],		train_loss: 4.8736,	val_loss: 6.8778
11:	[0s / 0s],		train_loss: 4.8417,	val_loss: 6.7003
12:	[0s / 0s],		train_loss: 4.8317,	val_loss: 7.3187
13:	[0s / 0s],		train_loss: 5.3230,	val_loss: 7.5483
14:	[0s / 0s],		train_loss: 5.4092,	val_loss: 7.3870
15:	[0s / 0s],		train_loss: 5.1192,	val_loss: 6.8791
16:	[0s / 0s],		train_loss: 4.7971,	val_loss: 6.7225
17:	[0s / 0s],		train_loss: 5.1208,	val_loss: 7.1675
18:	[0s / 0s],		train_loss: 6.1030,	val_loss: 9.9928
19:	[0s / 0s],		train_loss: 10.7988,	val_loss: 11.8795
20:	[0s / 0s],		train_loss: 9.4687,	val_loss: 10.3373
21:	[0s / 0s],		train_loss: 7.4785,	val_loss: 9.9251
22:	[0s / 0s],		train_loss: 7.6571,	val_loss: 8.8602
23:	[0s / 0s],		train_loss: 7.1161,	val_loss: 9.3347
24:	[0s / 0s],		train_loss: 7.3212,	val_loss: 8.5274
25:	[0s / 0s],		train_loss: 8.0793,	val_loss: 19.4224
26:	[0s / 0s],		train_loss: 6.9483,	val_loss: 7.5877
27:	[0s / 0s],		train_loss: 5.4292,	val_loss: 8.3979
28:	[0s / 0s],		train_loss: 6.5195,	val_loss: 7.6280
29:	[0s / 0s],		train_loss: 6.3661,	val_loss: 8.7035
Saved fixed_epochs=10 → nan/tabpfn/OrmoniTirodei/nan_percentage0.7/seed77/fold2/fixed_epochs_deepsurv_simple.json
Fitting DeepSurv Vanilla pilot model...
0:	[0s / 0s],		train_loss: 4.9219,	val_loss: 6.7770
1:	[0s / 0s],		train_loss: 4.8235,	val_loss: 6.7377
2:	[0s / 0s],		train_loss: 4.8111,	val_loss: 6.6798
3:	[0s / 0s],		train_loss: 4.7844,	val_loss: 6.6547
4:	[0s / 0s],		train_loss: 4.7717,	val_loss: 6.6614
5:	[0s / 0s],		train_loss: 4.7701,	val_loss: 6.6384
6:	[0s / 0s],		train_loss: 4.7255,	val_loss: 6.6544
7:	[0s / 0s],		train_loss: 4.7187,	val_loss: 6.6876
8:	[0s / 0s],		train_loss: 4.7234,	val_loss: 6.6170
9:	[0s / 0s],		train_loss: 4.7504,	val_loss: 6.6374
10:	[0s / 0s],		train_loss: 4.7085,	val_loss: 6.6109
11:	[0s / 0s],		train_loss: 4.6947,	val_loss: 6.6322
12:	[0s / 0s],		train_loss: 4.6869,	val_loss: 6.6489
13:	[0s / 0s],		train_loss: 4.7064,	val_loss: 6.6430
14:	[0s / 0s],		train_loss: 4.7082,	val_loss: 6.6198
15:	[0s / 0s],		train_loss: 4.6999,	val_loss: 6.6147
16:	[0s / 0s],		train_loss: 4.6875,	val_loss: 6.6344
17:	[0s / 0s],		train_loss: 4.6751,	val_loss: 6.6188
18:	[0s / 0s],		train_loss: 4.6709,	val_loss: 6.6517
19:	[0s / 0s],		train_loss: 4.6581,	val_loss: 6.6411
20:	[0s / 0s],		train_loss: 4.6799,	val_loss: 6.6505
21:	[0s / 1s],		train_loss: 4.6535,	val_loss: 6.5683
22:	[0s / 1s],		train_loss: 4.6733,	val_loss: 6.6408
23:	[0s / 1s],		train_loss: 4.6502,	val_loss: 6.5821
24:	[0s / 1s],		train_loss: 4.6410,	val_loss: 6.5803
25:	[0s / 1s],		train_loss: 4.6421,	val_loss: 6.6006
26:	[0s / 1s],		train_loss: 4.6523,	val_loss: 6.6127
27:	[0s / 1s],		train_loss: 4.6505,	val_loss: 6.5845
28:	[0s / 1s],		train_loss: 4.6368,	val_loss: 6.6372
29:	[0s / 1s],		train_loss: 4.6300,	val_loss: 6.6011
30:	[0s / 1s],		train_loss: 4.6518,	val_loss: 6.6001
31:	[0s / 1s],		train_loss: 4.6511,	val_loss: 6.5779
32:	[0s / 1s],		train_loss: 4.6319,	val_loss: 6.5870
33:	[0s / 1s],		train_loss: 4.6618,	val_loss: 6.6210
34:	[0s / 1s],		train_loss: 4.6398,	val_loss: 6.5835
35:	[0s / 1s],		train_loss: 4.6406,	val_loss: 6.5827
36:	[0s / 1s],		train_loss: 4.6329,	val_loss: 6.6056
37:	[0s / 1s],		train_loss: 4.6296,	val_loss: 6.5941
38:	[0s / 1s],		train_loss: 4.6145,	val_loss: 6.6627
39:	[0s / 1s],		train_loss: 4.6256,	val_loss: 6.6262
40:	[0s / 1s],		train_loss: 4.6535,	val_loss: 6.5981
41:	[0s / 1s],		train_loss: 4.6141,	val_loss: 6.6483
Saved fixed_epochs=22 → nan/tabpfn/OrmoniTirodei/nan_percentage0.7/seed77/fold2/fixed_epochs_deepsurv_vanilla.json
Evaluating method: embeddings
Fitting Random Survival Forest model...
C-index TRAIN: 0.9618569819388756
C-index TEST : 0.7269534408582239
Fitting deepsurv_simple.pt...
0:	[0s / 0s],		train_loss: 3.5922
1:	[0s / 0s],		train_loss: 3.3296
2:	[0s / 0s],		train_loss: 3.2933
3:	[0s / 0s],		train_loss: 3.2973
4:	[0s / 0s],		train_loss: 3.2790
5:	[0s / 0s],		train_loss: 3.2949
6:	[0s / 0s],		train_loss: 3.2878
7:	[0s / 0s],		train_loss: 3.2933
8:	[0s / 0s],		train_loss: 3.2664
9:	[0s / 0s],		train_loss: 3.2651
C-index TRAIN: 0.9070028062213307
C-index TEST : 0.7265244523452401
Fitting deepsurv_vanilla.pt...
0:	[0s / 0s],		train_loss: 3.4477
1:	[0s / 0s],		train_loss: 3.3458
2:	[0s / 0s],		train_loss: 3.3355
3:	[0s / 0s],		train_loss: 3.3101
4:	[0s / 0s],		train_loss: 3.3032
5:	[0s / 0s],		train_loss: 3.3025
6:	[0s / 0s],		train_loss: 3.3045
7:	[0s / 0s],		train_loss: 3.2849
8:	[0s / 0s],		train_loss: 3.3084
9:	[0s / 0s],		train_loss: 3.2813
10:	[0s / 0s],		train_loss: 3.2768
11:	[0s / 0s],		train_loss: 3.3030
12:	[0s / 0s],		train_loss: 3.3035
13:	[0s / 0s],		train_loss: 3.2698
14:	[0s / 0s],		train_loss: 3.2482
15:	[0s / 0s],		train_loss: 3.2840
16:	[0s / 0s],		train_loss: 3.2808
17:	[0s / 0s],		train_loss: 3.2794
18:	[0s / 0s],		train_loss: 3.2740
19:	[0s / 0s],		train_loss: 3.2746
20:	[0s / 0s],		train_loss: 3.2624
21:	[0s / 0s],		train_loss: 3.2674
C-index TRAIN: 0.9086712647915662
C-index TEST : 0.5000987599454352
Fitting Cox model...
C-index TRAIN: 0.9071261892807623
C-index TEST : 0.7243702510354363
Evaluating method: mean
Fitting Random Survival Forest model...
C-index TRAIN: 0.8268716411098975
C-index TEST : 0.7179539408304477
Fitting deepsurv_simple.pt...
0:	[0s / 0s],		train_loss: 58.6492
1:	[0s / 0s],		train_loss: 14.0853
2:	[0s / 0s],		train_loss: 11.3413
3:	[0s / 0s],		train_loss: 8.4598
4:	[0s / 0s],		train_loss: 6.9640
5:	[0s / 0s],		train_loss: 7.8116
6:	[0s / 0s],		train_loss: 7.4425
7:	[0s / 0s],		train_loss: 6.0154
8:	[0s / 0s],		train_loss: 5.0136
9:	[0s / 0s],		train_loss: 4.7639
C-index TRAIN: 0.6993485597443444
C-index TEST : 0.7221913597392737
Fitting deepsurv_vanilla.pt...
0:	[0s / 0s],		train_loss: 5.0925
1:	[0s / 0s],		train_loss: 4.8760
2:	[0s / 0s],		train_loss: 4.8207
3:	[0s / 0s],		train_loss: 4.7892
4:	[0s / 1s],		train_loss: 4.7691
5:	[0s / 1s],		train_loss: 4.7455
6:	[0s / 1s],		train_loss: 4.7413
7:	[0s / 1s],		train_loss: 4.7102
8:	[0s / 1s],		train_loss: 4.7058
9:	[0s / 2s],		train_loss: 4.7210
10:	[0s / 2s],		train_loss: 4.7071
11:	[0s / 2s],		train_loss: 4.6759
12:	[0s / 2s],		train_loss: 4.7151
13:	[0s / 2s],		train_loss: 4.6816
14:	[0s / 2s],		train_loss: 4.6792
15:	[0s / 3s],		train_loss: 4.6751
16:	[0s / 3s],		train_loss: 4.6589
17:	[0s / 3s],		train_loss: 4.6648
18:	[0s / 3s],		train_loss: 4.6628
19:	[0s / 3s],		train_loss: 4.6551
20:	[0s / 3s],		train_loss: 4.6670
21:	[0s / 3s],		train_loss: 4.6616
C-index TRAIN: 0.7251158295633986
C-index TEST : 0.7200803659055979
Fitting Cox model...
C-index TRAIN: 0.7179959395081104
C-index TEST : 0.7193612700528983
Evaluating method: median
Fitting Random Survival Forest model...
C-index TRAIN: 0.8026627327786794
C-index TEST : 0.7210000678974625
Fitting deepsurv_simple.pt...
0:	[0s / 0s],		train_loss: 58.1193
1:	[0s / 0s],		train_loss: 10.6493
2:	[0s / 0s],		train_loss: 8.9732
3:	[0s / 0s],		train_loss: 8.0400
4:	[0s / 0s],		train_loss: 7.6070
5:	[0s / 0s],		train_loss: 7.1069
6:	[0s / 0s],		train_loss: 7.0806
7:	[0s / 0s],		train_loss: 6.2844
8:	[0s / 0s],		train_loss: 5.7546
9:	[0s / 0s],		train_loss: 5.3184
C-index TRAIN: 0.6947953717973827
C-index TEST : 0.711235178292564
Fitting deepsurv_vanilla.pt...
0:	[0s / 0s],		train_loss: 5.0654
1:	[0s / 0s],		train_loss: 4.8628
2:	[0s / 0s],		train_loss: 4.8192
3:	[0s / 0s],		train_loss: 4.7938
4:	[0s / 0s],		train_loss: 4.7954
5:	[0s / 0s],		train_loss: 4.7583
6:	[0s / 0s],		train_loss: 4.7538
7:	[0s / 0s],		train_loss: 4.6994
8:	[0s / 0s],		train_loss: 4.7202
9:	[0s / 0s],		train_loss: 4.7295
10:	[0s / 0s],		train_loss: 4.6992
11:	[0s / 0s],		train_loss: 4.6804
12:	[0s / 0s],		train_loss: 4.7259
13:	[0s / 0s],		train_loss: 4.6830
14:	[0s / 0s],		train_loss: 4.6915
15:	[0s / 0s],		train_loss: 4.6899
16:	[0s / 0s],		train_loss: 4.6737
17:	[0s / 0s],		train_loss: 4.6669
18:	[0s / 0s],		train_loss: 4.6659
19:	[0s / 0s],		train_loss: 4.6438
20:	[0s / 0s],		train_loss: 4.6642
21:	[0s / 0s],		train_loss: 4.6643
C-index TRAIN: 0.7269869225106074
C-index TEST : 0.7181020807486004
Fitting Cox model...
C-index TRAIN: 0.7134759200492641
C-index TEST : 0.7123122789474658
Evaluating method: constant
Fitting Random Survival Forest model...
C-index TRAIN: 0.8414577857126133
C-index TEST : 0.714380065305014
Fitting deepsurv_simple.pt...
0:	[0s / 0s],		train_loss: 62.8238
1:	[0s / 0s],		train_loss: 12.0365
2:	[0s / 0s],		train_loss: 9.5645
3:	[0s / 0s],		train_loss: 8.3743
4:	[0s / 0s],		train_loss: 7.4318
5:	[0s / 0s],		train_loss: 6.8299
6:	[0s / 0s],		train_loss: 7.3715
7:	[0s / 0s],		train_loss: 6.5455
8:	[0s / 0s],		train_loss: 6.5233
9:	[0s / 0s],		train_loss: 6.8861
C-index TRAIN: 0.5586889918154665
C-index TEST : 0.5612080193075694
Fitting deepsurv_vanilla.pt...
0:	[0s / 0s],		train_loss: 4.9898
1:	[0s / 0s],		train_loss: 4.9348
2:	[0s / 0s],		train_loss: 4.8928
3:	[0s / 0s],		train_loss: 4.8733
4:	[0s / 0s],		train_loss: 4.8549
5:	[0s / 0s],		train_loss: 4.8643
6:	[0s / 0s],		train_loss: 4.8377
7:	[0s / 0s],		train_loss: 4.8242
8:	[0s / 0s],		train_loss: 4.8104
9:	[0s / 0s],		train_loss: 4.8112
10:	[0s / 0s],		train_loss: 4.7918
11:	[0s / 0s],		train_loss: 4.7586
12:	[0s / 0s],		train_loss: 4.7782
13:	[0s / 0s],		train_loss: 4.7578
14:	[0s / 0s],		train_loss: 4.7364
15:	[0s / 0s],		train_loss: 4.7072
16:	[0s / 0s],		train_loss: 4.7227
17:	[0s / 0s],		train_loss: 4.7150
18:	[0s / 0s],		train_loss: 4.7104
19:	[0s / 0s],		train_loss: 4.6723
20:	[0s / 0s],		train_loss: 4.6802
21:	[0s / 0s],		train_loss: 4.6803
C-index TRAIN: 0.7452203000809794
C-index TEST : 0.6082316414520181
Fitting Cox model...
C-index TRAIN: 0.6092633176589775
C-index TEST : 0.6042195186687159
Evaluating method: knn
Fitting Random Survival Forest model...
C-index TRAIN: 0.8773525934784621
C-index TEST : 0.7183829293434315
Fitting deepsurv_simple.pt...
0:	[0s / 0s],		train_loss: 53.7699
1:	[0s / 0s],		train_loss: 17.1302
2:	[0s / 0s],		train_loss: 13.3142
3:	[0s / 0s],		train_loss: 11.0598
4:	[0s / 0s],		train_loss: 7.7949
5:	[0s / 0s],		train_loss: 7.8991
6:	[0s / 0s],		train_loss: 7.0346
7:	[0s / 0s],		train_loss: 5.6710
8:	[0s / 0s],		train_loss: 8.4699
9:	[0s / 0s],		train_loss: 7.5526
C-index TRAIN: 0.6319719325837936
C-index TEST : 0.6624863433512953
Fitting deepsurv_vanilla.pt...
0:	[0s / 0s],		train_loss: 5.0018
1:	[0s / 0s],		train_loss: 4.8979
2:	[0s / 0s],		train_loss: 4.8699
3:	[0s / 0s],		train_loss: 4.8185
4:	[0s / 0s],		train_loss: 4.8073
5:	[0s / 0s],		train_loss: 4.7999
6:	[0s / 0s],		train_loss: 4.8087
7:	[0s / 0s],		train_loss: 4.7693
8:	[0s / 0s],		train_loss: 4.7689
9:	[0s / 0s],		train_loss: 4.7796
10:	[0s / 0s],		train_loss: 4.7494
11:	[0s / 0s],		train_loss: 4.7368
12:	[0s / 0s],		train_loss: 4.8167
13:	[0s / 0s],		train_loss: 4.7484
14:	[0s / 0s],		train_loss: 4.7467
15:	[0s / 0s],		train_loss: 4.7326
16:	[0s / 0s],		train_loss: 4.7291
17:	[0s / 0s],		train_loss: 4.7464
18:	[0s / 0s],		train_loss: 4.7294
19:	[0s / 0s],		train_loss: 4.7260
20:	[0s / 0s],		train_loss: 4.7453
21:	[0s / 0s],		train_loss: 4.7435
C-index TRAIN: 0.6917068002275897
C-index TEST : 0.7008839015116444
Fitting Cox model...
C-index TRAIN: 0.7002837810366928
C-index TEST : 0.7063835959730632
Evaluating method: imputer_bayesian
Fitting Random Survival Forest model...
C-index TRAIN: 0.9012021300672995
C-index TEST : 0.7211543803122049
Fitting deepsurv_simple.pt...
0:	[0s / 0s],		train_loss: 46.5504
1:	[0s / 0s],		train_loss: 16.0343
2:	[0s / 0s],		train_loss: 11.9924
3:	[0s / 0s],		train_loss: 8.7033
4:	[0s / 0s],		train_loss: 6.6831
5:	[0s / 0s],		train_loss: 5.7414
6:	[0s / 0s],		train_loss: 8.4432
7:	[0s / 0s],		train_loss: 8.6132
8:	[0s / 0s],		train_loss: 12.9686
9:	[0s / 0s],		train_loss: 11.6858
C-index TRAIN: 0.5897121198213027
C-index TEST : 0.6069338740440345
Fitting deepsurv_vanilla.pt...
0:	[0s / 0s],		train_loss: 5.0680
1:	[0s / 0s],		train_loss: 4.8703
2:	[0s / 0s],		train_loss: 4.7934
3:	[0s / 0s],		train_loss: 4.7574
4:	[0s / 0s],		train_loss: 4.7456
5:	[0s / 0s],		train_loss: 4.7296
6:	[0s / 0s],		train_loss: 4.7232
7:	[0s / 0s],		train_loss: 4.6960
8:	[0s / 0s],		train_loss: 4.6832
9:	[0s / 0s],		train_loss: 4.7039
10:	[0s / 0s],		train_loss: 4.6886
11:	[0s / 0s],		train_loss: 4.6847
12:	[0s / 0s],		train_loss: 4.7076
13:	[0s / 0s],		train_loss: 4.6791
14:	[0s / 0s],		train_loss: 4.6864
15:	[0s / 0s],		train_loss: 4.6720
16:	[0s / 0s],		train_loss: 4.6579
17:	[0s / 0s],		train_loss: 4.6583
18:	[0s / 0s],		train_loss: 4.6532
19:	[0s / 0s],		train_loss: 4.6320
20:	[0s / 0s],		train_loss: 4.6379
21:	[0s / 0s],		train_loss: 4.6522
C-index TRAIN: 0.7075384819498388
C-index TEST : 0.705192304131252
Fitting Cox model...
C-index TRAIN: 0.7161894182674565
C-index TEST : 0.7226296069971422
[fold=2, target=90%] actual NaN%: 90.0%
X_train shape: (5161, 76), X_test shape: (1291, 76)
Generating TabPFN Embeddings...
Successfully generated embeddings with shape: (5161, 192)
Fitting SimpleImputer (mean)...
Fitting SimpleImputer (median)...
Fitting SimpleImputer (constant, fill=-1)...
Fitting KNNImputer...
Fitting IterativeImputer (BayesianRidge, MICE-like)...
Fitting DeepSurv Simple pilot model...
0:	[0s / 0s],		train_loss: 9.9683,	val_loss: 28.1877
1:	[1s / 1s],		train_loss: 8.6079,	val_loss: 8.4496
2:	[0s / 1s],		train_loss: 6.5127,	val_loss: 8.0055
3:	[0s / 1s],		train_loss: 5.9669,	val_loss: 7.7194
4:	[0s / 1s],		train_loss: 6.2683,	val_loss: 7.8648
5:	[0s / 1s],		train_loss: 6.4252,	val_loss: 8.2558
6:	[0s / 2s],		train_loss: 6.0354,	val_loss: 7.7403
7:	[0s / 2s],		train_loss: 5.5801,	val_loss: 7.0799
8:	[0s / 2s],		train_loss: 5.8376,	val_loss: 7.8138
9:	[0s / 2s],		train_loss: 6.2393,	val_loss: 7.5734
10:	[0s / 2s],		train_loss: 5.6234,	val_loss: 7.1617
11:	[1s / 3s],		train_loss: 5.1613,	val_loss: 6.8938
12:	[0s / 3s],		train_loss: 4.9690,	val_loss: 6.8215
13:	[0s / 3s],		train_loss: 4.8754,	val_loss: 6.8132
14:	[0s / 3s],		train_loss: 4.8437,	val_loss: 8.0659
15:	[0s / 3s],		train_loss: 5.0596,	val_loss: 6.9659
16:	[0s / 3s],		train_loss: 5.2934,	val_loss: 6.9292
17:	[0s / 3s],		train_loss: 5.3589,	val_loss: 6.9701
18:	[0s / 3s],		train_loss: 5.2694,	val_loss: 7.1452
19:	[0s / 3s],		train_loss: 6.6197,	val_loss: 8.9230
20:	[0s / 3s],		train_loss: 6.1965,	val_loss: 7.3723
21:	[0s / 3s],		train_loss: 5.3780,	val_loss: 7.1005
22:	[0s / 3s],		train_loss: 5.0461,	val_loss: 6.9012
23:	[0s / 3s],		train_loss: 5.0916,	val_loss: 6.8974
24:	[0s / 4s],		train_loss: 4.9882,	val_loss: 6.8465
25:	[0s / 4s],		train_loss: 4.9260,	val_loss: 6.9137
26:	[0s / 4s],		train_loss: 4.9403,	val_loss: 8.8273
27:	[0s / 4s],		train_loss: 5.8821,	val_loss: 7.4569
28:	[0s / 4s],		train_loss: 9.3651,	val_loss: 14.9841
29:	[0s / 4s],		train_loss: 11.5298,	val_loss: 13.3230
30:	[0s / 4s],		train_loss: 9.1542,	val_loss: 12.1966
31:	[0s / 4s],		train_loss: 6.8567,	val_loss: 9.5921
32:	[0s / 4s],		train_loss: 5.7577,	val_loss: 7.2193
33:	[0s / 4s],		train_loss: 5.4401,	val_loss: 7.1196
Saved fixed_epochs=14 → nan/tabpfn/OrmoniTirodei/nan_percentage0.9/seed77/fold2/fixed_epochs_deepsurv_simple.json
Fitting DeepSurv Vanilla pilot model...
0:	[0s / 0s],		train_loss: 4.9840,	val_loss: 6.8521
1:	[0s / 0s],		train_loss: 4.9393,	val_loss: 6.8343
2:	[0s / 0s],		train_loss: 4.9256,	val_loss: 6.8248
3:	[0s / 0s],		train_loss: 4.9309,	val_loss: 6.8222
4:	[0s / 0s],		train_loss: 4.8878,	val_loss: 6.7998
5:	[0s / 0s],		train_loss: 4.8742,	val_loss: 6.7952
6:	[0s / 0s],		train_loss: 4.8519,	val_loss: 6.7969
7:	[0s / 0s],		train_loss: 4.8525,	val_loss: 6.7903
8:	[0s / 0s],		train_loss: 4.8563,	val_loss: 6.8013
9:	[0s / 0s],		train_loss: 4.8790,	val_loss: 6.7923
10:	[0s / 0s],		train_loss: 4.8439,	val_loss: 6.8371
11:	[0s / 0s],		train_loss: 4.8575,	val_loss: 6.7958
12:	[0s / 0s],		train_loss: 4.8383,	val_loss: 6.7789
13:	[0s / 0s],		train_loss: 4.8479,	val_loss: 6.7767
14:	[0s / 0s],		train_loss: 4.8502,	val_loss: 6.7933
15:	[0s / 0s],		train_loss: 4.8410,	val_loss: 6.7701
16:	[0s / 0s],		train_loss: 4.8343,	val_loss: 6.8081
17:	[0s / 0s],		train_loss: 4.8419,	val_loss: 8.6862
18:	[0s / 0s],		train_loss: 4.8255,	val_loss: 7.1883
19:	[0s / 1s],		train_loss: 4.8226,	val_loss: 6.7769
20:	[0s / 1s],		train_loss: 4.8205,	val_loss: 6.7925
21:	[0s / 1s],		train_loss: 4.7963,	val_loss: 6.7640
22:	[0s / 1s],		train_loss: 4.8350,	val_loss: 6.7776
23:	[0s / 1s],		train_loss: 4.8108,	val_loss: 6.7730
24:	[0s / 1s],		train_loss: 4.8233,	val_loss: 6.7545
25:	[0s / 1s],		train_loss: 4.8078,	val_loss: 6.7839
26:	[0s / 1s],		train_loss: 4.8086,	val_loss: 6.7583
27:	[0s / 1s],		train_loss: 4.8116,	val_loss: 6.8648
28:	[0s / 1s],		train_loss: 4.7949,	val_loss: 6.7843
29:	[0s / 1s],		train_loss: 4.8103,	val_loss: 6.7882
30:	[0s / 1s],		train_loss: 4.8071,	val_loss: 6.7568
31:	[0s / 1s],		train_loss: 4.8081,	val_loss: 6.8920
32:	[0s / 1s],		train_loss: 4.7967,	val_loss: 6.7571
33:	[0s / 1s],		train_loss: 4.7946,	val_loss: 6.7660
34:	[0s / 1s],		train_loss: 4.7803,	val_loss: 6.7579
35:	[0s / 1s],		train_loss: 4.8082,	val_loss: 6.7680
36:	[0s / 1s],		train_loss: 4.8021,	val_loss: 6.7655
37:	[0s / 1s],		train_loss: 4.7857,	val_loss: 6.7819
38:	[0s / 1s],		train_loss: 4.8021,	val_loss: 6.7914
39:	[0s / 1s],		train_loss: 4.7933,	val_loss: 6.7739
40:	[0s / 2s],		train_loss: 4.7951,	val_loss: 6.7571
41:	[0s / 2s],		train_loss: 4.7904,	val_loss: 6.7613
42:	[0s / 2s],		train_loss: 4.7912,	val_loss: 6.7623
43:	[0s / 2s],		train_loss: 4.7927,	val_loss: 6.7587
44:	[0s / 2s],		train_loss: 4.7989,	val_loss: 6.7718
Saved fixed_epochs=25 → nan/tabpfn/OrmoniTirodei/nan_percentage0.9/seed77/fold2/fixed_epochs_deepsurv_vanilla.json
Evaluating method: embeddings
Fitting Random Survival Forest model...
C-index TRAIN: 0.9692774323836678
C-index TEST : 0.6512956070341771
Fitting deepsurv_simple.pt...
0:	[0s / 0s],		train_loss: 3.5963
1:	[0s / 0s],		train_loss: 3.3341
2:	[0s / 0s],		train_loss: 3.3077
3:	[0s / 0s],		train_loss: 3.3162
4:	[0s / 0s],		train_loss: 3.3011
5:	[0s / 0s],		train_loss: 3.3067
6:	[0s / 0s],		train_loss: 3.2933
7:	[0s / 0s],		train_loss: 3.3070
8:	[0s / 0s],		train_loss: 3.2911
9:	[0s / 0s],		train_loss: 3.2816
10:	[0s / 0s],		train_loss: 3.3021
11:	[0s / 0s],		train_loss: 3.2929
12:	[0s / 0s],		train_loss: 3.2823
13:	[0s / 0s],		train_loss: 3.2955
C-index TRAIN: 0.89963642877397
C-index TEST : 0.64997006339154
Fitting deepsurv_vanilla.pt...
0:	[0s / 0s],		train_loss: 3.4390
1:	[0s / 0s],		train_loss: 3.3515
2:	[0s / 0s],		train_loss: 3.3528
3:	[0s / 0s],		train_loss: 3.3280
4:	[0s / 0s],		train_loss: 3.3233
5:	[0s / 0s],		train_loss: 3.3268
6:	[0s / 0s],		train_loss: 3.3233
7:	[0s / 0s],		train_loss: 3.3086
8:	[0s / 0s],		train_loss: 3.3166
9:	[0s / 0s],		train_loss: 3.3076
10:	[0s / 0s],		train_loss: 3.2931
11:	[0s / 0s],		train_loss: 3.3096
12:	[0s / 0s],		train_loss: 3.3215
13:	[0s / 0s],		train_loss: 3.2791
14:	[0s / 0s],		train_loss: 3.2748
15:	[0s / 0s],		train_loss: 3.2972
16:	[0s / 0s],		train_loss: 3.3012
17:	[0s / 0s],		train_loss: 3.3016
18:	[0s / 0s],		train_loss: 3.2960
19:	[0s / 0s],		train_loss: 3.3031
20:	[0s / 0s],		train_loss: 3.2826
21:	[0s / 0s],		train_loss: 3.2935
22:	[0s / 0s],		train_loss: 3.2947
23:	[0s / 1s],		train_loss: 3.2972
24:	[0s / 1s],		train_loss: 3.3038
C-index TRAIN: 0.90125583142901
C-index TEST : 0.5336401064138412
Fitting Cox model...
C-index TRAIN: 0.8986789093383509
C-index TEST : 0.637517051521829
Evaluating method: mean
Fitting Random Survival Forest model...
C-index TRAIN: 0.7407275029387095
C-index TEST : 0.638958329475523
Fitting deepsurv_simple.pt...
0:	[0s / 0s],		train_loss: 41.5802
1:	[0s / 0s],		train_loss: 10.1487
2:	[0s / 0s],		train_loss: 8.7435
3:	[0s / 0s],		train_loss: 8.1638
4:	[0s / 0s],		train_loss: 7.7038
5:	[0s / 0s],		train_loss: 6.6629
6:	[0s / 0s],		train_loss: 5.8854
7:	[0s / 0s],		train_loss: 5.4516
8:	[0s / 0s],		train_loss: 5.1549
9:	[0s / 0s],		train_loss: 5.0541
10:	[0s / 0s],		train_loss: 4.8733
11:	[0s / 0s],		train_loss: 4.8695
12:	[0s / 0s],		train_loss: 4.8748
13:	[0s / 0s],		train_loss: 5.0346
C-index TRAIN: 0.6090220331670015
C-index TEST : 0.6209871056546241
Fitting deepsurv_vanilla.pt...
0:	[0s / 0s],		train_loss: 5.0112
1:	[0s / 0s],		train_loss: 4.9841
2:	[0s / 0s],		train_loss: 4.9631
3:	[0s / 0s],		train_loss: 4.9248
4:	[0s / 0s],		train_loss: 4.8855
5:	[0s / 0s],		train_loss: 4.8655
6:	[0s / 0s],		train_loss: 4.8722
7:	[0s / 0s],		train_loss: 4.8634
8:	[0s / 0s],		train_loss: 4.8374
9:	[0s / 0s],		train_loss: 4.8555
10:	[0s / 0s],		train_loss: 4.8524
11:	[0s / 0s],		train_loss: 4.8234
12:	[0s / 0s],		train_loss: 4.8562
13:	[0s / 0s],		train_loss: 4.8340
14:	[0s / 0s],		train_loss: 4.8305
15:	[0s / 0s],		train_loss: 4.8267
16:	[0s / 0s],		train_loss: 4.8218
17:	[0s / 0s],		train_loss: 4.8843
18:	[0s / 0s],		train_loss: 4.8300
19:	[0s / 0s],		train_loss: 4.8054
20:	[0s / 0s],		train_loss: 4.8158
21:	[0s / 0s],		train_loss: 4.8249
22:	[0s / 0s],		train_loss: 4.8289
23:	[0s / 1s],		train_loss: 4.8172
24:	[0s / 1s],		train_loss: 4.7919
C-index TRAIN: 0.6454324854959869
C-index TEST : 0.636850421890142
Fitting Cox model...
    Cox fit failed: Convergence halted due to matrix inversion problems. Suspicion is high collinearity. Please see the following tips in the lifelines documentation: https://lifelines.readthedocs.io/en/latest/Examples.html#problems-with-convergence-in-the-cox-proportional-hazard-modelMatrix is singular.
Evaluating method: median
Fitting Random Survival Forest model...
C-index TRAIN: 0.6917582717749731
C-index TEST : 0.6375911214809054
Fitting deepsurv_simple.pt...
0:	[0s / 0s],		train_loss: 46.4263
1:	[0s / 0s],		train_loss: 7.0995
2:	[0s / 0s],		train_loss: 5.9372
3:	[0s / 0s],		train_loss: 5.7773
4:	[0s / 0s],		train_loss: 5.6783
5:	[0s / 0s],		train_loss: 5.6558
6:	[0s / 0s],		train_loss: 5.5742
7:	[0s / 0s],		train_loss: 5.5388
8:	[0s / 0s],		train_loss: 5.4066
9:	[0s / 0s],		train_loss: 5.4246
10:	[0s / 0s],		train_loss: 5.2377
11:	[0s / 0s],		train_loss: 5.1876
12:	[0s / 0s],		train_loss: 5.6622
13:	[0s / 0s],		train_loss: 5.4657
C-index TRAIN: 0.6349858982825598
C-index TEST : 0.6380494293526903
Fitting deepsurv_vanilla.pt...
0:	[0s / 0s],		train_loss: 5.0213
1:	[0s / 0s],		train_loss: 4.9744
2:	[0s / 0s],		train_loss: 4.9492
3:	[0s / 0s],		train_loss: 4.9116
4:	[0s / 0s],		train_loss: 4.8848
5:	[0s / 0s],		train_loss: 4.8687
6:	[0s / 0s],		train_loss: 4.8735
7:	[0s / 0s],		train_loss: 4.8621
8:	[0s / 0s],		train_loss: 4.8484
9:	[0s / 0s],		train_loss: 4.8579
10:	[0s / 0s],		train_loss: 4.8556
11:	[0s / 0s],		train_loss: 4.8552
12:	[0s / 0s],		train_loss: 4.8625
13:	[0s / 0s],		train_loss: 4.8358
14:	[0s / 0s],		train_loss: 4.8378
15:	[0s / 0s],		train_loss: 4.8271
16:	[0s / 0s],		train_loss: 4.8506
17:	[0s / 0s],		train_loss: 4.8505
18:	[0s / 1s],		train_loss: 4.8385
19:	[0s / 1s],		train_loss: 4.8209
20:	[0s / 1s],		train_loss: 4.8327
21:	[0s / 1s],		train_loss: 4.8499
22:	[0s / 1s],		train_loss: 4.8450
23:	[0s / 1s],		train_loss: 4.8383
24:	[0s / 1s],		train_loss: 4.8098
C-index TRAIN: 0.6285618961151803
C-index TEST : 0.6245332049454043
Fitting Cox model...
    Cox fit failed: Convergence halted due to matrix inversion problems. Suspicion is high collinearity. Please see the following tips in the lifelines documentation: https://lifelines.readthedocs.io/en/latest/Examples.html#problems-with-convergence-in-the-cox-proportional-hazard-modelMatrix is singular.
Evaluating method: constant
Fitting Random Survival Forest model...
C-index TRAIN: 0.7646031469369599
C-index TEST : 0.622104327537359
Fitting deepsurv_simple.pt...
0:	[0s / 0s],		train_loss: 46.4660
1:	[0s / 0s],		train_loss: 8.7120
2:	[0s / 0s],		train_loss: 6.6646
3:	[0s / 0s],		train_loss: 6.3406
4:	[0s / 0s],		train_loss: 6.0257
5:	[0s / 0s],		train_loss: 5.8408
6:	[0s / 0s],		train_loss: 5.7639
7:	[0s / 0s],		train_loss: 5.7131
8:	[0s / 0s],		train_loss: 5.6117
9:	[0s / 0s],		train_loss: 5.6340
10:	[0s / 0s],		train_loss: 5.4736
11:	[0s / 0s],		train_loss: 5.4183
12:	[0s / 0s],		train_loss: 5.8573
13:	[0s / 0s],		train_loss: 5.4277
C-index TRAIN: 0.5554185045601561
C-index TEST : 0.5311371590467197
Fitting deepsurv_vanilla.pt...
0:	[0s / 0s],		train_loss: 5.1121
1:	[0s / 0s],		train_loss: 4.9693
2:	[0s / 0s],		train_loss: 4.9352
3:	[0s / 0s],		train_loss: 4.9345
4:	[0s / 0s],		train_loss: 4.9173
5:	[0s / 0s],		train_loss: 4.9017
6:	[0s / 0s],		train_loss: 4.9058
7:	[0s / 0s],		train_loss: 4.8873
8:	[0s / 0s],		train_loss: 4.8851
9:	[0s / 0s],		train_loss: 4.8819
10:	[0s / 0s],		train_loss: 4.8704
11:	[0s / 0s],		train_loss: 4.8569
12:	[0s / 0s],		train_loss: 4.8601
13:	[0s / 0s],		train_loss: 4.8490
14:	[0s / 0s],		train_loss: 4.8565
15:	[0s / 0s],		train_loss: 4.8532
16:	[0s / 0s],		train_loss: 4.8552
17:	[0s / 0s],		train_loss: 4.8521
18:	[0s / 0s],		train_loss: 4.8486
19:	[0s / 0s],		train_loss: 4.8324
20:	[0s / 0s],		train_loss: 4.8417
21:	[0s / 0s],		train_loss: 4.8402
22:	[0s / 0s],		train_loss: 4.8207
23:	[0s / 1s],		train_loss: 4.8161
24:	[0s / 1s],		train_loss: 4.8073
C-index TRAIN: 0.644364125706526
C-index TEST : 0.5107370578177756
Fitting Cox model...
C-index TRAIN: 0.5721036477160941
C-index TEST : 0.5335691227030597
Evaluating method: knn
Fitting Random Survival Forest model...
C-index TRAIN: 0.8978172719187961
C-index TEST : 0.5979852971131233
Fitting deepsurv_simple.pt...
0:	[0s / 0s],		train_loss: 35.7357
1:	[0s / 0s],		train_loss: 13.9461
2:	[0s / 0s],		train_loss: 10.5916
3:	[0s / 0s],		train_loss: 7.8602
4:	[0s / 0s],		train_loss: 7.2140
5:	[0s / 0s],		train_loss: 8.5674
6:	[0s / 0s],		train_loss: 7.2833
7:	[0s / 0s],		train_loss: 6.3217
8:	[0s / 0s],		train_loss: 7.4697
9:	[0s / 0s],		train_loss: 7.7193
10:	[0s / 0s],		train_loss: 8.5558
11:	[0s / 0s],		train_loss: 10.1977
12:	[0s / 0s],		train_loss: 9.2169
13:	[0s / 0s],		train_loss: 7.1172
C-index TRAIN: 0.5391521019530572
C-index TEST : 0.5365087742039023
Fitting deepsurv_vanilla.pt...
0:	[0s / 0s],		train_loss: 5.0818
1:	[0s / 0s],		train_loss: 4.9522
2:	[0s / 0s],		train_loss: 4.9302
3:	[0s / 0s],		train_loss: 4.9146
4:	[0s / 0s],		train_loss: 4.9006
5:	[0s / 0s],		train_loss: 4.8883
6:	[0s / 0s],		train_loss: 4.8967
7:	[0s / 0s],		train_loss: 4.8983
8:	[0s / 0s],		train_loss: 4.8752
9:	[0s / 0s],		train_loss: 4.8829
10:	[0s / 0s],		train_loss: 4.8811
11:	[0s / 0s],		train_loss: 4.8712
12:	[0s / 0s],		train_loss: 4.9030
13:	[0s / 0s],		train_loss: 4.8627
14:	[0s / 0s],		train_loss: 4.8836
15:	[0s / 0s],		train_loss: 4.8694
16:	[0s / 0s],		train_loss: 4.8838
17:	[0s / 0s],		train_loss: 4.8899
18:	[0s / 0s],		train_loss: 4.8816
19:	[0s / 0s],		train_loss: 4.8624
20:	[0s / 0s],		train_loss: 4.8518
21:	[0s / 0s],		train_loss: 4.8749
22:	[0s / 0s],		train_loss: 4.8648
23:	[0s / 1s],		train_loss: 4.8640
24:	[0s / 1s],		train_loss: 4.8699
C-index TRAIN: 0.6145620997715555
C-index TEST : 0.577693214574499
Fitting Cox model...
    Cox fit failed: Convergence halted due to matrix inversion problems. Suspicion is high collinearity. Please see the following tips in the lifelines documentation: https://lifelines.readthedocs.io/en/latest/Examples.html#problems-with-convergence-in-the-cox-proportional-hazard-modelMatrix is singular.
Evaluating method: imputer_bayesian
Fitting Random Survival Forest model...
C-index TRAIN: 0.8669344363977052
C-index TEST : 0.6251134196248357
Fitting deepsurv_simple.pt...
0:	[0s / 0s],		train_loss: 35.1524
1:	[0s / 0s],		train_loss: 13.2257
2:	[0s / 0s],		train_loss: 12.4278
3:	[0s / 0s],		train_loss: 8.8518
4:	[0s / 0s],		train_loss: 6.6186
5:	[0s / 0s],		train_loss: 6.5411
6:	[0s / 0s],		train_loss: 5.9944
7:	[0s / 0s],		train_loss: 5.1427
8:	[0s / 0s],		train_loss: 4.9335
9:	[0s / 0s],		train_loss: 4.9068
10:	[0s / 0s],		train_loss: 4.8589
11:	[0s / 0s],		train_loss: 5.1184
12:	[0s / 0s],		train_loss: 5.0917
13:	[0s / 0s],		train_loss: 5.0750
C-index TRAIN: 0.5981140602057301
C-index TEST : 0.6008030418063194
Fitting deepsurv_vanilla.pt...
0:	[0s / 0s],		train_loss: 5.0689
1:	[0s / 0s],		train_loss: 5.0094
2:	[0s / 0s],		train_loss: 4.9641
3:	[0s / 0s],		train_loss: 4.9196
4:	[0s / 0s],		train_loss: 4.9053
5:	[0s / 0s],		train_loss: 4.8819
6:	[0s / 0s],		train_loss: 4.8895
7:	[0s / 0s],		train_loss: 4.9049
8:	[0s / 0s],		train_loss: 4.8593
9:	[0s / 0s],		train_loss: 4.8837
10:	[0s / 0s],		train_loss: 4.8728
11:	[0s / 0s],		train_loss: 4.8569
12:	[0s / 0s],		train_loss: 4.8630
13:	[0s / 0s],		train_loss: 4.8611
14:	[0s / 0s],		train_loss: 4.8669
15:	[0s / 0s],		train_loss: 4.8393
16:	[0s / 0s],		train_loss: 4.8482
17:	[0s / 0s],		train_loss: 4.8809
18:	[0s / 0s],		train_loss: 4.8658
19:	[0s / 0s],		train_loss: 4.8341
20:	[0s / 0s],		train_loss: 4.8288
21:	[0s / 0s],		train_loss: 4.8477
22:	[0s / 0s],		train_loss: 4.8525
23:	[0s / 1s],		train_loss: 4.8352
24:	[0s / 1s],		train_loss: 4.8346
C-index TRAIN: 0.6363509162864524
C-index TEST : 0.6127406502107907
Fitting Cox model...
    Cox fit failed: Convergence halted due to matrix inversion problems. Suspicion is high collinearity. Please see the following tips in the lifelines documentation: https://lifelines.readthedocs.io/en/latest/Examples.html#problems-with-convergence-in-the-cox-proportional-hazard-modelMatrix is singular.
Generating NaN ordering → tmp/masks/OrmoniTirodei_tabpfn_seed77_fold3_train.npy
Generating NaN ordering → tmp/masks/OrmoniTirodei_tabpfn_seed77_fold3_test.npy
[fold=3, target=10%] actual NaN%: 10.0%
X_train shape: (5162, 76), X_test shape: (1290, 76)
Generating TabPFN Embeddings...
Successfully generated embeddings with shape: (5162, 192)
Fitting SimpleImputer (mean)...
Fitting SimpleImputer (median)...
Fitting SimpleImputer (constant, fill=-1)...
Fitting KNNImputer...
Fitting IterativeImputer (BayesianRidge, MICE-like)...
Fitting DeepSurv Simple pilot model...
0:	[0s / 0s],		train_loss: 161.8617,	val_loss: 41.3781
1:	[0s / 0s],		train_loss: 19.8028,	val_loss: 19.8077
2:	[0s / 0s],		train_loss: 13.5158,	val_loss: 13.7698
3:	[0s / 0s],		train_loss: 9.4209,	val_loss: 11.4535
4:	[0s / 0s],		train_loss: 8.9957,	val_loss: 11.1568
5:	[0s / 0s],		train_loss: 8.3189,	val_loss: 9.2930
6:	[0s / 0s],		train_loss: 6.8509,	val_loss: 10.0333
7:	[0s / 0s],		train_loss: 8.2241,	val_loss: 9.8104
8:	[0s / 0s],		train_loss: 7.0475,	val_loss: 8.2443
9:	[0s / 0s],		train_loss: 5.5202,	val_loss: 7.2968
10:	[0s / 0s],		train_loss: 4.9808,	val_loss: 6.9016
11:	[0s / 0s],		train_loss: 4.7787,	val_loss: 6.7239
12:	[0s / 0s],		train_loss: 4.8563,	val_loss: 6.7384
13:	[0s / 0s],		train_loss: 5.3646,	val_loss: 7.1990
14:	[0s / 0s],		train_loss: 5.2926,	val_loss: 8.7841
15:	[0s / 0s],		train_loss: 7.1229,	val_loss: 9.4392
16:	[0s / 0s],		train_loss: 7.5353,	val_loss: 8.3763
17:	[0s / 0s],		train_loss: 6.3349,	val_loss: 7.5342
18:	[0s / 0s],		train_loss: 5.2015,	val_loss: 6.8638
19:	[0s / 0s],		train_loss: 4.7814,	val_loss: 6.6664
20:	[0s / 0s],		train_loss: 4.9735,	val_loss: 7.0757
21:	[0s / 0s],		train_loss: 4.8327,	val_loss: 6.7926
22:	[0s / 0s],		train_loss: 4.7503,	val_loss: 7.1538
23:	[0s / 0s],		train_loss: 6.1874,	val_loss: 8.0887
24:	[0s / 0s],		train_loss: 5.4533,	val_loss: 7.0138
25:	[0s / 0s],		train_loss: 7.1486,	val_loss: 8.8950
26:	[0s / 0s],		train_loss: 7.3719,	val_loss: 8.5007
27:	[0s / 0s],		train_loss: 6.0093,	val_loss: 7.3444
28:	[0s / 0s],		train_loss: 5.1757,	val_loss: 6.7059
29:	[0s / 0s],		train_loss: 4.6019,	val_loss: 6.4257
30:	[0s / 0s],		train_loss: 5.0542,	val_loss: 6.9758
31:	[0s / 0s],		train_loss: 5.2135,	val_loss: 6.9900
32:	[0s / 1s],		train_loss: 6.2265,	val_loss: 9.6760
33:	[0s / 1s],		train_loss: 6.9241,	val_loss: 8.7139
34:	[0s / 1s],		train_loss: 8.1630,	val_loss: 10.8133
35:	[0s / 1s],		train_loss: 8.3020,	val_loss: 9.4107
36:	[0s / 1s],		train_loss: 6.2058,	val_loss: 7.4613
37:	[0s / 1s],		train_loss: 5.8507,	val_loss: 7.6185
38:	[0s / 1s],		train_loss: 6.4286,	val_loss: 9.6105
39:	[0s / 1s],		train_loss: 9.7804,	val_loss: 16.4655
40:	[0s / 1s],		train_loss: 14.2955,	val_loss: 16.4393
41:	[0s / 1s],		train_loss: 11.8634,	val_loss: 13.2790
42:	[0s / 1s],		train_loss: 9.2262,	val_loss: 11.6861
43:	[0s / 1s],		train_loss: 8.6397,	val_loss: 11.2454
44:	[0s / 1s],		train_loss: 8.0341,	val_loss: 8.9513
45:	[0s / 1s],		train_loss: 6.5035,	val_loss: 8.1254
46:	[0s / 1s],		train_loss: 5.7730,	val_loss: 7.9191
47:	[0s / 1s],		train_loss: 5.1276,	val_loss: 6.5634
48:	[0s / 1s],		train_loss: 4.7596,	val_loss: 6.4949
49:	[0s / 1s],		train_loss: 5.0155,	val_loss: 7.9943
Saved fixed_epochs=30 → nan/tabpfn/OrmoniTirodei/nan_percentage0.1/seed77/fold3/fixed_epochs_deepsurv_simple.json
Fitting DeepSurv Vanilla pilot model...
0:	[0s / 0s],		train_loss: 4.7790,	val_loss: 6.5037
1:	[0s / 0s],		train_loss: 4.5920,	val_loss: 6.4025
2:	[0s / 0s],		train_loss: 4.5430,	val_loss: 6.3338
3:	[0s / 0s],		train_loss: 4.5032,	val_loss: 6.3576
4:	[0s / 0s],		train_loss: 4.4834,	val_loss: 6.3040
5:	[0s / 0s],		train_loss: 4.5026,	val_loss: 6.3227
6:	[0s / 0s],		train_loss: 4.4356,	val_loss: 6.3028
7:	[0s / 0s],		train_loss: 4.4452,	val_loss: 6.3715
8:	[0s / 0s],		train_loss: 4.4756,	val_loss: 6.3303
9:	[0s / 0s],		train_loss: 4.4634,	val_loss: 6.3188
10:	[0s / 0s],		train_loss: 4.4465,	val_loss: 6.3023
11:	[0s / 0s],		train_loss: 4.4357,	val_loss: 6.3019
12:	[0s / 0s],		train_loss: 4.4116,	val_loss: 6.3134
13:	[0s / 0s],		train_loss: 4.4069,	val_loss: 6.2842
14:	[0s / 0s],		train_loss: 4.4072,	val_loss: 6.2876
15:	[0s / 0s],		train_loss: 4.4141,	val_loss: 6.2808
16:	[0s / 0s],		train_loss: 4.3859,	val_loss: 6.2919
17:	[0s / 0s],		train_loss: 4.3906,	val_loss: 6.2786
18:	[0s / 0s],		train_loss: 4.3994,	val_loss: 6.2973
19:	[0s / 0s],		train_loss: 4.3991,	val_loss: 6.3201
20:	[0s / 0s],		train_loss: 4.4005,	val_loss: 6.3083
21:	[0s / 0s],		train_loss: 4.3947,	val_loss: 6.2934
22:	[0s / 1s],		train_loss: 4.3868,	val_loss: 6.2690
23:	[0s / 1s],		train_loss: 4.3840,	val_loss: 6.2739
24:	[0s / 1s],		train_loss: 4.3826,	val_loss: 6.3086
25:	[0s / 1s],		train_loss: 4.4000,	val_loss: 6.3250
26:	[0s / 1s],		train_loss: 4.4027,	val_loss: 6.3207
27:	[0s / 1s],		train_loss: 4.3836,	val_loss: 6.3196
28:	[0s / 1s],		train_loss: 4.4066,	val_loss: 6.2860
29:	[0s / 1s],		train_loss: 4.3855,	val_loss: 6.2883
30:	[0s / 1s],		train_loss: 4.3847,	val_loss: 6.2669
31:	[0s / 1s],		train_loss: 4.3831,	val_loss: 6.2785
32:	[0s / 1s],		train_loss: 4.3690,	val_loss: 6.2924
33:	[0s / 1s],		train_loss: 4.3808,	val_loss: 6.2739
34:	[0s / 1s],		train_loss: 4.3490,	val_loss: 6.3119
35:	[0s / 1s],		train_loss: 4.3833,	val_loss: 6.2846
36:	[0s / 1s],		train_loss: 4.3397,	val_loss: 6.3075
37:	[0s / 1s],		train_loss: 4.3894,	val_loss: 6.2917
38:	[0s / 1s],		train_loss: 4.3640,	val_loss: 6.3054
39:	[0s / 1s],		train_loss: 4.3445,	val_loss: 6.3297
40:	[0s / 1s],		train_loss: 4.3395,	val_loss: 6.3929
41:	[0s / 1s],		train_loss: 4.3442,	val_loss: 6.4951
42:	[0s / 1s],		train_loss: 4.3556,	val_loss: 6.5341
43:	[0s / 1s],		train_loss: 4.3723,	val_loss: 6.5188
44:	[0s / 2s],		train_loss: 4.3452,	val_loss: 6.6043
45:	[0s / 2s],		train_loss: 4.3787,	val_loss: 6.6182
46:	[0s / 2s],		train_loss: 4.3444,	val_loss: 6.5633
47:	[0s / 2s],		train_loss: 4.3346,	val_loss: 6.5177
48:	[0s / 2s],		train_loss: 4.3548,	val_loss: 6.4796
49:	[0s / 2s],		train_loss: 4.3504,	val_loss: 6.5037
50:	[0s / 2s],		train_loss: 4.3293,	val_loss: 6.6819
Saved fixed_epochs=31 → nan/tabpfn/OrmoniTirodei/nan_percentage0.1/seed77/fold3/fixed_epochs_deepsurv_vanilla.json
Evaluating method: embeddings
Fitting Random Survival Forest model...
C-index TRAIN: 0.9607421472391393
C-index TEST : 0.7926797493613289
Fitting deepsurv_simple.pt...
0:	[0s / 0s],		train_loss: 3.6326
1:	[0s / 0s],		train_loss: 3.3080
2:	[0s / 0s],		train_loss: 3.2729
3:	[0s / 0s],		train_loss: 3.2729
4:	[0s / 0s],		train_loss: 3.2645
5:	[0s / 0s],		train_loss: 3.2510
6:	[0s / 0s],		train_loss: 3.2575
7:	[0s / 0s],		train_loss: 3.2536
8:	[0s / 0s],		train_loss: 3.2536
9:	[0s / 0s],		train_loss: 3.2589
10:	[0s / 0s],		train_loss: 3.2558
11:	[0s / 0s],		train_loss: 3.2433
12:	[0s / 0s],		train_loss: 3.2597
13:	[0s / 0s],		train_loss: 3.2438
14:	[0s / 0s],		train_loss: 3.2488
15:	[0s / 0s],		train_loss: 3.2506
16:	[0s / 0s],		train_loss: 3.2486
17:	[0s / 0s],		train_loss: 3.2319
18:	[0s / 0s],		train_loss: 3.2487
19:	[0s / 0s],		train_loss: 3.2226
20:	[0s / 0s],		train_loss: 3.2499
21:	[0s / 0s],		train_loss: 3.2280
22:	[0s / 0s],		train_loss: 3.2207
23:	[0s / 0s],		train_loss: 3.2369
24:	[0s / 0s],		train_loss: 3.2460
25:	[0s / 0s],		train_loss: 3.2197
26:	[0s / 0s],		train_loss: 3.2406
27:	[0s / 0s],		train_loss: 3.2138
28:	[0s / 0s],		train_loss: 3.2389
29:	[0s / 0s],		train_loss: 3.2390
C-index TRAIN: 0.9176254802064604
C-index TEST : 0.7865663010460224
Fitting deepsurv_vanilla.pt...
0:	[0s / 0s],		train_loss: 3.4831
1:	[0s / 0s],		train_loss: 3.3087
2:	[0s / 0s],		train_loss: 3.3001
3:	[0s / 0s],		train_loss: 3.2889
4:	[0s / 0s],		train_loss: 3.2570
5:	[0s / 0s],		train_loss: 3.2881
6:	[0s / 0s],		train_loss: 3.2851
7:	[0s / 0s],		train_loss: 3.2574
8:	[0s / 0s],		train_loss: 3.2669
9:	[0s / 0s],		train_loss: 3.2594
10:	[0s / 0s],		train_loss: 3.2415
11:	[0s / 0s],		train_loss: 3.2457
12:	[0s / 0s],		train_loss: 3.2361
13:	[0s / 0s],		train_loss: 3.2194
14:	[0s / 0s],		train_loss: 3.2329
15:	[0s / 0s],		train_loss: 3.2376
16:	[0s / 0s],		train_loss: 3.2365
17:	[0s / 0s],		train_loss: 3.2512
18:	[0s / 0s],		train_loss: 3.2417
19:	[0s / 0s],		train_loss: 3.2328
20:	[0s / 0s],		train_loss: 3.2308
21:	[0s / 0s],		train_loss: 3.2241
22:	[0s / 1s],		train_loss: 3.2285
23:	[0s / 1s],		train_loss: 3.2116
24:	[0s / 1s],		train_loss: 3.2014
25:	[0s / 1s],		train_loss: 3.2179
26:	[0s / 1s],		train_loss: 3.2058
27:	[0s / 1s],		train_loss: 3.2387
28:	[0s / 1s],		train_loss: 3.2437
29:	[0s / 1s],		train_loss: 3.2024
30:	[0s / 1s],		train_loss: 3.2246
C-index TRAIN: 0.9183084774144948
C-index TEST : 0.5969524904993708
Fitting Cox model...
C-index TRAIN: 0.9146207353966209
C-index TEST : 0.8012271381181764
Evaluating method: mean
Fitting Random Survival Forest model...
C-index TRAIN: 0.8985272099923912
C-index TEST : 0.7997845676737122
Fitting deepsurv_simple.pt...
0:	[0s / 0s],		train_loss: 56.7543
1:	[0s / 0s],		train_loss: 16.1431
2:	[0s / 0s],		train_loss: 11.2630
3:	[0s / 0s],		train_loss: 9.1998
4:	[0s / 0s],		train_loss: 9.3278
5:	[0s / 0s],		train_loss: 8.0203
6:	[0s / 0s],		train_loss: 6.6661
7:	[0s / 0s],		train_loss: 5.3594
8:	[0s / 0s],		train_loss: 6.7550
9:	[0s / 0s],		train_loss: 6.4856
10:	[0s / 0s],		train_loss: 6.0006
11:	[0s / 0s],		train_loss: 5.0872
12:	[0s / 0s],		train_loss: 4.7485
13:	[0s / 0s],		train_loss: 4.6078
14:	[0s / 0s],		train_loss: 5.3222
15:	[0s / 0s],		train_loss: 5.8592
16:	[0s / 0s],		train_loss: 5.4552
17:	[0s / 0s],		train_loss: 7.9139
18:	[0s / 0s],		train_loss: 8.4772
19:	[0s / 0s],		train_loss: 7.3163
20:	[0s / 0s],		train_loss: 6.2902
21:	[0s / 0s],		train_loss: 6.7239
22:	[0s / 0s],		train_loss: 7.4434
23:	[0s / 0s],		train_loss: 6.6421
24:	[0s / 0s],		train_loss: 5.5145
25:	[0s / 0s],		train_loss: 8.7154
26:	[0s / 0s],		train_loss: 10.7486
27:	[0s / 0s],		train_loss: 10.4012
28:	[0s / 0s],		train_loss: 10.5209
29:	[0s / 0s],		train_loss: 8.0431
C-index TRAIN: 0.7189723005047461
C-index TEST : 0.7376142299724195
Fitting deepsurv_vanilla.pt...
0:	[0s / 0s],		train_loss: 4.7711
1:	[0s / 0s],		train_loss: 4.5441
2:	[0s / 0s],		train_loss: 4.4989
3:	[0s / 0s],		train_loss: 4.4754
4:	[0s / 0s],		train_loss: 4.5035
5:	[0s / 0s],		train_loss: 4.4618
6:	[0s / 0s],		train_loss: 4.4562
7:	[0s / 0s],		train_loss: 4.4459
8:	[0s / 0s],		train_loss: 4.4357
9:	[0s / 0s],		train_loss: 4.4676
10:	[0s / 0s],		train_loss: 4.4374
11:	[0s / 0s],		train_loss: 4.4600
12:	[0s / 0s],		train_loss: 4.4382
13:	[0s / 0s],		train_loss: 4.3880
14:	[0s / 0s],		train_loss: 4.3906
15:	[0s / 0s],		train_loss: 4.3972
16:	[0s / 0s],		train_loss: 4.4143
17:	[0s / 0s],		train_loss: 4.3889
18:	[0s / 0s],		train_loss: 4.3600
19:	[0s / 0s],		train_loss: 4.3822
20:	[0s / 0s],		train_loss: 4.3893
21:	[0s / 0s],		train_loss: 4.3808
22:	[0s / 1s],		train_loss: 4.3844
23:	[0s / 1s],		train_loss: 4.3663
24:	[0s / 1s],		train_loss: 4.4042
25:	[0s / 1s],		train_loss: 4.3628
26:	[0s / 1s],		train_loss: 4.3753
27:	[0s / 1s],		train_loss: 4.3890
28:	[0s / 1s],		train_loss: 4.3780
29:	[0s / 1s],		train_loss: 4.3658
30:	[0s / 1s],		train_loss: 4.3611
C-index TRAIN: 0.7971114440694306
C-index TEST : 0.7907986883412347
Fitting Cox model...
C-index TRAIN: 0.7912641685934594
C-index TEST : 0.8011254591441173
Evaluating method: median
Fitting Random Survival Forest model...
C-index TRAIN: 0.8916732471968233
C-index TEST : 0.7978272474230735
Fitting deepsurv_simple.pt...
0:	[0s / 0s],		train_loss: 56.7630
1:	[0s / 0s],		train_loss: 15.9748
2:	[0s / 0s],		train_loss: 11.5190
3:	[0s / 0s],		train_loss: 8.9904
4:	[0s / 0s],		train_loss: 7.8479
5:	[0s / 0s],		train_loss: 6.4539
6:	[0s / 0s],		train_loss: 5.3430
7:	[0s / 0s],		train_loss: 5.9066
8:	[0s / 0s],		train_loss: 5.8750
9:	[0s / 0s],		train_loss: 5.2883
10:	[0s / 0s],		train_loss: 6.4226
11:	[0s / 0s],		train_loss: 5.5444
12:	[0s / 0s],		train_loss: 4.8719
13:	[0s / 0s],		train_loss: 4.5487
14:	[0s / 0s],		train_loss: 4.7520
15:	[0s / 0s],		train_loss: 4.6329
16:	[0s / 0s],		train_loss: 4.8537
17:	[0s / 0s],		train_loss: 8.3118
18:	[0s / 0s],		train_loss: 9.9510
19:	[0s / 0s],		train_loss: 8.1709
20:	[0s / 0s],		train_loss: 6.9678
21:	[0s / 0s],		train_loss: 10.0932
22:	[0s / 0s],		train_loss: 11.6825
23:	[0s / 0s],		train_loss: 9.9753
24:	[0s / 0s],		train_loss: 7.5017
25:	[0s / 0s],		train_loss: 6.8251
26:	[0s / 0s],		train_loss: 6.3198
27:	[0s / 0s],		train_loss: 9.0223
28:	[0s / 0s],		train_loss: 13.5111
29:	[0s / 0s],		train_loss: 8.6694
C-index TRAIN: 0.6897416439877514
C-index TEST : 0.6790296648406817
Fitting deepsurv_vanilla.pt...
0:	[0s / 0s],		train_loss: 4.7545
1:	[0s / 0s],		train_loss: 4.5353
2:	[0s / 0s],		train_loss: 4.5180
3:	[0s / 0s],		train_loss: 4.4794
4:	[0s / 0s],		train_loss: 4.4872
5:	[0s / 0s],		train_loss: 4.4449
6:	[0s / 0s],		train_loss: 4.4524
7:	[0s / 0s],		train_loss: 4.4612
8:	[0s / 0s],		train_loss: 4.4306
9:	[0s / 0s],		train_loss: 4.4816
10:	[0s / 0s],		train_loss: 4.4385
11:	[0s / 0s],		train_loss: 4.4382
12:	[0s / 0s],		train_loss: 4.4374
13:	[0s / 0s],		train_loss: 4.3938
14:	[0s / 0s],		train_loss: 4.3931
15:	[0s / 0s],		train_loss: 4.3996
16:	[0s / 0s],		train_loss: 4.4230
17:	[0s / 0s],		train_loss: 4.3823
18:	[0s / 0s],		train_loss: 4.3671
19:	[0s / 0s],		train_loss: 4.3882
20:	[0s / 0s],		train_loss: 4.4047
21:	[0s / 0s],		train_loss: 4.4024
22:	[0s / 0s],		train_loss: 4.4106
23:	[0s / 1s],		train_loss: 4.3685
24:	[0s / 1s],		train_loss: 4.4100
25:	[0s / 1s],		train_loss: 4.3589
26:	[0s / 1s],		train_loss: 4.3800
27:	[0s / 1s],		train_loss: 4.3800
28:	[0s / 1s],		train_loss: 4.3859
29:	[0s / 1s],		train_loss: 4.3758
30:	[0s / 1s],		train_loss: 4.3709
C-index TRAIN: 0.7935178194728206
C-index TEST : 0.7847646767244119
Fitting Cox model...
C-index TRAIN: 0.7904313216872559
C-index TEST : 0.7995430801103217
Evaluating method: constant
Fitting Random Survival Forest model...
C-index TRAIN: 0.903723783453899
C-index TEST : 0.7961686091587336
Fitting deepsurv_simple.pt...
0:	[0s / 0s],		train_loss: 57.3403
1:	[0s / 0s],		train_loss: 14.7082
2:	[0s / 0s],		train_loss: 12.0028
3:	[0s / 0s],		train_loss: 9.9117
4:	[0s / 0s],		train_loss: 8.2155
5:	[0s / 0s],		train_loss: 6.5139
6:	[0s / 0s],		train_loss: 5.5598
7:	[0s / 0s],		train_loss: 5.3170
8:	[0s / 0s],		train_loss: 5.4670
9:	[0s / 0s],		train_loss: 6.0226
10:	[0s / 0s],		train_loss: 6.0436
11:	[0s / 0s],		train_loss: 5.9192
12:	[0s / 0s],		train_loss: 6.8798
13:	[0s / 0s],		train_loss: 5.9873
14:	[0s / 0s],		train_loss: 6.3578
15:	[0s / 0s],		train_loss: 5.8119
16:	[0s / 0s],		train_loss: 5.9321
17:	[0s / 0s],		train_loss: 5.6096
18:	[0s / 0s],		train_loss: 6.5374
19:	[0s / 0s],		train_loss: 7.3498
20:	[0s / 0s],		train_loss: 7.9705
21:	[0s / 0s],		train_loss: 8.3763
22:	[0s / 0s],		train_loss: 7.2165
23:	[0s / 0s],		train_loss: 7.7202
24:	[0s / 0s],		train_loss: 6.7288
25:	[0s / 0s],		train_loss: 5.7823
26:	[0s / 0s],		train_loss: 5.2624
27:	[0s / 0s],		train_loss: 4.8177
28:	[0s / 0s],		train_loss: 4.7648
29:	[0s / 0s],		train_loss: 4.8712
C-index TRAIN: 0.7239440071470186
C-index TEST : 0.7286633027872749
Fitting deepsurv_vanilla.pt...
0:	[0s / 0s],		train_loss: 4.8689
1:	[0s / 0s],		train_loss: 4.7003
2:	[0s / 0s],		train_loss: 4.6642
3:	[0s / 0s],		train_loss: 4.6161
4:	[0s / 0s],		train_loss: 4.5802
5:	[0s / 0s],		train_loss: 4.5593
6:	[0s / 0s],		train_loss: 4.5610
7:	[0s / 0s],		train_loss: 4.5268
8:	[0s / 0s],		train_loss: 4.5141
9:	[0s / 0s],		train_loss: 4.5337
10:	[0s / 0s],		train_loss: 4.4940
11:	[0s / 0s],		train_loss: 4.4930
12:	[0s / 0s],		train_loss: 4.5073
13:	[0s / 0s],		train_loss: 4.4903
14:	[0s / 0s],		train_loss: 4.4688
15:	[0s / 0s],		train_loss: 4.4650
16:	[0s / 0s],		train_loss: 4.4536
17:	[0s / 0s],		train_loss: 4.4468
18:	[0s / 0s],		train_loss: 4.4329
19:	[0s / 0s],		train_loss: 4.4600
20:	[0s / 0s],		train_loss: 4.4400
21:	[0s / 0s],		train_loss: 4.4273
22:	[0s / 0s],		train_loss: 4.4409
23:	[0s / 1s],		train_loss: 4.4113
24:	[0s / 1s],		train_loss: 4.4454
25:	[0s / 1s],		train_loss: 4.4127
26:	[0s / 1s],		train_loss: 4.3820
27:	[0s / 1s],		train_loss: 4.4168
28:	[0s / 1s],		train_loss: 4.4189
29:	[0s / 1s],		train_loss: 4.4125
30:	[0s / 1s],		train_loss: 4.4027
C-index TRAIN: 0.7904575269300392
C-index TEST : 0.7570889309726865
Fitting Cox model...
C-index TRAIN: 0.7382636959763695
C-index TEST : 0.7420944597669009
Evaluating method: knn
Fitting Random Survival Forest model...
C-index TRAIN: 0.9001351415442971
C-index TEST : 0.7979829433521016
Fitting deepsurv_simple.pt...
0:	[0s / 0s],		train_loss: 56.3934
1:	[0s / 0s],		train_loss: 17.0151
2:	[0s / 0s],		train_loss: 11.2723
3:	[0s / 0s],		train_loss: 9.4672
4:	[0s / 0s],		train_loss: 7.9963
5:	[0s / 0s],		train_loss: 6.3332
6:	[0s / 0s],		train_loss: 5.2060
7:	[0s / 0s],		train_loss: 4.8410
8:	[0s / 0s],		train_loss: 5.0350
9:	[0s / 0s],		train_loss: 4.7439
10:	[0s / 0s],		train_loss: 6.7091
11:	[0s / 0s],		train_loss: 7.0215
12:	[0s / 0s],		train_loss: 6.4510
13:	[0s / 0s],		train_loss: 6.2645
14:	[0s / 0s],		train_loss: 5.5321
15:	[0s / 0s],		train_loss: 6.0220
16:	[0s / 0s],		train_loss: 6.5920
17:	[0s / 0s],		train_loss: 6.0818
18:	[0s / 0s],		train_loss: 5.7340
19:	[0s / 0s],		train_loss: 5.1369
20:	[0s / 0s],		train_loss: 5.2140
21:	[0s / 0s],		train_loss: 5.7264
22:	[0s / 0s],		train_loss: 6.1433
23:	[0s / 0s],		train_loss: 6.8638
24:	[0s / 0s],		train_loss: 8.4066
25:	[0s / 1s],		train_loss: 7.1568
26:	[0s / 1s],		train_loss: 6.2066
27:	[0s / 1s],		train_loss: 5.2841
28:	[0s / 1s],		train_loss: 7.7388
29:	[0s / 1s],		train_loss: 7.6912
C-index TRAIN: 0.7600060198240817
C-index TEST : 0.767250473442723
Fitting deepsurv_vanilla.pt...
0:	[0s / 0s],		train_loss: 4.7861
1:	[0s / 0s],		train_loss: 4.5417
2:	[0s / 0s],		train_loss: 4.5041
3:	[0s / 0s],		train_loss: 4.4774
4:	[0s / 0s],		train_loss: 4.4906
5:	[0s / 0s],		train_loss: 4.4718
6:	[0s / 0s],		train_loss: 4.4585
7:	[0s / 0s],		train_loss: 4.4421
8:	[0s / 0s],		train_loss: 4.4233
9:	[0s / 0s],		train_loss: 4.4688
10:	[0s / 0s],		train_loss: 4.4250
11:	[0s / 0s],		train_loss: 4.4238
12:	[0s / 0s],		train_loss: 4.4081
13:	[0s / 0s],		train_loss: 4.3921
14:	[0s / 0s],		train_loss: 4.3912
15:	[0s / 0s],		train_loss: 4.4020
16:	[0s / 0s],		train_loss: 4.4188
17:	[0s / 0s],		train_loss: 4.3873
18:	[0s / 0s],		train_loss: 4.3625
19:	[0s / 0s],		train_loss: 4.3825
20:	[0s / 0s],		train_loss: 4.3940
21:	[0s / 0s],		train_loss: 4.3914
22:	[0s / 0s],		train_loss: 4.3887
23:	[0s / 1s],		train_loss: 4.3607
24:	[0s / 1s],		train_loss: 4.4101
25:	[0s / 1s],		train_loss: 4.3644
26:	[0s / 1s],		train_loss: 4.3587
27:	[0s / 1s],		train_loss: 4.3589
28:	[0s / 1s],		train_loss: 4.3748
29:	[0s / 1s],		train_loss: 4.3636
30:	[0s / 1s],		train_loss: 4.3696
C-index TRAIN: 0.7965096462052317
C-index TEST : 0.7824324152569301
Fitting Cox model...
C-index TRAIN: 0.790984030857227
C-index TEST : 0.8026633536267619
Evaluating method: imputer_bayesian
Fitting Random Survival Forest model...
C-index TRAIN: 0.9000862373940326
C-index TEST : 0.7993238348225067
Fitting deepsurv_simple.pt...
0:	[0s / 0s],		train_loss: 52.8098
1:	[0s / 0s],		train_loss: 16.7318
2:	[0s / 0s],		train_loss: 13.3523
3:	[0s / 0s],		train_loss: 9.1551
4:	[0s / 0s],		train_loss: 6.5577
5:	[0s / 0s],		train_loss: 6.2783
6:	[0s / 0s],		train_loss: 5.2997
7:	[0s / 0s],		train_loss: 5.3959
8:	[0s / 0s],		train_loss: 5.7664
9:	[0s / 0s],		train_loss: 6.6897
10:	[0s / 0s],		train_loss: 7.2489
11:	[0s / 0s],		train_loss: 5.9925
12:	[0s / 0s],		train_loss: 5.9590
13:	[0s / 0s],		train_loss: 6.2129
14:	[0s / 0s],		train_loss: 5.3664
15:	[0s / 0s],		train_loss: 6.0991
16:	[0s / 0s],		train_loss: 7.9655
17:	[0s / 0s],		train_loss: 8.2389
18:	[0s / 0s],		train_loss: 5.6243
19:	[0s / 0s],		train_loss: 5.1990
20:	[0s / 0s],		train_loss: 4.8956
21:	[0s / 0s],		train_loss: 4.7872
22:	[0s / 0s],		train_loss: 4.9978
23:	[0s / 0s],		train_loss: 5.2876
24:	[0s / 0s],		train_loss: 7.2699
25:	[0s / 0s],		train_loss: 7.2192
26:	[0s / 0s],		train_loss: 6.9241
27:	[0s / 0s],		train_loss: 9.8864
28:	[0s / 0s],		train_loss: 8.7452
29:	[0s / 0s],		train_loss: 8.3259
C-index TRAIN: 0.7181911259082562
C-index TEST : 0.7199475082296419
Fitting deepsurv_vanilla.pt...
0:	[0s / 0s],		train_loss: 4.7697
1:	[0s / 0s],		train_loss: 4.5315
2:	[0s / 0s],		train_loss: 4.4777
3:	[0s / 0s],		train_loss: 4.4746
4:	[0s / 0s],		train_loss: 4.4636
5:	[0s / 0s],		train_loss: 4.4424
6:	[0s / 0s],		train_loss: 4.4334
7:	[0s / 0s],		train_loss: 4.4267
8:	[0s / 0s],		train_loss: 4.4000
9:	[0s / 0s],		train_loss: 4.4300
10:	[0s / 0s],		train_loss: 4.3977
11:	[0s / 0s],		train_loss: 4.4186
12:	[0s / 0s],		train_loss: 4.4283
13:	[0s / 0s],		train_loss: 4.3873
14:	[0s / 0s],		train_loss: 4.3839
15:	[0s / 0s],		train_loss: 4.3924
16:	[0s / 0s],		train_loss: 4.4157
17:	[0s / 0s],		train_loss: 4.4076
18:	[0s / 0s],		train_loss: 4.3757
19:	[0s / 0s],		train_loss: 4.3735
20:	[0s / 0s],		train_loss: 4.3913
21:	[0s / 0s],		train_loss: 4.3852
22:	[0s / 0s],		train_loss: 4.3822
23:	[0s / 1s],		train_loss: 4.3524
24:	[0s / 1s],		train_loss: 4.3878
25:	[0s / 1s],		train_loss: 4.3461
26:	[0s / 1s],		train_loss: 4.3445
27:	[0s / 1s],		train_loss: 4.3606
28:	[0s / 1s],		train_loss: 4.3541
29:	[0s / 1s],		train_loss: 4.3551
30:	[0s / 1s],		train_loss: 4.3508
C-index TRAIN: 0.7983986382131862
C-index TEST : 0.7943606299012443
Fitting Cox model...
C-index TRAIN: 0.7928320541053373
C-index TEST : 0.8050559869850913
[fold=3, target=30%] actual NaN%: 30.0%
X_train shape: (5162, 76), X_test shape: (1290, 76)
Generating TabPFN Embeddings...
Successfully generated embeddings with shape: (5162, 192)
Fitting SimpleImputer (mean)...
Fitting SimpleImputer (median)...
Fitting SimpleImputer (constant, fill=-1)...
Fitting KNNImputer...
Fitting IterativeImputer (BayesianRidge, MICE-like)...
Fitting DeepSurv Simple pilot model...
0:	[0s / 0s],		train_loss: 121.9343,	val_loss: 32.4154
1:	[0s / 0s],		train_loss: 21.3442,	val_loss: 19.8930
2:	[0s / 0s],		train_loss: 14.2087,	val_loss: 13.5739
3:	[0s / 0s],		train_loss: 9.2167,	val_loss: 11.8881
4:	[0s / 0s],		train_loss: 9.5659,	val_loss: 11.7172
5:	[0s / 0s],		train_loss: 8.7988,	val_loss: 9.9709
6:	[0s / 0s],		train_loss: 6.6207,	val_loss: 8.2216
7:	[0s / 0s],		train_loss: 5.8012,	val_loss: 8.0673
8:	[0s / 0s],		train_loss: 5.4537,	val_loss: 7.9476
9:	[0s / 0s],		train_loss: 5.6454,	val_loss: 7.3365
10:	[0s / 0s],		train_loss: 4.8753,	val_loss: 7.0164
11:	[0s / 0s],		train_loss: 4.7875,	val_loss: 6.7414
12:	[0s / 0s],		train_loss: 5.1722,	val_loss: 7.2357
13:	[0s / 0s],		train_loss: 4.9711,	val_loss: 15.3101
14:	[0s / 0s],		train_loss: 6.3878,	val_loss: 8.7255
15:	[0s / 0s],		train_loss: 6.2125,	val_loss: 7.2794
16:	[0s / 0s],		train_loss: 4.9233,	val_loss: 6.7099
17:	[0s / 0s],		train_loss: 4.7980,	val_loss: 6.7339
18:	[0s / 0s],		train_loss: 5.1728,	val_loss: 7.5140
19:	[0s / 0s],		train_loss: 5.3661,	val_loss: 7.4600
20:	[0s / 0s],		train_loss: 6.2012,	val_loss: 7.6800
21:	[0s / 0s],		train_loss: 6.0864,	val_loss: 8.5688
22:	[0s / 0s],		train_loss: 6.1815,	val_loss: 9.5081
23:	[0s / 0s],		train_loss: 6.1676,	val_loss: 8.3465
24:	[0s / 0s],		train_loss: 6.7248,	val_loss: 7.8264
25:	[0s / 0s],		train_loss: 5.2900,	val_loss: 7.2451
26:	[0s / 0s],		train_loss: 6.8908,	val_loss: 14.3491
27:	[0s / 0s],		train_loss: 11.7752,	val_loss: 12.5531
28:	[0s / 0s],		train_loss: 9.0983,	val_loss: 9.4178
29:	[0s / 0s],		train_loss: 6.9956,	val_loss: 8.1879
30:	[0s / 0s],		train_loss: 5.6467,	val_loss: 7.2557
31:	[0s / 1s],		train_loss: 5.1823,	val_loss: 7.6795
32:	[0s / 1s],		train_loss: 6.4986,	val_loss: 8.0684
33:	[0s / 1s],		train_loss: 7.1567,	val_loss: 10.1877
34:	[0s / 1s],		train_loss: 8.0398,	val_loss: 10.1314
35:	[0s / 1s],		train_loss: 8.1567,	val_loss: 9.4131
36:	[0s / 1s],		train_loss: 6.3577,	val_loss: 6.9873
Saved fixed_epochs=17 → nan/tabpfn/OrmoniTirodei/nan_percentage0.3/seed77/fold3/fixed_epochs_deepsurv_simple.json
Fitting DeepSurv Vanilla pilot model...
0:	[0s / 0s],		train_loss: 4.8434,	val_loss: 6.6144
1:	[0s / 0s],		train_loss: 4.6307,	val_loss: 6.5266
2:	[0s / 0s],		train_loss: 4.5999,	val_loss: 6.4748
3:	[0s / 0s],		train_loss: 4.5853,	val_loss: 6.4875
4:	[0s / 0s],		train_loss: 4.5822,	val_loss: 6.4252
5:	[0s / 0s],		train_loss: 4.5689,	val_loss: 6.4440
6:	[0s / 0s],		train_loss: 4.5356,	val_loss: 6.4073
7:	[0s / 0s],		train_loss: 4.5333,	val_loss: 6.4374
8:	[0s / 0s],		train_loss: 4.5461,	val_loss: 6.4079
9:	[0s / 0s],		train_loss: 4.5232,	val_loss: 6.4191
10:	[0s / 0s],		train_loss: 4.5234,	val_loss: 6.4022
11:	[0s / 0s],		train_loss: 4.5147,	val_loss: 6.3880
12:	[0s / 0s],		train_loss: 4.5082,	val_loss: 6.4287
13:	[0s / 0s],		train_loss: 4.4866,	val_loss: 6.3734
14:	[0s / 0s],		train_loss: 4.4832,	val_loss: 6.3759
15:	[0s / 0s],		train_loss: 4.4847,	val_loss: 6.3809
16:	[0s / 0s],		train_loss: 4.4625,	val_loss: 6.4207
17:	[0s / 0s],		train_loss: 4.4890,	val_loss: 6.3902
18:	[0s / 0s],		train_loss: 4.4775,	val_loss: 6.3742
19:	[0s / 0s],		train_loss: 4.4831,	val_loss: 6.4210
20:	[0s / 0s],		train_loss: 4.4792,	val_loss: 6.3798
21:	[0s / 1s],		train_loss: 4.4709,	val_loss: 6.3951
22:	[0s / 1s],		train_loss: 4.4704,	val_loss: 6.3898
23:	[0s / 1s],		train_loss: 4.4758,	val_loss: 6.4065
24:	[0s / 1s],		train_loss: 4.4941,	val_loss: 6.3878
25:	[0s / 1s],		train_loss: 4.4868,	val_loss: 6.3893
26:	[0s / 1s],		train_loss: 4.4659,	val_loss: 6.4093
27:	[0s / 1s],		train_loss: 4.4611,	val_loss: 6.3915
28:	[0s / 1s],		train_loss: 4.4839,	val_loss: 6.3965
29:	[0s / 1s],		train_loss: 4.4435,	val_loss: 6.4097
30:	[0s / 1s],		train_loss: 4.4820,	val_loss: 6.3899
31:	[0s / 1s],		train_loss: 4.4342,	val_loss: 6.3872
32:	[0s / 1s],		train_loss: 4.4370,	val_loss: 6.3779
33:	[0s / 1s],		train_loss: 4.4459,	val_loss: 6.4036
Saved fixed_epochs=14 → nan/tabpfn/OrmoniTirodei/nan_percentage0.3/seed77/fold3/fixed_epochs_deepsurv_vanilla.json
Evaluating method: embeddings
Fitting Random Survival Forest model...
C-index TRAIN: 0.9582653827081937
C-index TEST : 0.786470977007842
Fitting deepsurv_simple.pt...
0:	[0s / 0s],		train_loss: 3.6163
1:	[0s / 0s],		train_loss: 3.2993
2:	[0s / 0s],		train_loss: 3.2770
3:	[0s / 0s],		train_loss: 3.2783
4:	[0s / 0s],		train_loss: 3.2613
5:	[0s / 0s],		train_loss: 3.2578
6:	[0s / 0s],		train_loss: 3.2686
7:	[0s / 0s],		train_loss: 3.2560
8:	[0s / 0s],		train_loss: 3.2576
9:	[0s / 0s],		train_loss: 3.2692
10:	[0s / 0s],		train_loss: 3.2707
11:	[0s / 0s],		train_loss: 3.2567
12:	[0s / 0s],		train_loss: 3.2685
13:	[0s / 0s],		train_loss: 3.2508
14:	[0s / 0s],		train_loss: 3.2608
15:	[0s / 0s],		train_loss: 3.2545
16:	[0s / 0s],		train_loss: 3.2554
C-index TRAIN: 0.9103125565742587
C-index TEST : 0.7783970309739575
Fitting deepsurv_vanilla.pt...
0:	[0s / 0s],		train_loss: 3.4958
1:	[0s / 0s],		train_loss: 3.3194
2:	[0s / 0s],		train_loss: 3.2988
3:	[0s / 0s],		train_loss: 3.2975
4:	[0s / 0s],		train_loss: 3.2798
5:	[0s / 0s],		train_loss: 3.3104
6:	[0s / 0s],		train_loss: 3.2984
7:	[0s / 0s],		train_loss: 3.2700
8:	[0s / 0s],		train_loss: 3.2700
9:	[0s / 0s],		train_loss: 3.2773
10:	[0s / 0s],		train_loss: 3.2611
11:	[0s / 0s],		train_loss: 3.2658
12:	[0s / 0s],		train_loss: 3.2482
13:	[0s / 0s],		train_loss: 3.2468
C-index TRAIN: 0.9151878389957265
C-index TEST : 0.6704743324139859
Fitting Cox model...
C-index TRAIN: 0.9147375517253661
C-index TEST : 0.7875322512995844
Evaluating method: mean
Fitting Random Survival Forest model...
C-index TRAIN: 0.8875213771113444
C-index TEST : 0.7812885267987646
Fitting deepsurv_simple.pt...
0:	[0s / 0s],		train_loss: 63.2587
1:	[0s / 0s],		train_loss: 13.6233
2:	[0s / 0s],		train_loss: 11.0701
3:	[0s / 0s],		train_loss: 8.0916
4:	[0s / 0s],		train_loss: 7.0252
5:	[0s / 0s],		train_loss: 7.2683
6:	[0s / 0s],		train_loss: 6.1539
7:	[0s / 0s],		train_loss: 5.4436
8:	[0s / 0s],		train_loss: 5.1547
9:	[0s / 0s],		train_loss: 5.0768
10:	[0s / 0s],		train_loss: 4.7288
11:	[0s / 0s],		train_loss: 4.7486
12:	[0s / 0s],		train_loss: 4.7030
13:	[0s / 0s],		train_loss: 4.5976
14:	[0s / 0s],		train_loss: 4.8283
15:	[0s / 0s],		train_loss: 4.7858
16:	[0s / 0s],		train_loss: 4.8864
C-index TRAIN: 0.7563141255670344
C-index TEST : 0.7701991636904384
Fitting deepsurv_vanilla.pt...
0:	[0s / 0s],		train_loss: 4.7931
1:	[0s / 0s],		train_loss: 4.6221
2:	[0s / 0s],		train_loss: 4.5875
3:	[0s / 0s],		train_loss: 4.5760
4:	[0s / 0s],		train_loss: 4.5619
5:	[0s / 0s],		train_loss: 4.5430
6:	[0s / 0s],		train_loss: 4.5322
7:	[0s / 0s],		train_loss: 4.5311
8:	[0s / 0s],		train_loss: 4.5244
9:	[0s / 0s],		train_loss: 4.5331
10:	[0s / 0s],		train_loss: 4.5168
11:	[0s / 0s],		train_loss: 4.5088
12:	[0s / 0s],		train_loss: 4.5157
13:	[0s / 0s],		train_loss: 4.4817
C-index TRAIN: 0.7656782553508984
C-index TEST : 0.7720325626914425
Fitting Cox model...
C-index TRAIN: 0.7717779869686126
C-index TEST : 0.7855463338374916
Evaluating method: median
Fitting Random Survival Forest model...
C-index TRAIN: 0.871780330676946
C-index TEST : 0.7835794811830349
Fitting deepsurv_simple.pt...
0:	[0s / 0s],		train_loss: 67.1917
1:	[0s / 0s],		train_loss: 12.0812
2:	[0s / 0s],		train_loss: 9.4940
3:	[0s / 0s],		train_loss: 7.6131
4:	[0s / 0s],		train_loss: 6.9020
5:	[0s / 0s],		train_loss: 6.6443
6:	[0s / 0s],		train_loss: 6.0304
7:	[0s / 0s],		train_loss: 5.8665
8:	[0s / 0s],		train_loss: 5.6370
9:	[0s / 0s],		train_loss: 5.4219
10:	[0s / 0s],		train_loss: 5.6735
11:	[0s / 0s],		train_loss: 5.3084
12:	[0s / 0s],		train_loss: 6.1708
13:	[0s / 0s],		train_loss: 5.9759
14:	[0s / 0s],		train_loss: 5.7117
15:	[0s / 0s],		train_loss: 5.2780
16:	[0s / 0s],		train_loss: 4.9563
C-index TRAIN: 0.7354541064076802
C-index TEST : 0.7526214110499625
Fitting deepsurv_vanilla.pt...
0:	[0s / 0s],		train_loss: 4.7706
1:	[0s / 0s],		train_loss: 4.6289
2:	[0s / 0s],		train_loss: 4.5878
3:	[0s / 0s],		train_loss: 4.5847
4:	[0s / 0s],		train_loss: 4.5681
5:	[0s / 0s],		train_loss: 4.5397
6:	[0s / 0s],		train_loss: 4.5170
7:	[0s / 0s],		train_loss: 4.5251
8:	[0s / 0s],		train_loss: 4.5240
9:	[0s / 0s],		train_loss: 4.5362
10:	[0s / 0s],		train_loss: 4.5071
11:	[0s / 0s],		train_loss: 4.5221
12:	[0s / 0s],		train_loss: 4.5067
13:	[0s / 0s],		train_loss: 4.4828
C-index TRAIN: 0.7718350110532607
C-index TEST : 0.7690520977643336
Fitting Cox model...
C-index TRAIN: 0.76973637710304
C-index TEST : 0.7796711956176362
Evaluating method: constant
Fitting Random Survival Forest model...
C-index TRAIN: 0.8994268618132958
C-index TEST : 0.774673038549041
Fitting deepsurv_simple.pt...
0:	[0s / 0s],		train_loss: 74.7783
1:	[0s / 0s],		train_loss: 18.0248
2:	[0s / 0s],		train_loss: 10.4770
3:	[0s / 0s],		train_loss: 8.3193
4:	[0s / 0s],		train_loss: 7.6112
5:	[0s / 0s],		train_loss: 7.6472
6:	[0s / 0s],		train_loss: 6.7706
7:	[0s / 0s],		train_loss: 6.3817
8:	[0s / 0s],		train_loss: 6.6718
9:	[0s / 0s],		train_loss: 5.9332
10:	[0s / 0s],		train_loss: 5.5918
11:	[0s / 0s],		train_loss: 5.3445
12:	[0s / 0s],		train_loss: 6.0945
13:	[0s / 0s],		train_loss: 6.1295
14:	[0s / 0s],		train_loss: 5.7655
15:	[0s / 0s],		train_loss: 5.6565
16:	[0s / 0s],		train_loss: 5.4462
C-index TRAIN: 0.6111952118961468
C-index TEST : 0.5932555065519389
Fitting deepsurv_vanilla.pt...
0:	[0s / 0s],		train_loss: 4.9287
1:	[0s / 0s],		train_loss: 4.8253
2:	[0s / 0s],		train_loss: 4.7900
3:	[0s / 0s],		train_loss: 4.7654
4:	[0s / 0s],		train_loss: 4.7211
5:	[0s / 0s],		train_loss: 4.6999
6:	[0s / 0s],		train_loss: 4.6841
7:	[0s / 0s],		train_loss: 4.6542
8:	[0s / 0s],		train_loss: 4.6152
9:	[0s / 0s],		train_loss: 4.6401
10:	[0s / 0s],		train_loss: 4.6610
11:	[0s / 0s],		train_loss: 4.6091
12:	[0s / 0s],		train_loss: 4.5899
13:	[0s / 0s],		train_loss: 4.5588
C-index TRAIN: 0.7573278255572351
C-index TEST : 0.708778708422832
Fitting Cox model...
C-index TRAIN: 0.6854846761151946
C-index TEST : 0.6788056533509577
Evaluating method: knn
Fitting Random Survival Forest model...
C-index TRAIN: 0.9002408852352465
C-index TEST : 0.780535466897139
Fitting deepsurv_simple.pt...
0:	[0s / 0s],		train_loss: 61.3755
1:	[0s / 0s],		train_loss: 18.6535
2:	[0s / 0s],		train_loss: 10.1021
3:	[0s / 0s],		train_loss: 8.3258
4:	[0s / 0s],		train_loss: 7.3514
5:	[0s / 0s],		train_loss: 7.2458
6:	[0s / 0s],		train_loss: 6.0022
7:	[0s / 0s],		train_loss: 5.3437
8:	[0s / 0s],		train_loss: 4.6943
9:	[0s / 0s],		train_loss: 4.6811
10:	[0s / 0s],		train_loss: 4.5758
11:	[0s / 0s],		train_loss: 5.0769
12:	[0s / 0s],		train_loss: 5.0250
13:	[0s / 0s],		train_loss: 5.2389
14:	[0s / 0s],		train_loss: 5.3075
15:	[0s / 0s],		train_loss: 4.8808
16:	[0s / 0s],		train_loss: 4.6160
C-index TRAIN: 0.7542049726109077
C-index TEST : 0.7666245122586713
Fitting deepsurv_vanilla.pt...
0:	[0s / 0s],		train_loss: 4.7884
1:	[0s / 0s],		train_loss: 4.6323
2:	[0s / 0s],		train_loss: 4.6042
3:	[0s / 0s],		train_loss: 4.5658
4:	[0s / 0s],		train_loss: 4.5635
5:	[0s / 0s],		train_loss: 4.5595
6:	[0s / 0s],		train_loss: 4.5354
7:	[0s / 0s],		train_loss: 4.5447
8:	[0s / 0s],		train_loss: 4.5333
9:	[0s / 0s],		train_loss: 4.5514
10:	[0s / 0s],		train_loss: 4.5239
11:	[0s / 0s],		train_loss: 4.5176
12:	[0s / 0s],		train_loss: 4.5127
13:	[0s / 0s],		train_loss: 4.4741
C-index TRAIN: 0.7655071830969541
C-index TEST : 0.757549663823892
Fitting Cox model...
C-index TRAIN: 0.7711455548065121
C-index TEST : 0.7817143075026373
Evaluating method: imputer_bayesian
Fitting Random Survival Forest model...
C-index TRAIN: 0.9054143907013464
C-index TEST : 0.7851459728771337
Fitting deepsurv_simple.pt...
0:	[0s / 0s],		train_loss: 55.4685
1:	[0s / 0s],		train_loss: 15.2285
2:	[0s / 0s],		train_loss: 12.2245
3:	[0s / 0s],		train_loss: 7.3181
4:	[0s / 0s],		train_loss: 6.4878
5:	[0s / 0s],		train_loss: 7.3696
6:	[0s / 0s],		train_loss: 7.1466
7:	[0s / 0s],		train_loss: 6.0789
8:	[0s / 0s],		train_loss: 8.6227
9:	[0s / 0s],		train_loss: 11.0374
10:	[0s / 0s],		train_loss: 9.8156
11:	[0s / 0s],		train_loss: 8.4760
12:	[0s / 0s],		train_loss: 8.8746
13:	[0s / 0s],		train_loss: 7.4487
14:	[0s / 0s],		train_loss: 6.2303
15:	[0s / 0s],		train_loss: 5.4019
16:	[0s / 0s],		train_loss: 5.0038
C-index TRAIN: 0.7455459853106696
C-index TEST : 0.7418005439825112
Fitting deepsurv_vanilla.pt...
0:	[0s / 0s],		train_loss: 4.7744
1:	[0s / 0s],		train_loss: 4.5882
2:	[0s / 0s],		train_loss: 4.5547
3:	[0s / 0s],		train_loss: 4.5172
4:	[0s / 0s],		train_loss: 4.5302
5:	[0s / 0s],		train_loss: 4.5178
6:	[0s / 0s],		train_loss: 4.5065
7:	[0s / 0s],		train_loss: 4.4982
8:	[0s / 0s],		train_loss: 4.5035
9:	[0s / 0s],		train_loss: 4.5083
10:	[0s / 0s],		train_loss: 4.4786
11:	[0s / 0s],		train_loss: 4.4829
12:	[0s / 0s],		train_loss: 4.4914
13:	[0s / 0s],		train_loss: 4.4566
C-index TRAIN: 0.7769943066341893
C-index TEST : 0.7713303422768464
Fitting Cox model...
C-index TRAIN: 0.7756344021689083
C-index TEST : 0.7866489152124455
[fold=3, target=50%] actual NaN%: 50.0%
X_train shape: (5162, 76), X_test shape: (1290, 76)
Generating TabPFN Embeddings...
Successfully generated embeddings with shape: (5162, 192)
Fitting SimpleImputer (mean)...
Fitting SimpleImputer (median)...
Fitting SimpleImputer (constant, fill=-1)...
Fitting KNNImputer...
Fitting IterativeImputer (BayesianRidge, MICE-like)...
Fitting DeepSurv Simple pilot model...
0:	[0s / 0s],		train_loss: 113.2369,	val_loss: 29.9126
1:	[0s / 0s],		train_loss: 15.3239,	val_loss: 12.8617
2:	[0s / 0s],		train_loss: 9.6810,	val_loss: 10.5278
3:	[0s / 0s],		train_loss: 7.9301,	val_loss: 10.3676
4:	[0s / 0s],		train_loss: 7.9299,	val_loss: 9.6250
5:	[0s / 0s],		train_loss: 6.9316,	val_loss: 8.1780
6:	[0s / 0s],		train_loss: 5.6159,	val_loss: 10.6528
7:	[0s / 0s],		train_loss: 6.9983,	val_loss: 9.5118
8:	[0s / 0s],		train_loss: 7.2528,	val_loss: 9.1557
9:	[0s / 0s],		train_loss: 6.5966,	val_loss: 7.9691
10:	[0s / 0s],		train_loss: 5.3016,	val_loss: 6.8373
11:	[0s / 0s],		train_loss: 4.7540,	val_loss: 6.7572
12:	[0s / 0s],		train_loss: 4.6560,	val_loss: 6.5940
13:	[0s / 0s],		train_loss: 4.6337,	val_loss: 6.6451
14:	[0s / 0s],		train_loss: 4.7157,	val_loss: 6.9412
15:	[0s / 0s],		train_loss: 5.2321,	val_loss: 6.9752
16:	[0s / 0s],		train_loss: 5.0666,	val_loss: 6.8241
17:	[0s / 0s],		train_loss: 4.7598,	val_loss: 6.5792
18:	[0s / 0s],		train_loss: 4.6729,	val_loss: 6.7117
19:	[0s / 0s],		train_loss: 4.6878,	val_loss: 6.5840
20:	[0s / 0s],		train_loss: 4.6403,	val_loss: 6.5478
21:	[0s / 0s],		train_loss: 4.6701,	val_loss: 6.7594
22:	[0s / 0s],		train_loss: 4.8435,	val_loss: 6.7354
23:	[0s / 0s],		train_loss: 4.7418,	val_loss: 6.7303
24:	[0s / 0s],		train_loss: 4.8421,	val_loss: 6.5862
25:	[0s / 0s],		train_loss: 5.0763,	val_loss: 7.0830
26:	[0s / 0s],		train_loss: 5.1595,	val_loss: 7.0100
27:	[0s / 0s],		train_loss: 5.0150,	val_loss: 6.8418
28:	[0s / 0s],		train_loss: 4.9552,	val_loss: 6.8361
29:	[0s / 0s],		train_loss: 4.9004,	val_loss: 6.6695
30:	[0s / 0s],		train_loss: 4.7819,	val_loss: 6.7277
31:	[0s / 1s],		train_loss: 4.8018,	val_loss: 6.7626
32:	[0s / 1s],		train_loss: 7.3424,	val_loss: 11.6206
33:	[0s / 1s],		train_loss: 8.9016,	val_loss: 10.2509
34:	[0s / 1s],		train_loss: 7.4024,	val_loss: 9.6894
35:	[0s / 1s],		train_loss: 6.2027,	val_loss: 9.9827
36:	[0s / 1s],		train_loss: 8.4923,	val_loss: 9.6090
37:	[0s / 1s],		train_loss: 7.7690,	val_loss: 8.8767
38:	[0s / 1s],		train_loss: 6.0007,	val_loss: 6.8149
39:	[0s / 1s],		train_loss: 4.9026,	val_loss: 6.6526
40:	[0s / 1s],		train_loss: 4.7080,	val_loss: 6.6254
Saved fixed_epochs=21 → nan/tabpfn/OrmoniTirodei/nan_percentage0.5/seed77/fold3/fixed_epochs_deepsurv_simple.json
Fitting DeepSurv Vanilla pilot model...
0:	[0s / 0s],		train_loss: 4.9499,	val_loss: 6.6405
1:	[0s / 0s],		train_loss: 4.7367,	val_loss: 6.6378
2:	[0s / 0s],		train_loss: 4.7079,	val_loss: 6.5540
3:	[0s / 0s],		train_loss: 4.6717,	val_loss: 6.5698
4:	[0s / 0s],		train_loss: 4.6733,	val_loss: 6.5130
5:	[0s / 0s],		train_loss: 4.6611,	val_loss: 6.5217
6:	[0s / 0s],		train_loss: 4.6235,	val_loss: 6.5038
7:	[0s / 0s],		train_loss: 4.6170,	val_loss: 6.5204
8:	[0s / 0s],		train_loss: 4.6251,	val_loss: 6.5222
9:	[0s / 0s],		train_loss: 4.6058,	val_loss: 6.5276
10:	[0s / 0s],		train_loss: 4.6103,	val_loss: 6.4912
11:	[0s / 0s],		train_loss: 4.5974,	val_loss: 6.4915
12:	[0s / 0s],		train_loss: 4.5838,	val_loss: 6.5245
13:	[0s / 0s],		train_loss: 4.5522,	val_loss: 6.5689
14:	[0s / 0s],		train_loss: 4.5906,	val_loss: 6.4814
15:	[0s / 0s],		train_loss: 4.5675,	val_loss: 6.4862
16:	[0s / 0s],		train_loss: 4.5583,	val_loss: 6.4755
17:	[0s / 0s],		train_loss: 4.5856,	val_loss: 6.5364
18:	[0s / 0s],		train_loss: 4.5736,	val_loss: 6.4908
19:	[0s / 0s],		train_loss: 4.5944,	val_loss: 6.4985
20:	[0s / 0s],		train_loss: 4.5778,	val_loss: 6.4720
21:	[0s / 0s],		train_loss: 4.5581,	val_loss: 6.4780
22:	[0s / 1s],		train_loss: 4.5551,	val_loss: 6.4600
23:	[0s / 1s],		train_loss: 4.5423,	val_loss: 6.5013
24:	[0s / 1s],		train_loss: 4.5631,	val_loss: 6.5149
25:	[0s / 1s],		train_loss: 4.5562,	val_loss: 6.5435
26:	[0s / 1s],		train_loss: 4.5550,	val_loss: 6.5189
27:	[0s / 1s],		train_loss: 4.5620,	val_loss: 6.4630
28:	[0s / 1s],		train_loss: 4.5688,	val_loss: 6.4921
29:	[0s / 1s],		train_loss: 4.5584,	val_loss: 6.4877
30:	[0s / 1s],		train_loss: 4.5590,	val_loss: 6.4656
31:	[0s / 1s],		train_loss: 4.5432,	val_loss: 6.4839
32:	[0s / 1s],		train_loss: 4.5427,	val_loss: 6.4757
33:	[0s / 1s],		train_loss: 4.5217,	val_loss: 6.4711
34:	[0s / 1s],		train_loss: 4.5208,	val_loss: 6.4778
35:	[0s / 1s],		train_loss: 4.5255,	val_loss: 6.4938
36:	[0s / 1s],		train_loss: 4.4918,	val_loss: 6.4904
37:	[0s / 1s],		train_loss: 4.5232,	val_loss: 6.4757
38:	[0s / 1s],		train_loss: 4.5079,	val_loss: 6.5002
39:	[0s / 1s],		train_loss: 4.5165,	val_loss: 50.9315
40:	[0s / 1s],		train_loss: 4.4991,	val_loss: 39.8318
41:	[0s / 1s],		train_loss: 4.4936,	val_loss: 6.4625
42:	[0s / 2s],		train_loss: 4.4888,	val_loss: 6.4746
Saved fixed_epochs=23 → nan/tabpfn/OrmoniTirodei/nan_percentage0.5/seed77/fold3/fixed_epochs_deepsurv_vanilla.json
Evaluating method: embeddings
Fitting Random Survival Forest model...
C-index TRAIN: 0.9586876192961382
C-index TEST : 0.758086655905642
Fitting deepsurv_simple.pt...
0:	[0s / 0s],		train_loss: 3.5945
1:	[0s / 0s],		train_loss: 3.3211
2:	[0s / 0s],		train_loss: 3.2860
3:	[0s / 0s],		train_loss: 3.2935
4:	[0s / 0s],		train_loss: 3.2794
5:	[0s / 0s],		train_loss: 3.2701
6:	[0s / 0s],		train_loss: 3.2784
7:	[0s / 0s],		train_loss: 3.2686
8:	[0s / 0s],		train_loss: 3.2798
9:	[0s / 0s],		train_loss: 3.2889
10:	[0s / 0s],		train_loss: 3.2808
11:	[0s / 0s],		train_loss: 3.2806
12:	[0s / 0s],		train_loss: 3.2845
13:	[0s / 0s],		train_loss: 3.2676
14:	[0s / 0s],		train_loss: 3.2744
15:	[0s / 0s],		train_loss: 3.2717
16:	[0s / 0s],		train_loss: 3.2688
17:	[0s / 0s],		train_loss: 3.2612
18:	[0s / 0s],		train_loss: 3.2775
19:	[0s / 0s],		train_loss: 3.2591
20:	[0s / 0s],		train_loss: 3.2713
C-index TRAIN: 0.9112577907540891
C-index TEST : 0.7661701343433445
Fitting deepsurv_vanilla.pt...
0:	[0s / 0s],		train_loss: 3.5129
1:	[0s / 0s],		train_loss: 3.3244
2:	[0s / 0s],		train_loss: 3.3232
3:	[0s / 0s],		train_loss: 3.3128
4:	[0s / 0s],		train_loss: 3.2963
5:	[0s / 0s],		train_loss: 3.3242
6:	[0s / 0s],		train_loss: 3.3168
7:	[0s / 0s],		train_loss: 3.2861
8:	[0s / 0s],		train_loss: 3.2965
9:	[0s / 0s],		train_loss: 3.2938
10:	[0s / 0s],		train_loss: 3.2800
11:	[0s / 0s],		train_loss: 3.2830
12:	[0s / 0s],		train_loss: 3.2777
13:	[0s / 0s],		train_loss: 3.2674
14:	[0s / 0s],		train_loss: 3.2711
15:	[0s / 0s],		train_loss: 3.2812
16:	[0s / 0s],		train_loss: 3.2811
17:	[0s / 0s],		train_loss: 3.2798
18:	[0s / 0s],		train_loss: 3.2738
19:	[0s / 0s],		train_loss: 3.2705
20:	[0s / 0s],		train_loss: 3.2758
21:	[0s / 0s],		train_loss: 3.2738
22:	[0s / 0s],		train_loss: 3.2707
C-index TRAIN: 0.9094503671778965
C-index TEST : 0.5745990035460542
Fitting Cox model...
C-index TRAIN: 0.9099632148518029
C-index TEST : 0.760704889487665
Evaluating method: mean
Fitting Random Survival Forest model...
C-index TRAIN: 0.8655372083997769
C-index TEST : 0.750409893364176
Fitting deepsurv_simple.pt...
0:	[0s / 0s],		train_loss: 57.2237
1:	[0s / 0s],		train_loss: 13.8617
2:	[0s / 0s],		train_loss: 9.6877
3:	[0s / 0s],		train_loss: 7.9925
4:	[0s / 0s],		train_loss: 7.4542
5:	[0s / 0s],		train_loss: 6.3737
6:	[0s / 0s],		train_loss: 5.1986
7:	[0s / 0s],		train_loss: 4.8872
8:	[0s / 0s],		train_loss: 4.6791
9:	[0s / 0s],		train_loss: 4.7828
10:	[0s / 0s],		train_loss: 4.6758
11:	[0s / 0s],		train_loss: 4.8809
12:	[0s / 0s],		train_loss: 5.0705
13:	[0s / 0s],		train_loss: 4.8669
14:	[0s / 0s],		train_loss: 5.3651
15:	[0s / 0s],		train_loss: 4.8281
16:	[0s / 0s],		train_loss: 5.0304
17:	[0s / 0s],		train_loss: 5.7028
18:	[0s / 0s],		train_loss: 5.0071
19:	[0s / 0s],		train_loss: 8.2919
20:	[0s / 0s],		train_loss: 8.6494
C-index TRAIN: 0.5998522171942194
C-index TEST : 0.6057334231497604
Fitting deepsurv_vanilla.pt...
0:	[0s / 0s],		train_loss: 4.8701
1:	[0s / 0s],		train_loss: 4.7031
2:	[0s / 0s],		train_loss: 4.6646
3:	[0s / 0s],		train_loss: 4.6401
4:	[0s / 0s],		train_loss: 4.6594
5:	[0s / 0s],		train_loss: 4.6444
6:	[0s / 0s],		train_loss: 4.6176
7:	[0s / 0s],		train_loss: 4.6193
8:	[0s / 0s],		train_loss: 4.6089
9:	[0s / 0s],		train_loss: 4.6222
10:	[0s / 0s],		train_loss: 4.5994
11:	[0s / 0s],		train_loss: 4.5902
12:	[0s / 0s],		train_loss: 4.5780
13:	[0s / 0s],		train_loss: 4.5840
14:	[0s / 0s],		train_loss: 4.5602
15:	[0s / 0s],		train_loss: 4.5582
16:	[0s / 0s],		train_loss: 4.5809
17:	[0s / 0s],		train_loss: 4.5588
18:	[0s / 0s],		train_loss: 4.5381
19:	[0s / 0s],		train_loss: 4.5410
20:	[0s / 0s],		train_loss: 4.5570
21:	[0s / 0s],		train_loss: 4.5451
22:	[0s / 1s],		train_loss: 4.5356
C-index TRAIN: 0.7520258774927046
C-index TEST : 0.747492977795854
Fitting Cox model...
C-index TRAIN: 0.7500477507504941
C-index TEST : 0.7636090951842296
Evaluating method: median
Fitting Random Survival Forest model...
C-index TRAIN: 0.8416562968337977
C-index TEST : 0.7523894558903901
Fitting deepsurv_simple.pt...
0:	[0s / 0s],		train_loss: 57.1320
1:	[0s / 0s],		train_loss: 10.0428
2:	[0s / 0s],		train_loss: 8.4093
3:	[0s / 0s],		train_loss: 7.2592
4:	[0s / 0s],		train_loss: 6.3584
5:	[0s / 0s],		train_loss: 5.6234
6:	[0s / 0s],		train_loss: 5.0553
7:	[0s / 0s],		train_loss: 5.0342
8:	[0s / 0s],		train_loss: 5.0495
9:	[0s / 0s],		train_loss: 4.8116
10:	[0s / 0s],		train_loss: 4.7619
11:	[0s / 0s],		train_loss: 4.7757
12:	[0s / 0s],		train_loss: 4.9776
13:	[0s / 0s],		train_loss: 4.9031
14:	[0s / 0s],		train_loss: 5.0845
15:	[0s / 0s],		train_loss: 5.4358
16:	[0s / 0s],		train_loss: 5.9121
17:	[0s / 0s],		train_loss: 6.0782
18:	[0s / 0s],		train_loss: 6.3787
19:	[0s / 0s],		train_loss: 7.1000
20:	[0s / 0s],		train_loss: 6.8253
C-index TRAIN: 0.7195060016465012
C-index TEST : 0.7233521651266539
Fitting deepsurv_vanilla.pt...
0:	[0s / 0s],		train_loss: 4.8536
1:	[0s / 0s],		train_loss: 4.7039
2:	[0s / 0s],		train_loss: 4.6730
3:	[0s / 0s],		train_loss: 4.6339
4:	[0s / 0s],		train_loss: 4.6656
5:	[0s / 0s],		train_loss: 4.6400
6:	[0s / 0s],		train_loss: 4.6349
7:	[0s / 0s],		train_loss: 4.6336
8:	[0s / 0s],		train_loss: 4.6161
9:	[0s / 0s],		train_loss: 4.6235
10:	[0s / 0s],		train_loss: 4.5909
11:	[0s / 0s],		train_loss: 4.6062
12:	[0s / 0s],		train_loss: 4.5975
13:	[0s / 0s],		train_loss: 4.5950
14:	[0s / 0s],		train_loss: 4.5724
15:	[0s / 0s],		train_loss: 4.5546
16:	[0s / 0s],		train_loss: 4.5756
17:	[0s / 0s],		train_loss: 4.5611
18:	[0s / 0s],		train_loss: 4.5625
19:	[0s / 0s],		train_loss: 4.5459
20:	[0s / 0s],		train_loss: 4.5519
21:	[0s / 0s],		train_loss: 4.5585
22:	[0s / 0s],		train_loss: 4.5522
C-index TRAIN: 0.7417598813603768
C-index TEST : 0.7376205849082983
Fitting Cox model...
C-index TRAIN: 0.7449724226728499
C-index TEST : 0.7585283239492113
Evaluating method: constant
Fitting Random Survival Forest model...
C-index TRAIN: 0.8833946050048692
C-index TEST : 0.7422056711447782
Fitting deepsurv_simple.pt...
0:	[0s / 0s],		train_loss: 64.9414
1:	[0s / 0s],		train_loss: 11.2558
2:	[0s / 0s],		train_loss: 8.5791
3:	[0s / 0s],		train_loss: 7.3577
4:	[0s / 0s],		train_loss: 6.8093
5:	[0s / 0s],		train_loss: 6.3571
6:	[0s / 0s],		train_loss: 6.1748
7:	[0s / 0s],		train_loss: 5.6964
8:	[0s / 0s],		train_loss: 6.2942
9:	[0s / 0s],		train_loss: 6.1391
10:	[0s / 0s],		train_loss: 5.5498
11:	[0s / 0s],		train_loss: 5.4344
12:	[0s / 0s],		train_loss: 5.6088
13:	[0s / 0s],		train_loss: 5.4795
14:	[0s / 0s],		train_loss: 5.5196
15:	[0s / 0s],		train_loss: 5.8900
16:	[0s / 0s],		train_loss: 5.4139
17:	[0s / 0s],		train_loss: 5.1917
18:	[0s / 0s],		train_loss: 5.2514
19:	[0s / 0s],		train_loss: 4.9528
20:	[0s / 0s],		train_loss: 4.9494
C-index TRAIN: 0.5964431365608719
C-index TEST : 0.5823377267123375
Fitting deepsurv_vanilla.pt...
0:	[0s / 0s],		train_loss: 4.9597
1:	[0s / 0s],		train_loss: 4.8775
2:	[0s / 0s],		train_loss: 4.8500
3:	[0s / 0s],		train_loss: 4.8122
4:	[0s / 0s],		train_loss: 4.8127
5:	[0s / 0s],		train_loss: 4.7977
6:	[0s / 0s],		train_loss: 4.7858
7:	[0s / 0s],		train_loss: 4.7854
8:	[0s / 0s],		train_loss: 4.7728
9:	[0s / 0s],		train_loss: 4.7686
10:	[0s / 0s],		train_loss: 4.7411
11:	[0s / 0s],		train_loss: 4.7725
12:	[0s / 0s],		train_loss: 4.7064
13:	[0s / 0s],		train_loss: 4.6788
14:	[0s / 0s],		train_loss: 4.6506
15:	[0s / 0s],		train_loss: 4.6832
16:	[0s / 0s],		train_loss: 4.6646
17:	[0s / 0s],		train_loss: 4.6161
18:	[0s / 0s],		train_loss: 4.6112
19:	[0s / 0s],		train_loss: 4.6173
20:	[0s / 0s],		train_loss: 4.5751
21:	[0s / 0s],		train_loss: 4.5824
22:	[0s / 0s],		train_loss: 4.5854
C-index TRAIN: 0.7730126783548201
C-index TEST : 0.6225962455038828
Fitting Cox model...
C-index TRAIN: 0.6409459133016151
C-index TEST : 0.6241849794735571
Evaluating method: knn
Fitting Random Survival Forest model...
C-index TRAIN: 0.8934727353825956
C-index TEST : 0.7486622859975343
Fitting deepsurv_simple.pt...
0:	[0s / 0s],		train_loss: 63.9458
1:	[0s / 0s],		train_loss: 13.8233
2:	[0s / 0s],		train_loss: 11.2959
3:	[0s / 0s],		train_loss: 8.9918
4:	[0s / 0s],		train_loss: 7.2515
5:	[0s / 0s],		train_loss: 6.0379
6:	[0s / 0s],		train_loss: 5.9047
7:	[0s / 0s],		train_loss: 6.5287
8:	[0s / 0s],		train_loss: 6.2355
9:	[0s / 0s],		train_loss: 5.8860
10:	[0s / 0s],		train_loss: 5.1809
11:	[0s / 0s],		train_loss: 5.7789
12:	[0s / 0s],		train_loss: 6.2900
13:	[0s / 0s],		train_loss: 5.2217
14:	[0s / 0s],		train_loss: 4.8443
15:	[0s / 0s],		train_loss: 4.8504
16:	[0s / 0s],		train_loss: 4.9443
17:	[0s / 0s],		train_loss: 5.2166
18:	[0s / 0s],		train_loss: 6.0355
19:	[0s / 0s],		train_loss: 7.1226
20:	[0s / 0s],		train_loss: 6.9397
C-index TRAIN: 0.6246065753383199
C-index TEST : 0.6307925240534323
Fitting deepsurv_vanilla.pt...
0:	[0s / 0s],		train_loss: 4.8776
1:	[0s / 0s],		train_loss: 4.7405
2:	[0s / 0s],		train_loss: 4.7028
3:	[0s / 0s],		train_loss: 4.6603
4:	[0s / 0s],		train_loss: 4.6752
5:	[0s / 0s],		train_loss: 4.6610
6:	[0s / 0s],		train_loss: 4.6411
7:	[0s / 0s],		train_loss: 4.6484
8:	[0s / 0s],		train_loss: 4.6223
9:	[0s / 0s],		train_loss: 4.6399
10:	[0s / 0s],		train_loss: 4.6260
11:	[0s / 0s],		train_loss: 4.6295
12:	[0s / 0s],		train_loss: 4.6089
13:	[0s / 0s],		train_loss: 4.5976
14:	[0s / 0s],		train_loss: 4.6095
15:	[0s / 0s],		train_loss: 4.5543
16:	[0s / 0s],		train_loss: 4.5991/scratch.hpc/luca.cotugno/Foundation_model_clinical_data/.venv/lib/python3.12/site-packages/lifelines/utils/__init__.py:1100: ConvergenceWarning: Column(s) [28, 33, 34, 36] have very low variance. This may harm convergence. 1) Are you using formula's? Did you mean to add '-1' to the end. 2) Try dropping this redundant column before fitting if convergence fails.

  warnings.warn(dedent(warning_text), ConvergenceWarning)
/scratch.hpc/luca.cotugno/Foundation_model_clinical_data/.venv/lib/python3.12/site-packages/lifelines/utils/__init__.py:797: RuntimeWarning: invalid value encountered in divide
  return (X - mean) / std
/scratch.hpc/luca.cotugno/Foundation_model_clinical_data/.venv/lib/python3.12/site-packages/lifelines/utils/__init__.py:1100: ConvergenceWarning: Column(s) [28, 33, 34, 36] have very low variance. This may harm convergence. 1) Are you using formula's? Did you mean to add '-1' to the end. 2) Try dropping this redundant column before fitting if convergence fails.

  warnings.warn(dedent(warning_text), ConvergenceWarning)
/scratch.hpc/luca.cotugno/Foundation_model_clinical_data/.venv/lib/python3.12/site-packages/lifelines/utils/__init__.py:797: RuntimeWarning: invalid value encountered in divide
  return (X - mean) / std
/scratch.hpc/luca.cotugno/Foundation_model_clinical_data/.venv/lib/python3.12/site-packages/lifelines/utils/__init__.py:1120: ConvergenceWarning: Column 35 have very low variance when conditioned on death event present or not. This may harm convergence. This could be a form of 'complete separation'. For example, try the following code:

>>> events = df['__e__'].astype(bool)
>>> print(df.loc[events, '35'].var())
>>> print(df.loc[~events, '35'].var())

A very low variance means that the column 35 completely determines whether a subject dies or not. See https://stats.stackexchange.com/questions/11109/how-to-deal-with-perfect-separation-in-logistic-regression.

  warnings.warn(dedent(warning_text), ConvergenceWarning)
/scratch.hpc/luca.cotugno/Foundation_model_clinical_data/.venv/lib/python3.12/site-packages/lifelines/utils/__init__.py:1100: ConvergenceWarning: Column(s) [28, 33, 34, 36] have very low variance. This may harm convergence. 1) Are you using formula's? Did you mean to add '-1' to the end. 2) Try dropping this redundant column before fitting if convergence fails.

  warnings.warn(dedent(warning_text), ConvergenceWarning)
/scratch.hpc/luca.cotugno/Foundation_model_clinical_data/.venv/lib/python3.12/site-packages/lifelines/utils/__init__.py:797: RuntimeWarning: invalid value encountered in divide
  return (X - mean) / std
/scratch.hpc/luca.cotugno/Foundation_model_clinical_data/.venv/lib/python3.12/site-packages/pycox/models/cox.py:251: RuntimeWarning: overflow encountered in exp
  expg = np.exp(self.predict(input, batch_size, True, eval_, num_workers=num_workers)).reshape(1, -1)
/scratch.hpc/luca.cotugno/Foundation_model_clinical_data/.venv/lib/python3.12/site-packages/pycox/models/cox.py:251: RuntimeWarning: overflow encountered in exp
  expg = np.exp(self.predict(input, batch_size, True, eval_, num_workers=num_workers)).reshape(1, -1)
/scratch.hpc/luca.cotugno/Foundation_model_clinical_data/.venv/lib/python3.12/site-packages/lifelines/utils/__init__.py:1100: ConvergenceWarning: Column(s) [28, 33, 34, 36] have very low variance. This may harm convergence. 1) Are you using formula's? Did you mean to add '-1' to the end. 2) Try dropping this redundant column before fitting if convergence fails.

  warnings.warn(dedent(warning_text), ConvergenceWarning)
/scratch.hpc/luca.cotugno/Foundation_model_clinical_data/.venv/lib/python3.12/site-packages/lifelines/utils/__init__.py:797: RuntimeWarning: invalid value encountered in divide
  return (X - mean) / std
/scratch.hpc/luca.cotugno/Foundation_model_clinical_data/.venv/lib/python3.12/site-packages/sklearn/impute/_iterative.py:867: ConvergenceWarning: [IterativeImputer] Early stopping criterion not reached.
  warnings.warn(

17:	[0s / 0s],		train_loss: 4.5938
18:	[0s / 0s],		train_loss: 4.5771
19:	[0s / 0s],		train_loss: 4.5851
20:	[0s / 0s],		train_loss: 4.5819
21:	[0s / 0s],		train_loss: 4.5822
22:	[0s / 0s],		train_loss: 4.5740
C-index TRAIN: 0.7411777374282654
C-index TEST : 0.7338807051436851
Fitting Cox model...
C-index TRAIN: 0.7428950112784043
C-index TEST : 0.7543690184166042
Evaluating method: imputer_bayesian
Fitting Random Survival Forest model...
C-index TRAIN: 0.9106144704981561
C-index TEST : 0.7611274927235984
Fitting deepsurv_simple.pt...
0:	[0s / 0s],		train_loss: 54.2420
1:	[0s / 0s],		train_loss: 20.8955
2:	[0s / 0s],		train_loss: 15.1377
3:	[0s / 0s],		train_loss: 9.8474
4:	[0s / 0s],		train_loss: 6.2040
5:	[0s / 0s],		train_loss: 5.1925
6:	[0s / 0s],		train_loss: 4.8198
7:	[0s / 0s],		train_loss: 5.6381
8:	[0s / 0s],		train_loss: 9.4762
9:	[0s / 0s],		train_loss: 10.9002
10:	[0s / 0s],		train_loss: 11.5543
11:	[0s / 0s],		train_loss: 6.7529
12:	[0s / 0s],		train_loss: 7.9411
13:	[0s / 0s],		train_loss: 5.7759
14:	[0s / 0s],		train_loss: 7.1131
15:	[0s / 0s],		train_loss: 6.3560
16:	[0s / 0s],		train_loss: 5.5142
17:	[0s / 0s],		train_loss: 5.5571
18:	[0s / 0s],		train_loss: 6.5228
19:	[0s / 0s],		train_loss: 12.2033
20:	[0s / 0s],		train_loss: 8.3686
C-index TRAIN: 0.6860479042910715
C-index TEST : 0.6798144994217008
Fitting deepsurv_vanilla.pt...
0:	[0s / 0s],		train_loss: 4.8209
1:	[0s / 0s],		train_loss: 4.6528
2:	[0s / 0s],		train_loss: 4.6186
3:	[0s / 0s],		train_loss: 4.5838
4:	[0s / 0s],		train_loss: 4.6105
5:	[0s / 0s],		train_loss: 4.5970
6:	[0s / 0s],		train_loss: 4.5721
7:	[0s / 0s],		train_loss: 4.5588
8:	[0s / 0s],		train_loss: 4.5767
9:	[0s / 0s],		train_loss: 4.5773
10:	[0s / 0s],		train_loss: 4.5422
11:	[0s / 0s],		train_loss: 4.5565
12:	[0s / 0s],		train_loss: 4.5508
13:	[0s / 0s],		train_loss: 4.5338
14:	[0s / 0s],		train_loss: 4.5404
15:	[0s / 1s],		train_loss: 4.5215
16:	[0s / 1s],		train_loss: 4.5397
17:	[0s / 1s],		train_loss: 4.5279
18:	[0s / 1s],		train_loss: 4.5189
19:	[0s / 1s],		train_loss: 4.5282
20:	[0s / 1s],		train_loss: 4.5324
21:	[0s / 1s],		train_loss: 4.5469
22:	[0s / 1s],		train_loss: 4.5176
C-index TRAIN: 0.7528720115642629
C-index TEST : 0.7426346293165902
Fitting Cox model...
C-index TRAIN: 0.7522696600681742
C-index TEST : 0.7611942195503247
[fold=3, target=70%] actual NaN%: 70.0%
X_train shape: (5162, 76), X_test shape: (1290, 76)
Generating TabPFN Embeddings...
Successfully generated embeddings with shape: (5162, 192)
Fitting SimpleImputer (mean)...
Fitting SimpleImputer (median)...
Fitting SimpleImputer (constant, fill=-1)...
Fitting KNNImputer...
Fitting IterativeImputer (BayesianRidge, MICE-like)...
Fitting DeepSurv Simple pilot model...
0:	[0s / 0s],		train_loss: 90.1449,	val_loss: 18.8446
1:	[0s / 0s],		train_loss: 9.0226,	val_loss: 12.1941
2:	[0s / 0s],		train_loss: 7.8070,	val_loss: 8.8012
3:	[0s / 0s],		train_loss: 6.2646,	val_loss: 7.9891
4:	[0s / 0s],		train_loss: 5.8261,	val_loss: 7.5433
5:	[0s / 0s],		train_loss: 5.4625,	val_loss: 7.2794
6:	[0s / 0s],		train_loss: 5.3771,	val_loss: 7.3313
7:	[0s / 0s],		train_loss: 5.3877,	val_loss: 7.3580
8:	[0s / 0s],		train_loss: 5.0633,	val_loss: 6.9284
9:	[0s / 0s],		train_loss: 4.9383,	val_loss: 6.8505
10:	[0s / 0s],		train_loss: 5.6634,	val_loss: 7.2785
11:	[0s / 0s],		train_loss: 5.2105,	val_loss: 6.8695
12:	[0s / 0s],		train_loss: 4.8129,	val_loss: 6.6962
13:	[0s / 0s],		train_loss: 4.7788,	val_loss: 6.7471
14:	[0s / 0s],		train_loss: 4.9673,	val_loss: 6.7243
15:	[0s / 0s],		train_loss: 6.5618,	val_loss: 9.2697
16:	[0s / 0s],		train_loss: 8.0270,	val_loss: 8.7810
17:	[0s / 0s],		train_loss: 6.7044,	val_loss: 7.3453
18:	[0s / 0s],		train_loss: 5.4648,	val_loss: 6.8853
19:	[0s / 0s],		train_loss: 4.7966,	val_loss: 6.6660
20:	[0s / 0s],		train_loss: 4.7207,	val_loss: 6.6174
21:	[0s / 0s],		train_loss: 4.7805,	val_loss: 6.9854
22:	[0s / 0s],		train_loss: 4.8214,	val_loss: 6.6502
23:	[0s / 0s],		train_loss: 4.8619,	val_loss: 7.0787
24:	[0s / 0s],		train_loss: 4.8417,	val_loss: 6.6839
25:	[0s / 0s],		train_loss: 4.7752,	val_loss: 6.7832
26:	[0s / 0s],		train_loss: 4.9115,	val_loss: 6.7333
27:	[0s / 0s],		train_loss: 4.7726,	val_loss: 6.6438
28:	[0s / 0s],		train_loss: 4.7641,	val_loss: 6.6678
29:	[0s / 0s],		train_loss: 4.9193,	val_loss: 6.6870
30:	[0s / 1s],		train_loss: 4.9552,	val_loss: 7.0438
31:	[0s / 1s],		train_loss: 4.8829,	val_loss: 6.6622
32:	[0s / 1s],		train_loss: 5.6322,	val_loss: 8.1345
33:	[0s / 1s],		train_loss: 5.3209,	val_loss: 6.6802
34:	[0s / 1s],		train_loss: 6.5453,	val_loss: 10.5338
35:	[0s / 1s],		train_loss: 7.8144,	val_loss: 10.5366
36:	[0s / 1s],		train_loss: 8.0424,	val_loss: 8.2914
37:	[0s / 1s],		train_loss: 6.9656,	val_loss: 10.1881
38:	[0s / 1s],		train_loss: 7.7881,	val_loss: 10.5442
39:	[0s / 1s],		train_loss: 10.5155,	val_loss: 11.7776
40:	[0s / 1s],		train_loss: 10.7768,	val_loss: 10.7761
Saved fixed_epochs=21 → nan/tabpfn/OrmoniTirodei/nan_percentage0.7/seed77/fold3/fixed_epochs_deepsurv_simple.json
Fitting DeepSurv Vanilla pilot model...
0:	[0s / 0s],		train_loss: 5.0565,	val_loss: 6.8009
1:	[0s / 0s],		train_loss: 4.8537,	val_loss: 6.7247
2:	[0s / 0s],		train_loss: 4.8107,	val_loss: 6.7023
3:	[0s / 0s],		train_loss: 4.7835,	val_loss: 6.6800
4:	[0s / 0s],		train_loss: 4.7514,	val_loss: 6.6690
5:	[0s / 0s],		train_loss: 4.7597,	val_loss: 6.6441
6:	[0s / 0s],		train_loss: 4.7084,	val_loss: 6.6495
7:	[0s / 0s],		train_loss: 4.7179,	val_loss: 6.6463
8:	[0s / 0s],		train_loss: 4.7259,	val_loss: 6.6243
9:	[0s / 0s],		train_loss: 4.7070,	val_loss: 6.6110
10:	[0s / 0s],		train_loss: 4.7037,	val_loss: 6.6244
11:	[0s / 0s],		train_loss: 4.6868,	val_loss: 6.6261
12:	[0s / 0s],		train_loss: 4.6776,	val_loss: 6.6875
13:	[0s / 0s],		train_loss: 4.6450,	val_loss: 6.6224
14:	[0s / 0s],		train_loss: 4.6924,	val_loss: 6.6610
15:	[0s / 0s],		train_loss: 4.6825,	val_loss: 6.6085
16:	[0s / 0s],		train_loss: 4.6560,	val_loss: 6.6378
17:	[0s / 0s],		train_loss: 4.6596,	val_loss: 6.5844
18:	[0s / 0s],		train_loss: 4.6757,	val_loss: 6.5891
19:	[0s / 0s],		train_loss: 4.6719,	val_loss: 6.6379
20:	[0s / 0s],		train_loss: 4.6655,	val_loss: 6.6087
21:	[0s / 1s],		train_loss: 4.6631,	val_loss: 6.6113
22:	[0s / 1s],		train_loss: 4.6483,	val_loss: 6.6198
23:	[0s / 1s],		train_loss: 4.6369,	val_loss: 6.6002
24:	[0s / 1s],		train_loss: 4.6676,	val_loss: 6.5895
25:	[0s / 1s],		train_loss: 4.6569,	val_loss: 6.5910
26:	[0s / 1s],		train_loss: 4.6525,	val_loss: 6.6018
27:	[0s / 1s],		train_loss: 4.6418,	val_loss: 6.5916
28:	[0s / 1s],		train_loss: 4.6629,	val_loss: 6.6122
29:	[0s / 1s],		train_loss: 4.6598,	val_loss: 6.6060
30:	[0s / 1s],		train_loss: 4.6678,	val_loss: 6.6082
31:	[0s / 1s],		train_loss: 4.6391,	val_loss: 6.5874
32:	[0s / 1s],		train_loss: 4.6402,	val_loss: 6.5905
33:	[0s / 1s],		train_loss: 4.6372,	val_loss: 6.5937
34:	[0s / 1s],		train_loss: 4.6237,	val_loss: 6.6031
35:	[0s / 1s],		train_loss: 4.6381,	val_loss: 6.5978
36:	[0s / 1s],		train_loss: 4.6264,	val_loss: 6.6097
37:	[0s / 1s],		train_loss: 4.6517,	val_loss: 6.6035
Saved fixed_epochs=18 → nan/tabpfn/OrmoniTirodei/nan_percentage0.7/seed77/fold3/fixed_epochs_deepsurv_vanilla.json
Evaluating method: embeddings
Fitting Random Survival Forest model...
C-index TRAIN: 0.9607565416682737
C-index TEST : 0.715899414074912
Fitting deepsurv_simple.pt...
0:	[0s / 0s],		train_loss: 3.5792
1:	[0s / 0s],		train_loss: 3.3254
2:	[0s / 0s],		train_loss: 3.3067
3:	[0s / 0s],		train_loss: 3.3182
4:	[0s / 0s],		train_loss: 3.2932
5:	[0s / 0s],		train_loss: 3.2922
6:	[0s / 0s],		train_loss: 3.2923
7:	[0s / 0s],		train_loss: 3.2842
8:	[0s / 0s],		train_loss: 3.2872
9:	[0s / 0s],		train_loss: 3.3001
10:	[0s / 0s],		train_loss: 3.2970
11:	[0s / 0s],		train_loss: 3.2956
12:	[0s / 0s],		train_loss: 3.2958
13:	[0s / 0s],		train_loss: 3.2802
14:	[0s / 0s],		train_loss: 3.2882
15:	[0s / 0s],		train_loss: 3.2884
16:	[0s / 0s],		train_loss: 3.2774
17:	[0s / 0s],		train_loss: 3.2692
18:	[0s / 0s],		train_loss: 3.2931
19:	[0s / 0s],		train_loss: 3.2733
20:	[0s / 0s],		train_loss: 3.2942
C-index TRAIN: 0.9066299817873563
C-index TEST : 0.6719899846210552
Fitting deepsurv_vanilla.pt...
0:	[0s / 0s],		train_loss: 3.5308
1:	[0s / 0s],		train_loss: 3.3546
2:	[0s / 0s],		train_loss: 3.3331
3:	[0s / 0s],		train_loss: 3.3266
4:	[0s / 0s],		train_loss: 3.3093
5:	[0s / 0s],		train_loss: 3.3326
6:	[0s / 0s],		train_loss: 3.3331
7:	[0s / 0s],		train_loss: 3.3024
8:	[0s / 0s],		train_loss: 3.3076
9:	[0s / 0s],		train_loss: 3.3005
10:	[0s / 0s],		train_loss: 3.2864
11:	[0s / 0s],		train_loss: 3.2992
12:	[0s / 0s],		train_loss: 3.2936
13:	[0s / 0s],		train_loss: 3.2838
14:	[0s / 0s],		train_loss: 3.2884
15:	[0s / 0s],		train_loss: 3.2888
16:	[0s / 0s],		train_loss: 3.2935
17:	[0s / 0s],		train_loss: 3.2961
C-index TRAIN: 0.906759900737493
C-index TEST : 0.686763621805056
Fitting Cox model...
C-index TRAIN: 0.9049522926173372
C-index TEST : 0.6754280049314303
Evaluating method: mean
Fitting Random Survival Forest model...
C-index TRAIN: 0.8247175600778259
C-index TEST : 0.704311188500108
Fitting deepsurv_simple.pt...
0:	[0s / 0s],		train_loss: 52.5221
1:	[0s / 0s],		train_loss: 11.7665
2:	[0s / 0s],		train_loss: 10.3081
3:	[0s / 0s],		train_loss: 7.9772
4:	[0s / 0s],		train_loss: 6.9750
5:	[0s / 0s],		train_loss: 6.6991
6:	[0s / 0s],		train_loss: 6.3502
7:	[0s / 0s],		train_loss: 5.8325
8:	[0s / 0s],		train_loss: 5.7405
9:	[0s / 0s],		train_loss: 5.4462
10:	[0s / 0s],		train_loss: 4.9465
11:	[0s / 0s],		train_loss: 5.0308
12:	[0s / 0s],		train_loss: 5.0005
13:	[0s / 0s],		train_loss: 5.3705
14:	[0s / 0s],		train_loss: 5.0787
15:	[0s / 0s],		train_loss: 4.7374
16:	[0s / 0s],		train_loss: 4.7428
17:	[0s / 0s],		train_loss: 4.7665
18:	[0s / 0s],		train_loss: 4.7264
19:	[0s / 0s],		train_loss: 4.8424
20:	[0s / 0s],		train_loss: 4.9572
C-index TRAIN: 0.6955401075854397
C-index TEST : 0.6865777399306041
Fitting deepsurv_vanilla.pt...
0:	[0s / 0s],		train_loss: 4.9147
1:	[0s / 0s],		train_loss: 4.8049
2:	[0s / 0s],		train_loss: 4.7698
3:	[0s / 0s],		train_loss: 4.7410
4:	[0s / 0s],		train_loss: 4.7434
5:	[0s / 0s],		train_loss: 4.7353
6:	[0s / 0s],		train_loss: 4.7327
7:	[0s / 0s],		train_loss: 4.7291
8:	[0s / 0s],		train_loss: 4.7214
9:	[0s / 0s],		train_loss: 4.7222
10:	[0s / 0s],		train_loss: 4.6861
11:	[0s / 0s],		train_loss: 4.6969
12:	[0s / 0s],		train_loss: 4.6946
13:	[0s / 0s],		train_loss: 4.6911
14:	[0s / 0s],		train_loss: 4.6716
15:	[0s / 1s],		train_loss: 4.6502
16:	[0s / 1s],		train_loss: 4.6636
17:	[0s / 1s],		train_loss: 4.6553
C-index TRAIN: 0.7183595222747332
C-index TEST : 0.7043683829230163
Fitting Cox model...
C-index TRAIN: 0.7166078309754459
C-index TEST : 0.7128712871287128
Evaluating method: median
Fitting Random Survival Forest model...
C-index TRAIN: 0.7930677167464235
C-index TEST : 0.7032213169969115
Fitting deepsurv_simple.pt...
0:	[0s / 0s],		train_loss: 52.0594
1:	[0s / 0s],		train_loss: 10.7992
2:	[0s / 0s],		train_loss: 7.2017
3:	[0s / 0s],		train_loss: 6.5539
4:	[0s / 0s],		train_loss: 6.0501
5:	[0s / 0s],		train_loss: 5.7790
6:	[0s / 0s],		train_loss: 5.5124
7:	[0s / 0s],		train_loss: 5.3377
8:	[0s / 0s],		train_loss: 5.0901
9:	[0s / 0s],		train_loss: 4.9955
10:	[0s / 0s],		train_loss: 5.1012
11:	[0s / 0s],		train_loss: 4.8667
12:	[0s / 0s],		train_loss: 4.7784
13:	[0s / 0s],		train_loss: 4.7511
14:	[0s / 0s],		train_loss: 4.7413
15:	[0s / 0s],		train_loss: 4.7655
16:	[0s / 0s],		train_loss: 4.7980
17:	[0s / 0s],		train_loss: 4.7908
18:	[0s / 0s],		train_loss: 4.8242
19:	[0s / 0s],		train_loss: 4.8052
20:	[0s / 0s],		train_loss: 4.8199
C-index TRAIN: 0.6958488496359778
C-index TEST : 0.6812268839207413
Fitting deepsurv_vanilla.pt...
0:	[0s / 0s],		train_loss: 4.9107
1:	[0s / 0s],		train_loss: 4.7924
2:	[0s / 0s],		train_loss: 4.7634
3:	[0s / 0s],		train_loss: 4.7558
4:	[0s / 0s],		train_loss: 4.7529
5:	[0s / 0s],		train_loss: 4.7544
6:	[0s / 0s],		train_loss: 4.7393
7:	[0s / 0s],		train_loss: 4.7130
8:	[0s / 0s],		train_loss: 4.7181
9:	[0s / 0s],		train_loss: 4.7069
10:	[0s / 0s],		train_loss: 4.7138
11:	[0s / 0s],		train_loss: 4.7225
12:	[0s / 0s],		train_loss: 4.7166
13:	[0s / 0s],		train_loss: 4.6912
14:	[0s / 0s],		train_loss: 4.6785
15:	[0s / 0s],		train_loss: 4.6650
16:	[0s / 0s],		train_loss: 4.6951
17:	[0s / 0s],		train_loss: 4.6696
C-index TRAIN: 0.7118830441560187
C-index TEST : 0.7045717408711346
Fitting Cox model...
C-index TRAIN: 0.708782244213301
C-index TEST : 0.7088359028457403
Evaluating method: constant
Fitting Random Survival Forest model...
C-index TRAIN: 0.8444593350917913
C-index TEST : 0.6847729381410541
Fitting deepsurv_simple.pt...
0:	[0s / 0s],		train_loss: 58.4329
1:	[0s / 0s],		train_loss: 10.2585
2:	[0s / 0s],		train_loss: 7.4207
3:	[0s / 0s],		train_loss: 6.7465
4:	[0s / 0s],		train_loss: 6.3286
5:	[0s / 0s],		train_loss: 5.9228
6:	[0s / 0s],		train_loss: 6.0594
7:	[0s / 0s],		train_loss: 6.0496
8:	[0s / 0s],		train_loss: 6.2222
9:	[0s / 0s],		train_loss: 6.0450
10:	[0s / 0s],		train_loss: 5.9203
11:	[0s / 0s],		train_loss: 5.5610
12:	[0s / 0s],		train_loss: 5.4104
13:	[0s / 0s],		train_loss: 5.8504
14:	[0s / 0s],		train_loss: 5.5116
15:	[0s / 0s],		train_loss: 5.4100
16:	[0s / 0s],		train_loss: 5.8572
17:	[0s / 0s],		train_loss: 5.8806
18:	[0s / 0s],		train_loss: 5.7369
19:	[0s / 0s],		train_loss: 5.6946
20:	[0s / 0s],		train_loss: 5.5973
C-index TRAIN: 0.5610333022499785
C-index TEST : 0.5494763532835953
Fitting deepsurv_vanilla.pt...
0:	[0s / 0s],		train_loss: 4.9700
1:	[0s / 0s],		train_loss: 4.9055
2:	[0s / 0s],		train_loss: 4.8949
3:	[0s / 0s],		train_loss: 4.8786
4:	[0s / 0s],		train_loss: 4.8653
5:	[0s / 0s],		train_loss: 4.8532
6:	[0s / 0s],		train_loss: 4.8482
7:	[0s / 0s],		train_loss: 4.8251
8:	[0s / 0s],		train_loss: 4.8333
9:	[0s / 0s],		train_loss: 4.8073
10:	[0s / 0s],		train_loss: 4.8096
11:	[0s / 0s],		train_loss: 4.7785
12:	[0s / 0s],		train_loss: 4.7567
13:	[0s / 0s],		train_loss: 4.7352
14:	[0s / 0s],		train_loss: 4.7292
15:	[0s / 0s],		train_loss: 4.7362
16:	[0s / 0s],		train_loss: 4.7197
17:	[0s / 0s],		train_loss: 4.6664
C-index TRAIN: 0.7340667971638546
C-index TEST : 0.6016027148286074
Fitting Cox model...
C-index TRAIN: 0.6123323717977701
C-index TEST : 0.5824139859428819
Evaluating method: knn
Fitting Random Survival Forest model...
C-index TRAIN: 0.8840231617437412
C-index TEST : 0.6845822900646933
Fitting deepsurv_simple.pt...
0:	[0s / 0s],		train_loss: 59.6906
1:	[0s / 0s],		train_loss: 13.0316
2:	[0s / 0s],		train_loss: 8.7644
3:	[0s / 0s],		train_loss: 7.4904
4:	[0s / 0s],		train_loss: 5.2841
5:	[0s / 0s],		train_loss: 5.3147
6:	[0s / 0s],		train_loss: 4.8581
7:	[0s / 0s],		train_loss: 4.9027
8:	[0s / 0s],		train_loss: 5.2305
9:	[0s / 0s],		train_loss: 5.6443
10:	[0s / 0s],		train_loss: 6.7975
11:	[0s / 0s],		train_loss: 7.0687
12:	[0s / 0s],		train_loss: 8.6976
13:	[0s / 0s],		train_loss: 10.1620
14:	[0s / 0s],		train_loss: 8.9829
15:	[0s / 0s],		train_loss: 6.5633
16:	[0s / 0s],		train_loss: 6.0879
17:	[0s / 0s],		train_loss: 8.5437
18:	[0s / 0s],		train_loss: 12.5375
19:	[0s / 0s],		train_loss: 8.3403
20:	[0s / 0s],		train_loss: 8.5427
C-index TRAIN: 0.6193499328167702
C-index TEST : 0.6048612082004092
Fitting deepsurv_vanilla.pt...
0:	[0s / 0s],		train_loss: 4.9753
1:	[0s / 0s],		train_loss: 4.8786
2:	[0s / 0s],		train_loss: 4.8374
3:	[0s / 0s],		train_loss: 4.8154
4:	[0s / 0s],		train_loss: 4.8173
5:	[0s / 0s],		train_loss: 4.7885
6:	[0s / 0s],		train_loss: 4.7756
7:	[0s / 0s],		train_loss: 4.7766
8:	[0s / 0s],		train_loss: 4.7737
9:	[0s / 0s],		train_loss: 4.7720
10:	[0s / 0s],		train_loss: 4.7538
11:	[0s / 0s],		train_loss: 4.7697
12:	[0s / 0s],		train_loss: 4.7452
13:	[0s / 0s],		train_loss: 4.7326
14:	[0s / 0s],		train_loss: 4.7401
15:	[0s / 0s],		train_loss: 4.7135
16:	[0s / 0s],		train_loss: 4.7341
17:	[0s / 0s],		train_loss: 4.7162
C-index TRAIN: 0.6878883612366882
C-index TEST : 0.6645356448353437
Fitting Cox model...
C-index TRAIN: 0.6991363157975353
C-index TEST : 0.6885795447323937
Evaluating method: imputer_bayesian
Fitting Random Survival Forest model...
C-index TRAIN: 0.901999773749101
C-index TEST : 0.7091314073640997
Fitting deepsurv_simple.pt...
0:	[0s / 0s],		train_loss: 47.7443
1:	[0s / 0s],		train_loss: 23.8579
2:	[0s / 0s],		train_loss: 12.1355
3:	[0s / 0s],		train_loss: 7.8157
4:	[0s / 0s],		train_loss: 5.2863
5:	[0s / 0s],		train_loss: 6.7820
6:	[0s / 0s],		train_loss: 7.5884
7:	[0s / 0s],		train_loss: 5.9782
8:	[0s / 0s],		train_loss: 5.1279
9:	[0s / 0s],		train_loss: 5.4590
10:	[0s / 0s],		train_loss: 10.4091
11:	[0s / 0s],		train_loss: 11.8504
12:	[0s / 0s],		train_loss: 12.5510
13:	[0s / 0s],		train_loss: 10.7993
14:	[0s / 0s],		train_loss: 11.7648
15:	[0s / 0s],		train_loss: 7.7008
16:	[0s / 0s],		train_loss: 5.1825
17:	[0s / 0s],		train_loss: 5.1533
18:	[0s / 0s],		train_loss: 4.9342
19:	[0s / 0s],		train_loss: 6.0005
20:	[0s / 0s],		train_loss: 6.5697
C-index TRAIN: 0.5762367721193933
C-index TEST : 0.5758112075649157
Fitting deepsurv_vanilla.pt...
0:	[0s / 0s],		train_loss: 4.9772
1:	[0s / 0s],		train_loss: 4.8462
2:	[0s / 0s],		train_loss: 4.7619
3:	[0s / 0s],		train_loss: 4.7360
4:	[0s / 0s],		train_loss: 4.7264
5:	[0s / 0s],		train_loss: 4.7458
6:	[0s / 0s],		train_loss: 4.7133
7:	[0s / 0s],		train_loss: 4.7061
8:	[0s / 0s],		train_loss: 4.6898
9:	[0s / 0s],		train_loss: 4.7106
10:	[0s / 0s],		train_loss: 4.6667
11:	[0s / 0s],		train_loss: 4.6922
12:	[0s / 0s],		train_loss: 4.6744
13:	[0s / 0s],		train_loss: 4.6721
14:	[0s / 0s],		train_loss: 4.6770
15:	[0s / 0s],		train_loss: 4.6522
16:	[0s / 0s],		train_loss: 4.6578
17:	[0s / 0s],		train_loss: 4.6449
C-index TRAIN: 0.7161889161788401
C-index TEST : 0.6929120222676953
Fitting Cox model...
C-index TRAIN: 0.7175054528127545
C-index TEST : 0.7156229743641886
[fold=3, target=90%] actual NaN%: 90.0%
X_train shape: (5162, 76), X_test shape: (1290, 76)
Generating TabPFN Embeddings...
Successfully generated embeddings with shape: (5162, 192)
Fitting SimpleImputer (mean)...
Fitting SimpleImputer (median)...
Fitting SimpleImputer (constant, fill=-1)...
Fitting KNNImputer...
Fitting IterativeImputer (BayesianRidge, MICE-like)...
Fitting DeepSurv Simple pilot model...
0:	[0s / 0s],		train_loss: 61.3337,	val_loss: 33.4991
1:	[0s / 0s],		train_loss: 8.2390,	val_loss: 8.2291
2:	[0s / 0s],		train_loss: 6.6085,	val_loss: 8.1083
3:	[0s / 0s],		train_loss: 5.8628,	val_loss: 7.5817
4:	[0s / 0s],		train_loss: 5.5084,	val_loss: 7.3460
5:	[0s / 0s],		train_loss: 5.3088,	val_loss: 7.2927
6:	[0s / 0s],		train_loss: 5.2901,	val_loss: 7.1784
7:	[0s / 0s],		train_loss: 5.1581,	val_loss: 7.0741
8:	[0s / 0s],		train_loss: 5.1373,	val_loss: 7.0226
9:	[0s / 0s],		train_loss: 5.0611,	val_loss: 6.9752
10:	[0s / 0s],		train_loss: 4.9924,	val_loss: 6.9405
11:	[0s / 0s],		train_loss: 4.9777,	val_loss: 6.9174
12:	[0s / 0s],		train_loss: 4.9665,	val_loss: 6.8914
13:	[0s / 0s],		train_loss: 4.9499,	val_loss: 6.8899
14:	[0s / 0s],		train_loss: 4.9202,	val_loss: 6.8700
15:	[0s / 0s],		train_loss: 4.9113,	val_loss: 6.8428
16:	[0s / 0s],		train_loss: 4.9184,	val_loss: 6.8795
17:	[0s / 0s],		train_loss: 4.9514,	val_loss: 6.8360
18:	[0s / 0s],		train_loss: 4.9339,	val_loss: 7.0001
19:	[0s / 0s],		train_loss: 5.0237,	val_loss: 6.8177
20:	[0s / 0s],		train_loss: 5.0348,	val_loss: 7.3619
21:	[0s / 0s],		train_loss: 5.5149,	val_loss: 6.9885
22:	[0s / 0s],		train_loss: 4.8958,	val_loss: 6.8149
23:	[0s / 0s],		train_loss: 4.8447,	val_loss: 6.8589
24:	[0s / 0s],		train_loss: 4.9004,	val_loss: 6.8350
25:	[0s / 0s],		train_loss: 4.8513,	val_loss: 6.8082
26:	[0s / 0s],		train_loss: 4.8506,	val_loss: 6.7899
27:	[0s / 0s],		train_loss: 4.8351,	val_loss: 6.8477
28:	[0s / 0s],		train_loss: 4.9315,	val_loss: 6.8838
29:	[0s / 1s],		train_loss: 4.9145,	val_loss: 6.8195
30:	[0s / 1s],		train_loss: 4.8660,	val_loss: 6.9643
31:	[0s / 1s],		train_loss: 4.8387,	val_loss: 6.7915
32:	[0s / 1s],		train_loss: 4.8654,	val_loss: 6.8643
33:	[0s / 1s],		train_loss: 4.8734,	val_loss: 6.8314
34:	[0s / 1s],		train_loss: 5.3335,	val_loss: 8.6323
35:	[0s / 1s],		train_loss: 6.5679,	val_loss: 7.1725
36:	[0s / 1s],		train_loss: 4.9107,	val_loss: 6.8361
37:	[0s / 1s],		train_loss: 4.8934,	val_loss: 6.8179
38:	[0s / 1s],		train_loss: 4.8362,	val_loss: 6.8082
39:	[0s / 1s],		train_loss: 4.8250,	val_loss: 6.8291
40:	[0s / 1s],		train_loss: 4.8582,	val_loss: 6.8157
41:	[0s / 1s],		train_loss: 4.8795,	val_loss: 6.8711
42:	[0s / 1s],		train_loss: 4.8890,	val_loss: 6.8585
43:	[0s / 1s],		train_loss: 4.8779,	val_loss: 6.9741
44:	[0s / 1s],		train_loss: 4.9414,	val_loss: 6.8933
45:	[0s / 1s],		train_loss: 4.8638,	val_loss: 6.8482
46:	[0s / 1s],		train_loss: 4.8420,	val_loss: 6.7827
47:	[0s / 1s],		train_loss: 4.9889,	val_loss: 7.3228
48:	[0s / 1s],		train_loss: 5.3224,	val_loss: 6.8841
49:	[0s / 1s],		train_loss: 6.7238,	val_loss: 12.9605
50:	[0s / 1s],		train_loss: 9.3185,	val_loss: 9.1166
51:	[0s / 1s],		train_loss: 5.6943,	val_loss: 7.0980
52:	[0s / 1s],		train_loss: 5.1208,	val_loss: 7.0374
53:	[0s / 1s],		train_loss: 5.0567,	val_loss: 6.9322
54:	[0s / 1s],		train_loss: 7.2899,	val_loss: 9.1358
55:	[0s / 1s],		train_loss: 5.9069,	val_loss: 6.9978
56:	[0s / 1s],		train_loss: 4.9917,	val_loss: 6.9136
57:	[0s / 1s],		train_loss: 4.8928,	val_loss: 6.8203
58:	[0s / 1s],		train_loss: 4.8954,	val_loss: 6.8861
59:	[0s / 1s],		train_loss: 4.8835,	val_loss: 6.8287
60:	[0s / 2s],		train_loss: 5.1166,	val_loss: 7.3305
61:	[0s / 2s],		train_loss: 5.1447,	val_loss: 6.8717
62:	[0s / 2s],		train_loss: 4.8329,	val_loss: 6.8140
63:	[0s / 2s],		train_loss: 4.8232,	val_loss: 6.8097
64:	[0s / 2s],		train_loss: 4.8760,	val_loss: 6.8629
65:	[0s / 2s],		train_loss: 4.9544,	val_loss: 6.9489
66:	[0s / 2s],		train_loss: 4.9531,	val_loss: 6.7968
Saved fixed_epochs=47 → nan/tabpfn/OrmoniTirodei/nan_percentage0.9/seed77/fold3/fixed_epochs_deepsurv_simple.json
Fitting DeepSurv Vanilla pilot model...
0:	[0s / 0s],		train_loss: 4.9887,	val_loss: 6.8283
1:	[0s / 0s],		train_loss: 4.9372,	val_loss: 6.8205
2:	[0s / 0s],		train_loss: 4.9293,	val_loss: 6.8181
3:	[0s / 0s],		train_loss: 4.9010,	val_loss: 6.8023
4:	[0s / 0s],		train_loss: 4.8861,	val_loss: 6.8071
5:	[0s / 0s],		train_loss: 4.8747,	val_loss: 6.7958
6:	[0s / 0s],		train_loss: 4.8703,	val_loss: 6.8083
7:	[0s / 0s],		train_loss: 4.8804,	val_loss: 6.7941
8:	[0s / 0s],		train_loss: 4.8610,	val_loss: 6.7845
9:	[0s / 0s],		train_loss: 4.8556,	val_loss: 6.7956
10:	[0s / 0s],		train_loss: 4.8497,	val_loss: 6.7887
11:	[0s / 0s],		train_loss: 4.8282,	val_loss: 6.7908
12:	[0s / 0s],		train_loss: 4.8350,	val_loss: 6.7681
13:	[0s / 0s],		train_loss: 4.8082,	val_loss: 6.7794
14:	[0s / 0s],		train_loss: 4.8412,	val_loss: 6.8218
15:	[0s / 0s],		train_loss: 4.8247,	val_loss: 6.7716
16:	[0s / 0s],		train_loss: 4.8122,	val_loss: 6.8385
17:	[0s / 0s],		train_loss: 4.8281,	val_loss: 6.8002
18:	[0s / 0s],		train_loss: 4.8208,	val_loss: 6.7773
19:	[0s / 0s],		train_loss: 4.8126,	val_loss: 6.7842
20:	[0s / 0s],		train_loss: 4.8183,	val_loss: 6.7855
21:	[0s / 1s],		train_loss: 4.8147,	val_loss: 6.7741
22:	[0s / 1s],		train_loss: 4.8008,	val_loss: 6.7778
23:	[0s / 1s],		train_loss: 4.8072,	val_loss: 6.8006
24:	[0s / 1s],		train_loss: 4.8019,	val_loss: 6.8164
25:	[0s / 1s],		train_loss: 4.8094,	val_loss: 6.7748
26:	[0s / 1s],		train_loss: 4.8306,	val_loss: 6.7739
27:	[0s / 1s],		train_loss: 4.8045,	val_loss: 6.7918
28:	[0s / 1s],		train_loss: 4.8339,	val_loss: 6.8264
29:	[0s / 1s],		train_loss: 4.7967,	val_loss: 6.7679
30:	[0s / 1s],		train_loss: 4.8129,	val_loss: 6.7769
31:	[0s / 1s],		train_loss: 4.8077,	val_loss: 6.7801
32:	[0s / 1s],		train_loss: 4.8084,	val_loss: 6.7650
33:	[0s / 1s],		train_loss: 4.7967,	val_loss: 6.7879
34:	[0s / 1s],		train_loss: 4.7986,	val_loss: 6.8126
35:	[0s / 1s],		train_loss: 4.8083,	val_loss: 6.7791
36:	[0s / 1s],		train_loss: 4.7807,	val_loss: 6.7823
37:	[0s / 1s],		train_loss: 4.8015,	val_loss: 6.7774
38:	[0s / 1s],		train_loss: 4.8124,	val_loss: 6.8035
39:	[0s / 1s],		train_loss: 4.7964,	val_loss: 6.7752
40:	[0s / 1s],		train_loss: 4.8067,	val_loss: 6.7722
41:	[0s / 1s],		train_loss: 4.7979,	val_loss: 6.7822
42:	[0s / 1s],		train_loss: 4.8021,	val_loss: 6.7817
43:	[0s / 2s],		train_loss: 4.7906,	val_loss: 6.7783
44:	[0s / 2s],		train_loss: 4.7827,	val_loss: 6.8165
45:	[0s / 2s],		train_loss: 4.8043,	val_loss: 6.8069
46:	[0s / 2s],		train_loss: 4.7967,	val_loss: 6.7761
47:	[0s / 2s],		train_loss: 4.7982,	val_loss: 6.7678
48:	[0s / 2s],		train_loss: 4.8078,	val_loss: 6.7827
49:	[0s / 2s],		train_loss: 4.8019,	val_loss: 6.7796
50:	[0s / 2s],		train_loss: 4.7914,	val_loss: 6.7747
51:	[0s / 2s],		train_loss: 4.7713,	val_loss: 6.7911
52:	[0s / 2s],		train_loss: 4.8005,	val_loss: 6.8025
Saved fixed_epochs=33 → nan/tabpfn/OrmoniTirodei/nan_percentage0.9/seed77/fold3/fixed_epochs_deepsurv_vanilla.json
Evaluating method: embeddings
Fitting Random Survival Forest model...
C-index TRAIN: 0.9615260899950782
C-index TEST : 0.6191836449370226
Fitting deepsurv_simple.pt...
0:	[0s / 0s],		train_loss: 3.5496
1:	[0s / 0s],		train_loss: 3.3216
2:	[0s / 0s],		train_loss: 3.3082
3:	[0s / 0s],		train_loss: 3.3325
4:	[0s / 0s],		train_loss: 3.2973
5:	[0s / 0s],		train_loss: 3.3035
6:	[0s / 0s],		train_loss: 3.3075
7:	[0s / 0s],		train_loss: 3.2945
8:	[0s / 0s],		train_loss: 3.3023
9:	[0s / 0s],		train_loss: 3.3208
10:	[0s / 0s],		train_loss: 3.3043
11:	[0s / 0s],		train_loss: 3.2921
12:	[0s / 0s],		train_loss: 3.3108
13:	[0s / 0s],		train_loss: 3.2990
14:	[0s / 0s],		train_loss: 3.3074
15:	[0s / 0s],		train_loss: 3.3098
16:	[0s / 0s],		train_loss: 3.2948
17:	[0s / 0s],		train_loss: 3.2870
18:	[0s / 0s],		train_loss: 3.3030
19:	[0s / 0s],		train_loss: 3.2905
20:	[0s / 0s],		train_loss: 3.3023
21:	[0s / 0s],		train_loss: 3.2956
22:	[0s / 0s],		train_loss: 3.3007
23:	[0s / 0s],		train_loss: 3.2929
24:	[0s / 0s],		train_loss: 3.2974
25:	[0s / 0s],		train_loss: 3.2868
26:	[0s / 0s],		train_loss: 3.3077
27:	[0s / 0s],		train_loss: 3.2829
28:	[0s / 0s],		train_loss: 3.2981
29:	[0s / 0s],		train_loss: 3.2796
30:	[0s / 0s],		train_loss: 3.3077
31:	[0s / 0s],		train_loss: 3.3173
32:	[0s / 0s],		train_loss: 3.3188
33:	[0s / 1s],		train_loss: 3.2778
34:	[0s / 1s],		train_loss: 3.2864
35:	[0s / 1s],		train_loss: 3.2919
36:	[0s / 1s],		train_loss: 3.2947
37:	[0s / 1s],		train_loss: 3.2793
38:	[0s / 1s],		train_loss: 3.2820
39:	[0s / 1s],		train_loss: 3.2913
40:	[0s / 1s],		train_loss: 3.3046
41:	[0s / 1s],		train_loss: 3.2887
42:	[0s / 1s],		train_loss: 3.3030
43:	[0s / 1s],		train_loss: 3.2856
44:	[0s / 1s],		train_loss: 3.2870
45:	[0s / 1s],		train_loss: 3.2787
46:	[0s / 1s],		train_loss: 3.2794
C-index TRAIN: 0.9000669525498716
C-index TEST : 0.5848574587882408
Fitting deepsurv_vanilla.pt...
0:	[0s / 0s],		train_loss: 3.4923
1:	[0s / 0s],		train_loss: 3.3475
2:	[0s / 0s],		train_loss: 3.3470
3:	[0s / 0s],		train_loss: 3.3421
4:	[0s / 0s],		train_loss: 3.3178
5:	[0s / 0s],		train_loss: 3.3456
6:	[0s / 0s],		train_loss: 3.3307
7:	[0s / 0s],		train_loss: 3.3053
8:	[0s / 0s],		train_loss: 3.3223
9:	[0s / 0s],		train_loss: 3.3131
10:	[0s / 0s],		train_loss: 3.2998
11:	[0s / 0s],		train_loss: 3.3136
12:	[0s / 0s],		train_loss: 3.3029
13:	[0s / 0s],		train_loss: 3.2934
14:	[0s / 0s],		train_loss: 3.2932
15:	[0s / 0s],		train_loss: 3.3065
16:	[0s / 0s],		train_loss: 3.2989
17:	[0s / 0s],		train_loss: 3.3061
18:	[0s / 0s],		train_loss: 3.2995
19:	[0s / 0s],		train_loss: 3.2983
20:	[0s / 0s],		train_loss: 3.2988
21:	[0s / 0s],		train_loss: 3.2928
22:	[0s / 0s],		train_loss: 3.2972
23:	[0s / 1s],		train_loss: 3.2852
24:	[0s / 1s],		train_loss: 3.2727
25:	[0s / 1s],		train_loss: 3.2883
26:	[0s / 1s],		train_loss: 3.2908
27:	[0s / 1s],		train_loss: 3.3086
28:	[0s / 1s],		train_loss: 3.3083
29:	[0s / 1s],		train_loss: 3.2785
30:	[0s / 1s],		train_loss: 3.2724
31:	[0s / 1s],		train_loss: 3.2995
32:	[0s / 1s],		train_loss: 3.2801
C-index TRAIN: 0.8987255024809168
C-index TEST : 0.5000857916343624
Fitting Cox model...
C-index TRAIN: 0.8995877841492607
C-index TEST : 0.6095622720166753
Evaluating method: mean
Fitting Random Survival Forest model...
C-index TRAIN: 0.7300158726262802
C-index TEST : 0.6340986794443244
Fitting deepsurv_simple.pt...
0:	[0s / 0s],		train_loss: 34.6378
1:	[0s / 0s],		train_loss: 8.1034
2:	[0s / 0s],		train_loss: 7.9877
3:	[0s / 0s],		train_loss: 6.2789
4:	[0s / 0s],		train_loss: 6.0422
5:	[0s / 0s],		train_loss: 5.5803
6:	[0s / 0s],		train_loss: 5.4779
7:	[0s / 0s],		train_loss: 5.2943
8:	[0s / 0s],		train_loss: 5.1781
9:	[0s / 0s],		train_loss: 5.1074
10:	[0s / 0s],		train_loss: 5.0266
11:	[0s / 0s],		train_loss: 4.9898
12:	[0s / 0s],		train_loss: 4.9436
13:	[0s / 0s],		train_loss: 5.0566
14:	[0s / 0s],		train_loss: 4.8916
15:	[0s / 0s],		train_loss: 4.8708
16:	[0s / 0s],		train_loss: 4.8469
17:	[0s / 0s],		train_loss: 4.8555
18:	[0s / 0s],		train_loss: 4.8341
19:	[0s / 0s],		train_loss: 4.8324
20:	[0s / 0s],		train_loss: 4.8354
21:	[0s / 0s],		train_loss: 4.8367
22:	[0s / 0s],		train_loss: 4.8462
23:	[0s / 0s],		train_loss: 4.8295
24:	[0s / 0s],		train_loss: 4.8842
25:	[0s / 0s],		train_loss: 4.8403
26:	[0s / 0s],		train_loss: 4.8352
27:	[0s / 0s],		train_loss: 4.8530
28:	[0s / 0s],		train_loss: 4.8301
29:	[0s / 0s],		train_loss: 4.8530
30:	[0s / 0s],		train_loss: 4.9198
31:	[0s / 0s],		train_loss: 4.9308
32:	[0s / 0s],		train_loss: 4.8508
33:	[0s / 1s],		train_loss: 4.8671
34:	[0s / 1s],		train_loss: 4.8841
35:	[0s / 1s],		train_loss: 4.8463
36:	[0s / 1s],		train_loss: 4.8291
37:	[0s / 1s],		train_loss: 4.8698
38:	[0s / 1s],		train_loss: 4.8871
39:	[0s / 1s],		train_loss: 4.8875
40:	[0s / 1s],		train_loss: 4.8196
41:	[0s / 1s],		train_loss: 4.8378
42:	[0s / 1s],		train_loss: 4.8457
43:	[0s / 1s],		train_loss: 4.8353
44:	[0s / 1s],		train_loss: 4.8620
45:	[0s / 1s],		train_loss: 4.8471
46:	[0s / 1s],		train_loss: 4.8461
C-index TRAIN: 0.6460234559068185
C-index TEST : 0.6367010256866508
Fitting deepsurv_vanilla.pt...
0:	[0s / 0s],		train_loss: 4.9910
1:	[0s / 0s],		train_loss: 4.9331
2:	[0s / 0s],		train_loss: 4.8945
3:	[0s / 0s],		train_loss: 4.8636
4:	[0s / 0s],		train_loss: 4.8836
5:	[0s / 0s],		train_loss: 4.8906
6:	[0s / 0s],		train_loss: 4.8798
7:	[0s / 0s],		train_loss: 4.8602
8:	[0s / 0s],		train_loss: 4.8607
9:	[0s / 0s],		train_loss: 4.8536
10:	[0s / 0s],		train_loss: 4.8499
11:	[0s / 0s],		train_loss: 4.8423
12:	[0s / 0s],		train_loss: 4.8470
13:	[0s / 0s],		train_loss: 4.8342
14:	[0s / 0s],		train_loss: 4.8289
15:	[0s / 0s],		train_loss: 4.8101
16:	[0s / 0s],		train_loss: 4.8235
17:	[0s / 0s],		train_loss: 4.8200
18:	[0s / 0s],		train_loss: 4.8124
19:	[0s / 0s],		train_loss: 4.7998
20:	[0s / 0s],		train_loss: 4.8118
21:	[0s / 0s],		train_loss: 4.8067
22:	[0s / 0s],		train_loss: 4.8067
23:	[0s / 1s],		train_loss: 4.7991
24:	[0s / 1s],		train_loss: 4.7948
25:	[0s / 1s],		train_loss: 4.7983
26:	[0s / 1s],		train_loss: 4.7921
27:	[0s / 1s],		train_loss: 4.8041
28:	[0s / 1s],		train_loss: 4.7912
29:	[0s / 1s],		train_loss: 4.7854
30:	[0s / 1s],		train_loss: 4.7839
31:	[0s / 1s],		train_loss: 4.7670
32:	[0s / 1s],		train_loss: 4.7854
C-index TRAIN: 0.657194547906967
C-index TEST : 0.6364722479950178
Fitting Cox model...
    Cox fit failed: Convergence halted due to matrix inversion problems. Suspicion is high collinearity. Please see the following tips in the lifelines documentation: https://lifelines.readthedocs.io/en/latest/Examples.html#problems-with-convergence-in-the-cox-proportional-hazard-modelMatrix is singular.
Evaluating method: median
Fitting Random Survival Forest model...
C-index TRAIN: 0.679907480729458
C-index TEST : 0.6372745586497032
Fitting deepsurv_simple.pt...
0:	[0s / 0s],		train_loss: 36.6760
1:	[0s / 0s],		train_loss: 5.9240
2:	[0s / 0s],		train_loss: 5.6259
3:	[0s / 0s],		train_loss: 5.4246
4:	[0s / 0s],		train_loss: 6.2633
5:	[0s / 0s],		train_loss: 5.3845
6:	[0s / 0s],		train_loss: 5.3709
7:	[0s / 0s],		train_loss: 5.3213
8:	[0s / 0s],		train_loss: 5.2807
9:	[0s / 0s],		train_loss: 5.2508
10:	[0s / 0s],		train_loss: 5.1823
11:	[0s / 0s],		train_loss: 5.1414
12:	[0s / 0s],		train_loss: 5.0992
13:	[0s / 0s],		train_loss: 5.5398
14:	[0s / 0s],		train_loss: 5.0512
15:	[0s / 0s],		train_loss: 5.0400
16:	[0s / 0s],		train_loss: 5.0126
17:	[0s / 0s],		train_loss: 5.0361
18:	[0s / 0s],		train_loss: 5.0044
19:	[0s / 0s],		train_loss: 5.0042
20:	[0s / 0s],		train_loss: 5.0018
21:	[0s / 0s],		train_loss: 5.0158
22:	[0s / 0s],		train_loss: 5.0233
23:	[0s / 0s],		train_loss: 5.0071
24:	[0s / 0s],		train_loss: 5.0531
25:	[0s / 0s],		train_loss: 4.9871
26:	[0s / 0s],		train_loss: 4.9793
27:	[0s / 0s],		train_loss: 5.1864
28:	[0s / 0s],		train_loss: 4.9946
29:	[0s / 0s],		train_loss: 4.9899
30:	[0s / 0s],		train_loss: 5.0165
31:	[0s / 0s],		train_loss: 4.9921
32:	[0s / 0s],		train_loss: 4.9928
33:	[0s / 1s],		train_loss: 4.9579
34:	[0s / 1s],		train_loss: 4.9339
35:	[0s / 1s],		train_loss: 4.9534
36:	[0s / 1s],		train_loss: 4.9497
37:	[0s / 1s],		train_loss: 5.0302
38:	[0s / 1s],		train_loss: 5.0824
39:	[0s / 1s],		train_loss: 4.9947
40:	[0s / 1s],		train_loss: 4.9973
41:	[0s / 1s],		train_loss: 4.9122
42:	[0s / 1s],		train_loss: 4.9113
43:	[0s / 1s],		train_loss: 4.9186
44:	[0s / 1s],		train_loss: 4.9603
45:	[0s / 1s],		train_loss: 4.9001
46:	[0s / 1s],		train_loss: 4.9017
C-index TRAIN: 0.6342812926123546
C-index TEST : 0.6277532759694455
Fitting deepsurv_vanilla.pt...
0:	[0s / 0s],		train_loss: 4.9932
1:	[0s / 0s],		train_loss: 4.9240
2:	[0s / 0s],		train_loss: 4.9028
3:	[0s / 0s],		train_loss: 4.8731
4:	[0s / 0s],		train_loss: 4.8798
5:	[0s / 0s],		train_loss: 4.8727
6:	[0s / 0s],		train_loss: 4.8737
7:	[0s / 0s],		train_loss: 4.8590
8:	[0s / 0s],		train_loss: 4.8545
9:	[0s / 0s],		train_loss: 4.8905
10:	[0s / 0s],		train_loss: 4.8588
11:	[0s / 0s],		train_loss: 4.8558
12:	[0s / 0s],		train_loss: 4.8565
13:	[0s / 0s],		train_loss: 4.8523
14:	[0s / 0s],		train_loss: 4.8415
15:	[0s / 0s],		train_loss: 4.8154
16:	[0s / 0s],		train_loss: 4.8312
17:	[0s / 0s],		train_loss: 4.8146
18:	[0s / 0s],		train_loss: 4.8234
19:	[0s / 0s],		train_loss: 4.8114
20:	[0s / 0s],		train_loss: 4.8178
21:	[0s / 0s],		train_loss: 4.8232
22:	[0s / 1s],		train_loss: 4.8250
23:	[0s / 1s],		train_loss: 4.8192
24:	[0s / 1s],		train_loss: 4.8221
25:	[0s / 1s],		train_loss: 4.8171
26:	[0s / 1s],		train_loss: 4.8086
27:	[0s / 1s],		train_loss: 4.8196
28:	[0s / 1s],		train_loss: 4.7975
29:	[0s / 1s],		train_loss: 4.8130
30:	[0s / 1s],		train_loss: 4.7990
31:	[0s / 1s],		train_loss: 4.7934
32:	[0s / 1s],		train_loss: 4.8069
C-index TRAIN: 0.6477796685332058
C-index TEST : 0.6262344462944369
Fitting Cox model...
    Cox fit failed: Convergence halted due to matrix inversion problems. Suspicion is high collinearity. Please see the following tips in the lifelines documentation: https://lifelines.readthedocs.io/en/latest/Examples.html#problems-with-convergence-in-the-cox-proportional-hazard-modelMatrix is singular.
Evaluating method: constant
Fitting Random Survival Forest model...
C-index TRAIN: 0.7663925327607057
C-index TEST : 0.6053044649779483
Fitting deepsurv_simple.pt...
0:	[0s / 0s],		train_loss: 42.6665
1:	[0s / 0s],		train_loss: 7.2819
2:	[0s / 0s],		train_loss: 5.9246
3:	[0s / 0s],		train_loss: 5.4879
4:	[0s / 0s],		train_loss: 5.3645
5:	[0s / 0s],		train_loss: 5.3186
6:	[0s / 0s],		train_loss: 5.2884
7:	[0s / 0s],		train_loss: 5.2448
8:	[0s / 0s],		train_loss: 5.1923
9:	[0s / 0s],		train_loss: 5.1518
10:	[0s / 0s],		train_loss: 5.0769
11:	[0s / 0s],		train_loss: 5.1360
12:	[0s / 0s],		train_loss: 5.1710
13:	[0s / 0s],		train_loss: 5.8119
14:	[0s / 0s],		train_loss: 5.1755
15:	[0s / 0s],		train_loss: 5.1526
16:	[0s / 0s],		train_loss: 5.1726
17:	[0s / 0s],		train_loss: 5.1197
18:	[0s / 0s],		train_loss: 5.1656
19:	[0s / 0s],		train_loss: 5.1641
20:	[0s / 0s],		train_loss: 5.1421
21:	[0s / 0s],		train_loss: 5.1906
22:	[0s / 0s],		train_loss: 5.1732
23:	[0s / 0s],		train_loss: 5.1511
24:	[0s / 0s],		train_loss: 5.1392
25:	[0s / 0s],		train_loss: 5.0965
26:	[0s / 0s],		train_loss: 5.0690
27:	[0s / 0s],		train_loss: 5.0829
28:	[0s / 0s],		train_loss: 5.1643
29:	[0s / 0s],		train_loss: 5.2414
30:	[0s / 0s],		train_loss: 5.3610
31:	[0s / 0s],		train_loss: 5.6568
32:	[0s / 0s],		train_loss: 5.3635
33:	[0s / 0s],		train_loss: 5.2362
34:	[0s / 1s],		train_loss: 5.2919
35:	[0s / 1s],		train_loss: 5.2836
36:	[0s / 1s],		train_loss: 5.2324
37:	[0s / 1s],		train_loss: 5.2833
38:	[0s / 1s],		train_loss: 5.2528
39:	[0s / 1s],		train_loss: 5.2013
40:	[0s / 1s],		train_loss: 5.2518
41:	[0s / 1s],		train_loss: 5.3679
42:	[0s / 1s],		train_loss: 5.3979
43:	[0s / 1s],		train_loss: 5.3001
44:	[0s / 1s],		train_loss: 5.2765
45:	[0s / 1s],		train_loss: 5.6993
46:	[0s / 1s],		train_loss: 5.9987
C-index TRAIN: 0.5406357502625599
C-index TEST : 0.5135614331651394
Fitting deepsurv_vanilla.pt...
0:	[0s / 0s],		train_loss: 4.9767
1:	[0s / 0s],		train_loss: 4.9209
2:	[0s / 0s],		train_loss: 4.9141
3:	[0s / 0s],		train_loss: 4.9058
4:	[0s / 0s],		train_loss: 4.9007
5:	[0s / 0s],		train_loss: 4.8998
6:	[0s / 0s],		train_loss: 4.8942
7:	[0s / 0s],		train_loss: 4.8908
8:	[0s / 0s],		train_loss: 4.9064
9:	[0s / 0s],		train_loss: 4.8907
10:	[0s / 0s],		train_loss: 4.8687
11:	[0s / 0s],		train_loss: 4.8681
12:	[0s / 0s],		train_loss: 4.8462
13:	[0s / 0s],		train_loss: 4.8655
14:	[0s / 0s],		train_loss: 4.8500
15:	[0s / 0s],		train_loss: 4.8161
16:	[0s / 0s],		train_loss: 4.8469
17:	[0s / 0s],		train_loss: 4.7956
18:	[0s / 0s],		train_loss: 4.8221
19:	[0s / 0s],		train_loss: 4.8354
20:	[0s / 0s],		train_loss: 4.8151
21:	[0s / 0s],		train_loss: 4.8237
22:	[0s / 0s],		train_loss: 4.8296
23:	[0s / 1s],		train_loss: 4.8055
24:	[0s / 1s],		train_loss: 4.7846
25:	[0s / 1s],		train_loss: 4.7882
26:	[0s / 1s],		train_loss: 4.7805
27:	[0s / 1s],		train_loss: 4.7761
28:	[0s / 1s],		train_loss: 4.7657
29:	[0s / 1s],		train_loss: 4.7719
30:	[0s / 1s],		train_loss: 4.7696
31:	[0s / 1s],		train_loss: 4.7433
32:	[0s / 1s],		train_loss: 4.7232
C-index TRAIN: 0.6916005553296942
C-index TEST : 0.5292835445290357
Fitting Cox model...
C-index TRAIN: 0.5831465594638481
C-index TEST : 0.5284669352686231
Evaluating method: knn
Fitting Random Survival Forest model...
C-index TRAIN: 0.8900022016094817
C-index TEST : 0.6014692611751548
Fitting deepsurv_simple.pt...
0:	[0s / 0s],		train_loss: 45.3384
1:	[0s / 0s],		train_loss: 12.1916
2:	[0s / 0s],		train_loss: 9.1396
3:	[0s / 0s],		train_loss: 6.5512
4:	[0s / 0s],		train_loss: 6.2308
5:	[0s / 0s],		train_loss: 5.6373
6:	[0s / 0s],		train_loss: 5.1679
7:	[0s / 0s],		train_loss: 4.9096
8:	[0s / 0s],		train_loss: 4.9067
9:	[0s / 0s],		train_loss: 4.9070
10:	[0s / 0s],		train_loss: 4.8895
11:	[0s / 0s],		train_loss: 4.8936
12:	[0s / 0s],		train_loss: 4.9027
13:	[0s / 0s],		train_loss: 4.9446
14:	[0s / 0s],		train_loss: 5.5068
15:	[0s / 0s],		train_loss: 5.5429
16:	[0s / 0s],		train_loss: 5.0743
17:	[0s / 0s],		train_loss: 8.3731
18:	[0s / 0s],		train_loss: 7.8854
19:	[0s / 0s],		train_loss: 7.3940
20:	[0s / 0s],		train_loss: 7.4851
21:	[0s / 0s],		train_loss: 10.7812
22:	[0s / 0s],		train_loss: 8.7273
23:	[0s / 0s],		train_loss: 8.4990
24:	[0s / 0s],		train_loss: 8.3028
25:	[0s / 0s],		train_loss: 6.9054
26:	[0s / 0s],		train_loss: 7.0699
27:	[0s / 0s],		train_loss: 8.7523
28:	[0s / 0s],		train_loss: 9.6246
29:	[0s / 0s],		train_loss: 8.2931
30:	[0s / 0s],		train_loss: 6.6520
31:	[0s / 0s],		train_loss: 5.7271
32:	[0s / 0s],		train_loss: 7.5723
33:	[0s / 0s],		train_loss: 8.1011
34:	[0s / 0s],		train_loss: 6.2636
35:	[0s / 1s],		train_loss: 5.8851
36:	[0s / 1s],		train_loss: 8.2758
37:	[0s / 1s],		train_loss: 8.3444
38:	[0s / 1s],		train_loss: 7.4993
39:	[0s / 1s],		train_loss: 7.1081
40:	[0s / 1s],		train_loss: 6.3509
41:	[0s / 1s],		train_loss: 5.5843
42:	[0s / 1s],		train_loss: 7.3824
43:	[0s / 1s],		train_loss: 8.6707
44:	[0s / 1s],		train_loss: 8.2283
45:	[0s / 1s],		train_loss: 7.3107
46:	[0s / 1s],		train_loss: 10.4145
C-index TRAIN: 0.5426923081891568
C-index TEST : 0.5473236187546867
Fitting deepsurv_vanilla.pt...
0:	[0s / 0s],		train_loss: 4.9970
1:	[0s / 0s],		train_loss: 4.9258
2:	[0s / 0s],		train_loss: 4.9289
3:	[0s / 0s],		train_loss: 4.9043
4:	[0s / 0s],		train_loss: 4.9215
5:	[0s / 0s],		train_loss: 4.9136
6:	[0s / 0s],		train_loss: 4.9242
7:	[0s / 0s],		train_loss: 4.9011
8:	[0s / 0s],		train_loss: 4.9072
9:	[0s / 0s],		train_loss: 4.9094
10:	[0s / 0s],		train_loss: 4.8986
11:	[0s / 0s],		train_loss: 4.9055
12:	[0s / 0s],		train_loss: 4.8842
13:	[0s / 0s],		train_loss: 4.8815
14:	[0s / 0s],		train_loss: 4.8971
15:	[0s / 0s],		train_loss: 4.8887
16:	[0s / 0s],		train_loss: 4.8987
17:	[0s / 0s],		train_loss: 4.8765
18:	[0s / 0s],		train_loss: 4.8832
19:	[0s / 0s],		train_loss: 4.8829
20:	[0s / 0s],		train_loss: 4.8703
21:	[0s / 0s],		train_loss: 4.8911
22:	[0s / 0s],		train_loss: 4.8686
23:	[0s / 1s],		train_loss: 4.8730
24:	[0s / 1s],		train_loss: 4.8835
25:	[0s / 1s],		train_loss: 4.8822
26:	[0s / 1s],		train_loss: 4.8722
27:	[0s / 1s],		train_loss: 4.8752
28:	[0s / 1s],		train_loss: 4.8563
29:	[0s / 1s],		train_loss: 4.8539
30:	[0s / 1s],		train_loss: 4.8521
31:	[0s / 1s],		train_loss: 4.8433
32:	[0s / 1s],		train_loss: 4.8471
C-index TRAIN: 0.623100973414043
C-index TEST : 0.5812224354656261
Fitting Cox model...
    Cox fit failed: Convergence halted due to matrix inversion problems. Suspicion is high collinearity. Please see the following tips in the lifelines documentation: https://lifelines.readthedocs.io/en/latest/Examples.html#problems-with-convergence-in-the-cox-proportional-hazard-modelMatrix is singular.
Evaluating method: imputer_bayesian
Fitting Random Survival Forest model...
C-index TRAIN: 0.8809058451163116
C-index TEST : 0.6167083974122701
Fitting deepsurv_simple.pt...
0:	[0s / 0s],		train_loss: 34.9060
1:	[0s / 0s],		train_loss: 8.0004
2:	[0s / 0s],		train_loss: 8.0865
3:	[0s / 0s],		train_loss: 6.5283
4:	[0s / 0s],		train_loss: 6.0475
5:	[0s / 0s],		train_loss: 5.6044
6:	[0s / 0s],		train_loss: 5.3658
7:	[0s / 0s],		train_loss: 5.1666
8:	[0s / 0s],		train_loss: 5.0545
9:	[0s / 0s],		train_loss: 4.9980
10:	[0s / 0s],		train_loss: 4.9391
11:	[0s / 0s],		train_loss: 4.9253
12:	[0s / 0s],		train_loss: 4.8787
13:	[0s / 0s],		train_loss: 4.9280
14:	[0s / 0s],		train_loss: 5.1941
15:	[0s / 0s],		train_loss: 5.8138
16:	[0s / 0s],		train_loss: 5.5809
17:	[0s / 0s],		train_loss: 5.2929
18:	[0s / 0s],		train_loss: 5.1951
19:	[0s / 0s],		train_loss: 5.0644
20:	[0s / 0s],		train_loss: 4.9745
21:	[0s / 0s],		train_loss: 4.9207
22:	[0s / 0s],		train_loss: 4.8977
23:	[0s / 0s],		train_loss: 4.8767
24:	[0s / 0s],		train_loss: 4.8642
25:	[0s / 0s],		train_loss: 4.8495
26:	[0s / 0s],		train_loss: 4.8400
27:	[0s / 0s],		train_loss: 4.8573
28:	[0s / 0s],		train_loss: 4.8565
29:	[0s / 0s],		train_loss: 4.8760
30:	[0s / 0s],		train_loss: 4.8380
31:	[0s / 0s],		train_loss: 4.8627
32:	[0s / 0s],		train_loss: 4.8517
33:	[0s / 0s],		train_loss: 4.8561
34:	[0s / 0s],		train_loss: 4.8509
35:	[0s / 1s],		train_loss: 5.0829
36:	[0s / 1s],		train_loss: 5.9993
37:	[0s / 1s],		train_loss: 5.7729
38:	[0s / 1s],		train_loss: 5.4008
39:	[0s / 1s],		train_loss: 4.9404
40:	[0s / 1s],		train_loss: 4.8406
41:	[0s / 1s],		train_loss: 4.8167
42:	[0s / 1s],		train_loss: 4.8547
43:	[0s / 1s],		train_loss: 4.8419
44:	[0s / 1s],		train_loss: 4.8626
45:	[0s / 1s],		train_loss: 5.0044
46:	[0s / 1s],		train_loss: 5.1241
C-index TRAIN: 0.6361383585146647
C-index TEST : 0.6438026665310947
Fitting deepsurv_vanilla.pt...
0:	[0s / 0s],		train_loss: 4.9908
1:	[0s / 0s],		train_loss: 4.9374
2:	[0s / 0s],		train_loss: 4.8949
3:	[0s / 0s],		train_loss: 4.8744
4:	[0s / 0s],		train_loss: 4.9088
5:	[0s / 0s],		train_loss: 4.8938
6:	[0s / 0s],		train_loss: 4.8906
7:	[0s / 0s],		train_loss: 4.8673
8:	[0s / 0s],		train_loss: 4.8605
9:	[0s / 0s],		train_loss: 4.8591
10:	[0s / 0s],		train_loss: 4.8403
11:	[0s / 0s],		train_loss: 4.8400
12:	[0s / 0s],		train_loss: 4.8492
13:	[0s / 0s],		train_loss: 4.8391
14:	[0s / 0s],		train_loss: 4.8414
15:	[0s / 0s],		train_loss: 4.8218
16:	[0s / 0s],		train_loss: 4.8385
17:	[0s / 0s],		train_loss: 4.8139
18:	[0s / 0s],		train_loss: 4.8318
19:	[0s / 0s],		train_loss: 4.8169
20:	[0s / 0s],		train_loss: 4.8138
21:	[0s / 0s],		train_loss: 4.8275
22:	[0s / 1s],		train_loss: 4.8168
23:	[0s / 1s],		train_loss: 4.8049
24:	[0s / 1s],		train_loss: 4.8155
25:	[0s / 1s],		train_loss: 4.8107
26:	[0s / 1s],		train_loss: 4.8213
27:	[0s / 1s],		train_loss: 4.8336
28:	[0s / 1s],		train_loss: 4.8141
29:	[0s / 1s],		train_loss: 4.8202
30:	[0s / 1s],		train_loss: 4.8056
31:	[0s / 1s],		train_loss: 4.7825
32:	[0s / 1s],		train_loss: 4.7991
C-index TRAIN: 0.6475118029705303
C-index TEST : 0.639519439748853
Fitting Cox model...
    Cox fit failed: Convergence halted due to matrix inversion problems. Suspicion is high collinearity. Please see the following tips in the lifelines documentation: https://lifelines.readthedocs.io/en/latest/Examples.html#problems-with-convergence-in-the-cox-proportional-hazard-modelMatrix is singular.
Generating NaN ordering → tmp/masks/OrmoniTirodei_tabpfn_seed77_fold4_train.npy
Generating NaN ordering → tmp/masks/OrmoniTirodei_tabpfn_seed77_fold4_test.npy
[fold=4, target=10%] actual NaN%: 10.0%
X_train shape: (5162, 76), X_test shape: (1290, 76)
Generating TabPFN Embeddings...
Successfully generated embeddings with shape: (5162, 192)
Fitting SimpleImputer (mean)...
Fitting SimpleImputer (median)...
Fitting SimpleImputer (constant, fill=-1)...
Fitting KNNImputer...
Fitting IterativeImputer (BayesianRidge, MICE-like)...
Fitting DeepSurv Simple pilot model...
0:	[0s / 0s],		train_loss: 51.5185,	val_loss: 19.4877
1:	[0s / 0s],		train_loss: 13.5050,	val_loss: 12.0896
2:	[0s / 0s],		train_loss: 8.9058,	val_loss: 9.5712
3:	[0s / 0s],		train_loss: 7.4305,	val_loss: 10.7262
4:	[0s / 0s],		train_loss: 7.4576,	val_loss: 10.2424
5:	[0s / 0s],		train_loss: 6.9915,	val_loss: 8.5461
6:	[0s / 0s],		train_loss: 5.7895,	val_loss: 7.5933
7:	[0s / 0s],		train_loss: 5.4626,	val_loss: 6.9369
8:	[0s / 0s],		train_loss: 5.3675,	val_loss: 7.3755
9:	[0s / 0s],		train_loss: 4.9809,	val_loss: 6.5875
10:	[0s / 0s],		train_loss: 6.1302,	val_loss: 9.3833
11:	[0s / 0s],		train_loss: 8.1329,	val_loss: 12.7850
12:	[0s / 0s],		train_loss: 8.5736,	val_loss: 11.7852
13:	[0s / 0s],		train_loss: 7.5707,	val_loss: 9.5810
14:	[0s / 0s],		train_loss: 6.4042,	val_loss: 8.2486
15:	[0s / 0s],		train_loss: 5.4560,	val_loss: 8.2202
16:	[0s / 1s],		train_loss: 8.2157,	val_loss: 9.3032
17:	[0s / 1s],		train_loss: 7.7244,	val_loss: 8.8346
18:	[0s / 1s],		train_loss: 6.7728,	val_loss: 9.5845
19:	[0s / 1s],		train_loss: 8.0193,	val_loss: 10.3365
20:	[0s / 1s],		train_loss: 9.2801,	val_loss: 10.2243
21:	[0s / 1s],		train_loss: 7.4194,	val_loss: 8.0558
22:	[0s / 1s],		train_loss: 6.0462,	val_loss: 9.3422
23:	[0s / 1s],		train_loss: 7.6715,	val_loss: 8.4390
24:	[0s / 1s],		train_loss: 6.0701,	val_loss: 6.9266
25:	[0s / 1s],		train_loss: 4.8749,	val_loss: 6.6400
26:	[0s / 1s],		train_loss: 4.4794,	val_loss: 6.3917
27:	[0s / 1s],		train_loss: 4.5978,	val_loss: 6.5118
28:	[0s / 1s],		train_loss: 4.5308,	val_loss: 6.5936
29:	[0s / 1s],		train_loss: 4.8208,	val_loss: 6.7096
30:	[0s / 1s],		train_loss: 4.5445,	val_loss: 6.3919
31:	[0s / 1s],		train_loss: 4.5635,	val_loss: 6.6342
32:	[0s / 1s],		train_loss: 4.7605,	val_loss: 6.5391
33:	[0s / 2s],		train_loss: 4.7925,	val_loss: 7.2276
34:	[0s / 2s],		train_loss: 4.9474,	val_loss: 6.7853
35:	[0s / 2s],		train_loss: 6.4219,	val_loss: 11.4113
36:	[0s / 2s],		train_loss: 10.3705,	val_loss: 13.3510
37:	[0s / 2s],		train_loss: 9.7557,	val_loss: 10.8668
38:	[0s / 2s],		train_loss: 7.7989,	val_loss: 10.3590
39:	[0s / 2s],		train_loss: 7.3617,	val_loss: 8.6647
40:	[0s / 2s],		train_loss: 8.2458,	val_loss: 9.9361
41:	[0s / 2s],		train_loss: 7.8989,	val_loss: 8.5252
42:	[0s / 2s],		train_loss: 7.2333,	val_loss: 10.9726
43:	[0s / 2s],		train_loss: 8.0060,	val_loss: 11.9986
44:	[0s / 2s],		train_loss: 8.1039,	val_loss: 11.3456
45:	[0s / 2s],		train_loss: 8.9979,	val_loss: 11.7278
46:	[0s / 2s],		train_loss: 8.7606,	val_loss: 11.0211
Saved fixed_epochs=27 → nan/tabpfn/OrmoniTirodei/nan_percentage0.1/seed77/fold4/fixed_epochs_deepsurv_simple.json
Fitting DeepSurv Vanilla pilot model...
0:	[0s / 0s],		train_loss: 4.8264,	val_loss: 6.5344
1:	[0s / 0s],		train_loss: 4.5560,	val_loss: 6.3743
2:	[0s / 0s],		train_loss: 4.4918,	val_loss: 6.3545
3:	[0s / 0s],		train_loss: 4.4907,	val_loss: 6.3566
4:	[0s / 0s],		train_loss: 4.4570,	val_loss: 6.3401
5:	[0s / 0s],		train_loss: 4.4922,	val_loss: 6.3493
6:	[0s / 0s],		train_loss: 4.4419,	val_loss: 6.3119
7:	[0s / 0s],		train_loss: 4.4011,	val_loss: 6.3262
8:	[0s / 0s],		train_loss: 4.4332,	val_loss: 6.3323
9:	[0s / 0s],		train_loss: 4.4329,	val_loss: 6.3315
10:	[0s / 1s],		train_loss: 4.4032,	val_loss: 6.3323
11:	[0s / 1s],		train_loss: 4.4100,	val_loss: 6.3368
12:	[0s / 1s],		train_loss: 4.4075,	val_loss: 6.2962
13:	[0s / 1s],		train_loss: 4.3801,	val_loss: 6.2944
14:	[0s / 1s],		train_loss: 4.4167,	val_loss: 6.3176
15:	[0s / 1s],		train_loss: 4.3833,	val_loss: 6.3087
16:	[0s / 1s],		train_loss: 4.3711,	val_loss: 6.2935
17:	[0s / 1s],		train_loss: 4.3839,	val_loss: 6.3097
18:	[0s / 1s],		train_loss: 4.3679,	val_loss: 6.2883
19:	[0s / 1s],		train_loss: 4.3725,	val_loss: 6.2911
20:	[0s / 1s],		train_loss: 4.3604,	val_loss: 6.3145
21:	[0s / 1s],		train_loss: 4.3784,	val_loss: 6.3598
22:	[0s / 1s],		train_loss: 4.3888,	val_loss: 6.5172
23:	[0s / 1s],		train_loss: 4.3954,	val_loss: 6.7484
24:	[0s / 1s],		train_loss: 4.3800,	val_loss: 6.8382
25:	[0s / 1s],		train_loss: 4.3585,	val_loss: 6.5214
26:	[0s / 1s],		train_loss: 4.3677,	val_loss: 6.9917
27:	[0s / 2s],		train_loss: 4.3630,	val_loss: 6.9973
28:	[0s / 2s],		train_loss: 4.3493,	val_loss: 8.0358
29:	[0s / 2s],		train_loss: 4.3574,	val_loss: 7.4250
30:	[0s / 2s],		train_loss: 4.3668,	val_loss: 7.7797
31:	[0s / 2s],		train_loss: 4.3870,	val_loss: 8.1759
32:	[0s / 2s],		train_loss: 4.3631,	val_loss: 7.6189
33:	[0s / 2s],		train_loss: 4.3557,	val_loss: 7.1499
34:	[0s / 2s],		train_loss: 4.3530,	val_loss: 7.4285
35:	[0s / 2s],		train_loss: 4.3295,	val_loss: 8.3216
36:	[0s / 2s],		train_loss: 4.3830,	val_loss: 10.0443
37:	[0s / 2s],		train_loss: 4.3289,	val_loss: 11.2803
38:	[0s / 2s],		train_loss: 4.3260,	val_loss: 10.4348
Saved fixed_epochs=19 → nan/tabpfn/OrmoniTirodei/nan_percentage0.1/seed77/fold4/fixed_epochs_deepsurv_vanilla.json
Evaluating method: embeddings
Fitting Random Survival Forest model...
C-index TRAIN: 0.9610967656711401
C-index TEST : 0.7803695636900162
Fitting deepsurv_simple.pt...
0:	[0s / 0s],		train_loss: 3.6506
1:	[0s / 0s],		train_loss: 3.2810
2:	[0s / 0s],		train_loss: 3.2480
3:	[0s / 0s],		train_loss: 3.2328
4:	[0s / 0s],		train_loss: 3.2202
5:	[0s / 0s],		train_loss: 3.2240
6:	[0s / 0s],		train_loss: 3.2327
7:	[0s / 0s],		train_loss: 3.2089
8:	[0s / 0s],		train_loss: 3.2063
9:	[0s / 0s],		train_loss: 3.2096
10:	[0s / 0s],		train_loss: 3.2215
11:	[0s / 0s],		train_loss: 3.1927
12:	[0s / 0s],		train_loss: 3.2170
13:	[0s / 0s],		train_loss: 3.2008
14:	[0s / 0s],		train_loss: 3.2191
15:	[0s / 0s],		train_loss: 3.2020
16:	[0s / 0s],		train_loss: 3.2035
17:	[0s / 0s],		train_loss: 3.2066
18:	[0s / 0s],		train_loss: 3.1974
19:	[0s / 0s],		train_loss: 3.1940
20:	[0s / 0s],		train_loss: 3.1803
21:	[0s / 0s],		train_loss: 3.1815
22:	[0s / 0s],		train_loss: 3.1852
23:	[0s / 0s],		train_loss: 3.1828
24:	[0s / 0s],		train_loss: 3.2009
25:	[0s / 0s],		train_loss: 3.2069
26:	[0s / 0s],		train_loss: 3.1859
C-index TRAIN: 0.9217351878732368
C-index TEST : 0.7761568186608586
Fitting deepsurv_vanilla.pt...
0:	[0s / 0s],		train_loss: 3.3778
1:	[0s / 0s],		train_loss: 3.3100
2:	[0s / 0s],		train_loss: 3.2603
3:	[0s / 0s],		train_loss: 3.2209
4:	[0s / 0s],		train_loss: 3.2283
5:	[0s / 0s],		train_loss: 3.2110
6:	[0s / 0s],		train_loss: 3.2317
7:	[0s / 0s],		train_loss: 3.2275
8:	[0s / 0s],		train_loss: 3.1958
9:	[0s / 0s],		train_loss: 3.2251
10:	[0s / 0s],		train_loss: 3.2081
11:	[0s / 0s],		train_loss: 3.1951
12:	[0s / 0s],		train_loss: 3.2171
13:	[0s / 0s],		train_loss: 3.2060
14:	[0s / 0s],		train_loss: 3.2187
15:	[0s / 0s],		train_loss: 3.2032
16:	[0s / 0s],		train_loss: 3.1661
17:	[0s / 0s],		train_loss: 3.2008
18:	[0s / 0s],		train_loss: 3.1953
C-index TRAIN: 0.9202292021892372
C-index TEST : 0.7687824070821331
Fitting Cox model...
C-index TRAIN: 0.9195049509850387
C-index TEST : 0.7781156467364575
Evaluating method: mean
Fitting Random Survival Forest model...
C-index TRAIN: 0.904868985717119
C-index TEST : 0.779551745942528
Fitting deepsurv_simple.pt...
0:	[0s / 0s],		train_loss: 23.8984
1:	[0s / 0s],		train_loss: 10.4977
2:	[0s / 0s],		train_loss: 9.1050
3:	[0s / 0s],		train_loss: 7.5339
4:	[0s / 0s],		train_loss: 6.1579
5:	[0s / 0s],		train_loss: 6.2689
6:	[0s / 0s],		train_loss: 5.2432
7:	[0s / 0s],		train_loss: 4.7565
8:	[0s / 0s],		train_loss: 4.6892
9:	[0s / 0s],		train_loss: 4.5620
10:	[0s / 0s],		train_loss: 4.7355
11:	[0s / 0s],		train_loss: 4.5829
12:	[0s / 0s],		train_loss: 4.5704
13:	[0s / 0s],		train_loss: 4.6846
14:	[0s / 0s],		train_loss: 4.8634
15:	[0s / 0s],		train_loss: 4.8724
16:	[0s / 0s],		train_loss: 5.1605
17:	[0s / 0s],		train_loss: 6.4777
18:	[0s / 0s],		train_loss: 5.3912
19:	[0s / 0s],		train_loss: 4.8178
20:	[0s / 0s],		train_loss: 5.6216
21:	[0s / 0s],		train_loss: 9.2925
22:	[0s / 0s],		train_loss: 8.2181
23:	[0s / 0s],		train_loss: 8.0051
24:	[0s / 0s],		train_loss: 9.8002
25:	[0s / 0s],		train_loss: 11.7861
26:	[0s / 0s],		train_loss: 12.1212
C-index TRAIN: 0.7005074707320667
C-index TEST : 0.7110630225532214
Fitting deepsurv_vanilla.pt...
0:	[0s / 0s],		train_loss: 4.8368
1:	[0s / 0s],		train_loss: 4.5670
2:	[0s / 0s],		train_loss: 4.5555
3:	[0s / 0s],		train_loss: 4.4850
4:	[0s / 0s],		train_loss: 4.4549
5:	[0s / 0s],		train_loss: 4.4624
6:	[0s / 0s],		train_loss: 4.4943
7:	[0s / 0s],		train_loss: 4.4559
8:	[0s / 0s],		train_loss: 4.4254
9:	[0s / 0s],		train_loss: 4.4094
10:	[0s / 0s],		train_loss: 4.4200
11:	[0s / 0s],		train_loss: 4.4107
12:	[0s / 0s],		train_loss: 4.4194
13:	[0s / 0s],		train_loss: 4.3964
14:	[0s / 0s],		train_loss: 4.4024
15:	[0s / 0s],		train_loss: 4.4176
16:	[0s / 0s],		train_loss: 4.3740
17:	[0s / 0s],		train_loss: 4.3843
18:	[0s / 0s],		train_loss: 4.3834
C-index TRAIN: 0.7892217716193267
C-index TEST : 0.7606126607180496
Fitting Cox model...
C-index TRAIN: 0.7931770778015198
C-index TEST : 0.7746926157521253
Evaluating method: median
Fitting Random Survival Forest model...
C-index TRAIN: 0.8967533750486799
C-index TEST : 0.7761652497716575
Fitting deepsurv_simple.pt...
0:	[0s / 0s],		train_loss: 24.6826
1:	[0s / 0s],		train_loss: 10.9951
2:	[0s / 0s],		train_loss: 7.5555
3:	[0s / 0s],		train_loss: 5.9673
4:	[0s / 0s],		train_loss: 6.0446
5:	[0s / 0s],		train_loss: 5.6978
6:	[0s / 0s],		train_loss: 4.9129
7:	[0s / 0s],		train_loss: 4.7740
8:	[0s / 0s],		train_loss: 4.6239
9:	[0s / 0s],		train_loss: 4.8696
10:	[0s / 0s],		train_loss: 4.9408
11:	[0s / 0s],		train_loss: 5.1596
12:	[0s / 0s],		train_loss: 6.5814
13:	[0s / 0s],		train_loss: 6.4703
14:	[0s / 0s],		train_loss: 6.6250
15:	[0s / 0s],		train_loss: 7.1140
16:	[0s / 0s],		train_loss: 7.1504
17:	[0s / 0s],		train_loss: 6.2611
18:	[0s / 0s],		train_loss: 8.4532
19:	[0s / 0s],		train_loss: 9.8456
20:	[0s / 0s],		train_loss: 9.2504
21:	[0s / 0s],		train_loss: 7.4691
22:	[0s / 0s],		train_loss: 6.2177
23:	[0s / 0s],		train_loss: 6.4188
24:	[0s / 0s],		train_loss: 5.2575
25:	[0s / 0s],		train_loss: 5.1680
26:	[0s / 0s],		train_loss: 4.6421
C-index TRAIN: 0.7670912815382372
C-index TEST : 0.7463022553221387
Fitting deepsurv_vanilla.pt...
0:	[0s / 0s],		train_loss: 4.8160
1:	[0s / 0s],		train_loss: 4.5704
2:	[0s / 0s],		train_loss: 4.5476
3:	[0s / 0s],		train_loss: 4.4948
4:	[0s / 0s],		train_loss: 4.4626
5:	[0s / 0s],		train_loss: 4.4588
6:	[0s / 0s],		train_loss: 4.4900
7:	[0s / 0s],		train_loss: 4.4580
8:	[0s / 0s],		train_loss: 4.4281
9:	[0s / 0s],		train_loss: 4.4099
10:	[0s / 0s],		train_loss: 4.4209
11:	[0s / 0s],		train_loss: 4.4129
12:	[0s / 0s],		train_loss: 4.4255
13:	[0s / 0s],		train_loss: 4.3981
14:	[0s / 0s],		train_loss: 4.4127
15:	[0s / 0s],		train_loss: 4.4179
16:	[0s / 0s],		train_loss: 4.3676
17:	[0s / 0s],		train_loss: 4.3855
18:	[0s / 0s],		train_loss: 4.3823
C-index TRAIN: 0.7954073146897178
C-index TEST : 0.763600084311108
Fitting Cox model...
C-index TRAIN: 0.7914284061029727
C-index TEST : 0.7735403639429494
Evaluating method: constant
Fitting Random Survival Forest model...
C-index TRAIN: 0.909667506836132
C-index TEST : 0.7736808824562637
Fitting deepsurv_simple.pt...
0:	[0s / 0s],		train_loss: 29.4492
1:	[0s / 0s],		train_loss: 10.9436
2:	[0s / 0s],		train_loss: 7.3964
3:	[0s / 0s],		train_loss: 6.9150
4:	[0s / 0s],		train_loss: 6.5985
5:	[0s / 0s],		train_loss: 5.4229
6:	[0s / 0s],		train_loss: 5.1056
7:	[0s / 0s],		train_loss: 4.9766
8:	[0s / 0s],		train_loss: 5.4537
9:	[0s / 0s],		train_loss: 5.5824
10:	[0s / 0s],		train_loss: 5.1229
11:	[0s / 0s],		train_loss: 6.4317
12:	[0s / 0s],		train_loss: 6.9297
13:	[0s / 0s],		train_loss: 5.5956
14:	[0s / 0s],		train_loss: 6.2155
15:	[0s / 0s],		train_loss: 6.0251
16:	[0s / 0s],		train_loss: 5.5047
17:	[0s / 0s],		train_loss: 5.8254
18:	[0s / 0s],		train_loss: 7.3458
19:	[0s / 0s],		train_loss: 8.6321
20:	[0s / 0s],		train_loss: 8.7947
21:	[0s / 0s],		train_loss: 10.4079
22:	[0s / 0s],		train_loss: 10.2119
23:	[0s / 0s],		train_loss: 9.1310
24:	[0s / 0s],		train_loss: 7.8408/scratch.hpc/luca.cotugno/Foundation_model_clinical_data/.venv/lib/python3.12/site-packages/sklearn/impute/_iterative.py:867: ConvergenceWarning: [IterativeImputer] Early stopping criterion not reached.
  warnings.warn(
/scratch.hpc/luca.cotugno/Foundation_model_clinical_data/.venv/lib/python3.12/site-packages/pycox/models/cox.py:251: RuntimeWarning: overflow encountered in exp
  expg = np.exp(self.predict(input, batch_size, True, eval_, num_workers=num_workers)).reshape(1, -1)
/scratch.hpc/luca.cotugno/Foundation_model_clinical_data/.venv/lib/python3.12/site-packages/pycox/models/cox.py:251: RuntimeWarning: overflow encountered in exp
  expg = np.exp(self.predict(input, batch_size, True, eval_, num_workers=num_workers)).reshape(1, -1)

25:	[0s / 0s],		train_loss: 6.5743
26:	[0s / 0s],		train_loss: 7.4378
C-index TRAIN: 0.6895946896112494
C-index TEST : 0.6964715801306822
Fitting deepsurv_vanilla.pt...
0:	[0s / 0s],		train_loss: 4.8889
1:	[0s / 0s],		train_loss: 4.7510
2:	[0s / 0s],		train_loss: 4.7279
3:	[0s / 0s],		train_loss: 4.6521
4:	[0s / 0s],		train_loss: 4.5819
5:	[0s / 0s],		train_loss: 4.5770
6:	[0s / 0s],		train_loss: 4.5694
7:	[0s / 0s],		train_loss: 4.5436
8:	[0s / 0s],		train_loss: 4.4958
9:	[0s / 0s],		train_loss: 4.5050
10:	[0s / 0s],		train_loss: 4.4847
11:	[0s / 0s],		train_loss: 4.4826
12:	[0s / 0s],		train_loss: 4.5023
13:	[0s / 0s],		train_loss: 4.4852
14:	[0s / 0s],		train_loss: 4.4760
15:	[0s / 0s],		train_loss: 4.4674
16:	[0s / 0s],		train_loss: 4.4630
17:	[0s / 0s],		train_loss: 4.4535
18:	[0s / 0s],		train_loss: 4.4267
C-index TRAIN: 0.7827792668864736
C-index TEST : 0.746782828637673
Fitting Cox model...
C-index TRAIN: 0.7335436992810023
C-index TEST : 0.7204215555399424
Evaluating method: knn
Fitting Random Survival Forest model...
C-index TRAIN: 0.9071146403050648
C-index TEST : 0.7795461252019954
Fitting deepsurv_simple.pt...
0:	[0s / 0s],		train_loss: 24.4783
1:	[0s / 0s],		train_loss: 10.4765
2:	[0s / 0s],		train_loss: 7.4101
3:	[0s / 0s],		train_loss: 5.4535
4:	[0s / 0s],		train_loss: 5.1919
5:	[0s / 0s],		train_loss: 5.6504
6:	[0s / 0s],		train_loss: 5.0992
7:	[0s / 0s],		train_loss: 5.4613
8:	[0s / 0s],		train_loss: 6.9466
9:	[0s / 0s],		train_loss: 8.8949
10:	[0s / 0s],		train_loss: 7.3462
11:	[0s / 0s],		train_loss: 6.5291
12:	[0s / 0s],		train_loss: 6.0846
13:	[0s / 0s],		train_loss: 5.8214
14:	[0s / 0s],		train_loss: 5.8851
15:	[0s / 0s],		train_loss: 7.0632
16:	[0s / 0s],		train_loss: 7.4638
17:	[0s / 0s],		train_loss: 7.8466
18:	[0s / 0s],		train_loss: 6.6614
19:	[0s / 0s],		train_loss: 6.0339
20:	[0s / 0s],		train_loss: 5.6354
21:	[0s / 0s],		train_loss: 4.6801
22:	[0s / 0s],		train_loss: 4.6384
23:	[0s / 0s],		train_loss: 4.8214
24:	[0s / 0s],		train_loss: 8.4655
25:	[0s / 0s],		train_loss: 9.1972
26:	[0s / 0s],		train_loss: 8.0144
C-index TRAIN: 0.751652549002589
C-index TEST : 0.7373484156537624
Fitting deepsurv_vanilla.pt...
0:	[0s / 0s],		train_loss: 4.8467
1:	[0s / 0s],		train_loss: 4.6053
2:	[0s / 0s],		train_loss: 4.5708
3:	[0s / 0s],		train_loss: 4.5040
4:	[0s / 0s],		train_loss: 4.4678
5:	[0s / 0s],		train_loss: 4.4614
6:	[0s / 0s],		train_loss: 4.4786
7:	[0s / 0s],		train_loss: 4.4638
8:	[0s / 0s],		train_loss: 4.4316
9:	[0s / 0s],		train_loss: 4.4266
10:	[0s / 0s],		train_loss: 4.4191
11:	[0s / 0s],		train_loss: 4.4159
12:	[0s / 0s],		train_loss: 4.4205
13:	[0s / 0s],		train_loss: 4.4024
14:	[0s / 0s],		train_loss: 4.4170
15:	[0s / 0s],		train_loss: 4.4395
16:	[0s / 0s],		train_loss: 4.3868
17:	[0s / 0s],		train_loss: 4.3898
18:	[0s / 0s],		train_loss: 4.3852
C-index TRAIN: 0.789308377216675
C-index TEST : 0.7599325511136092
Fitting Cox model...
C-index TRAIN: 0.7933251638558868
C-index TEST : 0.7754317431321577
Evaluating method: imputer_bayesian
Fitting Random Survival Forest model...
C-index TRAIN: 0.9065040232582663
C-index TEST : 0.7824323754654676
Fitting deepsurv_simple.pt...
0:	[0s / 0s],		train_loss: 26.3230
1:	[0s / 0s],		train_loss: 11.2604
2:	[0s / 0s],		train_loss: 7.9094
3:	[0s / 0s],		train_loss: 6.0315
4:	[0s / 0s],		train_loss: 6.6151
5:	[0s / 0s],		train_loss: 6.5641
6:	[0s / 0s],		train_loss: 5.3869
7:	[0s / 0s],		train_loss: 4.8374
8:	[0s / 0s],		train_loss: 4.8586
9:	[0s / 0s],		train_loss: 4.8904
10:	[0s / 0s],		train_loss: 4.8640
11:	[0s / 0s],		train_loss: 4.8957
12:	[0s / 0s],		train_loss: 5.3243
13:	[0s / 0s],		train_loss: 5.9458
14:	[0s / 0s],		train_loss: 9.8423
15:	[0s / 0s],		train_loss: 8.5340
16:	[0s / 0s],		train_loss: 5.9178
17:	[0s / 0s],		train_loss: 4.7426
18:	[0s / 0s],		train_loss: 5.0012
19:	[0s / 0s],		train_loss: 5.7573
20:	[0s / 0s],		train_loss: 6.2760
21:	[0s / 0s],		train_loss: 5.2660
22:	[0s / 0s],		train_loss: 5.9849
23:	[0s / 0s],		train_loss: 6.5716
24:	[0s / 0s],		train_loss: 9.3719
25:	[0s / 0s],		train_loss: 8.8192
26:	[0s / 0s],		train_loss: 8.4907
C-index TRAIN: 0.7260825794839525
C-index TEST : 0.7310405395910912
Fitting deepsurv_vanilla.pt...
0:	[0s / 0s],		train_loss: 4.7797
1:	[0s / 0s],		train_loss: 4.5387
2:	[0s / 0s],		train_loss: 4.5280
3:	[0s / 0s],		train_loss: 4.4622
4:	[0s / 0s],		train_loss: 4.4424
5:	[0s / 0s],		train_loss: 4.4313
6:	[0s / 0s],		train_loss: 4.4709
7:	[0s / 0s],		train_loss: 4.4385
8:	[0s / 0s],		train_loss: 4.4124
9:	[0s / 0s],		train_loss: 4.3907
10:	[0s / 0s],		train_loss: 4.4012
11:	[0s / 0s],		train_loss: 4.3823
12:	[0s / 0s],		train_loss: 4.3930
13:	[0s / 0s],		train_loss: 4.3721
14:	[0s / 0s],		train_loss: 4.3807
15:	[0s / 0s],		train_loss: 4.4043
16:	[0s / 0s],		train_loss: 4.3666
17:	[0s / 0s],		train_loss: 4.3781
18:	[0s / 0s],		train_loss: 4.3691
C-index TRAIN: 0.799639282928495
C-index TEST : 0.7704883018337666
Fitting Cox model...
C-index TRAIN: 0.7967646432934339
C-index TEST : 0.7774130541698869
[fold=4, target=30%] actual NaN%: 30.0%
X_train shape: (5162, 76), X_test shape: (1290, 76)
Generating TabPFN Embeddings...
Successfully generated embeddings with shape: (5162, 192)
Fitting SimpleImputer (mean)...
Fitting SimpleImputer (median)...
Fitting SimpleImputer (constant, fill=-1)...
Fitting KNNImputer...
Fitting IterativeImputer (BayesianRidge, MICE-like)...
Fitting DeepSurv Simple pilot model...
0:	[0s / 0s],		train_loss: 52.8744,	val_loss: 17.1350
1:	[0s / 0s],		train_loss: 10.5837,	val_loss: 12.4050
2:	[0s / 0s],		train_loss: 7.8743,	val_loss: 9.2677
3:	[0s / 0s],		train_loss: 6.7557,	val_loss: 10.1698
4:	[0s / 0s],		train_loss: 8.1327,	val_loss: 9.8144
5:	[0s / 0s],		train_loss: 6.8276,	val_loss: 8.3177
6:	[0s / 0s],		train_loss: 6.8250,	val_loss: 10.7549
7:	[0s / 0s],		train_loss: 8.6678,	val_loss: 10.8335
8:	[0s / 0s],		train_loss: 7.4330,	val_loss: 8.8238
9:	[0s / 0s],		train_loss: 6.0930,	val_loss: 7.9330
10:	[0s / 0s],		train_loss: 5.2408,	val_loss: 6.7810
11:	[0s / 0s],		train_loss: 4.7695,	val_loss: 6.7324
12:	[0s / 0s],		train_loss: 4.6212,	val_loss: 6.8290
13:	[0s / 0s],		train_loss: 4.7958,	val_loss: 6.7907
14:	[0s / 0s],		train_loss: 4.6086,	val_loss: 6.4641
15:	[0s / 0s],		train_loss: 4.5925,	val_loss: 6.6280
16:	[0s / 0s],		train_loss: 4.8143,	val_loss: 7.4454
17:	[0s / 0s],		train_loss: 5.3256,	val_loss: 7.2801
18:	[0s / 0s],		train_loss: 5.0516,	val_loss: 7.0948
19:	[0s / 0s],		train_loss: 4.7377,	val_loss: 6.6163
20:	[0s / 0s],		train_loss: 4.6863,	val_loss: 6.5341
21:	[0s / 0s],		train_loss: 4.7683,	val_loss: 6.9432
22:	[0s / 0s],		train_loss: 4.8259,	val_loss: 6.4821
23:	[0s / 0s],		train_loss: 4.5438,	val_loss: 6.6177
24:	[0s / 0s],		train_loss: 4.5855,	val_loss: 6.4894
25:	[0s / 0s],		train_loss: 4.5436,	val_loss: 6.5843
26:	[0s / 0s],		train_loss: 7.0639,	val_loss: 9.6138
27:	[0s / 0s],		train_loss: 7.7855,	val_loss: 11.8802
28:	[0s / 0s],		train_loss: 7.6061,	val_loss: 8.5995
29:	[0s / 0s],		train_loss: 8.8769,	val_loss: 11.4445
30:	[0s / 1s],		train_loss: 8.9343,	val_loss: 8.7842
31:	[0s / 1s],		train_loss: 6.7446,	val_loss: 8.3677
32:	[0s / 1s],		train_loss: 7.1031,	val_loss: 9.1270
33:	[0s / 1s],		train_loss: 5.8769,	val_loss: 8.8670
34:	[0s / 1s],		train_loss: 5.2942,	val_loss: 7.3580
Saved fixed_epochs=15 → nan/tabpfn/OrmoniTirodei/nan_percentage0.3/seed77/fold4/fixed_epochs_deepsurv_simple.json
Fitting DeepSurv Vanilla pilot model...
0:	[0s / 0s],		train_loss: 4.9541,	val_loss: 6.7337
1:	[0s / 0s],		train_loss: 4.6872,	val_loss: 6.4756
2:	[0s / 0s],		train_loss: 4.5763,	val_loss: 6.4649
3:	[0s / 0s],		train_loss: 4.5789,	val_loss: 6.4801
4:	[0s / 0s],		train_loss: 4.5613,	val_loss: 6.4426
5:	[0s / 0s],		train_loss: 4.5601,	val_loss: 6.4442
6:	[0s / 0s],		train_loss: 4.5160,	val_loss: 6.4248
7:	[0s / 0s],		train_loss: 4.4694,	val_loss: 6.4038
8:	[0s / 0s],		train_loss: 4.5228,	val_loss: 6.4215
9:	[0s / 0s],		train_loss: 4.4809,	val_loss: 6.4146
10:	[0s / 0s],		train_loss: 4.4843,	val_loss: 6.4446
11:	[0s / 0s],		train_loss: 4.4949,	val_loss: 6.4443
12:	[0s / 0s],		train_loss: 4.4777,	val_loss: 6.4317
13:	[0s / 0s],		train_loss: 4.4849,	val_loss: 6.4173
14:	[0s / 0s],		train_loss: 4.4898,	val_loss: 6.4206
15:	[0s / 0s],		train_loss: 4.4707,	val_loss: 6.4255
16:	[0s / 0s],		train_loss: 4.4691,	val_loss: 6.4078
17:	[0s / 0s],		train_loss: 4.4742,	val_loss: 6.4678
18:	[0s / 0s],		train_loss: 4.4488,	val_loss: 6.3925
19:	[0s / 0s],		train_loss: 4.4616,	val_loss: 6.4174
20:	[0s / 1s],		train_loss: 4.4333,	val_loss: 6.4188
21:	[0s / 1s],		train_loss: 4.4532,	val_loss: 6.3951
22:	[0s / 1s],		train_loss: 4.4608,	val_loss: 6.4106
23:	[0s / 1s],		train_loss: 4.4554,	val_loss: 6.3871
24:	[0s / 1s],		train_loss: 4.4495,	val_loss: 6.4497
25:	[0s / 1s],		train_loss: 4.4426,	val_loss: 6.4171
26:	[0s / 1s],		train_loss: 4.4499,	val_loss: 6.4010
27:	[0s / 1s],		train_loss: 4.4570,	val_loss: 6.4093
28:	[0s / 1s],		train_loss: 4.4499,	val_loss: 6.4348
29:	[0s / 1s],		train_loss: 4.4473,	val_loss: 6.3907
30:	[0s / 1s],		train_loss: 4.4471,	val_loss: 6.3762
31:	[0s / 1s],		train_loss: 4.4614,	val_loss: 6.3991
32:	[0s / 1s],		train_loss: 4.4256,	val_loss: 6.4275
33:	[0s / 1s],		train_loss: 4.4257,	val_loss: 6.3926
34:	[0s / 1s],		train_loss: 4.4475,	val_loss: 6.3971
35:	[0s / 1s],		train_loss: 4.4341,	val_loss: 6.4143
36:	[0s / 1s],		train_loss: 4.4526,	val_loss: 6.4105
37:	[0s / 1s],		train_loss: 4.4114,	val_loss: 6.3739
38:	[0s / 1s],		train_loss: 4.4154,	val_loss: 6.4371
39:	[0s / 1s],		train_loss: 4.3948,	val_loss: 6.4369
40:	[0s / 1s],		train_loss: 4.4219,	val_loss: 6.4048
41:	[0s / 1s],		train_loss: 4.4185,	val_loss: 6.4201
42:	[0s / 2s],		train_loss: 4.4328,	val_loss: 6.3918
43:	[0s / 2s],		train_loss: 4.4201,	val_loss: 6.4152
44:	[0s / 2s],		train_loss: 4.4235,	val_loss: 6.4296
45:	[0s / 2s],		train_loss: 4.3927,	val_loss: 6.3847
46:	[0s / 2s],		train_loss: 4.3896,	val_loss: 6.4581
47:	[0s / 2s],		train_loss: 4.3943,	val_loss: 6.4005
48:	[0s / 2s],		train_loss: 4.3892,	val_loss: 6.4079
49:	[0s / 2s],		train_loss: 4.4051,	val_loss: 6.4216
50:	[0s / 2s],		train_loss: 4.4005,	val_loss: 6.4342
51:	[0s / 2s],		train_loss: 4.4503,	val_loss: 6.4222
52:	[0s / 2s],		train_loss: 4.4232,	val_loss: 6.4104
53:	[0s / 2s],		train_loss: 4.4098,	val_loss: 6.4043
54:	[0s / 2s],		train_loss: 4.4307,	val_loss: 6.3907
55:	[0s / 2s],		train_loss: 4.3901,	val_loss: 6.4577
56:	[0s / 2s],		train_loss: 4.3939,	val_loss: 6.4211
57:	[0s / 2s],		train_loss: 4.3846,	val_loss: 6.4057
Saved fixed_epochs=38 → nan/tabpfn/OrmoniTirodei/nan_percentage0.3/seed77/fold4/fixed_epochs_deepsurv_vanilla.json
Evaluating method: embeddings
Fitting Random Survival Forest model...
C-index TRAIN: 0.9605510552368597
C-index TEST : 0.7363844586524274
Fitting deepsurv_simple.pt...
0:	[0s / 0s],		train_loss: 3.6286
1:	[0s / 0s],		train_loss: 3.2932
2:	[0s / 0s],		train_loss: 3.2615
3:	[0s / 0s],		train_loss: 3.2484
4:	[0s / 0s],		train_loss: 3.2326
5:	[0s / 0s],		train_loss: 3.2443
6:	[0s / 0s],		train_loss: 3.2382
7:	[0s / 0s],		train_loss: 3.2268
8:	[0s / 0s],		train_loss: 3.2321
9:	[0s / 0s],		train_loss: 3.2385
10:	[0s / 0s],		train_loss: 3.2403
11:	[0s / 0s],		train_loss: 3.2143
12:	[0s / 0s],		train_loss: 3.2368
13:	[0s / 0s],		train_loss: 3.2237
14:	[0s / 0s],		train_loss: 3.2441
C-index TRAIN: 0.9129878321990855
C-index TEST : 0.7535192861659523
Fitting deepsurv_vanilla.pt...
0:	[0s / 0s],		train_loss: 3.4093
1:	[0s / 0s],		train_loss: 3.3092
2:	[0s / 0s],		train_loss: 3.2691
3:	[0s / 0s],		train_loss: 3.2358
4:	[0s / 0s],		train_loss: 3.2484
5:	[0s / 0s],		train_loss: 3.2307
6:	[0s / 0s],		train_loss: 3.2484
7:	[0s / 0s],		train_loss: 3.2469
8:	[0s / 0s],		train_loss: 3.2147
9:	[0s / 0s],		train_loss: 3.2334
10:	[0s / 0s],		train_loss: 3.2266
11:	[0s / 0s],		train_loss: 3.1999
12:	[0s / 0s],		train_loss: 3.2330
13:	[0s / 0s],		train_loss: 3.2286
14:	[0s / 0s],		train_loss: 3.2259
15:	[0s / 0s],		train_loss: 3.2216
16:	[0s / 0s],		train_loss: 3.1779
17:	[0s / 0s],		train_loss: 3.2152
18:	[0s / 0s],		train_loss: 3.2221
19:	[0s / 0s],		train_loss: 3.2116
20:	[0s / 0s],		train_loss: 3.2200
21:	[0s / 0s],		train_loss: 3.1929
22:	[0s / 0s],		train_loss: 3.2121
23:	[0s / 1s],		train_loss: 3.2092
24:	[0s / 1s],		train_loss: 3.2051
25:	[0s / 1s],		train_loss: 3.2008
26:	[0s / 1s],		train_loss: 3.2043
27:	[0s / 1s],		train_loss: 3.2236
28:	[0s / 1s],		train_loss: 3.2010
29:	[0s / 1s],		train_loss: 3.2088
30:	[0s / 1s],		train_loss: 3.2205
31:	[0s / 1s],		train_loss: 3.1832
32:	[0s / 1s],		train_loss: 3.1968
33:	[0s / 1s],		train_loss: 3.2223
34:	[0s / 1s],		train_loss: 3.1819
35:	[0s / 1s],		train_loss: 3.2011
36:	[0s / 1s],		train_loss: 3.1958
37:	[0s / 1s],		train_loss: 3.2011
C-index TRAIN: 0.9209113878175809
C-index TEST : 0.720983629593199
Fitting Cox model...
C-index TRAIN: 0.9167992398502999
C-index TEST : 0.7524035691702382
Evaluating method: mean
Fitting Random Survival Forest model...
C-index TRAIN: 0.8915056468752891
C-index TEST : 0.7550565587016089
Fitting deepsurv_simple.pt...
0:	[0s / 0s],		train_loss: 22.7396
1:	[0s / 0s],		train_loss: 10.9903
2:	[0s / 0s],		train_loss: 7.5461
3:	[0s / 0s],		train_loss: 6.4247
4:	[0s / 0s],		train_loss: 5.4985
5:	[0s / 0s],		train_loss: 4.7958
6:	[0s / 0s],		train_loss: 4.9238
7:	[0s / 0s],		train_loss: 4.8660
8:	[0s / 0s],		train_loss: 4.6756
9:	[0s / 0s],		train_loss: 4.7496
10:	[0s / 0s],		train_loss: 4.7716
11:	[0s / 0s],		train_loss: 4.5956
12:	[0s / 0s],		train_loss: 4.5544
13:	[0s / 0s],		train_loss: 4.7572
14:	[0s / 0s],		train_loss: 4.9896
C-index TRAIN: 0.7518818159080968
C-index TEST : 0.7393859340968173
Fitting deepsurv_vanilla.pt...
0:	[0s / 0s],		train_loss: 4.8602
1:	[0s / 0s],		train_loss: 4.6683
2:	[0s / 0s],		train_loss: 4.6245
3:	[0s / 0s],		train_loss: 4.5677
4:	[0s / 0s],		train_loss: 4.5494
5:	[0s / 0s],		train_loss: 4.5389
6:	[0s / 0s],		train_loss: 4.5672
7:	[0s / 0s],		train_loss: 4.5546
8:	[0s / 0s],		train_loss: 4.5019
9:	[0s / 0s],		train_loss: 4.4685
10:	[0s / 0s],		train_loss: 4.5060
11:	[0s / 0s],		train_loss: 4.5028
12:	[0s / 0s],		train_loss: 4.4947
13:	[0s / 0s],		train_loss: 4.4808
14:	[0s / 0s],		train_loss: 4.4915
15:	[0s / 0s],		train_loss: 4.5100
16:	[0s / 0s],		train_loss: 4.4625
17:	[0s / 0s],		train_loss: 4.4716
18:	[0s / 0s],		train_loss: 4.4567
19:	[0s / 0s],		train_loss: 4.4752
20:	[0s / 0s],		train_loss: 4.4422
21:	[0s / 0s],		train_loss: 4.4467
22:	[0s / 0s],		train_loss: 4.4708
23:	[0s / 1s],		train_loss: 4.4482
24:	[0s / 1s],		train_loss: 4.4537
25:	[0s / 1s],		train_loss: 4.4467
26:	[0s / 1s],		train_loss: 4.4335
27:	[0s / 1s],		train_loss: 4.4510
28:	[0s / 1s],		train_loss: 4.4385
29:	[0s / 1s],		train_loss: 4.4442
30:	[0s / 1s],		train_loss: 4.4363
31:	[0s / 1s],		train_loss: 4.4738
32:	[0s / 1s],		train_loss: 4.4473
33:	[0s / 1s],		train_loss: 4.4522
34:	[0s / 1s],		train_loss: 4.4459
35:	[0s / 1s],		train_loss: 4.3935
36:	[0s / 1s],		train_loss: 4.4492
37:	[0s / 1s],		train_loss: 4.4609
C-index TRAIN: 0.7779926421407228
C-index TEST : 0.7451415724021639
Fitting Cox model...
C-index TRAIN: 0.7751298037079377
C-index TEST : 0.7567905571559053
Evaluating method: median
Fitting Random Survival Forest model...
C-index TRAIN: 0.876495659632008
C-index TEST : 0.756309983840371
Fitting deepsurv_simple.pt...
0:	[0s / 0s],		train_loss: 20.9365
1:	[0s / 0s],		train_loss: 8.7235
2:	[0s / 0s],		train_loss: 6.7403
3:	[0s / 0s],		train_loss: 5.9261
4:	[0s / 0s],		train_loss: 6.0703
5:	[0s / 0s],		train_loss: 6.3580
6:	[0s / 0s],		train_loss: 5.8315
7:	[0s / 0s],		train_loss: 5.9418
8:	[0s / 0s],		train_loss: 5.8514
9:	[0s / 0s],		train_loss: 6.5069
10:	[0s / 0s],		train_loss: 5.6798
11:	[0s / 0s],		train_loss: 5.3149
12:	[0s / 0s],		train_loss: 5.0022
13:	[0s / 0s],		train_loss: 5.4872
14:	[0s / 0s],		train_loss: 7.7907
C-index TRAIN: 0.7408169515514964
C-index TEST : 0.7401067940701187
Fitting deepsurv_vanilla.pt...
0:	[0s / 0s],		train_loss: 4.8578
1:	[0s / 0s],		train_loss: 4.6516
2:	[0s / 0s],		train_loss: 4.6106
3:	[0s / 0s],		train_loss: 4.5502
4:	[0s / 0s],		train_loss: 4.5527
5:	[0s / 0s],		train_loss: 4.5581
6:	[0s / 0s],		train_loss: 4.5735
7:	[0s / 0s],		train_loss: 4.5552
8:	[0s / 0s],		train_loss: 4.5024
9:	[0s / 0s],		train_loss: 4.4822
10:	[0s / 0s],		train_loss: 4.4986
11:	[0s / 0s],		train_loss: 4.4976
12:	[0s / 0s],		train_loss: 4.4895
13:	[0s / 0s],		train_loss: 4.4699
14:	[0s / 1s],		train_loss: 4.4954
15:	[0s / 1s],		train_loss: 4.5281
16:	[0s / 1s],		train_loss: 4.4679
17:	[0s / 1s],		train_loss: 4.4925
18:	[0s / 1s],		train_loss: 4.4623
19:	[0s / 1s],		train_loss: 4.4736
20:	[0s / 1s],		train_loss: 4.4436
21:	[0s / 1s],		train_loss: 4.4437
22:	[0s / 1s],		train_loss: 4.4560
23:	[0s / 1s],		train_loss: 4.4582
24:	[0s / 1s],		train_loss: 4.4527
25:	[0s / 1s],		train_loss: 4.4388
26:	[0s / 1s],		train_loss: 4.4547
27:	[0s / 1s],		train_loss: 4.4741
28:	[0s / 1s],		train_loss: 4.4573
29:	[0s / 1s],		train_loss: 4.4712
30:	[0s / 1s],		train_loss: 4.4481
31:	[0s / 1s],		train_loss: 4.4686
32:	[0s / 1s],		train_loss: 4.4394
33:	[0s / 1s],		train_loss: 4.4442
34:	[0s / 1s],		train_loss: 4.4409
35:	[0s / 2s],		train_loss: 4.3820
36:	[0s / 2s],		train_loss: 4.4459
37:	[0s / 2s],		train_loss: 4.4457
C-index TRAIN: 0.7802894035482028
C-index TEST : 0.7462319960654816
Fitting Cox model...
C-index TRAIN: 0.7727029435624632
C-index TEST : 0.7496325440876835
Evaluating method: constant
Fitting Random Survival Forest model...
C-index TRAIN: 0.9073784542785259
C-index TEST : 0.7513440595798496
Fitting deepsurv_simple.pt...
0:	[0s / 0s],		train_loss: 31.3395
1:	[0s / 0s],		train_loss: 10.8965
2:	[0s / 0s],		train_loss: 8.4833
3:	[0s / 0s],		train_loss: 7.5357
4:	[0s / 0s],		train_loss: 6.3769
5:	[0s / 0s],		train_loss: 6.4828
6:	[0s / 0s],		train_loss: 6.4470
7:	[0s / 0s],		train_loss: 5.6532
8:	[0s / 0s],		train_loss: 5.3931
9:	[0s / 0s],		train_loss: 6.2645
10:	[0s / 0s],		train_loss: 5.5612
11:	[0s / 0s],		train_loss: 5.7588
12:	[0s / 0s],		train_loss: 6.7642
13:	[0s / 0s],		train_loss: 6.4505
14:	[0s / 0s],		train_loss: 5.4945
C-index TRAIN: 0.6530677796342464
C-index TEST : 0.6308691070048479
Fitting deepsurv_vanilla.pt...
0:	[0s / 0s],		train_loss: 4.9283
1:	[0s / 0s],		train_loss: 4.8501
2:	[0s / 0s],		train_loss: 4.8300
3:	[0s / 0s],		train_loss: 4.8090
4:	[0s / 0s],		train_loss: 4.7777
5:	[0s / 0s],		train_loss: 4.7662
6:	[0s / 0s],		train_loss: 4.7518
7:	[0s / 0s],		train_loss: 4.6936
8:	[0s / 0s],		train_loss: 4.6693
9:	[0s / 0s],		train_loss: 4.6256
10:	[0s / 0s],		train_loss: 4.6066
11:	[0s / 0s],		train_loss: 4.6359
12:	[0s / 0s],		train_loss: 4.6307
13:	[0s / 0s],		train_loss: 4.6227
14:	[0s / 0s],		train_loss: 4.5676
15:	[0s / 0s],		train_loss: 4.5596
16:	[0s / 0s],		train_loss: 4.6007
17:	[0s / 0s],		train_loss: 4.5635
18:	[0s / 0s],		train_loss: 4.5531
19:	[0s / 0s],		train_loss: 4.5281
20:	[0s / 0s],		train_loss: 4.5326
21:	[0s / 0s],		train_loss: 4.5058
22:	[0s / 1s],		train_loss: 4.5750
23:	[0s / 1s],		train_loss: 4.4735
24:	[0s / 1s],		train_loss: 4.4874
25:	[0s / 1s],		train_loss: 4.5085
26:	[0s / 1s],		train_loss: 4.4895
27:	[0s / 1s],		train_loss: 4.4849
28:	[0s / 1s],		train_loss: 4.5033
29:	[0s / 1s],		train_loss: 4.4462
30:	[0s / 1s],		train_loss: 4.4752
31:	[0s / 1s],		train_loss: 4.4905
32:	[0s / 1s],		train_loss: 4.4467
33:	[0s / 1s],		train_loss: 4.4385
34:	[0s / 1s],		train_loss: 4.4423
35:	[0s / 1s],		train_loss: 4.4138
36:	[0s / 1s],		train_loss: 4.4397
37:	[0s / 1s],		train_loss: 4.4234
C-index TRAIN: 0.8014413455502425
C-index TEST : 0.6848759924120003
Fitting Cox model...
C-index TRAIN: 0.6817988534560963
C-index TEST : 0.6571095341811284
Evaluating method: knn
Fitting Random Survival Forest model...
C-index TRAIN: 0.9041020979111491
C-index TEST : 0.7526452610131384
Fitting deepsurv_simple.pt...
0:	[0s / 0s],		train_loss: 21.9177
1:	[0s / 0s],		train_loss: 10.3021
2:	[0s / 0s],		train_loss: 8.1336
3:	[0s / 0s],		train_loss: 6.3360
4:	[0s / 0s],		train_loss: 5.2898
5:	[0s / 0s],		train_loss: 6.3413
6:	[0s / 0s],		train_loss: 5.3915
7:	[0s / 0s],		train_loss: 5.1918
8:	[0s / 0s],		train_loss: 5.8343
9:	[0s / 0s],		train_loss: 5.6303
10:	[0s / 0s],		train_loss: 6.0374
11:	[0s / 0s],		train_loss: 5.3978
12:	[0s / 0s],		train_loss: 5.1791
13:	[0s / 0s],		train_loss: 4.7466
14:	[0s / 0s],		train_loss: 5.5472
C-index TRAIN: 0.7227383662034885
C-index TEST : 0.7201672170308439
Fitting deepsurv_vanilla.pt...
0:	[0s / 0s],		train_loss: 4.8383
1:	[0s / 0s],		train_loss: 4.6448
2:	[0s / 0s],		train_loss: 4.6148
3:	[0s / 0s],		train_loss: 4.5774
4:	[0s / 0s],		train_loss: 4.5414
5:	[0s / 0s],		train_loss: 4.5407
6:	[0s / 0s],		train_loss: 4.5861
7:	[0s / 0s],		train_loss: 4.5713
8:	[0s / 0s],		train_loss: 4.5182
9:	[0s / 0s],		train_loss: 4.4933
10:	[0s / 0s],		train_loss: 4.5215
11:	[0s / 0s],		train_loss: 4.5062
12:	[0s / 0s],		train_loss: 4.5014
13:	[0s / 0s],		train_loss: 4.4907
14:	[0s / 0s],		train_loss: 4.4945
15:	[0s / 0s],		train_loss: 4.5029
16:	[0s / 0s],		train_loss: 4.4569
17:	[0s / 0s],		train_loss: 4.4748
18:	[0s / 0s],		train_loss: 4.4708
19:	[0s / 0s],		train_loss: 4.4791
20:	[0s / 0s],		train_loss: 4.4584
21:	[0s / 0s],		train_loss: 4.4274
22:	[0s / 1s],		train_loss: 4.4652
23:	[0s / 1s],		train_loss: 4.4532
24:	[0s / 1s],		train_loss: 4.4757
25:	[0s / 1s],		train_loss: 4.4473
26:	[0s / 1s],		train_loss: 4.4394
27:	[0s / 1s],		train_loss: 4.4459
28:	[0s / 1s],		train_loss: 4.4383
29:	[0s / 1s],		train_loss: 4.4687
30:	[0s / 1s],		train_loss: 4.4503
31:	[0s / 1s],		train_loss: 4.4517
32:	[0s / 1s],		train_loss: 4.4541
33:	[0s / 1s],		train_loss: 4.4502
34:	[0s / 1s],		train_loss: 4.4478
35:	[0s / 1s],		train_loss: 4.3932
36:	[0s / 1s],		train_loss: 4.4402
37:	[0s / 1s],		train_loss: 4.4530
C-index TRAIN: 0.7760917920354067
C-index TEST : 0.7349694372233542
Fitting Cox model...
C-index TRAIN: 0.7756781789298289
C-index TEST : 0.750104686292419
Evaluating method: imputer_bayesian
Fitting Random Survival Forest model...
C-index TRAIN: 0.91269413453599
C-index TEST : 0.7650558561090424
Fitting deepsurv_simple.pt...
0:	[0s / 0s],		train_loss: 23.9384
1:	[0s / 0s],		train_loss: 10.2302
2:	[0s / 0s],		train_loss: 7.8731
3:	[0s / 0s],		train_loss: 6.6194
4:	[0s / 0s],		train_loss: 5.4126
5:	[0s / 0s],		train_loss: 5.7446
6:	[0s / 0s],		train_loss: 6.6931
7:	[0s / 0s],		train_loss: 7.4490
8:	[0s / 0s],		train_loss: 6.7404
9:	[0s / 0s],		train_loss: 8.0713
10:	[0s / 0s],		train_loss: 8.5056
11:	[0s / 0s],		train_loss: 6.8692
12:	[0s / 0s],		train_loss: 6.2040
13:	[0s / 0s],		train_loss: 6.2873
14:	[0s / 0s],		train_loss: 6.9062
C-index TRAIN: 0.7131033507420101
C-index TEST : 0.706314901988337
Fitting deepsurv_vanilla.pt...
0:	[0s / 0s],		train_loss: 4.7719
1:	[0s / 0s],		train_loss: 4.5674
2:	[0s / 0s],		train_loss: 4.5449
3:	[0s / 0s],		train_loss: 4.4829
4:	[0s / 0s],		train_loss: 4.5020
5:	[0s / 0s],		train_loss: 4.5035
6:	[0s / 0s],		train_loss: 4.5198
7:	[0s / 0s],		train_loss: 4.5004
8:	[0s / 0s],		train_loss: 4.4785
9:	[0s / 0s],		train_loss: 4.4318
10:	[0s / 0s],		train_loss: 4.4532
11:	[0s / 0s],		train_loss: 4.4583
12:	[0s / 0s],		train_loss: 4.4631
13:	[0s / 0s],		train_loss: 4.4333
14:	[0s / 0s],		train_loss: 4.4604
15:	[0s / 0s],		train_loss: 4.4628
16:	[0s / 0s],		train_loss: 4.4162
17:	[0s / 0s],		train_loss: 4.4260
18:	[0s / 0s],		train_loss: 4.4204
19:	[0s / 0s],		train_loss: 4.4251
20:	[0s / 0s],		train_loss: 4.4122
21:	[0s / 0s],		train_loss: 4.4126
22:	[0s / 0s],		train_loss: 4.4323
23:	[0s / 1s],		train_loss: 4.4145
24:	[0s / 1s],		train_loss: 4.4200
25:	[0s / 1s],		train_loss: 4.4129
26:	[0s / 1s],		train_loss: 4.4029
27:	[0s / 1s],		train_loss: 4.4111
28:	[0s / 1s],		train_loss: 4.3975
29:	[0s / 1s],		train_loss: 4.4288
30:	[0s / 1s],		train_loss: 4.3889
31:	[0s / 1s],		train_loss: 4.4240
32:	[0s / 1s],		train_loss: 4.3979
33:	[0s / 1s],		train_loss: 4.4062
34:	[0s / 1s],		train_loss: 4.4065
35:	[0s / 1s],		train_loss: 4.3482
36:	[0s / 1s],		train_loss: 4.3826
37:	[0s / 1s],		train_loss: 4.4117
C-index TRAIN: 0.7913831047135905
C-index TEST : 0.7644431953909928
Fitting Cox model...
C-index TRAIN: 0.782528586509094
C-index TEST : 0.7652638235087473
[fold=4, target=50%] actual NaN%: 50.0%
X_train shape: (5162, 76), X_test shape: (1290, 76)
Generating TabPFN Embeddings...
Successfully generated embeddings with shape: (5162, 192)
Fitting SimpleImputer (mean)...
Fitting SimpleImputer (median)...
Fitting SimpleImputer (constant, fill=-1)...
Fitting KNNImputer...
Fitting IterativeImputer (BayesianRidge, MICE-like)...
Fitting DeepSurv Simple pilot model...
0:	[0s / 0s],		train_loss: 45.6315,	val_loss: 24.4312
1:	[0s / 0s],		train_loss: 9.7559,	val_loss: 11.0819
2:	[0s / 0s],		train_loss: 7.2606,	val_loss: 8.7048
3:	[0s / 0s],		train_loss: 6.1937,	val_loss: 9.1198
4:	[0s / 0s],		train_loss: 6.5471,	val_loss: 8.8148
5:	[0s / 0s],		train_loss: 6.5425,	val_loss: 8.0114
6:	[0s / 0s],		train_loss: 5.2620,	val_loss: 7.3000
7:	[0s / 0s],		train_loss: 4.8190,	val_loss: 6.7822
8:	[0s / 0s],		train_loss: 4.7407,	val_loss: 6.9193
9:	[0s / 0s],		train_loss: 4.7757,	val_loss: 6.7790
10:	[0s / 0s],		train_loss: 4.6481,	val_loss: 7.1029
11:	[0s / 0s],		train_loss: 4.6391,	val_loss: 6.5428
12:	[0s / 0s],		train_loss: 4.6796,	val_loss: 6.7493
13:	[0s / 0s],		train_loss: 4.9886,	val_loss: 6.9054
14:	[0s / 0s],		train_loss: 4.8767,	val_loss: 7.3511
15:	[0s / 0s],		train_loss: 5.1587,	val_loss: 9.9516
16:	[0s / 0s],		train_loss: 5.1639,	val_loss: 6.9983
17:	[0s / 0s],		train_loss: 5.0452,	val_loss: 7.8453
18:	[0s / 0s],		train_loss: 5.3693,	val_loss: 9.8195
19:	[0s / 0s],		train_loss: 6.1965,	val_loss: 9.7345
20:	[0s / 0s],		train_loss: 6.2434,	val_loss: 6.8621
21:	[0s / 0s],		train_loss: 7.7156,	val_loss: 12.2554
22:	[0s / 0s],		train_loss: 9.2277,	val_loss: 11.2652
23:	[0s / 0s],		train_loss: 7.5717,	val_loss: 9.1988
24:	[0s / 0s],		train_loss: 5.9286,	val_loss: 7.5704
25:	[0s / 0s],		train_loss: 6.0758,	val_loss: 9.0513
26:	[0s / 0s],		train_loss: 8.1563,	val_loss: 11.3601
27:	[0s / 0s],		train_loss: 8.1099,	val_loss: 8.8410
28:	[0s / 0s],		train_loss: 6.9019,	val_loss: 10.1248
29:	[0s / 0s],		train_loss: 9.1197,	val_loss: 10.1761
30:	[0s / 0s],		train_loss: 7.2374,	val_loss: 7.6267
31:	[0s / 0s],		train_loss: 6.0495,	val_loss: 8.2974
Saved fixed_epochs=12 → nan/tabpfn/OrmoniTirodei/nan_percentage0.5/seed77/fold4/fixed_epochs_deepsurv_simple.json
Fitting DeepSurv Vanilla pilot model...
0:	[0s / 0s],		train_loss: 5.0339,	val_loss: 6.8098
1:	[0s / 0s],		train_loss: 4.7886,	val_loss: 6.6570
2:	[0s / 0s],		train_loss: 4.6683,	val_loss: 6.5674
3:	[0s / 0s],		train_loss: 4.6650,	val_loss: 6.5461
4:	[0s / 0s],		train_loss: 4.6356,	val_loss: 6.5496
5:	[0s / 0s],		train_loss: 4.6198,	val_loss: 6.5526
6:	[0s / 0s],		train_loss: 4.6125,	val_loss: 6.4985
7:	[0s / 0s],		train_loss: 4.5570,	val_loss: 6.5052
8:	[0s / 0s],		train_loss: 4.5872,	val_loss: 6.5152
9:	[0s / 0s],		train_loss: 4.5438,	val_loss: 6.5047
10:	[0s / 0s],		train_loss: 4.5411,	val_loss: 6.5361
11:	[0s / 0s],		train_loss: 4.5435,	val_loss: 6.5290
12:	[0s / 0s],		train_loss: 4.5477,	val_loss: 6.5573
13:	[0s / 0s],		train_loss: 4.5410,	val_loss: 6.4990
14:	[0s / 0s],		train_loss: 4.5506,	val_loss: 6.5006
15:	[0s / 0s],		train_loss: 4.5201,	val_loss: 6.4820
16:	[0s / 0s],		train_loss: 4.4983,	val_loss: 6.4964
17:	[0s / 0s],		train_loss: 4.5356,	val_loss: 6.5354
18:	[0s / 0s],		train_loss: 4.5137,	val_loss: 6.5195
19:	[0s / 0s],		train_loss: 4.5109,	val_loss: 6.5153
20:	[0s / 0s],		train_loss: 4.5250,	val_loss: 6.5122
21:	[0s / 0s],		train_loss: 4.5243,	val_loss: 6.5162
22:	[0s / 1s],		train_loss: 4.5189,	val_loss: 6.4986
23:	[0s / 1s],		train_loss: 4.5209,	val_loss: 6.5020
24:	[0s / 1s],		train_loss: 4.4955,	val_loss: 6.5448
25:	[0s / 1s],		train_loss: 4.5017,	val_loss: 6.5126
26:	[0s / 1s],		train_loss: 4.5116,	val_loss: 6.4947
27:	[0s / 1s],		train_loss: 4.4756,	val_loss: 6.5215
28:	[0s / 1s],		train_loss: 4.5071,	val_loss: 6.5272
29:	[0s / 1s],		train_loss: 4.4998,	val_loss: 6.5007
30:	[0s / 1s],		train_loss: 4.4795,	val_loss: 6.5046
31:	[0s / 1s],		train_loss: 4.5061,	val_loss: 6.5075
32:	[0s / 1s],		train_loss: 4.4757,	val_loss: 6.5107
33:	[0s / 1s],		train_loss: 4.4751,	val_loss: 6.5095
34:	[0s / 1s],		train_loss: 4.5263,	val_loss: 6.5317
35:	[0s / 1s],		train_loss: 4.5118,	val_loss: 6.5553
Saved fixed_epochs=16 → nan/tabpfn/OrmoniTirodei/nan_percentage0.5/seed77/fold4/fixed_epochs_deepsurv_vanilla.json
Evaluating method: embeddings
Fitting Random Survival Forest model...
C-index TRAIN: 0.9580977375572501
C-index TEST : 0.7400042155553994
Fitting deepsurv_simple.pt...
0:	[0s / 0s],		train_loss: 3.6125
1:	[0s / 0s],		train_loss: 3.2889
2:	[0s / 0s],		train_loss: 3.2485
3:	[0s / 0s],		train_loss: 3.2434
4:	[0s / 0s],		train_loss: 3.2290
5:	[0s / 0s],		train_loss: 3.2367
6:	[0s / 0s],		train_loss: 3.2298
7:	[0s / 0s],		train_loss: 3.2164
8:	[0s / 0s],		train_loss: 3.2273
9:	[0s / 0s],		train_loss: 3.2445
10:	[0s / 0s],		train_loss: 3.2364
11:	[0s / 0s],		train_loss: 3.1976
C-index TRAIN: 0.9099952757122501
C-index TEST : 0.7185133141291365
Fitting deepsurv_vanilla.pt...
0:	[0s / 0s],		train_loss: 3.3980
1:	[0s / 0s],		train_loss: 3.3099
2:	[0s / 0s],		train_loss: 3.2639
3:	[0s / 0s],		train_loss: 3.2423
4:	[0s / 0s],		train_loss: 3.2567
5:	[0s / 0s],		train_loss: 3.2431
6:	[0s / 0s],		train_loss: 3.2537
7:	[0s / 0s],		train_loss: 3.2514
8:	[0s / 0s],		train_loss: 3.2277
9:	[0s / 0s],		train_loss: 3.2315
10:	[0s / 0s],		train_loss: 3.2343
11:	[0s / 0s],		train_loss: 3.1974
12:	[0s / 0s],		train_loss: 3.2372
13:	[0s / 0s],		train_loss: 3.2311
14:	[0s / 0s],		train_loss: 3.2389
15:	[0s / 0s],		train_loss: 3.2267
C-index TRAIN: 0.9164663317409324
C-index TEST : 0.7390543104053959
Fitting Cox model...
C-index TRAIN: 0.916041298117023
C-index TEST : 0.7225546265720508
Evaluating method: mean
Fitting Random Survival Forest model...
C-index TRAIN: 0.8665647575747539
C-index TEST : 0.7489664863345746
Fitting deepsurv_simple.pt...
0:	[0s / 0s],		train_loss: 22.3351
1:	[0s / 0s],		train_loss: 10.3692
2:	[0s / 0s],		train_loss: 7.9521
3:	[0s / 0s],		train_loss: 6.6197
4:	[0s / 0s],		train_loss: 5.4920
5:	[0s / 0s],		train_loss: 4.9376
6:	[0s / 0s],		train_loss: 5.1646
7:	[0s / 0s],		train_loss: 4.9685
8:	[0s / 0s],		train_loss: 4.9130
9:	[0s / 0s],		train_loss: 5.2041
10:	[0s / 0s],		train_loss: 5.6411
11:	[0s / 0s],		train_loss: 5.1460
C-index TRAIN: 0.7328242066261086
C-index TEST : 0.7219799058525961
Fitting deepsurv_vanilla.pt...
0:	[0s / 0s],		train_loss: 4.8984
1:	[0s / 0s],		train_loss: 4.7038
2:	[0s / 0s],		train_loss: 4.6747
3:	[0s / 0s],		train_loss: 4.6314
4:	[0s / 0s],		train_loss: 4.6058
5:	[0s / 0s],		train_loss: 4.6114
6:	[0s / 0s],		train_loss: 4.6351
7:	[0s / 0s],		train_loss: 4.5984
8:	[0s / 0s],		train_loss: 4.5679
9:	[0s / 0s],		train_loss: 4.5428
10:	[0s / 0s],		train_loss: 4.5578
11:	[0s / 0s],		train_loss: 4.5614
12:	[0s / 0s],		train_loss: 4.5607
13:	[0s / 0s],		train_loss: 4.5494
14:	[0s / 0s],		train_loss: 4.5361
15:	[0s / 0s],		train_loss: 4.5521
C-index TRAIN: 0.7605273386271243
C-index TEST : 0.730909857373709
Fitting Cox model...
C-index TRAIN: 0.7606670496347148
C-index TEST : 0.7438881472634019
Evaluating method: median
Fitting Random Survival Forest model...
C-index TRAIN: 0.8417477808981172
C-index TEST : 0.7480952715520269
Fitting deepsurv_simple.pt...
0:	[0s / 0s],		train_loss: 21.8787
1:	[0s / 0s],		train_loss: 8.6045
2:	[0s / 0s],		train_loss: 5.9535
3:	[0s / 0s],		train_loss: 5.4319
4:	[0s / 0s],		train_loss: 5.3993
5:	[0s / 0s],		train_loss: 5.0475
6:	[0s / 0s],		train_loss: 4.6912
7:	[0s / 0s],		train_loss: 5.5290
8:	[0s / 0s],		train_loss: 5.2023
9:	[0s / 0s],		train_loss: 5.0926
10:	[0s / 0s],		train_loss: 6.2621
11:	[0s / 0s],		train_loss: 6.5346
C-index TRAIN: 0.7176864999194853
C-index TEST : 0.7264062390219912
Fitting deepsurv_vanilla.pt...
0:	[0s / 0s],		train_loss: 4.8825
1:	[0s / 0s],		train_loss: 4.6983
2:	[0s / 0s],		train_loss: 4.6626
3:	[0s / 0s],		train_loss: 4.6328
4:	[0s / 0s],		train_loss: 4.5827
5:	[0s / 0s],		train_loss: 4.5809
6:	[0s / 0s],		train_loss: 4.6435
7:	[0s / 0s],		train_loss: 4.6156
8:	[0s / 0s],		train_loss: 4.5589
9:	[0s / 0s],		train_loss: 4.5494
10:	[0s / 0s],		train_loss: 4.5413
11:	[0s / 0s],		train_loss: 4.5628
12:	[0s / 0s],		train_loss: 4.5557
13:	[0s / 0s],		train_loss: 4.5521
14:	[0s / 0s],		train_loss: 4.5410
15:	[0s / 0s],		train_loss: 4.5566
C-index TRAIN: 0.763250561223305
C-index TEST : 0.7221077776997119
Fitting Cox model...
C-index TRAIN: 0.7564052928772892
C-index TEST : 0.7412351577320312
Evaluating method: constant
Fitting Random Survival Forest model...
C-index TRAIN: 0.8891777645553555
C-index TEST : 0.7349961357408838
Fitting deepsurv_simple.pt...
0:	[0s / 0s],		train_loss: 27.6456
1:	[0s / 0s],		train_loss: 9.3607
2:	[0s / 0s],		train_loss: 7.1752
3:	[0s / 0s],		train_loss: 6.2343
4:	[0s / 0s],		train_loss: 7.1674
5:	[0s / 0s],		train_loss: 7.0042
6:	[0s / 0s],		train_loss: 6.4042
7:	[0s / 0s],		train_loss: 5.9274
8:	[0s / 0s],		train_loss: 5.9209
9:	[0s / 0s],		train_loss: 6.8790
10:	[0s / 0s],		train_loss: 6.7838
11:	[0s / 0s],		train_loss: 6.1886
C-index TRAIN: 0.6021429270255526
C-index TEST : 0.5979259467434834
Fitting deepsurv_vanilla.pt...
0:	[0s / 0s],		train_loss: 4.9352
1:	[0s / 0s],		train_loss: 4.8947
2:	[0s / 0s],		train_loss: 4.8709
3:	[0s / 0s],		train_loss: 4.8591
4:	[0s / 0s],		train_loss: 4.8249
5:	[0s / 0s],		train_loss: 4.8263
6:	[0s / 0s],		train_loss: 4.8295
7:	[0s / 0s],		train_loss: 4.7864
8:	[0s / 0s],		train_loss: 4.7577
9:	[0s / 0s],		train_loss: 4.7384
10:	[0s / 0s],		train_loss: 4.7338
11:	[0s / 0s],		train_loss: 4.7322
12:	[0s / 0s],		train_loss: 4.7334
13:	[0s / 0s],		train_loss: 4.6990
14:	[0s / 0s],		train_loss: 4.6464
15:	[0s / 0s],		train_loss: 4.5982
C-index TRAIN: 0.7520319957241579
C-index TEST : 0.6310011944073631
Fitting Cox model...
C-index TRAIN: 0.6453285702158211
C-index TEST : 0.6136893135670625
Evaluating method: knn
Fitting Random Survival Forest model...
C-index TRAIN: 0.8844787922878001
C-index TEST : 0.7413981592074755
Fitting deepsurv_simple.pt...
0:	[0s / 0s],		train_loss: 22.5568
1:	[0s / 0s],		train_loss: 9.9810
2:	[0s / 0s],		train_loss: 7.1156
3:	[0s / 0s],		train_loss: 5.9218
4:	[0s / 0s],		train_loss: 4.9584
5:	[0s / 0s],		train_loss: 4.7642
6:	[0s / 0s],		train_loss: 4.7286
7:	[0s / 0s],		train_loss: 4.7434
8:	[0s / 0s],		train_loss: 5.6494
9:	[0s / 0s],		train_loss: 6.2350
10:	[0s / 0s],		train_loss: 6.4444
11:	[0s / 0s],		train_loss: 5.4476
C-index TRAIN: 0.7031069710463212
C-index TEST : 0.6914325862432376
Fitting deepsurv_vanilla.pt...
0:	[0s / 0s],		train_loss: 4.8703
1:	[0s / 0s],		train_loss: 4.7317
2:	[0s / 0s],		train_loss: 4.7198
3:	[0s / 0s],		train_loss: 4.6561
4:	[0s / 0s],		train_loss: 4.6270
5:	[0s / 0s],		train_loss: 4.6383
6:	[0s / 0s],		train_loss: 4.6618
7:	[0s / 0s],		train_loss: 4.6380
8:	[0s / 0s],		train_loss: 4.6144
9:	[0s / 0s],		train_loss: 4.5781
10:	[0s / 0s],		train_loss: 4.5746
11:	[0s / 0s],		train_loss: 4.6022
12:	[0s / 0s],		train_loss: 4.5847
13:	[0s / 0s],		train_loss: 4.5766
14:	[0s / 0s],		train_loss: 4.5669
15:	[0s / 0s],		train_loss: 4.5998
C-index TRAIN: 0.7496610961185084
C-index TEST : 0.7110208669992272
Fitting Cox model...
C-index TRAIN: 0.7510363168676106
C-index TEST : 0.7302662825827303
Evaluating method: imputer_bayesian
Fitting Random Survival Forest model...
C-index TRAIN: 0.9068449257304658
C-index TEST : 0.7570996978851964
Fitting deepsurv_simple.pt...
0:	[0s / 0s],		train_loss: 39.1354
1:	[0s / 0s],		train_loss: 15.8564
2:	[0s / 0s],		train_loss: 8.3962
3:	[0s / 0s],		train_loss: 10.1990
4:	[0s / 0s],		train_loss: 7.1548
5:	[0s / 0s],		train_loss: 6.6270
6:	[0s / 0s],		train_loss: 5.7616
7:	[0s / 0s],		train_loss: 9.2713
8:	[0s / 0s],		train_loss: 8.1710
9:	[0s / 0s],		train_loss: 8.5175
10:	[0s / 0s],		train_loss: 7.9065
11:	[0s / 0s],		train_loss: 8.7047
C-index TRAIN: 0.6332621264015356
C-index TEST : 0.6372865875079041
Fitting deepsurv_vanilla.pt...
0:	[0s / 0s],		train_loss: 4.8177
1:	[0s / 0s],		train_loss: 4.6577
2:	[0s / 0s],		train_loss: 4.6255
3:	[0s / 0s],		train_loss: 4.5496
4:	[0s / 0s],		train_loss: 4.5714
5:	[0s / 0s],		train_loss: 4.5705
6:	[0s / 0s],		train_loss: 4.5825
7:	[0s / 0s],		train_loss: 4.5661
8:	[0s / 0s],		train_loss: 4.5478
9:	[0s / 0s],		train_loss: 4.5315
10:	[0s / 0s],		train_loss: 4.5196
11:	[0s / 0s],		train_loss: 4.5263
12:	[0s / 0s],		train_loss: 4.5264
13:	[0s / 0s],		train_loss: 4.5026
14:	[0s / 0s],		train_loss: 4.5092
15:	[0s / 0s],		train_loss: 4.5006
C-index TRAIN: 0.7710530593474849
C-index TEST : 0.7465031967961779
Fitting Cox model...
C-index TRAIN: 0.7630653584843602
C-index TEST : 0.7544214150214291
[fold=4, target=70%] actual NaN%: 70.0%
X_train shape: (5162, 76), X_test shape: (1290, 76)
Generating TabPFN Embeddings...
Successfully generated embeddings with shape: (5162, 192)
Fitting SimpleImputer (mean)...
Fitting SimpleImputer (median)...
Fitting SimpleImputer (constant, fill=-1)...
Fitting KNNImputer...
Fitting IterativeImputer (BayesianRidge, MICE-like)...
Fitting DeepSurv Simple pilot model...
0:	[0s / 0s],		train_loss: 31.2401,	val_loss: 10.9407
1:	[0s / 0s],		train_loss: 7.6054,	val_loss: 8.5138
2:	[0s / 0s],		train_loss: 6.0929,	val_loss: 8.5286
3:	[0s / 0s],		train_loss: 5.9542,	val_loss: 7.7767
4:	[0s / 0s],		train_loss: 5.8718,	val_loss: 8.3143
5:	[0s / 0s],		train_loss: 7.2280,	val_loss: 9.1058
6:	[0s / 0s],		train_loss: 5.8955,	val_loss: 7.2867
7:	[0s / 0s],		train_loss: 4.9806,	val_loss: 7.0547
8:	[0s / 0s],		train_loss: 5.1195,	val_loss: 7.0124
9:	[0s / 0s],		train_loss: 4.9163,	val_loss: 6.9333
10:	[0s / 0s],		train_loss: 4.9226,	val_loss: 6.8495
11:	[0s / 0s],		train_loss: 4.7385,	val_loss: 6.7426
12:	[0s / 0s],		train_loss: 4.9326,	val_loss: 6.8062
13:	[0s / 0s],		train_loss: 4.9224,	val_loss: 7.1661
14:	[0s / 0s],		train_loss: 4.8762,	val_loss: 6.7918
15:	[0s / 0s],		train_loss: 4.7488,	val_loss: 6.7690
16:	[0s / 0s],		train_loss: 4.8920,	val_loss: 6.8072
17:	[0s / 0s],		train_loss: 5.6450,	val_loss: 11.2789
18:	[0s / 0s],		train_loss: 13.2376,	val_loss: 17.2620
19:	[0s / 0s],		train_loss: 11.2379,	val_loss: 11.0010
20:	[0s / 0s],		train_loss: 7.2506,	val_loss: 7.4757
21:	[0s / 0s],		train_loss: 5.3901,	val_loss: 7.3557
22:	[0s / 0s],		train_loss: 5.1673,	val_loss: 6.8536
23:	[0s / 0s],		train_loss: 4.8719,	val_loss: 7.1527
24:	[0s / 0s],		train_loss: 5.0890,	val_loss: 6.8074
25:	[0s / 0s],		train_loss: 4.8709,	val_loss: 6.7819
26:	[0s / 0s],		train_loss: 4.6881,	val_loss: 6.6483
27:	[0s / 0s],		train_loss: 4.6751,	val_loss: 6.6776
28:	[0s / 0s],		train_loss: 5.3426,	val_loss: 7.4539
29:	[0s / 0s],		train_loss: 5.5474,	val_loss: 7.2653
30:	[0s / 1s],		train_loss: 5.8556,	val_loss: 7.3859
31:	[0s / 1s],		train_loss: 5.4399,	val_loss: 7.8319
32:	[0s / 1s],		train_loss: 7.0497,	val_loss: 8.1313
33:	[0s / 1s],		train_loss: 5.6343,	val_loss: 6.8593
34:	[0s / 1s],		train_loss: 5.2388,	val_loss: 7.5266
35:	[0s / 1s],		train_loss: 5.6017,	val_loss: 6.8034
36:	[0s / 1s],		train_loss: 5.2057,	val_loss: 8.2506
37:	[0s / 1s],		train_loss: 8.0896,	val_loss: 14.1356
38:	[0s / 1s],		train_loss: 11.0112,	val_loss: 12.8754
39:	[0s / 1s],		train_loss: 9.6919,	val_loss: 12.7223
40:	[0s / 1s],		train_loss: 11.6214,	val_loss: 12.1198
41:	[0s / 1s],		train_loss: 8.9615,	val_loss: 9.3127
42:	[0s / 1s],		train_loss: 6.8943,	val_loss: 8.3781
43:	[0s / 1s],		train_loss: 7.1205,	val_loss: 10.0885
44:	[0s / 1s],		train_loss: 9.2328,	val_loss: 9.4265
45:	[0s / 1s],		train_loss: 6.7682,	val_loss: 7.4392
46:	[0s / 1s],		train_loss: 5.4222,	val_loss: 6.9061
Saved fixed_epochs=27 → nan/tabpfn/OrmoniTirodei/nan_percentage0.7/seed77/fold4/fixed_epochs_deepsurv_simple.json
Fitting DeepSurv Vanilla pilot model...
0:	[0s / 0s],		train_loss: 4.9261,	val_loss: 6.7411
1:	[0s / 0s],		train_loss: 4.8112,	val_loss: 6.6690
2:	[0s / 0s],		train_loss: 4.7880,	val_loss: 6.6748
3:	[0s / 0s],		train_loss: 4.7415,	val_loss: 6.6371
4:	[0s / 0s],		train_loss: 4.7279,	val_loss: 6.6466
5:	[0s / 0s],		train_loss: 4.7252,	val_loss: 6.6880
6:	[0s / 0s],		train_loss: 4.7119,	val_loss: 6.6612
7:	[0s / 0s],		train_loss: 4.6629,	val_loss: 6.6657
8:	[0s / 0s],		train_loss: 4.7078,	val_loss: 6.6289
9:	[0s / 0s],		train_loss: 4.6504,	val_loss: 6.6333
10:	[0s / 0s],		train_loss: 4.6901,	val_loss: 6.6683
11:	[0s / 0s],		train_loss: 4.6670,	val_loss: 6.6661
12:	[0s / 0s],		train_loss: 4.6802,	val_loss: 6.6409
13:	[0s / 0s],		train_loss: 4.6664,	val_loss: 6.6366
14:	[0s / 0s],		train_loss: 4.6628,	val_loss: 6.6549
15:	[0s / 0s],		train_loss: 4.6387,	val_loss: 6.6152
16:	[0s / 0s],		train_loss: 4.6255,	val_loss: 6.6261
17:	[0s / 0s],		train_loss: 4.6523,	val_loss: 6.6170
18:	[0s / 0s],		train_loss: 4.6328,	val_loss: 6.6323
19:	[0s / 0s],		train_loss: 4.6371,	val_loss: 6.5959
20:	[0s / 0s],		train_loss: 4.6445,	val_loss: 6.5950
21:	[0s / 1s],		train_loss: 4.6350,	val_loss: 6.6668
22:	[0s / 1s],		train_loss: 4.6369,	val_loss: 6.6011
23:	[0s / 1s],		train_loss: 4.6523,	val_loss: 6.6362
24:	[0s / 1s],		train_loss: 4.6090,	val_loss: 6.6272
25:	[0s / 1s],		train_loss: 4.6147,	val_loss: 6.5834
26:	[0s / 1s],		train_loss: 4.6266,	val_loss: 6.6586
27:	[0s / 1s],		train_loss: 4.6224,	val_loss: 6.7169
28:	[0s / 1s],		train_loss: 4.6196,	val_loss: 6.6044
29:	[0s / 1s],		train_loss: 4.6243,	val_loss: 6.6009
30:	[0s / 1s],		train_loss: 4.6322,	val_loss: 6.5972
31:	[0s / 1s],		train_loss: 4.6257,	val_loss: 6.6144
32:	[0s / 1s],		train_loss: 4.5949,	val_loss: 6.5968
33:	[0s / 1s],		train_loss: 4.5835,	val_loss: 6.5899
34:	[0s / 1s],		train_loss: 4.6059,	val_loss: 6.6126
35:	[0s / 1s],		train_loss: 4.6117,	val_loss: 6.6207
36:	[0s / 1s],		train_loss: 4.6256,	val_loss: 6.6198
37:	[0s / 1s],		train_loss: 4.5991,	val_loss: 6.5921
38:	[0s / 1s],		train_loss: 4.6111,	val_loss: 6.5919
39:	[0s / 1s],		train_loss: 4.6023,	val_loss: 6.6396
40:	[0s / 1s],		train_loss: 4.6087,	val_loss: 6.6128
41:	[0s / 1s],		train_loss: 4.5840,	val_loss: 6.5963
42:	[0s / 1s],		train_loss: 4.6238,	val_loss: 6.6160
43:	[0s / 2s],		train_loss: 4.6079,	val_loss: 6.6113
44:	[0s / 2s],		train_loss: 4.6035,	val_loss: 6.6017
45:	[0s / 2s],		train_loss: 4.5773,	val_loss: 6.5831
46:	[0s / 2s],		train_loss: 4.5942,	val_loss: 6.6520
47:	[0s / 2s],		train_loss: 4.5828,	val_loss: 6.5941
48:	[0s / 2s],		train_loss: 4.6024,	val_loss: 6.5774
49:	[0s / 2s],		train_loss: 4.5983,	val_loss: 6.6622
50:	[0s / 2s],		train_loss: 4.6174,	val_loss: 6.5950
51:	[0s / 2s],		train_loss: 4.5810,	val_loss: 6.5819
52:	[0s / 2s],		train_loss: 4.5876,	val_loss: 6.5945
53:	[0s / 2s],		train_loss: 4.5685,	val_loss: 6.5867
54:	[0s / 2s],		train_loss: 4.6057,	val_loss: 6.5948
55:	[0s / 2s],		train_loss: 4.5858,	val_loss: 6.5983
56:	[0s / 2s],		train_loss: 4.5957,	val_loss: 6.6009
57:	[0s / 2s],		train_loss: 4.5813,	val_loss: 6.5922
58:	[0s / 2s],		train_loss: 4.5757,	val_loss: 6.5745
59:	[0s / 2s],		train_loss: 4.5585,	val_loss: 6.5919
60:	[0s / 2s],		train_loss: 4.6009,	val_loss: 6.5861
61:	[0s / 2s],		train_loss: 4.5903,	val_loss: 6.6185
62:	[0s / 2s],		train_loss: 4.6042,	val_loss: 6.5818
63:	[0s / 2s],		train_loss: 4.5835,	val_loss: 6.5797
64:	[0s / 3s],		train_loss: 4.5439,	val_loss: 6.5849
65:	[0s / 3s],		train_loss: 4.5881,	val_loss: 6.5859
66:	[0s / 3s],		train_loss: 4.5837,	val_loss: 6.5819
67:	[0s / 3s],		train_loss: 4.5707,	val_loss: 6.5875
68:	[0s / 3s],		train_loss: 4.5830,	val_loss: 6.5867
69:	[0s / 3s],		train_loss: 4.5767,	val_loss: 6.5799
70:	[0s / 3s],		train_loss: 4.5848,	val_loss: 6.6002
71:	[0s / 3s],		train_loss: 4.6169,	val_loss: 6.5934
72:	[0s / 3s],		train_loss: 4.5644,	val_loss: 6.5908
73:	[0s / 3s],		train_loss: 4.5763,	val_loss: 6.7456
74:	[0s / 3s],		train_loss: 4.5873,	val_loss: 101.0130
75:	[0s / 3s],		train_loss: 4.5689,	val_loss: 47.1160
76:	[0s / 3s],		train_loss: 4.5775,	val_loss: 406.2999
77:	[0s / 3s],		train_loss: 4.5741,	val_loss: 283.0031
78:	[0s / 3s],		train_loss: 4.5578,	val_loss: 497.7545
Saved fixed_epochs=59 → nan/tabpfn/OrmoniTirodei/nan_percentage0.7/seed77/fold4/fixed_epochs_deepsurv_vanilla.json
Evaluating method: embeddings
Fitting Random Survival Forest model...
C-index TRAIN: 0.9592236103227781
C-index TEST : 0.7177910489707019
Fitting deepsurv_simple.pt...
0:	[0s / 0s],		train_loss: 3.5857
1:	[0s / 0s],		train_loss: 3.2950
2:	[0s / 0s],		train_loss: 3.2741
3:	[0s / 0s],		train_loss: 3.2614
4:	[0s / 0s],		train_loss: 3.2511
5:	[0s / 0s],		train_loss: 3.2480
6:	[0s / 0s],		train_loss: 3.2463
7:	[0s / 0s],		train_loss: 3.2368
8:	[0s / 0s],		train_loss: 3.2474
9:	[0s / 0s],		train_loss: 3.2560
10:	[0s / 0s],		train_loss: 3.2650
11:	[0s / 0s],		train_loss: 3.2349
12:	[0s / 0s],		train_loss: 3.2515
13:	[0s / 0s],		train_loss: 3.2410
14:	[0s / 0s],		train_loss: 3.2562
15:	[0s / 0s],		train_loss: 3.2324
16:	[0s / 0s],		train_loss: 3.2530
17:	[0s / 0s],		train_loss: 3.2372
18:	[0s / 0s],		train_loss: 3.2477
19:	[0s / 0s],		train_loss: 3.2457
20:	[0s / 0s],		train_loss: 3.2315
21:	[0s / 0s],		train_loss: 3.2327
22:	[0s / 0s],		train_loss: 3.2208
23:	[0s / 0s],		train_loss: 3.2228
24:	[0s / 0s],		train_loss: 3.2329
25:	[0s / 0s],		train_loss: 3.2541
26:	[0s / 0s],		train_loss: 3.2368
C-index TRAIN: 0.9141730916599381
C-index TEST : 0.7171811986229185
Fitting deepsurv_vanilla.pt...
0:	[0s / 0s],		train_loss: 3.3996
1:	[0s / 0s],		train_loss: 3.3039
2:	[0s / 0s],		train_loss: 3.2887
3:	[0s / 0s],		train_loss: 3.2687
4:	[0s / 0s],		train_loss: 3.2756
5:	[0s / 0s],		train_loss: 3.2470
6:	[0s / 0s],		train_loss: 3.2725
7:	[0s / 0s],		train_loss: 3.2680
8:	[0s / 0s],		train_loss: 3.2527
9:	[0s / 0s],		train_loss: 3.2440
10:	[0s / 0s],		train_loss: 3.2522
11:	[0s / 0s],		train_loss: 3.2256
12:	[0s / 0s],		train_loss: 3.2596
13:	[0s / 0s],		train_loss: 3.2452
14:	[0s / 0s],		train_loss: 3.2565
15:	[0s / 0s],		train_loss: 3.2538
16:	[0s / 0s],		train_loss: 3.2080
17:	[0s / 0s],		train_loss: 3.2405
18:	[0s / 0s],		train_loss: 3.2491
19:	[0s / 0s],		train_loss: 3.2541
20:	[0s / 0s],		train_loss: 3.2387
21:	[0s / 0s],		train_loss: 3.2317
22:	[0s / 0s],		train_loss: 3.2369
23:	[0s / 1s],		train_loss: 3.2360
24:	[0s / 1s],		train_loss: 3.2271
25:	[0s / 1s],		train_loss: 3.2189
26:	[0s / 1s],		train_loss: 3.2373
27:	[0s / 1s],		train_loss: 3.2455
28:	[0s / 1s],		train_loss: 3.2215
29:	[0s / 1s],		train_loss: 3.2386
30:	[0s / 1s],		train_loss: 3.2445
31:	[0s / 1s],		train_loss: 3.2230
32:	[0s / 1s],		train_loss: 3.2180
33:	[0s / 1s],		train_loss: 3.2519
34:	[0s / 1s],		train_loss: 3.2123
35:	[0s / 1s],		train_loss: 3.2336
36:	[0s / 1s],		train_loss: 3.2321
37:	[0s / 1s],		train_loss: 3.2319
38:	[0s / 1s],		train_loss: 3.2341
39:	[0s / 1s],		train_loss: 3.2183
40:	[0s / 1s],		train_loss: 3.2379
41:	[0s / 1s],		train_loss: 3.2396
42:	[0s / 1s],		train_loss: 3.2291
43:	[0s / 1s],		train_loss: 3.2049
44:	[0s / 1s],		train_loss: 3.2219
45:	[0s / 1s],		train_loss: 3.2260
46:	[0s / 2s],		train_loss: 3.2366
47:	[0s / 2s],		train_loss: 3.2200
48:	[0s / 2s],		train_loss: 3.2447
49:	[0s / 2s],		train_loss: 3.2418
50:	[0s / 2s],		train_loss: 3.2427
51:	[0s / 2s],		train_loss: 3.2227
52:	[0s / 2s],		train_loss: 3.2156
53:	[0s / 2s],		train_loss: 3.2344
54:	[0s / 2s],		train_loss: 3.2342
55:	[0s / 2s],		train_loss: 3.2103
56:	[0s / 2s],		train_loss: 3.2196
57:	[0s / 2s],		train_loss: 3.2427
58:	[0s / 2s],		train_loss: 3.2096
C-index TRAIN: 0.915555735745956
C-index TEST : 0.6450572612941755
Fitting Cox model...
C-index TRAIN: 0.9134122947970783
C-index TEST : 0.7076203189770253
Evaluating method: mean
Fitting Random Survival Forest model...
C-index TRAIN: 0.8231072108772062
C-index TEST : 0.701670765123305
Fitting deepsurv_simple.pt...
0:	[0s / 0s],		train_loss: 13.7703
1:	[0s / 0s],		train_loss: 7.3759
2:	[0s / 0s],		train_loss: 6.0690
3:	[0s / 0s],		train_loss: 5.2624
4:	[0s / 0s],		train_loss: 5.8860
5:	[0s / 0s],		train_loss: 5.1028
6:	[0s / 0s],		train_loss: 4.6920
7:	[0s / 0s],		train_loss: 4.7136
8:	[0s / 0s],		train_loss: 4.8214
9:	[0s / 0s],		train_loss: 4.8770
10:	[0s / 0s],		train_loss: 5.3120
11:	[0s / 0s],		train_loss: 6.0078
12:	[0s / 0s],		train_loss: 8.9413
13:	[0s / 0s],		train_loss: 8.4548
14:	[0s / 0s],		train_loss: 6.1178
15:	[0s / 0s],		train_loss: 8.8072
16:	[0s / 0s],		train_loss: 10.2103
17:	[0s / 0s],		train_loss: 8.6163
18:	[0s / 0s],		train_loss: 6.3932
19:	[0s / 0s],		train_loss: 7.5886
20:	[0s / 0s],		train_loss: 7.4067
21:	[0s / 0s],		train_loss: 5.7305
22:	[0s / 0s],		train_loss: 5.0724
23:	[0s / 0s],		train_loss: 5.3600
24:	[0s / 0s],		train_loss: 6.0965
25:	[0s / 0s],		train_loss: 7.1255
26:	[0s / 0s],		train_loss: 5.9904
C-index TRAIN: 0.6534421822935522
C-index TEST : 0.661800042155554
Fitting deepsurv_vanilla.pt...
0:	[0s / 0s],		train_loss: 4.9498
1:	[0s / 0s],		train_loss: 4.8107
2:	[0s / 0s],		train_loss: 4.7581
3:	[0s / 0s],		train_loss: 4.7208
4:	[0s / 0s],		train_loss: 4.7155
5:	[0s / 0s],		train_loss: 4.7174
6:	[0s / 0s],		train_loss: 4.7371
7:	[0s / 0s],		train_loss: 4.7103
8:	[0s / 0s],		train_loss: 4.6789
9:	[0s / 0s],		train_loss: 4.6877
10:	[0s / 0s],		train_loss: 4.6792
11:	[0s / 0s],		train_loss: 4.6817
12:	[0s / 0s],		train_loss: 4.6753
13:	[0s / 0s],		train_loss: 4.6364
14:	[0s / 0s],		train_loss: 4.6593
15:	[0s / 0s],		train_loss: 4.6678
16:	[0s / 0s],		train_loss: 4.6350
17:	[0s / 0s],		train_loss: 4.6602
18:	[0s / 0s],		train_loss: 4.6304
19:	[0s / 0s],		train_loss: 4.6530
20:	[0s / 0s],		train_loss: 4.6272
21:	[0s / 0s],		train_loss: 4.6048
22:	[0s / 0s],		train_loss: 4.6432
23:	[0s / 1s],		train_loss: 4.6399
24:	[0s / 1s],		train_loss: 4.6143
25:	[0s / 1s],		train_loss: 4.6141
26:	[0s / 1s],		train_loss: 4.6269
27:	[0s / 1s],		train_loss: 4.6473
28:	[0s / 1s],		train_loss: 4.6258
29:	[0s / 1s],		train_loss: 4.6310
30:	[0s / 1s],		train_loss: 4.6287
31:	[0s / 1s],		train_loss: 4.6209
32:	[0s / 1s],		train_loss: 4.6079
33:	[0s / 1s],		train_loss: 4.6273
34:	[0s / 1s],		train_loss: 4.6167
35:	[0s / 1s],		train_loss: 4.5647
36:	[0s / 1s],		train_loss: 4.6205
37:	[0s / 1s],		train_loss: 4.6134
38:	[0s / 1s],		train_loss: 4.6270
39:	[0s / 1s],		train_loss: 4.6188
40:	[0s / 1s],		train_loss: 4.6134
41:	[0s / 1s],		train_loss: 4.6130
42:	[0s / 1s],		train_loss: 4.6006
43:	[0s / 1s],		train_loss: 4.5936
44:	[0s / 1s],		train_loss: 4.6040
45:	[0s / 1s],		train_loss: 4.5705
46:	[0s / 2s],		train_loss: 4.5851
47:	[0s / 2s],		train_loss: 4.5928
48:	[0s / 2s],		train_loss: 4.5938
49:	[0s / 2s],		train_loss: 4.5913
50:	[0s / 2s],		train_loss: 4.5654
51:	[0s / 2s],		train_loss: 4.6010
52:	[0s / 2s],		train_loss: 4.6110
53:	[0s / 2s],		train_loss: 4.5660
54:	[0s / 2s],		train_loss: 4.5891
55:	[0s / 2s],		train_loss: 4.5749
56:	[0s / 2s],		train_loss: 4.5699
57:	[0s / 2s],		train_loss: 4.6052
58:	[0s / 2s],		train_loss: 4.6100
C-index TRAIN: 0.7444517218525146
C-index TEST : 0.6959685238530177
Fitting Cox model...
C-index TRAIN: 0.7294368808889427
C-index TEST : 0.7122265158434624
Evaluating method: median
Fitting Random Survival Forest model...
C-index TRAIN: 0.7933788402920455
C-index TEST : 0.7017129206772992
Fitting deepsurv_simple.pt...
0:	[0s / 0s],		train_loss: 12.6484
1:	[0s / 0s],		train_loss: 6.2510
2:	[0s / 0s],		train_loss: 5.9025
3:	[0s / 0s],		train_loss: 5.6106
4:	[0s / 0s],		train_loss: 5.4467
5:	[0s / 0s],		train_loss: 5.2916
6:	[0s / 0s],		train_loss: 5.2535
7:	[0s / 0s],		train_loss: 4.9947
8:	[0s / 0s],		train_loss: 5.4386
9:	[0s / 0s],		train_loss: 6.0831
10:	[0s / 0s],		train_loss: 5.9122
11:	[0s / 0s],		train_loss: 5.7476
12:	[0s / 0s],		train_loss: 6.5671
13:	[0s / 0s],		train_loss: 6.5824
14:	[0s / 0s],		train_loss: 6.2778
15:	[0s / 0s],		train_loss: 6.2047
16:	[0s / 0s],		train_loss: 5.6225
17:	[0s / 0s],		train_loss: 5.1830
18:	[0s / 0s],		train_loss: 6.5489
19:	[0s / 0s],		train_loss: 7.2738
20:	[0s / 0s],		train_loss: 7.0093
21:	[0s / 0s],		train_loss: 6.6101
22:	[0s / 0s],		train_loss: 6.4191
23:	[0s / 0s],		train_loss: 6.7670
24:	[0s / 0s],		train_loss: 5.5240
25:	[0s / 0s],		train_loss: 5.1405
26:	[0s / 0s],		train_loss: 4.7758
C-index TRAIN: 0.7160522237462269
C-index TEST : 0.6989924822595377
Fitting deepsurv_vanilla.pt...
0:	[0s / 0s],		train_loss: 4.9142
1:	[0s / 0s],		train_loss: 4.8016
2:	[0s / 0s],		train_loss: 4.7809
3:	[0s / 0s],		train_loss: 4.7388
4:	[0s / 0s],		train_loss: 4.7242
5:	[0s / 0s],		train_loss: 4.7360
6:	[0s / 0s],		train_loss: 4.7229
7:	[0s / 0s],		train_loss: 4.7075
8:	[0s / 0s],		train_loss: 4.6690
9:	[0s / 0s],		train_loss: 4.6650
10:	[0s / 0s],		train_loss: 4.6684
11:	[0s / 0s],		train_loss: 4.6828
12:	[0s / 0s],		train_loss: 4.7041
13:	[0s / 0s],		train_loss: 4.6643
14:	[0s / 0s],		train_loss: 4.6636
15:	[0s / 0s],		train_loss: 4.6635
16:	[0s / 0s],		train_loss: 4.6383
17:	[0s / 0s],		train_loss: 4.6628
18:	[0s / 0s],		train_loss: 4.6384
19:	[0s / 0s],		train_loss: 4.6592
20:	[0s / 0s],		train_loss: 4.6334
21:	[0s / 0s],		train_loss: 4.6525
22:	[0s / 0s],		train_loss: 4.6667
23:	[0s / 1s],		train_loss: 4.6486
24:	[0s / 1s],		train_loss: 4.6411
25:	[0s / 1s],		train_loss: 4.6162
26:	[0s / 1s],		train_loss: 4.6336
27:	[0s / 1s],		train_loss: 4.6366
28:	[0s / 1s],		train_loss: 4.6273
29:	[0s / 1s],		train_loss: 4.6433
30:	[0s / 1s],		train_loss: 4.6457
31:	[0s / 1s],		train_loss: 4.6431
32:	[0s / 1s],		train_loss: 4.6176
33:	[0s / 1s],		train_loss: 4.6191
34:	[0s / 1s],		train_loss: 4.6256
35:	[0s / 1s],		train_loss: 4.5722
36:	[0s / 1s],		train_loss: 4.6335
37:	[0s / 1s],		train_loss: 4.6396
38:	[0s / 1s],		train_loss: 4.6201
39:	[0s / 1s],		train_loss: 4.6201
40:	[0s / 1s],		train_loss: 4.6151
41:	[0s / 1s],		train_loss: 4.6274
42:	[0s / 1s],		train_loss: 4.5920
43:	[0s / 1s],		train_loss: 4.5909
44:	[0s / 1s],		train_loss: 4.6067
45:	[0s / 1s],		train_loss: 4.5837
46:	[0s / 2s],		train_loss: 4.5852
47:	[0s / 2s],		train_loss: 4.5791
48:	[0s / 2s],		train_loss: 4.5978
49:	[0s / 2s],		train_loss: 4.5956
50:	[0s / 2s],		train_loss: 4.5861
51:	[0s / 2s],		train_loss: 4.6041
52:	[0s / 2s],		train_loss: 4.6244
53:	[0s / 2s],		train_loss: 4.5799
54:	[0s / 2s],		train_loss: 4.6069
55:	[0s / 2s],		train_loss: 4.5841
56:	[0s / 2s],		train_loss: 4.5897
57:	[0s / 2s],		train_loss: 4.6064
58:	[0s / 2s],		train_loss: 4.5927
C-index TRAIN: 0.7359507638613686
C-index TEST : 0.6843588842830043
Fitting Cox model...
C-index TRAIN: 0.7235707316478932
C-index TEST : 0.7037420080095552
Evaluating method: constant
Fitting Random Survival Forest model...
C-index TRAIN: 0.8423140482653946
C-index TEST : 0.6905557507201574
Fitting deepsurv_simple.pt...
0:	[0s / 0s],		train_loss: 23.8250
1:	[0s / 0s],		train_loss: 8.0183
2:	[0s / 0s],		train_loss: 6.3597
3:	[0s / 0s],		train_loss: 5.8807
4:	[0s / 0s],		train_loss: 5.8130
5:	[0s / 0s],		train_loss: 5.3967
6:	[0s / 0s],		train_loss: 5.2031
7:	[0s / 0s],		train_loss: 6.3618
8:	[0s / 0s],		train_loss: 6.2547
9:	[0s / 0s],		train_loss: 5.9052
10:	[0s / 0s],		train_loss: 5.5961
11:	[0s / 0s],		train_loss: 5.3428
12:	[0s / 0s],		train_loss: 5.1064
13:	[0s / 0s],		train_loss: 5.8492
14:	[0s / 0s],		train_loss: 6.1523
15:	[0s / 0s],		train_loss: 5.7706
16:	[0s / 0s],		train_loss: 5.4129
17:	[0s / 0s],		train_loss: 6.4166
18:	[0s / 0s],		train_loss: 6.9312
19:	[0s / 0s],		train_loss: 7.3867
20:	[0s / 0s],		train_loss: 7.2685
21:	[0s / 0s],		train_loss: 6.8611
22:	[0s / 0s],		train_loss: 6.6679
23:	[0s / 0s],		train_loss: 7.4369
24:	[0s / 0s],		train_loss: 6.1898
25:	[0s / 0s],		train_loss: 5.6529
26:	[0s / 0s],		train_loss: 5.3272
C-index TRAIN: 0.561399180996562
C-index TEST : 0.5372795615822384
Fitting deepsurv_vanilla.pt...
0:	[0s / 0s],		train_loss: 4.9612
1:	[0s / 0s],		train_loss: 4.9006
2:	[0s / 0s],		train_loss: 4.8887
3:	[0s / 0s],		train_loss: 4.8676
4:	[0s / 0s],		train_loss: 4.8535
5:	[0s / 0s],		train_loss: 4.8300
6:	[0s / 0s],		train_loss: 4.8299
7:	[0s / 0s],		train_loss: 4.8260
8:	[0s / 0s],		train_loss: 4.8105
9:	[0s / 0s],		train_loss: 4.7865
10:	[0s / 0s],		train_loss: 4.7692
11:	[0s / 0s],		train_loss: 4.7399
12:	[0s / 0s],		train_loss: 4.7602
13:	[0s / 0s],		train_loss: 4.7182
14:	[0s / 0s],		train_loss: 4.7030
15:	[0s / 0s],		train_loss: 4.7053
16:	[0s / 0s],		train_loss: 4.6955
17:	[0s / 0s],		train_loss: 4.6839
18:	[0s / 0s],		train_loss: 4.6245
19:	[0s / 0s],		train_loss: 4.6799
20:	[0s / 0s],		train_loss: 4.6648
21:	[0s / 0s],		train_loss: 4.5939
22:	[0s / 1s],		train_loss: 4.6353
23:	[0s / 1s],		train_loss: 4.6244
24:	[0s / 1s],		train_loss: 4.6125
25:	[0s / 1s],		train_loss: 4.6025
26:	[0s / 1s],		train_loss: 4.5859
27:	[0s / 1s],		train_loss: 4.5807
28:	[0s / 1s],		train_loss: 4.5754
29:	[0s / 1s],		train_loss: 4.5432
30:	[0s / 1s],		train_loss: 4.5205
31:	[0s / 1s],		train_loss: 4.5257
32:	[0s / 1s],		train_loss: 4.5228
33:	[0s / 1s],		train_loss: 4.5209
34:	[0s / 1s],		train_loss: 4.5023
35:	[0s / 1s],		train_loss: 4.4130
36:	[0s / 1s],		train_loss: 4.5062
37:	[0s / 1s],		train_loss: 4.5108
38:	[0s / 1s],		train_loss: 4.4665
39:	[0s / 1s],		train_loss: 4.4533
40:	[0s / 1s],		train_loss: 4.4685
41:	[0s / 1s],		train_loss: 4.4907
42:	[0s / 1s],		train_loss: 4.4490
43:	[0s / 1s],		train_loss: 4.4121
44:	[0s / 1s],		train_loss: 4.4252
45:	[0s / 2s],		train_loss: 4.4191
46:	[0s / 2s],		train_loss: 4.4165
47:	[0s / 2s],		train_loss: 4.3992
48:	[0s / 2s],		train_loss: 4.3890
49:	[0s / 2s],		train_loss: 4.3867
50:	[0s / 2s],		train_loss: 4.3535
51:	[0s / 2s],		train_loss: 4.3811
52:	[0s / 2s],		train_loss: 4.3585
53:	[0s / 2s],		train_loss: 4.3741
54:	[0s / 2s],		train_loss: 4.3742
55:	[0s / 2s],		train_loss: 4.3144/scratch.hpc/luca.cotugno/Foundation_model_clinical_data/.venv/lib/python3.12/site-packages/lifelines/utils/__init__.py:1100: ConvergenceWarning: Column(s) [34] have very low variance. This may harm convergence. 1) Are you using formula's? Did you mean to add '-1' to the end. 2) Try dropping this redundant column before fitting if convergence fails.

  warnings.warn(dedent(warning_text), ConvergenceWarning)
/scratch.hpc/luca.cotugno/Foundation_model_clinical_data/.venv/lib/python3.12/site-packages/lifelines/utils/__init__.py:797: RuntimeWarning: invalid value encountered in divide
  return (X - mean) / std
/scratch.hpc/luca.cotugno/Foundation_model_clinical_data/.venv/lib/python3.12/site-packages/lifelines/utils/__init__.py:1100: ConvergenceWarning: Column(s) [34] have very low variance. This may harm convergence. 1) Are you using formula's? Did you mean to add '-1' to the end. 2) Try dropping this redundant column before fitting if convergence fails.

  warnings.warn(dedent(warning_text), ConvergenceWarning)
/scratch.hpc/luca.cotugno/Foundation_model_clinical_data/.venv/lib/python3.12/site-packages/lifelines/utils/__init__.py:797: RuntimeWarning: invalid value encountered in divide
  return (X - mean) / std
/scratch.hpc/luca.cotugno/Foundation_model_clinical_data/.venv/lib/python3.12/site-packages/lifelines/utils/__init__.py:1120: ConvergenceWarning: Column 28 have very low variance when conditioned on death event present or not. This may harm convergence. This could be a form of 'complete separation'. For example, try the following code:

>>> events = df['__e__'].astype(bool)
>>> print(df.loc[events, '28'].var())
>>> print(df.loc[~events, '28'].var())

A very low variance means that the column 28 completely determines whether a subject dies or not. See https://stats.stackexchange.com/questions/11109/how-to-deal-with-perfect-separation-in-logistic-regression.

  warnings.warn(dedent(warning_text), ConvergenceWarning)
/scratch.hpc/luca.cotugno/Foundation_model_clinical_data/.venv/lib/python3.12/site-packages/lifelines/utils/__init__.py:1100: ConvergenceWarning: Column(s) [34] have very low variance. This may harm convergence. 1) Are you using formula's? Did you mean to add '-1' to the end. 2) Try dropping this redundant column before fitting if convergence fails.

  warnings.warn(dedent(warning_text), ConvergenceWarning)
/scratch.hpc/luca.cotugno/Foundation_model_clinical_data/.venv/lib/python3.12/site-packages/lifelines/utils/__init__.py:797: RuntimeWarning: invalid value encountered in divide
  return (X - mean) / std
/scratch.hpc/luca.cotugno/Foundation_model_clinical_data/.venv/lib/python3.12/site-packages/lifelines/utils/__init__.py:1100: ConvergenceWarning: Column(s) [34] have very low variance. This may harm convergence. 1) Are you using formula's? Did you mean to add '-1' to the end. 2) Try dropping this redundant column before fitting if convergence fails.

  warnings.warn(dedent(warning_text), ConvergenceWarning)
/scratch.hpc/luca.cotugno/Foundation_model_clinical_data/.venv/lib/python3.12/site-packages/lifelines/utils/__init__.py:797: RuntimeWarning: invalid value encountered in divide
  return (X - mean) / std
/scratch.hpc/luca.cotugno/Foundation_model_clinical_data/.venv/lib/python3.12/site-packages/sklearn/impute/_iterative.py:867: ConvergenceWarning: [IterativeImputer] Early stopping criterion not reached.
  warnings.warn(

56:	[0s / 2s],		train_loss: 4.2980
57:	[0s / 2s],		train_loss: 4.3063
58:	[0s / 2s],		train_loss: 4.3519
C-index TRAIN: 0.842510671522671
C-index TEST : 0.5792313637321718
Fitting Cox model...
C-index TRAIN: 0.6198288368849242
C-index TEST : 0.5700105388884985
Evaluating method: knn
Fitting Random Survival Forest model...
C-index TRAIN: 0.8796404896965987
C-index TEST : 0.6978851963746223
Fitting deepsurv_simple.pt...
0:	[0s / 0s],		train_loss: 19.9483
1:	[0s / 0s],		train_loss: 10.9783
2:	[0s / 0s],		train_loss: 7.3101
3:	[0s / 0s],		train_loss: 7.1181
4:	[0s / 0s],		train_loss: 6.9600
5:	[0s / 0s],		train_loss: 8.4090
6:	[0s / 0s],		train_loss: 7.9079
7:	[0s / 0s],		train_loss: 6.3731
8:	[0s / 0s],		train_loss: 5.2481
9:	[0s / 0s],		train_loss: 4.8993
10:	[0s / 0s],		train_loss: 4.9828
11:	[0s / 0s],		train_loss: 4.7564
12:	[0s / 0s],		train_loss: 4.8101
13:	[0s / 0s],		train_loss: 5.4019
14:	[0s / 0s],		train_loss: 6.0869
15:	[0s / 0s],		train_loss: 5.4394
16:	[0s / 0s],		train_loss: 5.6630
17:	[0s / 0s],		train_loss: 6.9637
18:	[0s / 0s],		train_loss: 9.2222
19:	[0s / 0s],		train_loss: 9.6212
20:	[0s / 0s],		train_loss: 10.7614
21:	[0s / 0s],		train_loss: 11.3020
22:	[0s / 0s],		train_loss: 8.8315
23:	[0s / 0s],		train_loss: 9.8119
24:	[0s / 0s],		train_loss: 9.4051
25:	[0s / 0s],		train_loss: 7.8665
26:	[0s / 0s],		train_loss: 6.0244
C-index TRAIN: 0.6659899057845307
C-index TEST : 0.6325890536078128
Fitting deepsurv_vanilla.pt...
0:	[0s / 0s],		train_loss: 4.9247
1:	[0s / 0s],		train_loss: 4.8206
2:	[0s / 0s],		train_loss: 4.7930
3:	[0s / 0s],		train_loss: 4.7698
4:	[0s / 0s],		train_loss: 4.7603
5:	[0s / 0s],		train_loss: 4.7653
6:	[0s / 0s],		train_loss: 4.7885
7:	[0s / 0s],		train_loss: 4.7421
8:	[0s / 0s],		train_loss: 4.7296
9:	[0s / 0s],		train_loss: 4.6898
10:	[0s / 0s],		train_loss: 4.7042
11:	[0s / 0s],		train_loss: 4.7234
12:	[0s / 0s],		train_loss: 4.7260
13:	[0s / 0s],		train_loss: 4.7031
14:	[0s / 0s],		train_loss: 4.6861
15:	[0s / 0s],		train_loss: 4.6795
16:	[0s / 0s],		train_loss: 4.6945
17:	[0s / 0s],		train_loss: 4.6827
18:	[0s / 0s],		train_loss: 4.6611
19:	[0s / 0s],		train_loss: 4.6749
20:	[0s / 0s],		train_loss: 4.6560
21:	[0s / 0s],		train_loss: 4.6507
22:	[0s / 0s],		train_loss: 4.6713
23:	[0s / 1s],		train_loss: 4.6589
24:	[0s / 1s],		train_loss: 4.6566
25:	[0s / 1s],		train_loss: 4.6445
26:	[0s / 1s],		train_loss: 4.6246
27:	[0s / 1s],		train_loss: 4.6619
28:	[0s / 1s],		train_loss: 4.6339
29:	[0s / 1s],		train_loss: 4.6342
30:	[0s / 1s],		train_loss: 4.6424
31:	[0s / 1s],		train_loss: 4.6461
32:	[0s / 1s],		train_loss: 4.6312
33:	[0s / 1s],		train_loss: 4.6037
34:	[0s / 1s],		train_loss: 4.6262
35:	[0s / 1s],		train_loss: 4.5800
36:	[0s / 1s],		train_loss: 4.6307
37:	[0s / 1s],		train_loss: 4.6597
38:	[0s / 1s],		train_loss: 4.6212
39:	[0s / 1s],		train_loss: 4.6161
40:	[0s / 1s],		train_loss: 4.6189
41:	[0s / 1s],		train_loss: 4.6340
42:	[0s / 1s],		train_loss: 4.6137
43:	[0s / 1s],		train_loss: 4.5982
44:	[0s / 1s],		train_loss: 4.6016
45:	[0s / 1s],		train_loss: 4.5660
46:	[0s / 1s],		train_loss: 4.5982
47:	[0s / 2s],		train_loss: 4.5788
48:	[0s / 2s],		train_loss: 4.5717
49:	[0s / 2s],		train_loss: 4.5756
50:	[0s / 2s],		train_loss: 4.5817
51:	[0s / 2s],		train_loss: 4.5959
52:	[0s / 2s],		train_loss: 4.6020
53:	[0s / 2s],		train_loss: 4.5876
54:	[0s / 2s],		train_loss: 4.5866
55:	[0s / 2s],		train_loss: 4.5947
56:	[0s / 2s],		train_loss: 4.5734
57:	[0s / 2s],		train_loss: 4.6038
58:	[0s / 2s],		train_loss: 4.5910
C-index TRAIN: 0.7477984095786171
C-index TEST : 0.651665846975339
Fitting Cox model...
C-index TRAIN: 0.7189943396104309
C-index TEST : 0.6778613082273589
Evaluating method: imputer_bayesian
Fitting Random Survival Forest model...
C-index TRAIN: 0.9029252134970731
C-index TEST : 0.7018253354879506
Fitting deepsurv_simple.pt...
0:	[0s / 0s],		train_loss: 28.4687
1:	[0s / 0s],		train_loss: 12.9341
2:	[0s / 0s],		train_loss: 9.7529
3:	[0s / 0s],		train_loss: 8.6392
4:	[0s / 0s],		train_loss: 14.8201
5:	[0s / 0s],		train_loss: 9.6464
6:	[0s / 0s],		train_loss: 6.3264
7:	[0s / 0s],		train_loss: 5.7795
8:	[0s / 0s],		train_loss: 7.6458
9:	[0s / 0s],		train_loss: 6.3738
10:	[0s / 0s],		train_loss: 6.1104
11:	[0s / 0s],		train_loss: 15.5263
12:	[0s / 0s],		train_loss: 27.2417
13:	[0s / 0s],		train_loss: 12.4557
14:	[0s / 0s],		train_loss: 11.6093
15:	[0s / 0s],		train_loss: 15.7352
16:	[0s / 0s],		train_loss: 13.6150
17:	[0s / 0s],		train_loss: 20.4485
18:	[0s / 0s],		train_loss: 26.4712
19:	[0s / 0s],		train_loss: 12.3750
20:	[0s / 0s],		train_loss: 10.0426
21:	[0s / 0s],		train_loss: 7.7959
22:	[0s / 0s],		train_loss: 5.5239
23:	[0s / 0s],		train_loss: 5.0598
24:	[0s / 0s],		train_loss: 15.3540
25:	[0s / 0s],		train_loss: 23.1681
26:	[0s / 0s],		train_loss: 18.0824
C-index TRAIN: 0.5938207001462968
C-index TEST : 0.5826684465678353
Fitting deepsurv_vanilla.pt...
0:	[0s / 0s],		train_loss: 4.8910
1:	[0s / 0s],		train_loss: 4.7509
2:	[0s / 0s],		train_loss: 4.7131
3:	[0s / 0s],		train_loss: 4.6919
4:	[0s / 0s],		train_loss: 4.6768
5:	[0s / 0s],		train_loss: 4.6670
6:	[0s / 0s],		train_loss: 4.6862
7:	[0s / 0s],		train_loss: 4.6903
8:	[0s / 0s],		train_loss: 4.6490
9:	[0s / 0s],		train_loss: 4.6375
10:	[0s / 0s],		train_loss: 4.6602
11:	[0s / 0s],		train_loss: 4.6579
12:	[0s / 0s],		train_loss: 4.6658
13:	[0s / 0s],		train_loss: 4.6254
14:	[0s / 0s],		train_loss: 4.6388
15:	[0s / 0s],		train_loss: 4.6422
16:	[0s / 0s],		train_loss: 4.6201
17:	[0s / 0s],		train_loss: 4.6410
18:	[0s / 0s],		train_loss: 4.6252
19:	[0s / 0s],		train_loss: 4.6270
20:	[0s / 0s],		train_loss: 4.6159
21:	[0s / 0s],		train_loss: 4.6047
22:	[0s / 1s],		train_loss: 4.6416
23:	[0s / 1s],		train_loss: 4.6314
24:	[0s / 1s],		train_loss: 4.6092
25:	[0s / 1s],		train_loss: 4.5884
26:	[0s / 1s],		train_loss: 4.6128
27:	[0s / 1s],		train_loss: 4.6330
28:	[0s / 1s],		train_loss: 4.5925
29:	[0s / 1s],		train_loss: 4.5997
30:	[0s / 1s],		train_loss: 4.6147
31:	[0s / 1s],		train_loss: 4.5988
32:	[0s / 1s],		train_loss: 4.5948
33:	[0s / 1s],		train_loss: 4.5992
34:	[0s / 1s],		train_loss: 4.6005
35:	[0s / 1s],		train_loss: 4.5534
36:	[0s / 1s],		train_loss: 4.6201
37:	[0s / 1s],		train_loss: 4.6140
38:	[0s / 1s],		train_loss: 4.5989
39:	[0s / 1s],		train_loss: 4.5974
40:	[0s / 1s],		train_loss: 4.6011
41:	[0s / 1s],		train_loss: 4.6002
42:	[0s / 1s],		train_loss: 4.5880
43:	[0s / 1s],		train_loss: 4.5863
44:	[0s / 1s],		train_loss: 4.5975
45:	[0s / 2s],		train_loss: 4.5660
46:	[0s / 2s],		train_loss: 4.5776
47:	[0s / 2s],		train_loss: 4.5789
48:	[0s / 2s],		train_loss: 4.5855
49:	[0s / 2s],		train_loss: 4.5729
50:	[0s / 2s],		train_loss: 4.5780
51:	[0s / 2s],		train_loss: 4.5915
52:	[0s / 2s],		train_loss: 4.5950
53:	[0s / 2s],		train_loss: 4.5671
54:	[0s / 2s],		train_loss: 4.5734
55:	[0s / 2s],		train_loss: 4.5580
56:	[0s / 2s],		train_loss: 4.5768
57:	[0s / 2s],		train_loss: 4.6150
58:	[0s / 2s],		train_loss: 4.6011
C-index TRAIN: 0.7427572024450568
C-index TEST : 0.6885842759783601
Fitting Cox model...
C-index TRAIN: 0.7285786289363195
C-index TEST : 0.7032445724724232
[fold=4, target=90%] actual NaN%: 90.0%
X_train shape: (5162, 76), X_test shape: (1290, 76)
Generating TabPFN Embeddings...
Successfully generated embeddings with shape: (5162, 192)
Fitting SimpleImputer (mean)...
Fitting SimpleImputer (median)...
Fitting SimpleImputer (constant, fill=-1)...
Fitting KNNImputer...
Fitting IterativeImputer (BayesianRidge, MICE-like)...
Fitting DeepSurv Simple pilot model...
0:	[0s / 0s],		train_loss: 15.6399,	val_loss: 8.8438
1:	[0s / 0s],		train_loss: 7.1179,	val_loss: 8.4353
2:	[0s / 0s],		train_loss: 6.4691,	val_loss: 7.8446
3:	[0s / 0s],		train_loss: 5.7379,	val_loss: 7.1398
4:	[0s / 0s],		train_loss: 5.2975,	val_loss: 6.9778
5:	[0s / 0s],		train_loss: 5.1972,	val_loss: 6.9488
6:	[0s / 0s],		train_loss: 5.0842,	val_loss: 6.9048
7:	[0s / 0s],		train_loss: 5.0022,	val_loss: 6.8807
8:	[0s / 0s],		train_loss: 5.0037,	val_loss: 6.8547
9:	[0s / 0s],		train_loss: 4.9725,	val_loss: 6.8352
10:	[0s / 0s],		train_loss: 4.9255,	val_loss: 6.8305
11:	[0s / 0s],		train_loss: 5.0357,	val_loss: 7.6563
12:	[0s / 0s],		train_loss: 6.8650,	val_loss: 8.3082
13:	[0s / 0s],		train_loss: 5.7549,	val_loss: 7.0667
14:	[0s / 0s],		train_loss: 4.9715,	val_loss: 7.2304
15:	[0s / 0s],		train_loss: 5.3799,	val_loss: 7.6058
16:	[0s / 0s],		train_loss: 5.4705,	val_loss: 7.0487
17:	[0s / 0s],		train_loss: 4.9200,	val_loss: 6.8108
18:	[0s / 0s],		train_loss: 4.8477,	val_loss: 6.8148
19:	[0s / 0s],		train_loss: 4.7965,	val_loss: 6.8110
20:	[0s / 0s],		train_loss: 4.8718,	val_loss: 6.8577
21:	[0s / 0s],		train_loss: 4.8662,	val_loss: 6.7981
22:	[0s / 0s],		train_loss: 4.9288,	val_loss: 6.8933
23:	[0s / 0s],		train_loss: 4.9355,	val_loss: 6.8213
24:	[0s / 0s],		train_loss: 5.5944,	val_loss: 9.4760
25:	[0s / 0s],		train_loss: 8.8733,	val_loss: 11.8806
26:	[0s / 0s],		train_loss: 8.0119,	val_loss: 8.3292
27:	[0s / 0s],		train_loss: 5.4995,	val_loss: 6.9810
28:	[0s / 0s],		train_loss: 4.8522,	val_loss: 6.8489
29:	[0s / 0s],		train_loss: 4.8141,	val_loss: 6.8777
30:	[0s / 0s],		train_loss: 4.8368,	val_loss: 6.8244
31:	[0s / 0s],		train_loss: 5.3326,	val_loss: 7.5037
32:	[0s / 1s],		train_loss: 5.7451,	val_loss: 7.4367
33:	[0s / 1s],		train_loss: 5.5366,	val_loss: 7.2645
34:	[0s / 1s],		train_loss: 6.3450,	val_loss: 8.9846
35:	[0s / 1s],		train_loss: 7.2129,	val_loss: 8.3597
36:	[0s / 1s],		train_loss: 5.7128,	val_loss: 6.9998
37:	[0s / 1s],		train_loss: 5.3632,	val_loss: 7.5933
38:	[0s / 1s],		train_loss: 5.9023,	val_loss: 7.0896
39:	[0s / 1s],		train_loss: 7.3992,	val_loss: 11.4532
40:	[0s / 1s],		train_loss: 7.7795,	val_loss: 7.7274
41:	[0s / 1s],		train_loss: 5.1961,	val_loss: 7.6799
Saved fixed_epochs=22 → nan/tabpfn/OrmoniTirodei/nan_percentage0.9/seed77/fold4/fixed_epochs_deepsurv_simple.json
Fitting DeepSurv Vanilla pilot model...
0:	[0s / 0s],		train_loss: 5.0011,	val_loss: 6.8324
1:	[0s / 0s],		train_loss: 4.9200,	val_loss: 6.8404
2:	[0s / 0s],		train_loss: 4.9416,	val_loss: 6.8283
3:	[0s / 0s],		train_loss: 4.9203,	val_loss: 6.8223
4:	[0s / 0s],		train_loss: 4.9118,	val_loss: 6.8098
5:	[0s / 0s],		train_loss: 4.8833,	val_loss: 6.7955
6:	[0s / 0s],		train_loss: 4.8685,	val_loss: 6.7921
7:	[0s / 0s],		train_loss: 4.8286,	val_loss: 6.7849
8:	[0s / 0s],		train_loss: 4.8507,	val_loss: 6.8019
9:	[0s / 0s],		train_loss: 4.8357,	val_loss: 6.7857
10:	[0s / 0s],		train_loss: 4.8364,	val_loss: 6.7808
11:	[0s / 0s],		train_loss: 4.8413,	val_loss: 6.7934
12:	[0s / 0s],		train_loss: 4.8400,	val_loss: 6.7978
13:	[0s / 0s],		train_loss: 4.8323,	val_loss: 6.7929
14:	[0s / 0s],		train_loss: 4.8123,	val_loss: 6.7749
15:	[0s / 0s],		train_loss: 4.7969,	val_loss: 6.7936
16:	[0s / 0s],		train_loss: 4.8068,	val_loss: 6.7912
17:	[0s / 0s],		train_loss: 4.8244,	val_loss: 6.7867
18:	[0s / 0s],		train_loss: 4.8049,	val_loss: 6.7945
19:	[0s / 0s],		train_loss: 4.8154,	val_loss: 6.7887
20:	[0s / 0s],		train_loss: 4.8007,	val_loss: 6.7761
21:	[0s / 1s],		train_loss: 4.8065,	val_loss: 6.8079
22:	[0s / 1s],		train_loss: 4.8107,	val_loss: 6.7834
23:	[0s / 1s],		train_loss: 4.8041,	val_loss: 6.7660
24:	[0s / 1s],		train_loss: 4.7794,	val_loss: 6.7862
25:	[0s / 1s],		train_loss: 4.7940,	val_loss: 6.7735
26:	[0s / 1s],		train_loss: 4.7934,	val_loss: 6.8041
27:	[0s / 1s],		train_loss: 4.7892,	val_loss: 6.7664
28:	[0s / 1s],		train_loss: 4.7811,	val_loss: 6.8037
29:	[0s / 1s],		train_loss: 4.7927,	val_loss: 6.7770
30:	[0s / 1s],		train_loss: 4.7892,	val_loss: 6.7755
31:	[0s / 1s],		train_loss: 4.7909,	val_loss: 6.7731
32:	[0s / 1s],		train_loss: 4.7641,	val_loss: 6.7710
33:	[0s / 1s],		train_loss: 4.7640,	val_loss: 6.7803
34:	[0s / 1s],		train_loss: 4.7847,	val_loss: 6.7775
35:	[0s / 1s],		train_loss: 4.7788,	val_loss: 6.7945
36:	[0s / 1s],		train_loss: 4.7875,	val_loss: 6.7975
37:	[0s / 1s],		train_loss: 4.7877,	val_loss: 6.7725
38:	[0s / 1s],		train_loss: 4.7864,	val_loss: 6.7813
39:	[0s / 1s],		train_loss: 4.7789,	val_loss: 6.7605
40:	[0s / 1s],		train_loss: 4.7729,	val_loss: 6.8159
41:	[0s / 1s],		train_loss: 4.7761,	val_loss: 6.7950
42:	[0s / 1s],		train_loss: 4.7757,	val_loss: 6.7776
43:	[0s / 1s],		train_loss: 4.7862,	val_loss: 6.7918
44:	[0s / 2s],		train_loss: 4.7686,	val_loss: 6.8173
45:	[0s / 2s],		train_loss: 4.7589,	val_loss: 6.7952
46:	[0s / 2s],		train_loss: 4.7576,	val_loss: 6.7651
47:	[0s / 2s],		train_loss: 4.7669,	val_loss: 6.8036
48:	[0s / 2s],		train_loss: 4.7790,	val_loss: 6.7930
49:	[0s / 2s],		train_loss: 4.7899,	val_loss: 6.7763
50:	[0s / 2s],		train_loss: 4.7737,	val_loss: 6.7824
51:	[0s / 2s],		train_loss: 4.7616,	val_loss: 6.7974
52:	[0s / 2s],		train_loss: 4.7607,	val_loss: 6.7939
53:	[0s / 2s],		train_loss: 4.7233,	val_loss: 6.7899
54:	[0s / 2s],		train_loss: 4.7675,	val_loss: 6.7774
55:	[0s / 2s],		train_loss: 4.7531,	val_loss: 6.8305
56:	[0s / 2s],		train_loss: 4.7628,	val_loss: 6.7853
57:	[0s / 2s],		train_loss: 4.7663,	val_loss: 6.8145
58:	[0s / 2s],		train_loss: 4.7477,	val_loss: 6.8077
59:	[0s / 2s],		train_loss: 4.7397,	val_loss: 6.8233
Saved fixed_epochs=40 → nan/tabpfn/OrmoniTirodei/nan_percentage0.9/seed77/fold4/fixed_epochs_deepsurv_vanilla.json
Evaluating method: embeddings
Fitting Random Survival Forest model...
C-index TRAIN: 0.9638525367445661
C-index TEST : 0.6238572331904728
Fitting deepsurv_simple.pt...
0:	[0s / 0s],		train_loss: 3.5507
1:	[0s / 0s],		train_loss: 3.2976
2:	[0s / 0s],		train_loss: 3.2827
3:	[0s / 0s],		train_loss: 3.2822
4:	[0s / 0s],		train_loss: 3.2692
5:	[0s / 0s],		train_loss: 3.2686
6:	[0s / 0s],		train_loss: 3.2677
7:	[0s / 0s],		train_loss: 3.2590
8:	[0s / 0s],		train_loss: 3.2659
9:	[0s / 0s],		train_loss: 3.2652
10:	[0s / 0s],		train_loss: 3.2787
11:	[0s / 0s],		train_loss: 3.2434
12:	[0s / 0s],		train_loss: 3.2735
13:	[0s / 0s],		train_loss: 3.2642
14:	[0s / 0s],		train_loss: 3.2753
15:	[0s / 0s],		train_loss: 3.2605
16:	[0s / 0s],		train_loss: 3.2654
17:	[0s / 0s],		train_loss: 3.2619
18:	[0s / 0s],		train_loss: 3.2681
19:	[0s / 0s],		train_loss: 3.2718
20:	[0s / 0s],		train_loss: 3.2656
21:	[0s / 0s],		train_loss: 3.2468
C-index TRAIN: 0.9006723259141839
C-index TEST : 0.619810300007026
Fitting deepsurv_vanilla.pt...
0:	[0s / 0s],		train_loss: 3.4061
1:	[0s / 0s],		train_loss: 3.3179
2:	[0s / 0s],		train_loss: 3.3080
3:	[0s / 0s],		train_loss: 3.2799
4:	[0s / 0s],		train_loss: 3.2958
5:	[0s / 0s],		train_loss: 3.2682
6:	[0s / 0s],		train_loss: 3.2903
7:	[0s / 0s],		train_loss: 3.2817
8:	[0s / 0s],		train_loss: 3.2876
9:	[0s / 0s],		train_loss: 3.2759
10:	[0s / 0s],		train_loss: 3.2762
11:	[0s / 0s],		train_loss: 3.2456
12:	[0s / 0s],		train_loss: 3.2870
13:	[0s / 0s],		train_loss: 3.2687
14:	[0s / 0s],		train_loss: 3.2776
15:	[0s / 0s],		train_loss: 3.2726
16:	[0s / 0s],		train_loss: 3.2372
17:	[0s / 0s],		train_loss: 3.2653
18:	[0s / 0s],		train_loss: 3.2666
19:	[0s / 0s],		train_loss: 3.2672
20:	[0s / 0s],		train_loss: 3.2631
21:	[0s / 0s],		train_loss: 3.2512
22:	[0s / 0s],		train_loss: 3.2599
23:	[0s / 1s],		train_loss: 3.2658
24:	[0s / 1s],		train_loss: 3.2526
25:	[0s / 1s],		train_loss: 3.2569
26:	[0s / 1s],		train_loss: 3.2709
27:	[0s / 1s],		train_loss: 3.2676
28:	[0s / 1s],		train_loss: 3.2515
29:	[0s / 1s],		train_loss: 3.2704
30:	[0s / 1s],		train_loss: 3.2720
31:	[0s / 1s],		train_loss: 3.2512
32:	[0s / 1s],		train_loss: 3.2405
33:	[0s / 1s],		train_loss: 3.2804
34:	[0s / 1s],		train_loss: 3.2468
35:	[0s / 1s],		train_loss: 3.2527
36:	[0s / 1s],		train_loss: 3.2645
37:	[0s / 1s],		train_loss: 3.2598
38:	[0s / 1s],		train_loss: 3.2504
39:	[0s / 1s],		train_loss: 3.2510
C-index TRAIN: 0.9073377210964764
C-index TEST : 0.6368664371530949
Fitting Cox model...
C-index TRAIN: 0.9062914112753254
C-index TEST : 0.6249420361132579
Evaluating method: mean
Fitting Random Survival Forest model...
C-index TRAIN: 0.7470222901869957
C-index TEST : 0.6280081500737722
Fitting deepsurv_simple.pt...
0:	[0s / 0s],		train_loss: 8.5383
1:	[0s / 0s],		train_loss: 9.6082
2:	[0s / 0s],		train_loss: 6.7167
3:	[0s / 0s],		train_loss: 5.5763
4:	[0s / 0s],		train_loss: 5.1211
5:	[0s / 0s],		train_loss: 5.3522
6:	[0s / 0s],		train_loss: 5.8721
7:	[0s / 0s],		train_loss: 5.3318
8:	[0s / 0s],		train_loss: 4.9626
9:	[0s / 0s],		train_loss: 4.8983
10:	[0s / 0s],		train_loss: 4.8530
11:	[0s / 0s],		train_loss: 5.8422
12:	[0s / 0s],		train_loss: 6.3773
13:	[0s / 0s],		train_loss: 5.3149
14:	[0s / 0s],		train_loss: 4.8831
15:	[0s / 0s],		train_loss: 4.8836
16:	[0s / 0s],		train_loss: 4.8759
17:	[0s / 0s],		train_loss: 4.9009
18:	[0s / 0s],		train_loss: 4.8422
19:	[0s / 0s],		train_loss: 4.8424
20:	[0s / 0s],		train_loss: 4.8507
21:	[0s / 0s],		train_loss: 4.9975
C-index TRAIN: 0.6222076356824198
C-index TEST : 0.6080938663668939
Fitting deepsurv_vanilla.pt...
0:	[0s / 0s],		train_loss: 5.0031
1:	[0s / 0s],		train_loss: 4.9067
2:	[0s / 0s],		train_loss: 4.8925
3:	[0s / 0s],		train_loss: 4.8802
4:	[0s / 0s],		train_loss: 4.8630
5:	[0s / 0s],		train_loss: 4.8514
6:	[0s / 0s],		train_loss: 4.8996
7:	[0s / 0s],		train_loss: 4.8576
8:	[0s / 0s],		train_loss: 4.8398
9:	[0s / 0s],		train_loss: 4.8322
10:	[0s / 0s],		train_loss: 4.8309
11:	[0s / 0s],		train_loss: 4.8500
12:	[0s / 0s],		train_loss: 4.8304
13:	[0s / 0s],		train_loss: 4.8309
14:	[0s / 0s],		train_loss: 4.8176
15:	[0s / 0s],		train_loss: 4.8427
16:	[0s / 0s],		train_loss: 4.8171
17:	[0s / 0s],		train_loss: 4.8273
18:	[0s / 0s],		train_loss: 4.8127
19:	[0s / 0s],		train_loss: 4.8258
20:	[0s / 0s],		train_loss: 4.8082
21:	[0s / 0s],		train_loss: 4.8106
22:	[0s / 0s],		train_loss: 4.8187
23:	[0s / 1s],		train_loss: 4.7739
24:	[0s / 1s],		train_loss: 4.8052
25:	[0s / 1s],		train_loss: 4.7975
26:	[0s / 1s],		train_loss: 4.8061
27:	[0s / 1s],		train_loss: 4.8053
28:	[0s / 1s],		train_loss: 4.7750
29:	[0s / 1s],		train_loss: 4.7704
30:	[0s / 1s],		train_loss: 4.8039
31:	[0s / 1s],		train_loss: 4.7912
32:	[0s / 1s],		train_loss: 4.7921
33:	[0s / 1s],		train_loss: 4.7803
34:	[0s / 1s],		train_loss: 4.7677
35:	[0s / 1s],		train_loss: 4.7228
36:	[0s / 1s],		train_loss: 4.7904
37:	[0s / 1s],		train_loss: 4.7800
38:	[0s / 1s],		train_loss: 4.7631
39:	[0s / 1s],		train_loss: 4.7768
C-index TRAIN: 0.6535878890732668
C-index TEST : 0.6110925314410174
Fitting Cox model...
    Cox fit failed: Convergence halted due to matrix inversion problems. Suspicion is high collinearity. Please see the following tips in the lifelines documentation: https://lifelines.readthedocs.io/en/latest/Examples.html#problems-with-convergence-in-the-cox-proportional-hazard-modelMatrix is singular.
Evaluating method: median
Fitting Random Survival Forest model...
C-index TRAIN: 0.6987113087114571
C-index TEST : 0.6231265369212394
Fitting deepsurv_simple.pt...
0:	[0s / 0s],		train_loss: 9.9671
1:	[0s / 0s],		train_loss: 5.5730
2:	[0s / 0s],		train_loss: 5.2002
3:	[0s / 0s],		train_loss: 5.1605
4:	[0s / 0s],		train_loss: 5.3582
5:	[0s / 0s],		train_loss: 5.5027
6:	[0s / 0s],		train_loss: 5.7455
7:	[0s / 0s],		train_loss: 6.2629
8:	[0s / 0s],		train_loss: 5.5978
9:	[0s / 0s],		train_loss: 5.6222
10:	[0s / 0s],		train_loss: 5.5540
11:	[0s / 0s],		train_loss: 5.4478
12:	[0s / 0s],		train_loss: 5.3343
13:	[0s / 0s],		train_loss: 5.2398
14:	[0s / 0s],		train_loss: 5.1547
15:	[0s / 0s],		train_loss: 5.2032
16:	[0s / 0s],		train_loss: 5.3573
17:	[0s / 0s],		train_loss: 5.2979
18:	[0s / 0s],		train_loss: 5.3737
19:	[0s / 0s],		train_loss: 5.3280
20:	[0s / 0s],		train_loss: 5.2718
21:	[0s / 0s],		train_loss: 5.1283
C-index TRAIN: 0.6477928325588318
C-index TEST : 0.6091055996627556
Fitting deepsurv_vanilla.pt...
0:	[0s / 0s],		train_loss: 4.9930
1:	[0s / 0s],		train_loss: 4.9015
2:	[0s / 0s],		train_loss: 4.8854
3:	[0s / 0s],		train_loss: 4.8991
4:	[0s / 0s],		train_loss: 4.8558
5:	[0s / 0s],		train_loss: 4.8519
6:	[0s / 0s],		train_loss: 4.8849
7:	[0s / 0s],		train_loss: 4.8645
8:	[0s / 0s],		train_loss: 4.8607
9:	[0s / 0s],		train_loss: 4.8510
10:	[0s / 0s],		train_loss: 4.8394
11:	[0s / 0s],		train_loss: 4.8594
12:	[0s / 0s],		train_loss: 4.8399
13:	[0s / 0s],		train_loss: 4.8304
14:	[0s / 0s],		train_loss: 4.8279
15:	[0s / 0s],		train_loss: 4.8366
16:	[0s / 0s],		train_loss: 4.8130
17:	[0s / 0s],		train_loss: 4.8185
18:	[0s / 0s],		train_loss: 4.8241
19:	[0s / 0s],		train_loss: 4.8232
20:	[0s / 0s],		train_loss: 4.8027
21:	[0s / 0s],		train_loss: 4.8409
22:	[0s / 0s],		train_loss: 4.8203
23:	[0s / 1s],		train_loss: 4.7929
24:	[0s / 1s],		train_loss: 4.8198
25:	[0s / 1s],		train_loss: 4.8006
26:	[0s / 1s],		train_loss: 4.7994
27:	[0s / 1s],		train_loss: 4.8178
28:	[0s / 1s],		train_loss: 4.7774
29:	[0s / 1s],		train_loss: 4.7946
30:	[0s / 1s],		train_loss: 4.8256
31:	[0s / 1s],		train_loss: 4.8046
32:	[0s / 1s],		train_loss: 4.8152
33:	[0s / 1s],		train_loss: 4.8066
34:	[0s / 1s],		train_loss: 4.7989
35:	[0s / 1s],		train_loss: 4.7544
36:	[0s / 1s],		train_loss: 4.8265
37:	[0s / 1s],		train_loss: 4.8131
38:	[0s / 1s],		train_loss: 4.7957
39:	[0s / 1s],		train_loss: 4.7985
C-index TRAIN: 0.6544337687976973
C-index TEST : 0.6063416005058666
Fitting Cox model...
    Cox fit failed: Convergence halted due to matrix inversion problems. Suspicion is high collinearity. Please see the following tips in the lifelines documentation: https://lifelines.readthedocs.io/en/latest/Examples.html#problems-with-convergence-in-the-cox-proportional-hazard-modelMatrix is singular.
Evaluating method: constant
Fitting Random Survival Forest model...
C-index TRAIN: 0.7833556223782773
C-index TEST : 0.6233176420993466
Fitting deepsurv_simple.pt...
0:	[0s / 0s],		train_loss: 30.4362
1:	[0s / 0s],		train_loss: 6.4710
2:	[0s / 0s],		train_loss: 5.9294
3:	[0s / 0s],		train_loss: 5.6760
4:	[0s / 0s],		train_loss: 5.6367
5:	[0s / 0s],		train_loss: 5.5781
6:	[0s / 0s],		train_loss: 5.5445
7:	[0s / 0s],		train_loss: 5.8956
8:	[0s / 0s],		train_loss: 5.4296
9:	[0s / 0s],		train_loss: 5.3265
10:	[0s / 0s],		train_loss: 5.2790
11:	[0s / 0s],		train_loss: 5.2245
12:	[0s / 0s],		train_loss: 5.1861
13:	[0s / 0s],		train_loss: 5.1685
14:	[0s / 0s],		train_loss: 5.1063
15:	[0s / 0s],		train_loss: 5.0852
16:	[0s / 0s],		train_loss: 5.0379
17:	[0s / 0s],		train_loss: 5.0009
18:	[0s / 0s],		train_loss: 5.0132
19:	[0s / 0s],		train_loss: 5.0038
20:	[0s / 0s],		train_loss: 5.0207
21:	[0s / 0s],		train_loss: 5.0204
C-index TRAIN: 0.5508667983071747
C-index TEST : 0.5313089299515211
Fitting deepsurv_vanilla.pt...
0:	[0s / 0s],		train_loss: 4.9786
1:	[0s / 0s],		train_loss: 4.9326
2:	[0s / 0s],		train_loss: 4.9210
3:	[0s / 0s],		train_loss: 4.9167
4:	[0s / 0s],		train_loss: 4.8949
5:	[0s / 0s],		train_loss: 4.8931
6:	[0s / 0s],		train_loss: 4.9179
7:	[0s / 0s],		train_loss: 4.8984
8:	[0s / 0s],		train_loss: 4.8850
9:	[0s / 0s],		train_loss: 4.8810
10:	[0s / 0s],		train_loss: 4.8830
11:	[0s / 0s],		train_loss: 4.8780
12:	[0s / 0s],		train_loss: 4.8641
13:	[0s / 0s],		train_loss: 4.8476
14:	[0s / 0s],		train_loss: 4.8714
15:	[0s / 0s],		train_loss: 4.8526
16:	[0s / 0s],		train_loss: 4.8450
17:	[0s / 0s],		train_loss: 4.8382
18:	[0s / 0s],		train_loss: 4.8182
19:	[0s / 0s],		train_loss: 4.8457
20:	[0s / 0s],		train_loss: 4.8181
21:	[0s / 0s],		train_loss: 4.8100
22:	[0s / 0s],		train_loss: 4.8243
23:	[0s / 1s],		train_loss: 4.7798
24:	[0s / 1s],		train_loss: 4.7853
25:	[0s / 1s],		train_loss: 4.7811
26:	[0s / 1s],		train_loss: 4.7611
27:	[0s / 1s],		train_loss: 4.7770
28:	[0s / 1s],		train_loss: 4.7636
29:	[0s / 1s],		train_loss: 4.7479
30:	[0s / 1s],		train_loss: 4.7742
31:	[0s / 1s],		train_loss: 4.7734
32:	[0s / 1s],		train_loss: 4.7576
33:	[0s / 1s],		train_loss: 4.7563
34:	[0s / 1s],		train_loss: 4.7666
35:	[0s / 1s],		train_loss: 4.7140
36:	[0s / 1s],		train_loss: 4.7331
37:	[0s / 1s],		train_loss: 4.7473
38:	[0s / 1s],		train_loss: 4.7314
39:	[0s / 1s],		train_loss: 4.7164
C-index TRAIN: 0.7020026069236511
C-index TEST : 0.5574538045387479
Fitting Cox model...
C-index TRAIN: 0.5763506380833934
C-index TEST : 0.5401812688821752
Evaluating method: knn
Fitting Random Survival Forest model...
C-index TRAIN: 0.9041752843994577
C-index TEST : 0.5904784655378346
Fitting deepsurv_simple.pt...
0:	[0s / 0s],		train_loss: 12.0156
1:	[0s / 0s],		train_loss: 7.8827
2:	[0s / 0s],		train_loss: 6.6803
3:	[0s / 0s],		train_loss: 9.4055
4:	[0s / 0s],		train_loss: 9.0230
5:	[0s / 0s],		train_loss: 8.1044
6:	[0s / 0s],		train_loss: 9.3640
7:	[0s / 0s],		train_loss: 6.8361
8:	[0s / 0s],		train_loss: 5.4528
9:	[0s / 0s],		train_loss: 5.0305
10:	[0s / 0s],		train_loss: 4.9576
11:	[0s / 0s],		train_loss: 4.9323
12:	[0s / 0s],		train_loss: 5.2240
13:	[0s / 0s],		train_loss: 5.2396
14:	[0s / 0s],		train_loss: 5.8947
15:	[0s / 0s],		train_loss: 8.7893
16:	[0s / 0s],		train_loss: 8.4466
17:	[0s / 0s],		train_loss: 6.0881
18:	[0s / 0s],		train_loss: 6.2146
19:	[0s / 0s],		train_loss: 6.2383
20:	[0s / 0s],		train_loss: 8.1591
21:	[0s / 0s],		train_loss: 6.0394
C-index TRAIN: 0.5594006854595103
C-index TEST : 0.5603035199887585
Fitting deepsurv_vanilla.pt...
0:	[0s / 0s],		train_loss: 4.9719
1:	[0s / 0s],		train_loss: 4.9281
2:	[0s / 0s],		train_loss: 4.9260
3:	[0s / 0s],		train_loss: 4.9326
4:	[0s / 0s],		train_loss: 4.9000
5:	[0s / 0s],		train_loss: 4.8985
6:	[0s / 0s],		train_loss: 4.9320
7:	[0s / 0s],		train_loss: 4.9106
8:	[0s / 0s],		train_loss: 4.9035
9:	[0s / 0s],		train_loss: 4.8987
10:	[0s / 0s],		train_loss: 4.8792
11:	[0s / 0s],		train_loss: 4.9039
12:	[0s / 0s],		train_loss: 4.9023
13:	[0s / 0s],		train_loss: 4.8898
14:	[0s / 0s],		train_loss: 4.8883
15:	[0s / 0s],		train_loss: 4.9182
16:	[0s / 0s],		train_loss: 4.8850
17:	[0s / 0s],		train_loss: 4.8777
18:	[0s / 0s],		train_loss: 4.8793
19:	[0s / 0s],		train_loss: 4.8826
20:	[0s / 0s],		train_loss: 4.8778
21:	[0s / 0s],		train_loss: 4.8762
22:	[0s / 1s],		train_loss: 4.8914
23:	[0s / 1s],		train_loss: 4.8699
24:	[0s / 1s],		train_loss: 4.8665
25:	[0s / 1s],		train_loss: 4.8756
26:	[0s / 1s],		train_loss: 4.8616
27:	[0s / 1s],		train_loss: 4.8711
28:	[0s / 1s],		train_loss: 4.8649
29:	[0s / 1s],		train_loss: 4.8528
30:	[0s / 1s],		train_loss: 4.8625
31:	[0s / 1s],		train_loss: 4.8580
32:	[0s / 1s],		train_loss: 4.8489
33:	[0s / 1s],		train_loss: 4.8582
34:	[0s / 1s],		train_loss: 4.8503
35:	[0s / 1s],		train_loss: 4.8175
36:	[0s / 1s],		train_loss: 4.8691
37:	[0s / 1s],		train_loss: 4.8465
38:	[0s / 1s],		train_loss: 4.8491
39:	[0s / 1s],		train_loss: 4.8566
C-index TRAIN: 0.6195245752423719
C-index TEST : 0.5840455279983138
Fitting Cox model...
    Cox fit failed: Convergence halted due to matrix inversion problems. Suspicion is high collinearity. Please see the following tips in the lifelines documentation: https://lifelines.readthedocs.io/en/latest/Examples.html#problems-with-convergence-in-the-cox-proportional-hazard-modelMatrix is singular.
Evaluating method: imputer_bayesian
Fitting Random Survival Forest model...
C-index TRAIN: 0.8825019957355784
C-index TEST : 0.6153867772078971
Fitting deepsurv_simple.pt...
0:	[0s / 0s],		train_loss: 8.5572
1:	[0s / 0s],		train_loss: 10.8796
2:	[0s / 0s],		train_loss: 6.3712
3:	[0s / 0s],		train_loss: 5.4311
4:	[0s / 0s],		train_loss: 5.3625
5:	[0s / 0s],		train_loss: 5.9765
6:	[0s / 0s],		train_loss: 5.6085
7:	[0s / 0s],		train_loss: 5.4627
8:	[0s / 0s],		train_loss: 5.2823
9:	[0s / 0s],		train_loss: 5.7950
10:	[0s / 0s],		train_loss: 5.0035
11:	[0s / 0s],		train_loss: 4.9355
12:	[0s / 0s],		train_loss: 4.9622
13:	[0s / 0s],		train_loss: 4.8767
14:	[0s / 0s],		train_loss: 4.8827
15:	[0s / 0s],		train_loss: 4.8695
16:	[0s / 0s],		train_loss: 4.8624
17:	[0s / 0s],		train_loss: 4.8519
18:	[0s / 0s],		train_loss: 7.3411
19:	[0s / 0s],		train_loss: 6.6326
20:	[0s / 0s],		train_loss: 9.7684
21:	[0s / 0s],		train_loss: 11.5578
C-index TRAIN: 0.5440219106451032
C-index TEST : 0.5437420080095553
Fitting deepsurv_vanilla.pt...
0:	[0s / 0s],		train_loss: 5.0102
1:	[0s / 0s],		train_loss: 4.9110
2:	[0s / 0s],		train_loss: 4.9100
3:	[0s / 0s],		train_loss: 4.8872
4:	[0s / 0s],		train_loss: 4.8518
5:	[0s / 0s],		train_loss: 4.8606
6:	[0s / 0s],		train_loss: 4.8773
7:	[0s / 0s],		train_loss: 4.8475
8:	[0s / 0s],		train_loss: 4.8463
9:	[0s / 0s],		train_loss: 4.8370
10:	[0s / 0s],		train_loss: 4.8314
11:	[0s / 0s],		train_loss: 4.8471
12:	[0s / 0s],		train_loss: 4.8397
13:	[0s / 0s],		train_loss: 4.8304
14:	[0s / 0s],		train_loss: 4.8161
15:	[0s / 0s],		train_loss: 4.8486
16:	[0s / 0s],		train_loss: 4.8309
17:	[0s / 0s],		train_loss: 4.8131
18:	[0s / 0s],		train_loss: 4.8230
19:	[0s / 0s],		train_loss: 4.8175
20:	[0s / 0s],		train_loss: 4.8006
21:	[0s / 0s],		train_loss: 4.8219
22:	[0s / 0s],		train_loss: 4.8273
23:	[0s / 1s],		train_loss: 4.7959
24:	[0s / 1s],		train_loss: 4.8182
25:	[0s / 1s],		train_loss: 4.7870
26:	[0s / 1s],		train_loss: 4.8058
27:	[0s / 1s],		train_loss: 4.8159
28:	[0s / 1s],		train_loss: 4.7900
29:	[0s / 1s],		train_loss: 4.7929
30:	[0s / 1s],		train_loss: 4.7938
31:	[0s / 1s],		train_loss: 4.7995
32:	[0s / 1s],		train_loss: 4.7921
33:	[0s / 1s],		train_loss: 4.7862
34:	[0s / 1s],		train_loss: 4.7791
35:	[0s / 1s],		train_loss: 4.7291
36:	[0s / 1s],		train_loss: 4.8158
37:	[0s / 1s],		train_loss: 4.7839
38:	[0s / 1s],		train_loss: 4.7690
39:	[0s / 1s],		train_loss: 4.7740
C-index TRAIN: 0.6743641911931815
C-index TEST : 0.6102044544368721
Fitting Cox model...
    Cox fit failed: Convergence halted due to matrix inversion problems. Suspicion is high collinearity. Please see the following tips in the lifelines documentation: https://lifelines.readthedocs.io/en/latest/Examples.html#problems-with-convergence-in-the-cox-proportional-hazard-modelMatrix is singular.
Generating NaN ordering → tmp/masks/OrmoniTirodei_tabpfn_seed77_fold5_train.npy
Generating NaN ordering → tmp/masks/OrmoniTirodei_tabpfn_seed77_fold5_test.npy
[fold=5, target=10%] actual NaN%: 10.0%
X_train shape: (5162, 76), X_test shape: (1290, 76)
Generating TabPFN Embeddings...
Successfully generated embeddings with shape: (5162, 192)
Fitting SimpleImputer (mean)...
Fitting SimpleImputer (median)...
Fitting SimpleImputer (constant, fill=-1)...
Fitting KNNImputer...
Fitting IterativeImputer (BayesianRidge, MICE-like)...
Fitting DeepSurv Simple pilot model...
0:	[0s / 0s],		train_loss: 86.6233,	val_loss: 14.8559
1:	[0s / 0s],		train_loss: 13.5526,	val_loss: 13.5662
2:	[0s / 0s],		train_loss: 8.9364,	val_loss: 9.7378
3:	[0s / 0s],		train_loss: 7.9460,	val_loss: 9.8723
4:	[0s / 0s],		train_loss: 6.8666,	val_loss: 7.7879
5:	[0s / 0s],		train_loss: 5.6643,	val_loss: 7.7472
6:	[0s / 0s],		train_loss: 7.0557,	val_loss: 10.4542
7:	[0s / 0s],		train_loss: 7.0482,	val_loss: 8.7707
8:	[0s / 0s],		train_loss: 6.5393,	val_loss: 8.7843
9:	[0s / 0s],		train_loss: 7.3827,	val_loss: 9.3579
10:	[0s / 0s],		train_loss: 6.2671,	val_loss: 8.0116
11:	[0s / 0s],		train_loss: 5.5355,	val_loss: 8.5895
12:	[0s / 0s],		train_loss: 6.3224,	val_loss: 9.4123
13:	[0s / 0s],		train_loss: 6.5299,	val_loss: 8.9318
14:	[0s / 0s],		train_loss: 7.0328,	val_loss: 10.2833
15:	[0s / 0s],		train_loss: 6.8871,	val_loss: 9.0108
16:	[0s / 0s],		train_loss: 6.5021,	val_loss: 11.4260
17:	[0s / 0s],		train_loss: 11.5375,	val_loss: 11.8344
18:	[0s / 0s],		train_loss: 7.7595,	val_loss: 8.7339
19:	[0s / 0s],		train_loss: 6.8731,	val_loss: 10.3256
20:	[0s / 0s],		train_loss: 7.4513,	val_loss: 10.5825
21:	[0s / 0s],		train_loss: 6.7657,	val_loss: 8.9785
22:	[0s / 0s],		train_loss: 5.7116,	val_loss: 8.0851
23:	[0s / 0s],		train_loss: 5.5809,	val_loss: 8.9091
24:	[0s / 0s],		train_loss: 6.9328,	val_loss: 9.6443
25:	[0s / 0s],		train_loss: 7.1062,	val_loss: 9.3994
Saved fixed_epochs=6 → nan/tabpfn/OrmoniTirodei/nan_percentage0.1/seed77/fold5/fixed_epochs_deepsurv_simple.json
Fitting DeepSurv Vanilla pilot model...
0:	[0s / 0s],		train_loss: 4.8056,	val_loss: 6.5129
1:	[0s / 0s],		train_loss: 4.5816,	val_loss: 6.4241
2:	[0s / 0s],		train_loss: 4.5295,	val_loss: 6.3563
3:	[0s / 0s],		train_loss: 4.5088,	val_loss: 6.3499
4:	[0s / 0s],		train_loss: 4.4922,	val_loss: 6.3364
5:	[0s / 0s],		train_loss: 4.4690,	val_loss: 6.3343
6:	[0s / 0s],		train_loss: 4.4403,	val_loss: 6.3088
7:	[0s / 0s],		train_loss: 4.4385,	val_loss: 6.3529
8:	[0s / 0s],		train_loss: 4.4400,	val_loss: 6.2919
9:	[0s / 0s],		train_loss: 4.4313,	val_loss: 6.3093
10:	[0s / 0s],		train_loss: 4.4098,	val_loss: 6.3128
11:	[0s / 0s],		train_loss: 4.3913,	val_loss: 6.3094
12:	[0s / 0s],		train_loss: 4.4157,	val_loss: 6.2956
13:	[0s / 0s],		train_loss: 4.3800,	val_loss: 6.3040
14:	[0s / 0s],		train_loss: 4.3772,	val_loss: 6.3065
15:	[0s / 0s],		train_loss: 4.4113,	val_loss: 6.2776
16:	[0s / 0s],		train_loss: 4.3874,	val_loss: 6.3235
17:	[0s / 0s],		train_loss: 4.4145,	val_loss: 6.3253
18:	[0s / 0s],		train_loss: 4.3980,	val_loss: 6.2825
19:	[0s / 0s],		train_loss: 4.3700,	val_loss: 6.3064
20:	[0s / 1s],		train_loss: 4.3504,	val_loss: 6.2802
21:	[0s / 1s],		train_loss: 4.4178,	val_loss: 6.2969
22:	[0s / 1s],		train_loss: 4.3951,	val_loss: 6.3243
23:	[0s / 1s],		train_loss: 4.3813,	val_loss: 6.2871
24:	[0s / 1s],		train_loss: 4.3753,	val_loss: 6.3134
25:	[0s / 1s],		train_loss: 4.3609,	val_loss: 6.3010
26:	[0s / 1s],		train_loss: 4.3816,	val_loss: 6.3538
27:	[0s / 1s],		train_loss: 4.3507,	val_loss: 6.3112
28:	[0s / 1s],		train_loss: 4.3576,	val_loss: 6.3201
29:	[0s / 1s],		train_loss: 4.3589,	val_loss: 6.3278
30:	[0s / 1s],		train_loss: 4.3443,	val_loss: 6.3093
31:	[0s / 1s],		train_loss: 4.3948,	val_loss: 6.3050
32:	[0s / 1s],		train_loss: 4.3492,	val_loss: 6.3005
33:	[0s / 1s],		train_loss: 4.3623,	val_loss: 6.3127
34:	[0s / 1s],		train_loss: 4.3392,	val_loss: 6.3232
35:	[0s / 1s],		train_loss: 4.3436,	val_loss: 6.2967
Saved fixed_epochs=16 → nan/tabpfn/OrmoniTirodei/nan_percentage0.1/seed77/fold5/fixed_epochs_deepsurv_vanilla.json
Evaluating method: embeddings
Fitting Random Survival Forest model...
C-index TRAIN: 0.9618591001117238
C-index TEST : 0.7884002952046475
Fitting deepsurv_simple.pt...
0:	[0s / 0s],		train_loss: 3.6319
1:	[0s / 0s],		train_loss: 3.2845
2:	[0s / 0s],		train_loss: 3.2425
3:	[0s / 0s],		train_loss: 3.2549
4:	[0s / 0s],		train_loss: 3.2559
5:	[0s / 0s],		train_loss: 3.2420
C-index TRAIN: 0.9157822736041769
C-index TEST : 0.7850232459301675
Fitting deepsurv_vanilla.pt...
0:	[0s / 0s],		train_loss: 3.4748
1:	[0s / 0s],		train_loss: 3.3268
2:	[0s / 0s],		train_loss: 3.2776
3:	[0s / 0s],		train_loss: 3.2787
4:	[0s / 0s],		train_loss: 3.2497
5:	[0s / 0s],		train_loss: 3.2604
6:	[0s / 0s],		train_loss: 3.2740
7:	[0s / 0s],		train_loss: 3.2621
8:	[0s / 0s],		train_loss: 3.2387
9:	[0s / 0s],		train_loss: 3.2573
10:	[0s / 0s],		train_loss: 3.2415
11:	[0s / 0s],		train_loss: 3.2522
12:	[0s / 0s],		train_loss: 3.2439
13:	[0s / 0s],		train_loss: 3.2349
14:	[0s / 0s],		train_loss: 3.2425
15:	[0s / 0s],		train_loss: 3.2004
C-index TRAIN: 0.9175639298224098
C-index TEST : 0.3888474096366513
Fitting Cox model...
C-index TRAIN: 0.9166474088433061
C-index TEST : 0.7783868846433278
Evaluating method: mean
Fitting Random Survival Forest model...
C-index TRAIN: 0.9044774108097806
C-index TEST : 0.7834955331631408
Fitting deepsurv_simple.pt...
0:	[0s / 0s],		train_loss: 173.1852
1:	[0s / 0s],		train_loss: 16.2348
2:	[0s / 0s],		train_loss: 10.6078
3:	[0s / 0s],		train_loss: 8.3589
4:	[0s / 0s],		train_loss: 6.8093
5:	[0s / 0s],		train_loss: 6.2136
C-index TRAIN: 0.752346946674472
C-index TEST : 0.745054317080805
Fitting deepsurv_vanilla.pt...
0:	[0s / 0s],		train_loss: 4.8482
1:	[0s / 0s],		train_loss: 4.6211
2:	[0s / 0s],		train_loss: 4.5410
3:	[0s / 0s],		train_loss: 4.5259
4:	[0s / 0s],		train_loss: 4.4688
5:	[0s / 0s],		train_loss: 4.4950
6:	[0s / 0s],		train_loss: 4.4721
7:	[0s / 0s],		train_loss: 4.4492
8:	[0s / 0s],		train_loss: 4.4744
9:	[0s / 0s],		train_loss: 4.4392
10:	[0s / 0s],		train_loss: 4.4327
11:	[0s / 0s],		train_loss: 4.4214
12:	[0s / 0s],		train_loss: 4.4194
13:	[0s / 0s],		train_loss: 4.4280
14:	[0s / 0s],		train_loss: 4.3764
15:	[0s / 0s],		train_loss: 4.4028
C-index TRAIN: 0.7912811553255594
C-index TEST : 0.7781858698055613
Fitting Cox model...
C-index TRAIN: 0.7916233483932351
C-index TEST : 0.7824215396013589
Evaluating method: median
Fitting Random Survival Forest model...
C-index TRAIN: 0.8982694834758412
C-index TEST : 0.7859335559811965
Fitting deepsurv_simple.pt...
0:	[0s / 0s],		train_loss: 159.8162
1:	[0s / 0s],		train_loss: 15.5596
2:	[0s / 0s],		train_loss: 10.5797
3:	[0s / 0s],		train_loss: 8.8238
4:	[0s / 0s],		train_loss: 7.6080
5:	[0s / 0s],		train_loss: 7.0853
C-index TRAIN: 0.7597393011198684
C-index TEST : 0.7462762001303724
Fitting deepsurv_vanilla.pt...
0:	[0s / 0s],		train_loss: 4.8444
1:	[0s / 0s],		train_loss: 4.6293
2:	[0s / 0s],		train_loss: 4.5296
3:	[0s / 0s],		train_loss: 4.5255
4:	[0s / 0s],		train_loss: 4.4740
5:	[0s / 0s],		train_loss: 4.4620
6:	[0s / 0s],		train_loss: 4.4625
7:	[0s / 0s],		train_loss: 4.4426
8:	[0s / 0s],		train_loss: 4.4608
9:	[0s / 0s],		train_loss: 4.4446
10:	[0s / 0s],		train_loss: 4.4311
11:	[0s / 0s],		train_loss: 4.4312
12:	[0s / 0s],		train_loss: 4.4227
13:	[0s / 0s],		train_loss: 4.4380
14:	[0s / 0s],		train_loss: 4.4017
15:	[0s / 0s],		train_loss: 4.4074
C-index TRAIN: 0.7922079913058735
C-index TEST : 0.7796733796050346
Fitting Cox model...
C-index TRAIN: 0.7905931731347402
C-index TEST : 0.7819333607096398
Evaluating method: constant
Fitting Random Survival Forest model...
C-index TRAIN: 0.9089626383085517
C-index TEST : 0.7817323458718731
Fitting deepsurv_simple.pt...
0:	[0s / 0s],		train_loss: 159.3889
1:	[0s / 0s],		train_loss: 20.3626
2:	[0s / 0s],		train_loss: 11.3230
3:	[0s / 0s],		train_loss: 8.8957
4:	[0s / 0s],		train_loss: 7.4800
5:	[0s / 0s],		train_loss: 8.0505
C-index TRAIN: 0.6645577694008612
C-index TEST : 0.6552940129166391
Fitting deepsurv_vanilla.pt...
0:	[0s / 0s],		train_loss: 4.9240
1:	[0s / 0s],		train_loss: 4.7918
2:	[0s / 0s],		train_loss: 4.7278
3:	[0s / 0s],		train_loss: 4.6698
4:	[0s / 0s],		train_loss: 4.6282
5:	[0s / 0s],		train_loss: 4.5939
6:	[0s / 0s],		train_loss: 4.5670
7:	[0s / 0s],		train_loss: 4.5738
8:	[0s / 0s],		train_loss: 4.5609
9:	[0s / 0s],		train_loss: 4.5412
10:	[0s / 0s],		train_loss: 4.5299
11:	[0s / 0s],		train_loss: 4.5282
12:	[0s / 0s],		train_loss: 4.5200
13:	[0s / 0s],		train_loss: 4.5249
14:	[0s / 0s],		train_loss: 4.4531
15:	[0s / 0s],		train_loss: 4.4959
C-index TRAIN: 0.7724152073778945
C-index TEST : 0.7490846645780268
Fitting Cox model...
C-index TRAIN: 0.7385099876655298
C-index TEST : 0.7267461728210709
Evaluating method: knn
Fitting Random Survival Forest model...
C-index TRAIN: 0.9079964349841688
C-index TEST : 0.7830561721605936
Fitting deepsurv_simple.pt...
0:	[0s / 0s],		train_loss: 179.5034
1:	[0s / 0s],		train_loss: 16.6741
2:	[0s / 0s],		train_loss: 10.5294
3:	[0s / 0s],		train_loss: 8.2225
4:	[0s / 0s],		train_loss: 6.8316
5:	[0s / 0s],		train_loss: 7.4434
C-index TRAIN: 0.7338763755621912
C-index TEST : 0.7207444440934662
Fitting deepsurv_vanilla.pt...
0:	[0s / 0s],		train_loss: 4.8401
1:	[0s / 0s],		train_loss: 4.6373
2:	[0s / 0s],		train_loss: 4.5452
3:	[0s / 0s],		train_loss: 4.5243
4:	[0s / 0s],		train_loss: 4.5023
5:	[0s / 0s],		train_loss: 4.4802
6:	[0s / 0s],		train_loss: 4.4701
7:	[0s / 0s],		train_loss: 4.4518
8:	[0s / 0s],		train_loss: 4.4730
9:	[0s / 0s],		train_loss: 4.4328
10:	[0s / 0s],		train_loss: 4.4308
11:	[0s / 0s],		train_loss: 4.4407
12:	[0s / 0s],		train_loss: 4.4198
13:	[0s / 0s],		train_loss: 4.4251
14:	[0s / 0s],		train_loss: 4.3869
15:	[0s / 0s],		train_loss: 4.4015
C-index TRAIN: 0.7923701923340803
C-index TEST : 0.7763336616575683
Fitting Cox model...
C-index TRAIN: 0.7920985955132205
C-index TEST : 0.7793172961781336
Evaluating method: imputer_bayesian
Fitting Random Survival Forest model...
C-index TRAIN: 0.9056167925948512
C-index TEST : 0.7860426783216984
Fitting deepsurv_simple.pt...
0:	[0s / 0s],		train_loss: 173.5929
1:	[0s / 0s],		train_loss: 17.0012
2:	[0s / 0s],		train_loss: 10.8109
3:	[0s / 0s],		train_loss: 8.3918
4:	[0s / 0s],		train_loss: 6.7696
5:	[0s / 0s],		train_loss: 6.1839
C-index TRAIN: 0.7464805499769379
C-index TEST : 0.738403597591268
Fitting deepsurv_vanilla.pt...
0:	[0s / 0s],		train_loss: 4.8510
1:	[0s / 0s],		train_loss: 4.6120
2:	[0s / 0s],		train_loss: 4.5302
3:	[0s / 0s],		train_loss: 4.5220
4:	[0s / 0s],		train_loss: 4.4688
5:	[0s / 0s],		train_loss: 4.4597
6:	[0s / 0s],		train_loss: 4.4437
7:	[0s / 0s],		train_loss: 4.4240
8:	[0s / 0s],		train_loss: 4.4467
9:	[0s / 0s],		train_loss: 4.4172
10:	[0s / 0s],		train_loss: 4.4070
11:	[0s / 0s],		train_loss: 4.4061
12:	[0s / 0s],		train_loss: 4.4218
13:	[0s / 0s],		train_loss: 4.4121
14:	[0s / 0s],		train_loss: 4.3811
15:	[0s / 0s],		train_loss: 4.3888
C-index TRAIN: 0.7949966376881376
C-index TEST : 0.7801988898237674
Fitting Cox model...
C-index TRAIN: 0.7939047616884578
C-index TEST : 0.7843225656385236
[fold=5, target=30%] actual NaN%: 30.0%
X_train shape: (5162, 76), X_test shape: (1290, 76)
Generating TabPFN Embeddings...
Successfully generated embeddings with shape: (5162, 192)
Fitting SimpleImputer (mean)...
Fitting SimpleImputer (median)...
Fitting SimpleImputer (constant, fill=-1)...
Fitting KNNImputer...
Fitting IterativeImputer (BayesianRidge, MICE-like)...
Fitting DeepSurv Simple pilot model...
0:	[0s / 0s],		train_loss: 89.3221,	val_loss: 14.5473
1:	[0s / 0s],		train_loss: 10.3458,	val_loss: 12.1260
2:	[0s / 0s],		train_loss: 8.7695,	val_loss: 10.3132
3:	[0s / 0s],		train_loss: 7.2902,	val_loss: 9.2656
4:	[0s / 0s],		train_loss: 6.6509,	val_loss: 9.5293
5:	[0s / 0s],		train_loss: 6.5473,	val_loss: 10.6879
6:	[0s / 0s],		train_loss: 6.3786,	val_loss: 9.0626
7:	[0s / 0s],		train_loss: 5.8010,	val_loss: 7.8468
8:	[0s / 0s],		train_loss: 4.9022,	val_loss: 6.8471
9:	[0s / 0s],		train_loss: 4.5885,	val_loss: 6.5081
10:	[0s / 0s],		train_loss: 4.7493,	val_loss: 7.3345
11:	[0s / 0s],		train_loss: 6.1700,	val_loss: 10.1575
12:	[0s / 0s],		train_loss: 6.5392,	val_loss: 10.0820
13:	[0s / 0s],		train_loss: 6.6801,	val_loss: 11.1255
14:	[0s / 0s],		train_loss: 7.7409,	val_loss: 9.8391
15:	[0s / 0s],		train_loss: 6.8237,	val_loss: 8.9229
16:	[0s / 0s],		train_loss: 5.8190,	val_loss: 8.2009
17:	[0s / 0s],		train_loss: 5.5460,	val_loss: 8.0557
18:	[0s / 0s],		train_loss: 5.5187,	val_loss: 8.0953
19:	[0s / 0s],		train_loss: 5.3777,	val_loss: 7.3077
20:	[0s / 0s],		train_loss: 4.8123,	val_loss: 7.4005
21:	[0s / 0s],		train_loss: 5.5310,	val_loss: 8.1316
22:	[0s / 0s],		train_loss: 5.6770,	val_loss: 7.8335
23:	[0s / 0s],		train_loss: 5.3491,	val_loss: 7.6046
24:	[0s / 0s],		train_loss: 5.4461,	val_loss: 8.0448
25:	[0s / 0s],		train_loss: 5.5958,	val_loss: 7.9118
26:	[0s / 0s],		train_loss: 5.0072,	val_loss: 7.2056
27:	[0s / 0s],		train_loss: 4.9930,	val_loss: 6.8303
28:	[0s / 0s],		train_loss: 5.7290,	val_loss: 8.3781
29:	[0s / 0s],		train_loss: 6.0572,	val_loss: 7.5346
Saved fixed_epochs=10 → nan/tabpfn/OrmoniTirodei/nan_percentage0.3/seed77/fold5/fixed_epochs_deepsurv_simple.json
Fitting DeepSurv Vanilla pilot model...
0:	[0s / 0s],		train_loss: 4.8742,	val_loss: 6.6376
1:	[0s / 0s],		train_loss: 4.6983,	val_loss: 6.5251
2:	[0s / 0s],		train_loss: 4.6309,	val_loss: 6.4757
3:	[0s / 0s],		train_loss: 4.6245,	val_loss: 6.4635
4:	[0s / 0s],		train_loss: 4.6037,	val_loss: 6.4595
5:	[0s / 0s],		train_loss: 4.5771,	val_loss: 6.4448
6:	[0s / 0s],		train_loss: 4.5395,	val_loss: 6.4193
7:	[0s / 0s],		train_loss: 4.5460,	val_loss: 6.4297
8:	[0s / 0s],		train_loss: 4.5316,	val_loss: 6.4017
9:	[0s / 0s],		train_loss: 4.5196,	val_loss: 6.4031
10:	[0s / 0s],		train_loss: 4.5098,	val_loss: 6.3939
11:	[0s / 0s],		train_loss: 4.5197,	val_loss: 6.4775
12:	[0s / 0s],		train_loss: 4.5404,	val_loss: 6.3975
13:	[0s / 0s],		train_loss: 4.4978,	val_loss: 6.3793
14:	[0s / 0s],		train_loss: 4.4975,	val_loss: 6.3907
15:	[0s / 0s],		train_loss: 4.5099,	val_loss: 6.3731
16:	[0s / 0s],		train_loss: 4.4789,	val_loss: 6.3841
17:	[0s / 0s],		train_loss: 4.5003,	val_loss: 6.3924
18:	[0s / 0s],		train_loss: 4.4998,	val_loss: 6.3792
19:	[0s / 0s],		train_loss: 4.4592,	val_loss: 6.3661
20:	[0s / 0s],		train_loss: 4.4763,	val_loss: 6.3624
21:	[0s / 1s],		train_loss: 4.5110,	val_loss: 6.3660
22:	[0s / 1s],		train_loss: 4.4939,	val_loss: 6.3692
23:	[0s / 1s],		train_loss: 4.4916,	val_loss: 6.3682
24:	[0s / 1s],		train_loss: 4.4695,	val_loss: 6.4328
25:	[0s / 1s],		train_loss: 4.4640,	val_loss: 6.3594
26:	[0s / 1s],		train_loss: 4.4859,	val_loss: 6.3698
27:	[0s / 1s],		train_loss: 4.4399,	val_loss: 6.4755
28:	[0s / 1s],		train_loss: 4.4615,	val_loss: 6.5349
29:	[0s / 1s],		train_loss: 4.4616,	val_loss: 6.5000
30:	[0s / 1s],		train_loss: 4.4274,	val_loss: 6.3899
31:	[0s / 1s],		train_loss: 4.4690,	val_loss: 6.3951
32:	[0s / 1s],		train_loss: 4.4491,	val_loss: 6.4110
33:	[0s / 1s],		train_loss: 4.4578,	val_loss: 6.4318
34:	[0s / 1s],		train_loss: 4.4401,	val_loss: 6.7380
35:	[0s / 1s],		train_loss: 4.4345,	val_loss: 6.3748
36:	[0s / 1s],		train_loss: 4.4699,	val_loss: 6.4993
37:	[0s / 1s],		train_loss: 4.4447,	val_loss: 6.6357
38:	[0s / 1s],		train_loss: 4.4436,	val_loss: 6.8666
39:	[0s / 1s],		train_loss: 4.4368,	val_loss: 6.6856
40:	[0s / 1s],		train_loss: 4.4500,	val_loss: 6.4037
41:	[0s / 1s],		train_loss: 4.4363,	val_loss: 6.4017
42:	[0s / 1s],		train_loss: 4.4320,	val_loss: 6.3943
43:	[0s / 2s],		train_loss: 4.4125,	val_loss: 6.4479
44:	[0s / 2s],		train_loss: 4.4043,	val_loss: 6.4000
45:	[0s / 2s],		train_loss: 4.4175,	val_loss: 6.3885
Saved fixed_epochs=26 → nan/tabpfn/OrmoniTirodei/nan_percentage0.3/seed77/fold5/fixed_epochs_deepsurv_vanilla.json
Evaluating method: embeddings
Fitting Random Survival Forest model...
C-index TRAIN: 0.9613861241846654
C-index TEST : 0.7670381612311298
Fitting deepsurv_simple.pt...
0:	[0s / 0s],		train_loss: 3.6353
1:	[0s / 0s],		train_loss: 3.3051
2:	[0s / 0s],		train_loss: 3.2553
3:	[0s / 0s],		train_loss: 3.2641
4:	[0s / 0s],		train_loss: 3.2664
5:	[0s / 0s],		train_loss: 3.2507
6:	[0s / 0s],		train_loss: 3.2578
7:	[0s / 0s],		train_loss: 3.2625
8:	[0s / 0s],		train_loss: 3.2693
9:	[0s / 0s],		train_loss: 3.2577
C-index TRAIN: 0.9038094908231503
C-index TEST : 0.7552529484569239
Fitting deepsurv_vanilla.pt...
0:	[0s / 0s],		train_loss: 3.4984
1:	[0s / 0s],		train_loss: 3.3272
2:	[0s / 0s],		train_loss: 3.2895
3:	[0s / 0s],		train_loss: 3.2856
4:	[0s / 0s],		train_loss: 3.2683
5:	[0s / 0s],		train_loss: 3.2673
6:	[0s / 0s],		train_loss: 3.2859
7:	[0s / 0s],		train_loss: 3.2781
8:	[0s / 0s],		train_loss: 3.2475
9:	[0s / 0s],		train_loss: 3.2685
10:	[0s / 0s],		train_loss: 3.2534
11:	[0s / 0s],		train_loss: 3.2616
12:	[0s / 0s],		train_loss: 3.2505
13:	[0s / 0s],		train_loss: 3.2413
14:	[0s / 0s],		train_loss: 3.2478
15:	[0s / 0s],		train_loss: 3.2218
16:	[0s / 0s],		train_loss: 3.2303
17:	[0s / 0s],		train_loss: 3.2461
18:	[0s / 0s],		train_loss: 3.2424
19:	[0s / 0s],		train_loss: 3.2250
20:	[0s / 0s],		train_loss: 3.2512
21:	[0s / 0s],		train_loss: 3.2485
22:	[0s / 0s],		train_loss: 3.2307
23:	[0s / 1s],		train_loss: 3.2404
24:	[0s / 1s],		train_loss: 3.2112
25:	[0s / 1s],		train_loss: 3.2269
C-index TRAIN: 0.9165109480016057
C-index TEST : 0.5001005074188833
Fitting Cox model...
C-index TRAIN: 0.9140141499104677
C-index TEST : 0.7626933690948302
Evaluating method: mean
Fitting Random Survival Forest model...
C-index TRAIN: 0.8942148363028235
C-index TEST : 0.7672248178661988
Fitting deepsurv_simple.pt...
0:	[0s / 0s],		train_loss: 152.3365
1:	[0s / 0s],		train_loss: 14.9526
2:	[0s / 0s],		train_loss: 9.3218
3:	[0s / 0s],		train_loss: 7.5874
4:	[0s / 0s],		train_loss: 6.4648
5:	[0s / 0s],		train_loss: 5.9280
6:	[0s / 0s],		train_loss: 5.5660
7:	[0s / 0s],		train_loss: 5.3038
8:	[0s / 0s],		train_loss: 5.1733
9:	[0s / 0s],		train_loss: 5.0143
C-index TRAIN: 0.74762258148709
C-index TEST : 0.7445589590877373
Fitting deepsurv_vanilla.pt...
0:	[0s / 0s],		train_loss: 4.9496
1:	[0s / 0s],		train_loss: 4.7352
2:	[0s / 0s],		train_loss: 4.6312
3:	[0s / 0s],		train_loss: 4.6237
4:	[0s / 0s],		train_loss: 4.5736
5:	[0s / 0s],		train_loss: 4.5661
6:	[0s / 0s],		train_loss: 4.5868
7:	[0s / 0s],		train_loss: 4.5415
8:	[0s / 0s],		train_loss: 4.5834
9:	[0s / 0s],		train_loss: 4.5653
10:	[0s / 0s],		train_loss: 4.5487
11:	[0s / 0s],		train_loss: 4.5331
12:	[0s / 0s],		train_loss: 4.5337
13:	[0s / 0s],		train_loss: 4.5425
14:	[0s / 0s],		train_loss: 4.4789
15:	[0s / 0s],		train_loss: 4.5043
16:	[0s / 0s],		train_loss: 4.4937
17:	[0s / 0s],		train_loss: 4.4888
18:	[0s / 0s],		train_loss: 4.4817
19:	[0s / 0s],		train_loss: 4.4916
20:	[0s / 0s],		train_loss: 4.4799
21:	[0s / 0s],		train_loss: 4.4875
22:	[0s / 0s],		train_loss: 4.5275
23:	[0s / 1s],		train_loss: 4.4888
24:	[0s / 1s],		train_loss: 4.4817
25:	[0s / 1s],		train_loss: 4.4830
C-index TRAIN: 0.774000783940092
C-index TEST : 0.7661048780557845
Fitting Cox model...
C-index TRAIN: 0.768937348575309
C-index TEST : 0.7648844308264868
Evaluating method: median
Fitting Random Survival Forest model...
C-index TRAIN: 0.8782343443359382
C-index TEST : 0.7691631752303774
Fitting deepsurv_simple.pt...
0:	[0s / 0s],		train_loss: 174.7293
1:	[0s / 0s],		train_loss: 16.9960
2:	[0s / 0s],		train_loss: 10.1156
3:	[0s / 0s],		train_loss: 7.9366
4:	[0s / 0s],		train_loss: 7.0038
5:	[0s / 0s],		train_loss: 6.3612
6:	[0s / 0s],		train_loss: 5.7748
7:	[0s / 0s],		train_loss: 5.6817
8:	[0s / 0s],		train_loss: 5.1396
9:	[0s / 0s],		train_loss: 4.9791
C-index TRAIN: 0.7551285902118777
C-index TEST : 0.7549657844029716
Fitting deepsurv_vanilla.pt...
0:	[0s / 0s],		train_loss: 4.9248
1:	[0s / 0s],		train_loss: 4.7086
2:	[0s / 0s],		train_loss: 4.6188
3:	[0s / 0s],		train_loss: 4.6312
4:	[0s / 0s],		train_loss: 4.5790
5:	[0s / 0s],		train_loss: 4.5592
6:	[0s / 0s],		train_loss: 4.5631
7:	[0s / 0s],		train_loss: 4.5225
8:	[0s / 0s],		train_loss: 4.5758
9:	[0s / 0s],		train_loss: 4.5541
10:	[0s / 0s],		train_loss: 4.5429
11:	[0s / 0s],		train_loss: 4.5273
12:	[0s / 0s],		train_loss: 4.5257
13:	[0s / 0s],		train_loss: 4.5291
14:	[0s / 0s],		train_loss: 4.4875
15:	[0s / 0s],		train_loss: 4.5016
16:	[0s / 0s],		train_loss: 4.5028
17:	[0s / 0s],		train_loss: 4.4998
18:	[0s / 0s],		train_loss: 4.4899
19:	[0s / 0s],		train_loss: 4.4974
20:	[0s / 0s],		train_loss: 4.4910
21:	[0s / 0s],		train_loss: 4.4767
22:	[0s / 1s],		train_loss: 4.5184
23:	[0s / 1s],		train_loss: 4.4840
24:	[0s / 1s],		train_loss: 4.4971
25:	[0s / 1s],		train_loss: 4.4638
C-index TRAIN: 0.7724397173348989
C-index TEST : 0.7617026531086944
Fitting Cox model...
C-index TRAIN: 0.7675905311695679
C-index TEST : 0.7634141508702507
Evaluating method: constant
Fitting Random Survival Forest model...
C-index TRAIN: 0.9056896600345941
C-index TEST : 0.758635741012483
Fitting deepsurv_simple.pt...
0:	[0s / 0s],		train_loss: 171.7452
1:	[0s / 0s],		train_loss: 19.4311
2:	[0s / 0s],		train_loss: 9.4713
3:	[0s / 0s],		train_loss: 7.2578
4:	[0s / 0s],		train_loss: 6.5464
5:	[0s / 0s],		train_loss: 6.3520
6:	[0s / 0s],		train_loss: 6.1849
7:	[0s / 0s],		train_loss: 6.4652
8:	[0s / 0s],		train_loss: 5.8266
9:	[0s / 0s],		train_loss: 5.3024
C-index TRAIN: 0.6621597682020499
C-index TEST : 0.6447378622933496
Fitting deepsurv_vanilla.pt...
0:	[0s / 0s],		train_loss: 4.9856
1:	[0s / 0s],		train_loss: 4.8814
2:	[0s / 0s],		train_loss: 4.8381
3:	[0s / 0s],		train_loss: 4.8181
4:	[0s / 0s],		train_loss: 4.8025
5:	[0s / 0s],		train_loss: 4.7614
6:	[0s / 0s],		train_loss: 4.7183
7:	[0s / 0s],		train_loss: 4.7077
8:	[0s / 0s],		train_loss: 4.7205
9:	[0s / 0s],		train_loss: 4.6859
10:	[0s / 0s],		train_loss: 4.6604
11:	[0s / 0s],		train_loss: 4.6300
12:	[0s / 0s],		train_loss: 4.6278
13:	[0s / 0s],		train_loss: 4.6478
14:	[0s / 0s],		train_loss: 4.5873
15:	[0s / 0s],		train_loss: 4.5938
16:	[0s / 0s],		train_loss: 4.5706
17:	[0s / 0s],		train_loss: 4.5626
18:	[0s / 0s],		train_loss: 4.5524
19:	[0s / 0s],		train_loss: 4.5676
20:	[0s / 0s],		train_loss: 4.5162
21:	[0s / 0s],		train_loss: 4.5249
22:	[0s / 0s],		train_loss: 4.5617
23:	[0s / 1s],		train_loss: 4.5256
24:	[0s / 1s],		train_loss: 4.5403
25:	[0s / 1s],		train_loss: 4.5083
C-index TRAIN: 0.7735690680178751
C-index TEST : 0.7143464289714071
Fitting Cox model...
C-index TRAIN: 0.6841230555039806
C-index TEST : 0.6649542116915973
Evaluating method: knn
Fitting Random Survival Forest model...
C-index TRAIN: 0.9015810720295588
C-index TEST : 0.7584576992990325
Fitting deepsurv_simple.pt...
0:	[0s / 0s],		train_loss: 179.8286
1:	[0s / 0s],		train_loss: 13.8462
2:	[0s / 0s],		train_loss: 9.6042
3:	[0s / 0s],		train_loss: 8.5366
4:	[0s / 0s],		train_loss: 6.9137
5:	[0s / 0s],		train_loss: 6.0962
6:	[0s / 0s],		train_loss: 5.7465
7:	[0s / 0s],		train_loss: 5.5143
8:	[0s / 0s],		train_loss: 5.3563
9:	[0s / 0s],		train_loss: 5.1697
C-index TRAIN: 0.7406888187468806
C-index TEST : 0.7314413051031924
Fitting deepsurv_vanilla.pt...
0:	[0s / 0s],		train_loss: 4.9505
1:	[0s / 0s],		train_loss: 4.7187
2:	[0s / 0s],		train_loss: 4.6589
3:	[0s / 0s],		train_loss: 4.6240
4:	[0s / 0s],		train_loss: 4.5836
5:	[0s / 0s],		train_loss: 4.5670
6:	[0s / 0s],		train_loss: 4.5740
7:	[0s / 0s],		train_loss: 4.5589
8:	[0s / 0s],		train_loss: 4.5929
9:	[0s / 0s],		train_loss: 4.5855
10:	[0s / 0s],		train_loss: 4.5594
11:	[0s / 0s],		train_loss: 4.5454
12:	[0s / 0s],		train_loss: 4.5307
13:	[0s / 0s],		train_loss: 4.5490
14:	[0s / 0s],		train_loss: 4.5080
15:	[0s / 0s],		train_loss: 4.5144
16:	[0s / 0s],		train_loss: 4.5092
17:	[0s / 0s],		train_loss: 4.5068
18:	[0s / 1s],		train_loss: 4.5217
19:	[0s / 1s],		train_loss: 4.5063
20:	[0s / 1s],		train_loss: 4.5187
21:	[0s / 1s],		train_loss: 4.5009
22:	[0s / 1s],		train_loss: 4.5222
23:	[0s / 1s],		train_loss: 4.4994
24:	[0s / 1s],		train_loss: 4.5089
25:	[0s / 1s],		train_loss: 4.4942
C-index TRAIN: 0.7688474471886133
C-index TEST : 0.7531939821900854
Fitting Cox model...
C-index TRAIN: 0.7661036568666585
C-index TEST : 0.7571597177751678
Evaluating method: imputer_bayesian
Fitting Random Survival Forest model...
C-index TRAIN: 0.9101447942270818
C-index TEST : 0.7642900012348054
Fitting deepsurv_simple.pt...
0:	[0s / 0s],		train_loss: 140.9814
1:	[0s / 0s],		train_loss: 19.4927
2:	[0s / 0s],		train_loss: 11.3763
3:	[0s / 0s],		train_loss: 9.4023
4:	[0s / 0s],		train_loss: 8.8847
5:	[0s / 0s],		train_loss: 6.7077
6:	[0s / 0s],		train_loss: 6.1151
7:	[0s / 0s],		train_loss: 5.7950
8:	[0s / 0s],		train_loss: 5.5355
9:	[0s / 0s],		train_loss: 5.2733
C-index TRAIN: 0.7318598401420858
C-index TEST : 0.7224860940806873
Fitting deepsurv_vanilla.pt...
0:	[0s / 0s],		train_loss: 4.9309
1:	[0s / 0s],		train_loss: 4.6984
2:	[0s / 0s],		train_loss: 4.5911
3:	[0s / 0s],		train_loss: 4.6203
4:	[0s / 0s],		train_loss: 4.5508
5:	[0s / 0s],		train_loss: 4.5456
6:	[0s / 0s],		train_loss: 4.5392
7:	[0s / 0s],		train_loss: 4.5169
8:	[0s / 0s],		train_loss: 4.5494
9:	[0s / 0s],		train_loss: 4.5460
10:	[0s / 0s],		train_loss: 4.5062
11:	[0s / 0s],		train_loss: 4.5208
12:	[0s / 0s],		train_loss: 4.5028
13:	[0s / 0s],		train_loss: 4.5181
14:	[0s / 0s],		train_loss: 4.4720
15:	[0s / 0s],		train_loss: 4.4842
16:	[0s / 0s],		train_loss: 4.4968
17:	[0s / 0s],		train_loss: 4.4752
18:	[0s / 0s],		train_loss: 4.4878
19:	[0s / 0s],		train_loss: 4.4773
20:	[0s / 0s],		train_loss: 4.4541
21:	[0s / 0s],		train_loss: 4.4445
22:	[0s / 1s],		train_loss: 4.4687
23:	[0s / 1s],		train_loss: 4.4657
24:	[0s / 1s],		train_loss: 4.4699
25:	[0s / 1s],		train_loss: 4.4377
C-index TRAIN: 0.7804858914441702
C-index TEST : 0.7616538352195226
Fitting Cox model...
C-index TRAIN: 0.7711334028696901
C-index TEST : 0.7625813751137888
[fold=5, target=50%] actual NaN%: 50.0%
X_train shape: (5162, 76), X_test shape: (1290, 76)
Generating TabPFN Embeddings...
Successfully generated embeddings with shape: (5162, 192)
Fitting SimpleImputer (mean)...
Fitting SimpleImputer (median)...
Fitting SimpleImputer (constant, fill=-1)...
Fitting KNNImputer...
Fitting IterativeImputer (BayesianRidge, MICE-like)...
Fitting DeepSurv Simple pilot model...
0:	[0s / 0s],		train_loss: 88.6451,	val_loss: 24.9216
1:	[0s / 0s],		train_loss: 11.9381,	val_loss: 31.5357
2:	[0s / 0s],		train_loss: 10.6154,	val_loss: 13.0947
3:	[0s / 0s],		train_loss: 8.8535,	val_loss: 11.4823
4:	[0s / 0s],		train_loss: 7.4260,	val_loss: 9.6259
5:	[0s / 0s],		train_loss: 6.1829,	val_loss: 8.4278
6:	[0s / 0s],		train_loss: 5.5765,	val_loss: 7.9048
7:	[0s / 0s],		train_loss: 5.2351,	val_loss: 7.3178
8:	[0s / 0s],		train_loss: 5.0010,	val_loss: 7.1065
9:	[0s / 0s],		train_loss: 4.8405,	val_loss: 7.1408
10:	[0s / 0s],		train_loss: 5.0785,	val_loss: 6.8542
11:	[0s / 0s],		train_loss: 5.0624,	val_loss: 7.2597
12:	[0s / 0s],		train_loss: 5.0507,	val_loss: 6.9310
13:	[0s / 0s],		train_loss: 5.0505,	val_loss: 7.0319
14:	[0s / 0s],		train_loss: 4.9685,	val_loss: 6.8545
15:	[0s / 0s],		train_loss: 5.6617,	val_loss: 7.2696
16:	[0s / 0s],		train_loss: 5.4097,	val_loss: 7.3343
17:	[0s / 0s],		train_loss: 5.3900,	val_loss: 6.9195
18:	[0s / 0s],		train_loss: 5.9442,	val_loss: 8.1593
19:	[0s / 0s],		train_loss: 5.9612,	val_loss: 8.5361
20:	[0s / 0s],		train_loss: 5.5540,	val_loss: 7.4132
21:	[0s / 0s],		train_loss: 4.9556,	val_loss: 6.8140
22:	[0s / 0s],		train_loss: 4.9004,	val_loss: 6.7449
23:	[0s / 0s],		train_loss: 4.8458,	val_loss: 6.7268
24:	[0s / 0s],		train_loss: 4.7523,	val_loss: 6.6056
25:	[0s / 0s],		train_loss: 4.6781,	val_loss: 6.6580
26:	[0s / 0s],		train_loss: 4.6880,	val_loss: 6.6461
27:	[0s / 0s],		train_loss: 4.7816,	val_loss: 6.9410
28:	[0s / 0s],		train_loss: 4.9404,	val_loss: 6.6744
29:	[0s / 0s],		train_loss: 4.8692,	val_loss: 6.8797
30:	[0s / 0s],		train_loss: 5.1573,	val_loss: 8.8883/scratch.hpc/luca.cotugno/Foundation_model_clinical_data/.venv/lib/python3.12/site-packages/sklearn/impute/_iterative.py:867: ConvergenceWarning: [IterativeImputer] Early stopping criterion not reached.
  warnings.warn(
/scratch.hpc/luca.cotugno/Foundation_model_clinical_data/.venv/lib/python3.12/site-packages/pycox/models/cox.py:251: RuntimeWarning: overflow encountered in exp
  expg = np.exp(self.predict(input, batch_size, True, eval_, num_workers=num_workers)).reshape(1, -1)
/scratch.hpc/luca.cotugno/Foundation_model_clinical_data/.venv/lib/python3.12/site-packages/pycox/models/cox.py:251: RuntimeWarning: overflow encountered in exp
  expg = np.exp(self.predict(input, batch_size, True, eval_, num_workers=num_workers)).reshape(1, -1)
/scratch.hpc/luca.cotugno/Foundation_model_clinical_data/.venv/lib/python3.12/site-packages/lifelines/utils/__init__.py:1100: ConvergenceWarning: Column(s) [36] have very low variance. This may harm convergence. 1) Are you using formula's? Did you mean to add '-1' to the end. 2) Try dropping this redundant column before fitting if convergence fails.

  warnings.warn(dedent(warning_text), ConvergenceWarning)
/scratch.hpc/luca.cotugno/Foundation_model_clinical_data/.venv/lib/python3.12/site-packages/lifelines/utils/__init__.py:797: RuntimeWarning: invalid value encountered in divide
  return (X - mean) / std
/scratch.hpc/luca.cotugno/Foundation_model_clinical_data/.venv/lib/python3.12/site-packages/pycox/models/cox.py:251: RuntimeWarning: overflow encountered in exp
  expg = np.exp(self.predict(input, batch_size, True, eval_, num_workers=num_workers)).reshape(1, -1)
/scratch.hpc/luca.cotugno/Foundation_model_clinical_data/.venv/lib/python3.12/site-packages/lifelines/utils/__init__.py:1100: ConvergenceWarning: Column(s) [36] have very low variance. This may harm convergence. 1) Are you using formula's? Did you mean to add '-1' to the end. 2) Try dropping this redundant column before fitting if convergence fails.

  warnings.warn(dedent(warning_text), ConvergenceWarning)
/scratch.hpc/luca.cotugno/Foundation_model_clinical_data/.venv/lib/python3.12/site-packages/lifelines/utils/__init__.py:797: RuntimeWarning: invalid value encountered in divide
  return (X - mean) / std
/scratch.hpc/luca.cotugno/Foundation_model_clinical_data/.venv/lib/python3.12/site-packages/lifelines/utils/__init__.py:1120: ConvergenceWarning: Column 28 have very low variance when conditioned on death event present or not. This may harm convergence. This could be a form of 'complete separation'. For example, try the following code:

>>> events = df['__e__'].astype(bool)
>>> print(df.loc[events, '28'].var())
>>> print(df.loc[~events, '28'].var())

A very low variance means that the column 28 completely determines whether a subject dies or not. See https://stats.stackexchange.com/questions/11109/how-to-deal-with-perfect-separation-in-logistic-regression.

  warnings.warn(dedent(warning_text), ConvergenceWarning)
/scratch.hpc/luca.cotugno/Foundation_model_clinical_data/.venv/lib/python3.12/site-packages/pycox/models/cox.py:251: RuntimeWarning: overflow encountered in exp
  expg = np.exp(self.predict(input, batch_size, True, eval_, num_workers=num_workers)).reshape(1, -1)
/scratch.hpc/luca.cotugno/Foundation_model_clinical_data/.venv/lib/python3.12/site-packages/lifelines/utils/__init__.py:1100: ConvergenceWarning: Column(s) [36] have very low variance. This may harm convergence. 1) Are you using formula's? Did you mean to add '-1' to the end. 2) Try dropping this redundant column before fitting if convergence fails.

  warnings.warn(dedent(warning_text), ConvergenceWarning)
/scratch.hpc/luca.cotugno/Foundation_model_clinical_data/.venv/lib/python3.12/site-packages/lifelines/utils/__init__.py:797: RuntimeWarning: invalid value encountered in divide
  return (X - mean) / std
/scratch.hpc/luca.cotugno/Foundation_model_clinical_data/.venv/lib/python3.12/site-packages/lifelines/utils/__init__.py:1100: ConvergenceWarning: Column(s) [36] have very low variance. This may harm convergence. 1) Are you using formula's? Did you mean to add '-1' to the end. 2) Try dropping this redundant column before fitting if convergence fails.

  warnings.warn(dedent(warning_text), ConvergenceWarning)
/scratch.hpc/luca.cotugno/Foundation_model_clinical_data/.venv/lib/python3.12/site-packages/lifelines/utils/__init__.py:797: RuntimeWarning: invalid value encountered in divide
  return (X - mean) / std

31:	[0s / 1s],		train_loss: 6.7920,	val_loss: 8.9340
32:	[0s / 1s],		train_loss: 5.3861,	val_loss: 6.6581
33:	[0s / 1s],		train_loss: 4.7914,	val_loss: 6.8988
34:	[0s / 1s],		train_loss: 4.8601,	val_loss: 7.0954
35:	[0s / 1s],		train_loss: 5.9886,	val_loss: 8.3511
36:	[0s / 1s],		train_loss: 6.3570,	val_loss: 8.1966
37:	[0s / 1s],		train_loss: 6.0309,	val_loss: 8.2222
38:	[0s / 1s],		train_loss: 6.1887,	val_loss: 7.9936
39:	[0s / 1s],		train_loss: 5.5041,	val_loss: 7.2072
40:	[0s / 1s],		train_loss: 5.9093,	val_loss: 8.1052
41:	[0s / 1s],		train_loss: 6.4654,	val_loss: 8.7202
42:	[0s / 1s],		train_loss: 6.2321,	val_loss: 7.6624
43:	[0s / 1s],		train_loss: 5.3421,	val_loss: 6.7544
44:	[0s / 1s],		train_loss: 4.9573,	val_loss: 6.9390
Saved fixed_epochs=25 → nan/tabpfn/OrmoniTirodei/nan_percentage0.5/seed77/fold5/fixed_epochs_deepsurv_simple.json
Fitting DeepSurv Vanilla pilot model...
0:	[0s / 0s],		train_loss: 4.9227,	val_loss: 6.7341
1:	[0s / 0s],		train_loss: 4.7461,	val_loss: 6.6098
2:	[0s / 0s],		train_loss: 4.7255,	val_loss: 6.5811
3:	[0s / 0s],		train_loss: 4.6751,	val_loss: 6.5753
4:	[0s / 0s],		train_loss: 4.6590,	val_loss: 6.5514
5:	[0s / 0s],		train_loss: 4.6599,	val_loss: 6.5814
6:	[0s / 0s],		train_loss: 4.6285,	val_loss: 6.5533
7:	[0s / 0s],		train_loss: 4.6393,	val_loss: 6.5395
8:	[0s / 0s],		train_loss: 4.6364,	val_loss: 6.5207
9:	[0s / 0s],		train_loss: 4.6617,	val_loss: 6.5564
10:	[0s / 0s],		train_loss: 4.6129,	val_loss: 6.5062
11:	[0s / 0s],		train_loss: 4.6143,	val_loss: 6.5827
12:	[0s / 0s],		train_loss: 4.6279,	val_loss: 6.5289
13:	[0s / 0s],		train_loss: 4.5996,	val_loss: 6.5218
14:	[0s / 0s],		train_loss: 4.5988,	val_loss: 6.5051
15:	[0s / 0s],		train_loss: 4.6072,	val_loss: 6.5420
16:	[0s / 0s],		train_loss: 4.6014,	val_loss: 6.5024
17:	[0s / 0s],		train_loss: 4.5897,	val_loss: 6.4949
18:	[0s / 0s],		train_loss: 4.5752,	val_loss: 6.4920
19:	[0s / 0s],		train_loss: 4.5782,	val_loss: 6.5378
20:	[0s / 0s],		train_loss: 4.5696,	val_loss: 6.4996
21:	[0s / 1s],		train_loss: 4.6304,	val_loss: 6.4969
22:	[0s / 1s],		train_loss: 4.5929,	val_loss: 6.4938
23:	[0s / 1s],		train_loss: 4.5610,	val_loss: 6.4851
24:	[0s / 1s],		train_loss: 4.5632,	val_loss: 6.5265
25:	[0s / 1s],		train_loss: 4.5666,	val_loss: 6.4782
26:	[0s / 1s],		train_loss: 4.5696,	val_loss: 6.5367
27:	[0s / 1s],		train_loss: 4.5601,	val_loss: 6.5264
28:	[0s / 1s],		train_loss: 4.5704,	val_loss: 6.5434
29:	[0s / 1s],		train_loss: 4.5490,	val_loss: 6.5506
30:	[0s / 1s],		train_loss: 4.5203,	val_loss: 6.5137
31:	[0s / 1s],		train_loss: 4.5590,	val_loss: 6.5237
32:	[0s / 1s],		train_loss: 4.5637,	val_loss: 6.4930
33:	[0s / 1s],		train_loss: 4.5410,	val_loss: 6.4824
34:	[0s / 1s],		train_loss: 4.5239,	val_loss: 6.5099
35:	[0s / 1s],		train_loss: 4.5355,	val_loss: 6.5155
36:	[0s / 1s],		train_loss: 4.5573,	val_loss: 6.4861
37:	[0s / 1s],		train_loss: 4.5259,	val_loss: 6.5267
38:	[0s / 1s],		train_loss: 4.5444,	val_loss: 6.5604
39:	[0s / 1s],		train_loss: 4.5696,	val_loss: 6.5072
40:	[0s / 1s],		train_loss: 4.5385,	val_loss: 6.4893
41:	[0s / 1s],		train_loss: 4.5219,	val_loss: 6.5148
42:	[0s / 1s],		train_loss: 4.5187,	val_loss: 6.4908
43:	[0s / 2s],		train_loss: 4.5262,	val_loss: 6.5019
44:	[0s / 2s],		train_loss: 4.5036,	val_loss: 6.5065
45:	[0s / 2s],		train_loss: 4.5263,	val_loss: 6.5206
Saved fixed_epochs=26 → nan/tabpfn/OrmoniTirodei/nan_percentage0.5/seed77/fold5/fixed_epochs_deepsurv_vanilla.json
Evaluating method: embeddings
Fitting Random Survival Forest model...
C-index TRAIN: 0.9611061996564063
C-index TEST : 0.7548652769840882
Fitting deepsurv_simple.pt...
0:	[0s / 0s],		train_loss: 3.6154
1:	[0s / 0s],		train_loss: 3.3030
2:	[0s / 0s],		train_loss: 3.2584
3:	[0s / 0s],		train_loss: 3.2703
4:	[0s / 0s],		train_loss: 3.2690
5:	[0s / 0s],		train_loss: 3.2555
6:	[0s / 0s],		train_loss: 3.2607
7:	[0s / 0s],		train_loss: 3.2595
8:	[0s / 0s],		train_loss: 3.2667
9:	[0s / 0s],		train_loss: 3.2631
10:	[0s / 0s],		train_loss: 3.2656
11:	[0s / 0s],		train_loss: 3.2658
12:	[0s / 0s],		train_loss: 3.2378
13:	[0s / 0s],		train_loss: 3.2449
14:	[0s / 0s],		train_loss: 3.2561
15:	[0s / 0s],		train_loss: 3.2394
16:	[0s / 0s],		train_loss: 3.2460
17:	[0s / 0s],		train_loss: 3.2352
18:	[0s / 0s],		train_loss: 3.2229
19:	[0s / 0s],		train_loss: 3.2595
20:	[0s / 0s],		train_loss: 3.2355
21:	[0s / 0s],		train_loss: 3.2557
22:	[0s / 0s],		train_loss: 3.2467
23:	[0s / 0s],		train_loss: 3.2412
24:	[0s / 0s],		train_loss: 3.2482
C-index TRAIN: 0.9135466626996497
C-index TEST : 0.6898025172800969
Fitting deepsurv_vanilla.pt...
0:	[0s / 0s],		train_loss: 3.5003
1:	[0s / 0s],		train_loss: 3.3246
2:	[0s / 0s],		train_loss: 3.3042
3:	[0s / 0s],		train_loss: 3.2890
4:	[0s / 0s],		train_loss: 3.2712
5:	[0s / 0s],		train_loss: 3.2750
6:	[0s / 0s],		train_loss: 3.2782
7:	[0s / 0s],		train_loss: 3.2919
8:	[0s / 0s],		train_loss: 3.2639
9:	[0s / 0s],		train_loss: 3.2780
10:	[0s / 0s],		train_loss: 3.2589
11:	[0s / 0s],		train_loss: 3.2649
12:	[0s / 0s],		train_loss: 3.2653
13:	[0s / 0s],		train_loss: 3.2707
14:	[0s / 0s],		train_loss: 3.2581
15:	[0s / 0s],		train_loss: 3.2378
16:	[0s / 0s],		train_loss: 3.2382
17:	[0s / 0s],		train_loss: 3.2575
18:	[0s / 0s],		train_loss: 3.2606
19:	[0s / 1s],		train_loss: 3.2397
20:	[0s / 1s],		train_loss: 3.2603
21:	[0s / 1s],		train_loss: 3.2648
22:	[0s / 1s],		train_loss: 3.2426
23:	[0s / 1s],		train_loss: 3.2403
24:	[0s / 1s],		train_loss: 3.2226
25:	[0s / 1s],		train_loss: 3.2318
C-index TRAIN: 0.9129750791463419
C-index TEST : 0.5001005074188833
Fitting Cox model...
C-index TRAIN: 0.9109527711108802
C-index TEST : 0.7023889177648299
Evaluating method: mean
Fitting Random Survival Forest model...
C-index TRAIN: 0.8692794091567306
C-index TEST : 0.7448662246254663
Fitting deepsurv_simple.pt...
0:	[0s / 0s],		train_loss: 126.8190
1:	[0s / 0s],		train_loss: 14.7738
2:	[0s / 0s],		train_loss: 9.2484
3:	[0s / 0s],		train_loss: 7.4759
4:	[0s / 0s],		train_loss: 6.4226
5:	[0s / 0s],		train_loss: 5.7823
6:	[0s / 0s],		train_loss: 5.3404
7:	[0s / 0s],		train_loss: 5.1353
8:	[0s / 0s],		train_loss: 4.9300
9:	[0s / 0s],		train_loss: 4.8217
10:	[0s / 0s],		train_loss: 4.7332
11:	[0s / 0s],		train_loss: 4.6629
12:	[0s / 0s],		train_loss: 4.6948
13:	[0s / 0s],		train_loss: 4.7048
14:	[0s / 0s],		train_loss: 4.6517
15:	[0s / 0s],		train_loss: 4.6546
16:	[0s / 0s],		train_loss: 4.6492
17:	[0s / 0s],		train_loss: 4.5922
18:	[0s / 0s],		train_loss: 4.6762
19:	[0s / 0s],		train_loss: 4.6531
20:	[0s / 0s],		train_loss: 4.6913
21:	[0s / 0s],		train_loss: 4.8188
22:	[0s / 0s],		train_loss: 4.8495
23:	[0s / 0s],		train_loss: 4.6855
24:	[0s / 0s],		train_loss: 4.6493
C-index TRAIN: 0.7321246233841645
C-index TEST : 0.7392263226058415
Fitting deepsurv_vanilla.pt...
0:	[0s / 0s],		train_loss: 4.9743
1:	[0s / 0s],		train_loss: 4.7719
2:	[0s / 0s],		train_loss: 4.7256
3:	[0s / 0s],		train_loss: 4.6905
4:	[0s / 0s],		train_loss: 4.6617
5:	[0s / 0s],		train_loss: 4.6504
6:	[0s / 0s],		train_loss: 4.6545
7:	[0s / 0s],		train_loss: 4.6387
8:	[0s / 0s],		train_loss: 4.6674
9:	[0s / 0s],		train_loss: 4.6493
10:	[0s / 0s],		train_loss: 4.6126
11:	[0s / 0s],		train_loss: 4.6403
12:	[0s / 0s],		train_loss: 4.6121
13:	[0s / 0s],		train_loss: 4.6370
14:	[0s / 0s],		train_loss: 4.6105
15:	[0s / 0s],		train_loss: 4.6189
16:	[0s / 0s],		train_loss: 4.6011
17:	[0s / 0s],		train_loss: 4.5903
18:	[0s / 0s],		train_loss: 4.5849
19:	[0s / 0s],		train_loss: 4.5961
20:	[0s / 0s],		train_loss: 4.6055
21:	[0s / 0s],		train_loss: 4.5817
22:	[0s / 0s],		train_loss: 4.5826
23:	[0s / 1s],		train_loss: 4.5874
24:	[0s / 1s],		train_loss: 4.5896
25:	[0s / 1s],		train_loss: 4.5777
C-index TRAIN: 0.7455599597771733
C-index TEST : 0.7445503441661186
Fitting Cox model...
C-index TRAIN: 0.7457357879629425
C-index TEST : 0.7491162526239615
Evaluating method: median
Fitting Random Survival Forest model...
C-index TRAIN: 0.844950011990006
C-index TEST : 0.7472812743192058
Fitting deepsurv_simple.pt...
0:	[0s / 0s],		train_loss: 144.0737
1:	[0s / 0s],		train_loss: 13.9156
2:	[0s / 0s],		train_loss: 7.8786
3:	[0s / 0s],		train_loss: 6.6621
4:	[0s / 0s],		train_loss: 6.2206
5:	[0s / 0s],		train_loss: 6.0229
6:	[0s / 0s],		train_loss: 5.7602
7:	[0s / 0s],		train_loss: 5.6640
8:	[0s / 0s],		train_loss: 5.5662
9:	[0s / 0s],		train_loss: 5.4171
10:	[0s / 0s],		train_loss: 5.3493
11:	[0s / 0s],		train_loss: 5.4620
12:	[0s / 0s],		train_loss: 5.2152
13:	[0s / 0s],		train_loss: 5.7225
14:	[0s / 0s],		train_loss: 5.6657
15:	[0s / 0s],		train_loss: 5.5282
16:	[0s / 0s],		train_loss: 5.0772
17:	[0s / 0s],		train_loss: 4.9863
18:	[0s / 0s],		train_loss: 4.9227
19:	[0s / 0s],		train_loss: 4.8614
20:	[0s / 0s],		train_loss: 4.7925
21:	[0s / 0s],		train_loss: 4.7532
22:	[0s / 0s],		train_loss: 4.7508
23:	[0s / 0s],		train_loss: 4.9153
24:	[0s / 0s],		train_loss: 6.5109
C-index TRAIN: 0.7232754879421421
C-index TEST : 0.7298992341334681
Fitting deepsurv_vanilla.pt...
0:	[0s / 0s],		train_loss: 4.9524
1:	[0s / 0s],		train_loss: 4.7793
2:	[0s / 0s],		train_loss: 4.7141
3:	[0s / 0s],		train_loss: 4.6913
4:	[0s / 0s],		train_loss: 4.6680
5:	[0s / 0s],		train_loss: 4.6432
6:	[0s / 0s],		train_loss: 4.6397
7:	[0s / 0s],		train_loss: 4.6315
8:	[0s / 0s],		train_loss: 4.6742
9:	[0s / 0s],		train_loss: 4.6557
10:	[0s / 0s],		train_loss: 4.6177
11:	[0s / 0s],		train_loss: 4.6524
12:	[0s / 0s],		train_loss: 4.6080
13:	[0s / 0s],		train_loss: 4.6299
14:	[0s / 0s],		train_loss: 4.6018
15:	[0s / 0s],		train_loss: 4.6068
16:	[0s / 0s],		train_loss: 4.6027
17:	[0s / 0s],		train_loss: 4.5987
18:	[0s / 0s],		train_loss: 4.5865
19:	[0s / 0s],		train_loss: 4.5872
20:	[0s / 0s],		train_loss: 4.5641
21:	[0s / 0s],		train_loss: 4.5941
22:	[0s / 0s],		train_loss: 4.5931
23:	[0s / 1s],		train_loss: 4.5963
24:	[0s / 1s],		train_loss: 4.5904
25:	[0s / 1s],		train_loss: 4.5724
C-index TRAIN: 0.7478565143585764
C-index TEST : 0.7436630072394058
Fitting Cox model...
C-index TRAIN: 0.742053616429961
C-index TEST : 0.7474679309542749
Evaluating method: constant
Fitting Random Survival Forest model...
C-index TRAIN: 0.8879609173121114
C-index TEST : 0.7360847478556024
Fitting deepsurv_simple.pt...
0:	[0s / 0s],		train_loss: 143.4658
1:	[0s / 0s],		train_loss: 15.9308
2:	[0s / 0s],		train_loss: 8.7411
3:	[0s / 0s],		train_loss: 7.0745
4:	[0s / 0s],		train_loss: 6.5139
5:	[0s / 0s],		train_loss: 6.4096
6:	[0s / 0s],		train_loss: 6.1915
7:	[0s / 0s],		train_loss: 5.9930
8:	[0s / 0s],		train_loss: 5.8589
9:	[0s / 0s],		train_loss: 5.6671
10:	[0s / 0s],		train_loss: 5.3795
11:	[0s / 0s],		train_loss: 5.2148
12:	[0s / 0s],		train_loss: 5.2372
13:	[0s / 0s],		train_loss: 5.6358
14:	[0s / 0s],		train_loss: 5.5725
15:	[0s / 0s],		train_loss: 5.4766
16:	[0s / 0s],		train_loss: 5.3812
17:	[0s / 0s],		train_loss: 5.2613
18:	[0s / 0s],		train_loss: 5.1407
19:	[0s / 0s],		train_loss: 5.0669
20:	[0s / 0s],		train_loss: 5.1146
21:	[0s / 0s],		train_loss: 5.5732
22:	[0s / 0s],		train_loss: 6.0110
23:	[0s / 0s],		train_loss: 5.9817
24:	[0s / 0s],		train_loss: 5.5538
C-index TRAIN: 0.6085239384680842
C-index TEST : 0.6095846746287686
Fitting deepsurv_vanilla.pt...
0:	[0s / 0s],		train_loss: 4.9893
1:	[0s / 0s],		train_loss: 4.8998
2:	[0s / 0s],		train_loss: 4.8743
3:	[0s / 0s],		train_loss: 4.8512
4:	[0s / 0s],		train_loss: 4.8346
5:	[0s / 0s],		train_loss: 4.8398
6:	[0s / 0s],		train_loss: 4.7977
7:	[0s / 0s],		train_loss: 4.8036
8:	[0s / 0s],		train_loss: 4.8000
9:	[0s / 0s],		train_loss: 4.7579
10:	[0s / 0s],		train_loss: 4.7451
11:	[0s / 0s],		train_loss: 4.7726
12:	[0s / 0s],		train_loss: 4.6957
13:	[0s / 0s],		train_loss: 4.6841
14:	[0s / 0s],		train_loss: 4.6569
15:	[0s / 0s],		train_loss: 4.6578
16:	[0s / 0s],		train_loss: 4.6417
17:	[0s / 0s],		train_loss: 4.6559
18:	[0s / 0s],		train_loss: 4.6119
19:	[0s / 0s],		train_loss: 4.6123
20:	[0s / 0s],		train_loss: 4.5691
21:	[0s / 0s],		train_loss: 4.5642
22:	[0s / 0s],		train_loss: 4.5973
23:	[0s / 1s],		train_loss: 4.5546
24:	[0s / 1s],		train_loss: 4.5742
25:	[0s / 1s],		train_loss: 4.5504
C-index TRAIN: 0.7751490612307935
C-index TEST : 0.6606869538498649
Fitting Cox model...
C-index TRAIN: 0.6448196833692087
C-index TEST : 0.6297191822716399
Evaluating method: knn
Fitting Random Survival Forest model...
C-index TRAIN: 0.8856274558456436
C-index TEST : 0.7400418685190663
Fitting deepsurv_simple.pt...
0:	[0s / 0s],		train_loss: 110.5146
1:	[0s / 0s],		train_loss: 14.0824
2:	[0s / 0s],		train_loss: 9.3762
3:	[0s / 0s],		train_loss: 7.7096
4:	[0s / 0s],		train_loss: 6.6598
5:	[0s / 0s],		train_loss: 5.7859
6:	[0s / 0s],		train_loss: 5.1854
7:	[0s / 0s],		train_loss: 5.1265
8:	[0s / 0s],		train_loss: 6.4490
9:	[0s / 0s],		train_loss: 6.5019
10:	[0s / 0s],		train_loss: 6.0147
11:	[0s / 0s],		train_loss: 5.4571
12:	[0s / 0s],		train_loss: 4.9586
13:	[0s / 0s],		train_loss: 4.8226
14:	[0s / 0s],		train_loss: 4.7286
15:	[0s / 0s],		train_loss: 4.7417
16:	[0s / 0s],		train_loss: 4.8130
17:	[0s / 0s],		train_loss: 4.6426
18:	[0s / 0s],		train_loss: 4.7137
19:	[0s / 0s],		train_loss: 4.6551
20:	[0s / 1s],		train_loss: 4.6709
21:	[0s / 1s],		train_loss: 4.7453
22:	[0s / 1s],		train_loss: 4.6856
23:	[0s / 1s],		train_loss: 4.7793
24:	[0s / 2s],		train_loss: 5.8323
C-index TRAIN: 0.6777188592479285
C-index TEST : 0.682583212963734
Fitting deepsurv_vanilla.pt...
0:	[0s / 0s],		train_loss: 4.9364
1:	[0s / 0s],		train_loss: 4.7761
2:	[0s / 0s],		train_loss: 4.7186
3:	[0s / 1s],		train_loss: 4.7065
4:	[0s / 1s],		train_loss: 4.6665
5:	[0s / 1s],		train_loss: 4.6761
6:	[0s / 1s],		train_loss: 4.6509
7:	[0s / 2s],		train_loss: 4.6468
8:	[0s / 2s],		train_loss: 4.6885
9:	[0s / 2s],		train_loss: 4.6438
10:	[0s / 2s],		train_loss: 4.6363
11:	[0s / 2s],		train_loss: 4.6519
12:	[0s / 2s],		train_loss: 4.6418
13:	[0s / 2s],		train_loss: 4.6505
14:	[0s / 2s],		train_loss: 4.5993
15:	[0s / 2s],		train_loss: 4.6193
16:	[0s / 2s],		train_loss: 4.6275
17:	[0s / 2s],		train_loss: 4.6147
18:	[0s / 2s],		train_loss: 4.6150
19:	[0s / 3s],		train_loss: 4.6220
20:	[0s / 3s],		train_loss: 4.5828
21:	[0s / 3s],		train_loss: 4.5927
22:	[0s / 3s],		train_loss: 4.6107
23:	[0s / 3s],		train_loss: 4.6021
24:	[0s / 3s],		train_loss: 4.6122
25:	[0s / 3s],		train_loss: 4.6007
C-index TRAIN: 0.7444871996512962
C-index TEST : 0.7294225418039072
Fitting Cox model...
C-index TRAIN: 0.7426691097131919
C-index TEST : 0.7464944448113763
Evaluating method: imputer_bayesian
Fitting Random Survival Forest model...
C-index TRAIN: 0.9053016645762229
C-index TEST : 0.7486883781835725
Fitting deepsurv_simple.pt...
0:	[0s / 0s],		train_loss: 114.9181
1:	[0s / 0s],		train_loss: 18.5501
2:	[0s / 0s],		train_loss: 12.1001
3:	[0s / 0s],		train_loss: 9.0136
4:	[0s / 0s],		train_loss: 7.7093
5:	[0s / 0s],		train_loss: 11.7483
6:	[0s / 0s],		train_loss: 11.8426
7:	[0s / 0s],		train_loss: 12.3658
8:	[0s / 0s],		train_loss: 10.3645
9:	[0s / 0s],		train_loss: 8.4924
10:	[0s / 0s],		train_loss: 9.3843
11:	[0s / 0s],		train_loss: 7.6734
12:	[0s / 0s],		train_loss: 6.0905
13:	[0s / 0s],		train_loss: 8.3310
14:	[0s / 0s],		train_loss: 6.6818
15:	[0s / 0s],		train_loss: 6.3014
16:	[0s / 0s],		train_loss: 5.4069
17:	[0s / 0s],		train_loss: 10.6868
18:	[0s / 0s],		train_loss: 13.0533
19:	[0s / 0s],		train_loss: 10.9452
20:	[0s / 0s],		train_loss: 8.0090
21:	[0s / 0s],		train_loss: 11.9531
22:	[0s / 0s],		train_loss: 11.1701
23:	[0s / 0s],		train_loss: 8.8825
24:	[0s / 0s],		train_loss: 8.3167
C-index TRAIN: 0.6442777199569911
C-index TEST : 0.6441979938719191
Fitting deepsurv_vanilla.pt...
0:	[0s / 0s],		train_loss: 4.9171
1:	[0s / 0s],		train_loss: 4.7639
2:	[0s / 0s],		train_loss: 4.6941
3:	[0s / 0s],		train_loss: 4.6619
4:	[0s / 0s],		train_loss: 4.6350
5:	[0s / 0s],		train_loss: 4.6076
6:	[0s / 0s],		train_loss: 4.5889
7:	[0s / 0s],		train_loss: 4.5976
8:	[0s / 0s],		train_loss: 4.6392
9:	[0s / 0s],		train_loss: 4.6053
10:	[0s / 0s],		train_loss: 4.5746
11:	[0s / 0s],		train_loss: 4.6062
12:	[0s / 0s],		train_loss: 4.5768
13:	[0s / 0s],		train_loss: 4.5906
14:	[0s / 0s],		train_loss: 4.5524
15:	[0s / 0s],		train_loss: 4.5606
16:	[0s / 0s],		train_loss: 4.5591
17:	[0s / 0s],		train_loss: 4.5516
18:	[0s / 0s],		train_loss: 4.5861
19:	[0s / 0s],		train_loss: 4.5707
20:	[0s / 0s],		train_loss: 4.5493
21:	[0s / 0s],		train_loss: 4.5501
22:	[0s / 0s],		train_loss: 4.5676
23:	[0s / 1s],		train_loss: 4.5625
24:	[0s / 1s],		train_loss: 4.5585
25:	[0s / 1s],		train_loss: 4.5536
C-index TRAIN: 0.755458197085416
C-index TEST : 0.7513819770096458
Fitting Cox model...
C-index TRAIN: 0.7509260315994857
C-index TEST : 0.7471376922922296
[fold=5, target=70%] actual NaN%: 70.0%
X_train shape: (5162, 76), X_test shape: (1290, 76)
Generating TabPFN Embeddings...
Successfully generated embeddings with shape: (5162, 192)
Fitting SimpleImputer (mean)...
Fitting SimpleImputer (median)...
Fitting SimpleImputer (constant, fill=-1)...
Fitting KNNImputer...
Fitting IterativeImputer (BayesianRidge, MICE-like)...
Fitting DeepSurv Simple pilot model...
0:	[0s / 0s],		train_loss: 82.2806,	val_loss: 60.2200
1:	[0s / 0s],		train_loss: 10.5369,	val_loss: 12.9793
2:	[0s / 0s],		train_loss: 7.9862,	val_loss: 10.9797
3:	[0s / 0s],		train_loss: 7.6034,	val_loss: 10.5826
4:	[0s / 0s],		train_loss: 6.8280,	val_loss: 9.1875
5:	[0s / 0s],		train_loss: 6.0767,	val_loss: 8.3032
6:	[0s / 0s],		train_loss: 5.6475,	val_loss: 7.8733
7:	[0s / 0s],		train_loss: 5.4164,	val_loss: 7.4939
8:	[0s / 0s],		train_loss: 5.1750,	val_loss: 7.2673
9:	[0s / 0s],		train_loss: 5.0655,	val_loss: 7.0871
10:	[0s / 0s],		train_loss: 4.9904,	val_loss: 6.9386
11:	[0s / 0s],		train_loss: 4.8454,	val_loss: 6.9174
12:	[0s / 0s],		train_loss: 4.8676,	val_loss: 6.8745
13:	[0s / 0s],		train_loss: 4.8955,	val_loss: 7.4455
14:	[0s / 0s],		train_loss: 5.0808,	val_loss: 6.9885
15:	[0s / 0s],		train_loss: 5.2105,	val_loss: 6.7529
16:	[0s / 0s],		train_loss: 4.7618,	val_loss: 6.7723
17:	[0s / 0s],		train_loss: 4.7747,	val_loss: 6.7196
18:	[0s / 0s],		train_loss: 4.7370,	val_loss: 6.7102
19:	[0s / 0s],		train_loss: 4.7227,	val_loss: 6.7165
20:	[0s / 0s],		train_loss: 4.6837,	val_loss: 6.6616
21:	[0s / 0s],		train_loss: 4.6846,	val_loss: 6.6198
22:	[0s / 0s],		train_loss: 4.6814,	val_loss: 6.6901
23:	[0s / 0s],		train_loss: 4.7187,	val_loss: 6.7074
24:	[0s / 0s],		train_loss: 4.7324,	val_loss: 6.7985
25:	[0s / 0s],		train_loss: 4.7800,	val_loss: 6.7088
26:	[0s / 0s],		train_loss: 4.7403,	val_loss: 6.7358
27:	[0s / 0s],		train_loss: 4.7039,	val_loss: 6.7009
28:	[0s / 0s],		train_loss: 4.7002,	val_loss: 6.6821
29:	[0s / 0s],		train_loss: 4.7099,	val_loss: 6.7565
30:	[0s / 1s],		train_loss: 4.8229,	val_loss: 6.7655
31:	[0s / 1s],		train_loss: 4.7225,	val_loss: 6.7585
32:	[0s / 1s],		train_loss: 4.7875,	val_loss: 6.8132
33:	[0s / 1s],		train_loss: 4.8200,	val_loss: 6.7496
34:	[0s / 1s],		train_loss: 4.9983,	val_loss: 7.1045
35:	[0s / 1s],		train_loss: 5.1049,	val_loss: 6.9730
36:	[0s / 1s],		train_loss: 4.9316,	val_loss: 6.8672
37:	[0s / 1s],		train_loss: 4.9445,	val_loss: 6.8716
38:	[0s / 1s],		train_loss: 4.9495,	val_loss: 6.8647
39:	[0s / 1s],		train_loss: 4.8716,	val_loss: 6.8452
40:	[0s / 1s],		train_loss: 4.8516,	val_loss: 6.8733
41:	[0s / 1s],		train_loss: 4.9862,	val_loss: 6.9743
Saved fixed_epochs=22 → nan/tabpfn/OrmoniTirodei/nan_percentage0.7/seed77/fold5/fixed_epochs_deepsurv_simple.json
Fitting DeepSurv Vanilla pilot model...
0:	[0s / 0s],		train_loss: 4.9461,	val_loss: 6.9218
1:	[0s / 0s],		train_loss: 4.8422,	val_loss: 6.7065
2:	[0s / 0s],		train_loss: 4.7808,	val_loss: 6.6972
3:	[0s / 0s],		train_loss: 4.7655,	val_loss: 6.6912
4:	[0s / 0s],		train_loss: 4.7637,	val_loss: 6.6993
5:	[0s / 0s],		train_loss: 4.7594,	val_loss: 6.6547
6:	[0s / 0s],		train_loss: 4.7227,	val_loss: 6.6713
7:	[0s / 0s],		train_loss: 4.7098,	val_loss: 6.6546
8:	[0s / 0s],		train_loss: 4.7269,	val_loss: 6.6833
9:	[0s / 0s],		train_loss: 4.7214,	val_loss: 6.7011
10:	[0s / 0s],		train_loss: 4.6991,	val_loss: 6.6339
11:	[0s / 0s],		train_loss: 4.7030,	val_loss: 6.6655
12:	[0s / 0s],		train_loss: 4.7137,	val_loss: 6.6340
13:	[0s / 0s],		train_loss: 4.6746,	val_loss: 6.6344
14:	[0s / 0s],		train_loss: 4.6675,	val_loss: 6.6249
15:	[0s / 0s],		train_loss: 4.7036,	val_loss: 6.6557
16:	[0s / 0s],		train_loss: 4.6893,	val_loss: 6.6329
17:	[0s / 0s],		train_loss: 4.6950,	val_loss: 6.6268
18:	[0s / 0s],		train_loss: 4.6779,	val_loss: 6.6391
19:	[0s / 0s],		train_loss: 4.6595,	val_loss: 6.6516
20:	[0s / 0s],		train_loss: 4.6509,	val_loss: 6.5948
21:	[0s / 1s],		train_loss: 4.6918,	val_loss: 6.6335
22:	[0s / 1s],		train_loss: 4.6903,	val_loss: 6.6155
23:	[0s / 1s],		train_loss: 4.6540,	val_loss: 6.6333
24:	[0s / 1s],		train_loss: 4.6643,	val_loss: 6.6081
25:	[0s / 1s],		train_loss: 4.6674,	val_loss: 6.6234
26:	[0s / 1s],		train_loss: 4.6648,	val_loss: 6.6394
27:	[0s / 1s],		train_loss: 4.6505,	val_loss: 6.5878
28:	[0s / 1s],		train_loss: 4.6782,	val_loss: 6.6286
29:	[0s / 1s],		train_loss: 4.6425,	val_loss: 6.6624
30:	[0s / 1s],		train_loss: 4.6286,	val_loss: 6.6324
31:	[0s / 1s],		train_loss: 4.6806,	val_loss: 6.6587
32:	[0s / 1s],		train_loss: 4.6523,	val_loss: 6.6399
33:	[0s / 1s],		train_loss: 4.6385,	val_loss: 6.6349
34:	[0s / 1s],		train_loss: 4.6318,	val_loss: 6.6234
35:	[0s / 1s],		train_loss: 4.6412,	val_loss: 6.6103
36:	[0s / 1s],		train_loss: 4.6754,	val_loss: 6.6394
37:	[0s / 1s],		train_loss: 4.6495,	val_loss: 6.6241
38:	[0s / 1s],		train_loss: 4.6365,	val_loss: 6.7028
39:	[0s / 1s],		train_loss: 4.6528,	val_loss: 6.6523
40:	[0s / 1s],		train_loss: 4.6318,	val_loss: 6.6386
41:	[0s / 1s],		train_loss: 4.6265,	val_loss: 6.6003
42:	[0s / 1s],		train_loss: 4.6435,	val_loss: 6.6348
43:	[0s / 2s],		train_loss: 4.6207,	val_loss: 6.6443
44:	[0s / 2s],		train_loss: 4.6159,	val_loss: 6.6258
45:	[0s / 2s],		train_loss: 4.6426,	val_loss: 6.6632
46:	[0s / 2s],		train_loss: 4.6500,	val_loss: 6.6344
47:	[0s / 2s],		train_loss: 4.6317,	val_loss: 6.6093
Saved fixed_epochs=28 → nan/tabpfn/OrmoniTirodei/nan_percentage0.7/seed77/fold5/fixed_epochs_deepsurv_vanilla.json
Evaluating method: embeddings
Fitting Random Survival Forest model...
C-index TRAIN: 0.9614095931782449
C-index TEST : 0.7226942880198028
Fitting deepsurv_simple.pt...
0:	[0s / 0s],		train_loss: 3.6079
1:	[0s / 0s],		train_loss: 3.3269
2:	[0s / 0s],		train_loss: 3.2797
3:	[0s / 0s],		train_loss: 3.2965
4:	[0s / 0s],		train_loss: 3.2847
5:	[0s / 0s],		train_loss: 3.2695
6:	[0s / 0s],		train_loss: 3.2775
7:	[0s / 0s],		train_loss: 3.2899
8:	[0s / 0s],		train_loss: 3.2922
9:	[0s / 0s],		train_loss: 3.2801
10:	[0s / 0s],		train_loss: 3.2818
11:	[0s / 0s],		train_loss: 3.2894
12:	[0s / 0s],		train_loss: 3.2732
13:	[0s / 0s],		train_loss: 3.2722
14:	[0s / 0s],		train_loss: 3.2725
15:	[0s / 0s],		train_loss: 3.2621
16:	[0s / 0s],		train_loss: 3.2769
17:	[0s / 0s],		train_loss: 3.2580
18:	[0s / 0s],		train_loss: 3.2548
19:	[0s / 0s],		train_loss: 3.2742
20:	[0s / 0s],		train_loss: 3.2671
21:	[0s / 0s],		train_loss: 3.2813
C-index TRAIN: 0.9081198364665386
C-index TEST : 0.7187744986833529
Fitting deepsurv_vanilla.pt...
0:	[0s / 0s],		train_loss: 3.5271
1:	[0s / 0s],		train_loss: 3.3499
2:	[0s / 0s],		train_loss: 3.3168
3:	[0s / 0s],		train_loss: 3.3066
4:	[0s / 0s],		train_loss: 3.2874
5:	[0s / 0s],		train_loss: 3.3036
6:	[0s / 0s],		train_loss: 3.3066
7:	[0s / 0s],		train_loss: 3.3212
8:	[0s / 0s],		train_loss: 3.2767
9:	[0s / 0s],		train_loss: 3.2932
10:	[0s / 0s],		train_loss: 3.2790
11:	[0s / 0s],		train_loss: 3.2691
12:	[0s / 0s],		train_loss: 3.2796
13:	[0s / 0s],		train_loss: 3.2740
14:	[0s / 0s],		train_loss: 3.2810
15:	[0s / 0s],		train_loss: 3.2642
16:	[0s / 0s],		train_loss: 3.2593
17:	[0s / 0s],		train_loss: 3.2808
18:	[0s / 0s],		train_loss: 3.2711
19:	[0s / 0s],		train_loss: 3.2552
20:	[0s / 0s],		train_loss: 3.2826
21:	[0s / 0s],		train_loss: 3.2811
22:	[0s / 1s],		train_loss: 3.2527
23:	[0s / 1s],		train_loss: 3.2695
24:	[0s / 1s],		train_loss: 3.2392
25:	[0s / 1s],		train_loss: 3.2568
26:	[0s / 1s],		train_loss: 3.2544
27:	[0s / 1s],		train_loss: 3.2811
C-index TRAIN: 0.9072660571920447
C-index TEST : 0.5001005074188833
Fitting Cox model...
C-index TRAIN: 0.905802084084483
C-index TEST : 0.7063173220228984
Evaluating method: mean
Fitting Random Survival Forest model...
C-index TRAIN: 0.8211753536957135
C-index TEST : 0.7097920070757223
Fitting deepsurv_simple.pt...
0:	[0s / 0s],		train_loss: 107.8567
1:	[0s / 0s],		train_loss: 9.7477
2:	[0s / 0s],		train_loss: 8.2357
3:	[0s / 0s],		train_loss: 7.6426
4:	[0s / 0s],		train_loss: 6.9774
5:	[0s / 0s],		train_loss: 6.4730
6:	[0s / 0s],		train_loss: 6.0673
7:	[0s / 0s],		train_loss: 5.5731
8:	[0s / 0s],		train_loss: 5.2330
9:	[0s / 0s],		train_loss: 4.9748
10:	[0s / 0s],		train_loss: 4.8561
11:	[0s / 0s],		train_loss: 4.7946
12:	[0s / 0s],		train_loss: 4.7804
13:	[0s / 0s],		train_loss: 4.7798
14:	[0s / 0s],		train_loss: 4.7322
15:	[0s / 0s],		train_loss: 4.7512
16:	[0s / 0s],		train_loss: 4.7463
17:	[0s / 0s],		train_loss: 4.7023
18:	[0s / 0s],		train_loss: 4.6938
19:	[0s / 0s],		train_loss: 4.6770
20:	[0s / 0s],		train_loss: 4.6842
21:	[0s / 0s],		train_loss: 4.6849
C-index TRAIN: 0.7040936549115399
C-index TEST : 0.7114719167913437
Fitting deepsurv_vanilla.pt...
0:	[0s / 0s],		train_loss: 5.1773
1:	[0s / 0s],		train_loss: 4.8472
2:	[0s / 0s],		train_loss: 4.7813
3:	[0s / 0s],		train_loss: 4.7885
4:	[0s / 0s],		train_loss: 4.7453
5:	[0s / 0s],		train_loss: 4.7516
6:	[0s / 0s],		train_loss: 4.7436
7:	[0s / 0s],		train_loss: 4.7316
8:	[0s / 0s],		train_loss: 4.7479
9:	[0s / 0s],		train_loss: 4.7139
10:	[0s / 0s],		train_loss: 4.7242
11:	[0s / 0s],		train_loss: 4.7335
12:	[0s / 0s],		train_loss: 4.7257
13:	[0s / 0s],		train_loss: 4.7118
14:	[0s / 0s],		train_loss: 4.6806
15:	[0s / 0s],		train_loss: 4.7002
16:	[0s / 0s],		train_loss: 4.6835
17:	[0s / 0s],		train_loss: 4.6647
18:	[0s / 0s],		train_loss: 4.6963
19:	[0s / 0s],		train_loss: 4.6924
20:	[0s / 0s],		train_loss: 4.6848
21:	[0s / 0s],		train_loss: 4.6741
22:	[0s / 0s],		train_loss: 4.6696
23:	[0s / 1s],		train_loss: 4.6720
24:	[0s / 1s],		train_loss: 4.6661
25:	[0s / 1s],		train_loss: 4.6707
26:	[0s / 1s],		train_loss: 4.6693
27:	[0s / 1s],		train_loss: 4.6528
C-index TRAIN: 0.7137023151215836
C-index TEST : 0.7090712253003018
Fitting Cox model...
C-index TRAIN: 0.7099972423932545
C-index TEST : 0.7140592649174546
Evaluating method: median
Fitting Random Survival Forest model...
C-index TRAIN: 0.7931037876495178
C-index TEST : 0.6994225130875018
Fitting deepsurv_simple.pt...
0:	[0s / 0s],		train_loss: 100.2203
1:	[0s / 0s],		train_loss: 8.6220
2:	[0s / 0s],		train_loss: 6.3379
3:	[0s / 0s],		train_loss: 5.9973
4:	[0s / 0s],		train_loss: 5.9810
5:	[0s / 0s],		train_loss: 5.8676
6:	[0s / 0s],		train_loss: 5.7032
7:	[0s / 0s],		train_loss: 5.6692
8:	[0s / 0s],		train_loss: 5.6135
9:	[0s / 0s],		train_loss: 5.5214
10:	[0s / 0s],		train_loss: 5.4692
11:	[0s / 0s],		train_loss: 5.3955
12:	[0s / 0s],		train_loss: 5.4064
13:	[0s / 0s],		train_loss: 5.3316
14:	[0s / 0s],		train_loss: 5.2369
15:	[0s / 0s],		train_loss: 5.2458
16:	[0s / 0s],		train_loss: 5.2707
17:	[0s / 0s],		train_loss: 5.1109
18:	[0s / 0s],		train_loss: 5.0106
19:	[0s / 0s],		train_loss: 4.9567
20:	[0s / 0s],		train_loss: 4.9399
21:	[0s / 0s],		train_loss: 4.8954
C-index TRAIN: 0.6904878844159636
C-index TEST : 0.7042368184520135
Fitting deepsurv_vanilla.pt...
0:	[0s / 0s],		train_loss: 5.1088
1:	[0s / 0s],		train_loss: 4.8563
2:	[0s / 0s],		train_loss: 4.7865
3:	[0s / 0s],		train_loss: 4.7884
4:	[0s / 0s],		train_loss: 4.7529
5:	[0s / 0s],		train_loss: 4.7539
6:	[0s / 0s],		train_loss: 4.7326
7:	[0s / 0s],		train_loss: 4.7330
8:	[0s / 0s],		train_loss: 4.7671
9:	[0s / 0s],		train_loss: 4.7382
10:	[0s / 0s],		train_loss: 4.7355
11:	[0s / 0s],		train_loss: 4.7331
12:	[0s / 0s],		train_loss: 4.7110
13:	[0s / 0s],		train_loss: 4.7263
14:	[0s / 0s],		train_loss: 4.6791
15:	[0s / 0s],		train_loss: 4.6970
16:	[0s / 0s],		train_loss: 4.6832
17:	[0s / 0s],		train_loss: 4.6872
18:	[0s / 0s],		train_loss: 4.6886
19:	[0s / 0s],		train_loss: 4.6958
20:	[0s / 0s],		train_loss: 4.7017
21:	[0s / 0s],		train_loss: 4.6882
22:	[0s / 0s],		train_loss: 4.6826
23:	[0s / 1s],		train_loss: 4.6794
24:	[0s / 1s],		train_loss: 4.6684
25:	[0s / 1s],		train_loss: 4.6818
26:	[0s / 1s],		train_loss: 4.6896
27:	[0s / 1s],		train_loss: 4.6697
C-index TRAIN: 0.7105022042873688
C-index TEST : 0.7127756415962876
Fitting Cox model...
C-index TRAIN: 0.7038122162546628
C-index TEST : 0.7126837490990228
Evaluating method: constant
Fitting Random Survival Forest model...
C-index TRAIN: 0.8408703816947907
C-index TEST : 0.6915197583227322
Fitting deepsurv_simple.pt...
0:	[0s / 0s],		train_loss: 97.4068
1:	[0s / 0s],		train_loss: 11.4416
2:	[0s / 0s],		train_loss: 6.5626
3:	[0s / 0s],		train_loss: 6.0810
4:	[0s / 0s],		train_loss: 6.0176
5:	[0s / 0s],		train_loss: 5.9281
6:	[0s / 0s],		train_loss: 5.8688
7:	[0s / 0s],		train_loss: 5.8056
8:	[0s / 0s],		train_loss: 5.7331
9:	[0s / 0s],		train_loss: 5.6993
10:	[0s / 0s],		train_loss: 5.6877
11:	[0s / 0s],		train_loss: 5.6175
12:	[0s / 0s],		train_loss: 5.6495
13:	[0s / 0s],		train_loss: 5.5158
14:	[0s / 0s],		train_loss: 5.4429
15:	[0s / 0s],		train_loss: 5.3558
16:	[0s / 0s],		train_loss: 5.3242
17:	[0s / 0s],		train_loss: 5.3297
18:	[0s / 0s],		train_loss: 5.2176
19:	[0s / 0s],		train_loss: 5.1986
20:	[0s / 0s],		train_loss: 5.1974
21:	[0s / 0s],		train_loss: 5.0943
C-index TRAIN: 0.5815306212640059
C-index TEST : 0.5461817231566222
Fitting deepsurv_vanilla.pt...
0:	[0s / 0s],		train_loss: 5.0630
1:	[0s / 0s],		train_loss: 4.9269
2:	[0s / 0s],		train_loss: 4.8801
3:	[0s / 0s],		train_loss: 4.9109
4:	[0s / 0s],		train_loss: 4.8635
5:	[0s / 0s],		train_loss: 4.8834
6:	[0s / 0s],		train_loss: 4.8483
7:	[0s / 0s],		train_loss: 4.8507
8:	[0s / 0s],		train_loss: 4.8606
9:	[0s / 0s],		train_loss: 4.8337
10:	[0s / 0s],		train_loss: 4.8346
11:	[0s / 0s],		train_loss: 4.8243
12:	[0s / 0s],		train_loss: 4.7979
13:	[0s / 0s],		train_loss: 4.7884
14:	[0s / 0s],		train_loss: 4.7677
15:	[0s / 0s],		train_loss: 4.7815
16:	[0s / 0s],		train_loss: 4.7658
17:	[0s / 0s],		train_loss: 4.7396
18:	[0s / 0s],		train_loss: 4.7494
19:	[0s / 0s],		train_loss: 4.7350
20:	[0s / 0s],		train_loss: 4.7043
21:	[0s / 0s],		train_loss: 4.7153
22:	[0s / 1s],		train_loss: 4.7290
23:	[0s / 1s],		train_loss: 4.6717
24:	[0s / 1s],		train_loss: 4.6939
25:	[0s / 1s],		train_loss: 4.6723
26:	[0s / 1s],		train_loss: 4.6833
27:	[0s / 1s],		train_loss: 4.6693
C-index TRAIN: 0.7464599199745172
C-index TEST : 0.6236427908900075
Fitting Cox model...
C-index TRAIN: 0.6102668897735185
C-index TEST : 0.5790691864355187
Evaluating method: knn
Fitting Random Survival Forest model...
C-index TRAIN: 0.8782487285578096
C-index TEST : 0.7096139653622718
Fitting deepsurv_simple.pt...
0:	[0s / 0s],		train_loss: 90.9781
1:	[0s / 0s],		train_loss: 14.0391
2:	[0s / 0s],		train_loss: 11.3880
3:	[0s / 0s],		train_loss: 9.5773
4:	[0s / 0s],		train_loss: 7.5273
5:	[0s / 0s],		train_loss: 6.3283
6:	[0s / 0s],		train_loss: 6.2891
7:	[0s / 0s],		train_loss: 6.4222
8:	[0s / 0s],		train_loss: 5.4522
9:	[0s / 0s],		train_loss: 5.0219
10:	[0s / 0s],		train_loss: 4.7879
11:	[0s / 0s],		train_loss: 5.0892
12:	[0s / 0s],		train_loss: 4.9032
13:	[0s / 0s],		train_loss: 4.8197
14:	[0s / 0s],		train_loss: 4.7639
15:	[0s / 0s],		train_loss: 4.7671
16:	[0s / 0s],		train_loss: 4.7579
17:	[0s / 0s],		train_loss: 4.7561
18:	[0s / 0s],		train_loss: 4.7865
19:	[0s / 0s],		train_loss: 4.7438
20:	[0s / 0s],		train_loss: 4.8629
21:	[0s / 0s],		train_loss: 5.2868
C-index TRAIN: 0.6268968482845018
C-index TEST : 0.6437787343531486
Fitting deepsurv_vanilla.pt...
0:	[0s / 0s],		train_loss: 4.9992
1:	[0s / 0s],		train_loss: 4.8619
2:	[0s / 0s],		train_loss: 4.8312
3:	[0s / 0s],		train_loss: 4.8148
4:	[0s / 0s],		train_loss: 4.7976
5:	[0s / 0s],		train_loss: 4.8020
6:	[0s / 0s],		train_loss: 4.7595
7:	[0s / 0s],		train_loss: 4.7716
8:	[0s / 0s],		train_loss: 4.7923
9:	[0s / 0s],		train_loss: 4.7653
10:	[0s / 0s],		train_loss: 4.7547
11:	[0s / 0s],		train_loss: 4.7701
12:	[0s / 0s],		train_loss: 4.7313
13:	[0s / 0s],		train_loss: 4.7552
14:	[0s / 0s],		train_loss: 4.7305
15:	[0s / 0s],		train_loss: 4.7344
16:	[0s / 0s],		train_loss: 4.7336
17:	[0s / 0s],		train_loss: 4.7175
18:	[0s / 0s],		train_loss: 4.7195
19:	[0s / 0s],		train_loss: 4.7059
20:	[0s / 0s],		train_loss: 4.7284
21:	[0s / 0s],		train_loss: 4.7222
22:	[0s / 0s],		train_loss: 4.7170
23:	[0s / 1s],		train_loss: 4.7203
24:	[0s / 1s],		train_loss: 4.7133
25:	[0s / 1s],		train_loss: 4.7193
26:	[0s / 1s],		train_loss: 4.7261
27:	[0s / 1s],		train_loss: 4.7023
C-index TRAIN: 0.7004107263142495
C-index TEST : 0.6793440024351511
Fitting Cox model...
C-index TRAIN: 0.6918114220942027
C-index TEST : 0.7043186602073899
Evaluating method: imputer_bayesian
Fitting Random Survival Forest model...
C-index TRAIN: 0.8937350467969839
C-index TEST : 0.7126837490990228
Fitting deepsurv_simple.pt...
0:	[0s / 0s],		train_loss: 95.2652
1:	[0s / 0s],		train_loss: 19.0190
2:	[0s / 0s],		train_loss: 15.6404
3:	[0s / 0s],		train_loss: 9.7101
4:	[0s / 0s],		train_loss: 9.6913
5:	[0s / 0s],		train_loss: 12.1192
6:	[0s / 0s],		train_loss: 7.0461
7:	[0s / 0s],		train_loss: 5.6873
8:	[0s / 0s],		train_loss: 5.2182
9:	[0s / 0s],		train_loss: 5.0529
10:	[0s / 0s],		train_loss: 4.9792
11:	[0s / 0s],		train_loss: 4.9246
12:	[0s / 0s],		train_loss: 4.9102
13:	[0s / 0s],		train_loss: 4.9115
14:	[0s / 0s],		train_loss: 4.8408
15:	[0s / 0s],		train_loss: 4.8587
16:	[0s / 0s],		train_loss: 4.8328
17:	[0s / 0s],		train_loss: 4.7644
18:	[0s / 0s],		train_loss: 4.7785
19:	[0s / 0s],		train_loss: 4.7508
20:	[0s / 0s],		train_loss: 4.7387
21:	[0s / 0s],		train_loss: 11.3618
C-index TRAIN: 0.5667875509102089
C-index TEST : 0.58255966551131
Fitting deepsurv_vanilla.pt...
0:	[0s / 0s],		train_loss: 4.9347
1:	[0s / 0s],		train_loss: 4.8081
2:	[0s / 0s],		train_loss: 4.7639
3:	[0s / 0s],		train_loss: 4.7760
4:	[0s / 0s],		train_loss: 4.7420
5:	[0s / 0s],		train_loss: 4.7344
6:	[0s / 0s],		train_loss: 4.7029
7:	[0s / 0s],		train_loss: 4.6958
8:	[0s / 0s],		train_loss: 4.7356
9:	[0s / 0s],		train_loss: 4.7081
10:	[0s / 0s],		train_loss: 4.6869
11:	[0s / 0s],		train_loss: 4.7123
12:	[0s / 0s],		train_loss: 4.6927
13:	[0s / 0s],		train_loss: 4.7046
14:	[0s / 0s],		train_loss: 4.6675
15:	[0s / 0s],		train_loss: 4.6702
16:	[0s / 0s],		train_loss: 4.6580
17:	[0s / 0s],		train_loss: 4.6648
18:	[0s / 0s],		train_loss: 4.6679
19:	[0s / 0s],		train_loss: 4.6721
20:	[0s / 0s],		train_loss: 4.6614
21:	[0s / 0s],		train_loss: 4.6791
22:	[0s / 0s],		train_loss: 4.6591
23:	[0s / 1s],		train_loss: 4.6490
24:	[0s / 1s],		train_loss: 4.6589
25:	[0s / 1s],		train_loss: 4.6413
26:	[0s / 1s],		train_loss: 4.6438
27:	[0s / 1s],		train_loss: 4.6613
C-index TRAIN: 0.7236401090399724
C-index TEST : 0.6920854715090183
Fitting Cox model...
C-index TRAIN: 0.7092621329491989
C-index TEST : 0.7052921463502885
[fold=5, target=90%] actual NaN%: 90.0%
X_train shape: (5162, 76), X_test shape: (1290, 76)
Generating TabPFN Embeddings...
Successfully generated embeddings with shape: (5162, 192)
Fitting SimpleImputer (mean)...
Fitting SimpleImputer (median)...
Fitting SimpleImputer (constant, fill=-1)...
Fitting KNNImputer...
Fitting IterativeImputer (BayesianRidge, MICE-like)...
Fitting DeepSurv Simple pilot model...
0:	[0s / 0s],		train_loss: 35.9411,	val_loss: 9.1457
1:	[0s / 0s],		train_loss: 6.0397,	val_loss: 7.2529
2:	[0s / 0s],		train_loss: 6.6079,	val_loss: 8.8090
3:	[0s / 0s],		train_loss: 6.5691,	val_loss: 7.8661
4:	[0s / 0s],		train_loss: 5.4000,	val_loss: 7.1833
5:	[0s / 0s],		train_loss: 5.1061,	val_loss: 7.0131
6:	[0s / 0s],		train_loss: 4.9886,	val_loss: 7.0308
7:	[0s / 0s],		train_loss: 5.3280,	val_loss: 7.3537
8:	[0s / 0s],		train_loss: 5.2519,	val_loss: 7.0803
9:	[1s / 2s],		train_loss: 5.0284,	val_loss: 6.9377
10:	[0s / 2s],		train_loss: 4.9189,	val_loss: 6.8715
11:	[0s / 2s],		train_loss: 4.8383,	val_loss: 6.8858
12:	[0s / 2s],		train_loss: 4.8574,	val_loss: 6.8598
13:	[0s / 2s],		train_loss: 4.8252,	val_loss: 6.8334
14:	[0s / 2s],		train_loss: 4.8240,	val_loss: 6.8240
15:	[0s / 2s],		train_loss: 4.7995,	val_loss: 6.8211
16:	[0s / 3s],		train_loss: 4.8095,	val_loss: 6.8405
17:	[0s / 3s],		train_loss: 4.9966,	val_loss: 6.8987
18:	[0s / 3s],		train_loss: 5.0448,	val_loss: 6.8409
19:	[0s / 3s],		train_loss: 5.0370,	val_loss: 6.8508
20:	[0s / 3s],		train_loss: 4.9750,	val_loss: 6.8377
21:	[0s / 3s],		train_loss: 5.0045,	val_loss: 6.8483
22:	[0s / 3s],		train_loss: 5.0056,	val_loss: 6.8010
23:	[0s / 3s],		train_loss: 4.9774,	val_loss: 6.8337
24:	[0s / 3s],		train_loss: 4.9433,	val_loss: 6.9052
25:	[0s / 3s],		train_loss: 5.0861,	val_loss: 6.8966
26:	[0s / 3s],		train_loss: 4.9421,	val_loss: 6.8189
27:	[0s / 3s],		train_loss: 4.9096,	val_loss: 6.8300
28:	[0s / 3s],		train_loss: 4.8881,	val_loss: 6.8185
29:	[0s / 3s],		train_loss: 4.8427,	val_loss: 6.7923
30:	[0s / 3s],		train_loss: 4.8434,	val_loss: 6.8270
31:	[0s / 3s],		train_loss: 4.8624,	val_loss: 6.8302
32:	[0s / 3s],		train_loss: 4.8310,	val_loss: 6.7853
33:	[0s / 3s],		train_loss: 4.8027,	val_loss: 6.8115
34:	[0s / 3s],		train_loss: 4.8003,	val_loss: 6.7924
35:	[0s / 3s],		train_loss: 4.8183,	val_loss: 6.7974
36:	[0s / 3s],		train_loss: 4.8181,	val_loss: 6.8027
37:	[0s / 3s],		train_loss: 4.8552,	val_loss: 6.8195
38:	[0s / 3s],		train_loss: 4.8141,	val_loss: 6.8263
39:	[0s / 3s],		train_loss: 5.0083,	val_loss: 6.9766
40:	[0s / 3s],		train_loss: 4.9476,	val_loss: 6.8383
41:	[0s / 3s],		train_loss: 4.8066,	val_loss: 6.8218
42:	[0s / 3s],		train_loss: 4.9846,	val_loss: 7.0814
43:	[0s / 3s],		train_loss: 5.1902,	val_loss: 7.0046
44:	[0s / 3s],		train_loss: 4.8912,	val_loss: 7.2653
45:	[0s / 3s],		train_loss: 5.1987,	val_loss: 7.0737
46:	[0s / 3s],		train_loss: 5.5030,	val_loss: 7.1352
47:	[0s / 3s],		train_loss: 5.5654,	val_loss: 7.0822
48:	[0s / 3s],		train_loss: 8.9982,	val_loss: 12.3678
49:	[0s / 4s],		train_loss: 9.6676,	val_loss: 10.0419
50:	[0s / 4s],		train_loss: 10.0498,	val_loss: 14.3081
51:	[0s / 4s],		train_loss: 9.1015,	val_loss: 9.4263
52:	[0s / 4s],		train_loss: 6.6055,	val_loss: 8.0173
Saved fixed_epochs=33 → nan/tabpfn/OrmoniTirodei/nan_percentage0.9/seed77/fold5/fixed_epochs_deepsurv_simple.json
Fitting DeepSurv Vanilla pilot model...
0:	[0s / 0s],		train_loss: 5.0048,	val_loss: 6.8464
1:	[0s / 0s],		train_loss: 4.9334,	val_loss: 10.6523
2:	[0s / 0s],		train_loss: 4.9000,	val_loss: 6.8214
3:	[0s / 0s],		train_loss: 4.8594,	val_loss: 6.8039
4:	[0s / 0s],		train_loss: 4.8714,	val_loss: 6.8287
5:	[0s / 0s],		train_loss: 4.8803,	val_loss: 6.8045
6:	[0s / 0s],		train_loss: 4.8553,	val_loss: 6.7940
7:	[0s / 0s],		train_loss: 4.8421,	val_loss: 7.0911
8:	[0s / 0s],		train_loss: 4.8461,	val_loss: 9.2325
9:	[0s / 0s],		train_loss: 4.8386,	val_loss: 6.7893
10:	[0s / 0s],		train_loss: 4.8176,	val_loss: 9.1185
11:	[0s / 0s],		train_loss: 4.8189,	val_loss: 6.7993
12:	[0s / 0s],		train_loss: 4.8208,	val_loss: 6.7913
13:	[0s / 0s],		train_loss: 4.8073,	val_loss: 6.7752
14:	[0s / 0s],		train_loss: 4.7932,	val_loss: 6.7779
15:	[0s / 0s],		train_loss: 4.8100,	val_loss: 6.7737
16:	[0s / 0s],		train_loss: 4.8053,	val_loss: 6.7820
17:	[0s / 0s],		train_loss: 4.8169,	val_loss: 6.7720
18:	[0s / 0s],		train_loss: 4.7829,	val_loss: 6.7805
19:	[0s / 0s],		train_loss: 4.7901,	val_loss: 6.7771
20:	[0s / 0s],		train_loss: 4.7752,	val_loss: 6.8288
21:	[0s / 1s],		train_loss: 4.8166,	val_loss: 6.7795
22:	[0s / 1s],		train_loss: 4.7948,	val_loss: 6.7877
23:	[0s / 1s],		train_loss: 4.7914,	val_loss: 6.8573
24:	[0s / 1s],		train_loss: 4.7839,	val_loss: 6.8382
25:	[0s / 1s],		train_loss: 4.7852,	val_loss: 6.8288
26:	[0s / 1s],		train_loss: 4.8033,	val_loss: 6.8249
27:	[0s / 1s],		train_loss: 4.7566,	val_loss: 6.7819
28:	[0s / 1s],		train_loss: 4.7833,	val_loss: 6.7753
29:	[0s / 1s],		train_loss: 4.7671,	val_loss: 6.7802
30:	[0s / 1s],		train_loss: 4.7720,	val_loss: 6.7730
31:	[0s / 1s],		train_loss: 4.7759,	val_loss: 6.7856
32:	[0s / 1s],		train_loss: 4.7877,	val_loss: 6.7710
33:	[0s / 1s],		train_loss: 4.7739,	val_loss: 6.8330
34:	[0s / 1s],		train_loss: 4.7586,	val_loss: 6.7856
35:	[0s / 1s],		train_loss: 4.7852,	val_loss: 6.7891
36:	[0s / 1s],		train_loss: 4.7978,	val_loss: 6.8864
37:	[0s / 1s],		train_loss: 4.7796,	val_loss: 6.7761
38:	[0s / 1s],		train_loss: 4.7489,	val_loss: 6.7880
39:	[0s / 1s],		train_loss: 4.7858,	val_loss: 6.7985
40:	[0s / 1s],		train_loss: 4.7764,	val_loss: 6.7889
41:	[0s / 1s],		train_loss: 4.7680,	val_loss: 6.7804
42:	[0s / 1s],		train_loss: 4.7684,	val_loss: 6.7785
43:	[0s / 1s],		train_loss: 4.7770,	val_loss: 6.8230
44:	[0s / 2s],		train_loss: 4.7588,	val_loss: 6.7830
45:	[0s / 2s],		train_loss: 4.7651,	val_loss: 6.7816
46:	[0s / 2s],		train_loss: 4.7835,	val_loss: 6.7659
47:	[0s / 2s],		train_loss: 4.7747,	val_loss: 6.8072
48:	[0s / 2s],		train_loss: 4.7688,	val_loss: 6.9533
49:	[0s / 2s],		train_loss: 4.7594,	val_loss: 6.8037
50:	[0s / 2s],		train_loss: 4.7748,	val_loss: 6.7794
51:	[0s / 2s],		train_loss: 4.7580,	val_loss: 6.8925
52:	[0s / 2s],		train_loss: 4.7637,	val_loss: 7.1174
53:	[0s / 2s],		train_loss: 4.7566,	val_loss: 6.8599
54:	[0s / 2s],		train_loss: 4.7270,	val_loss: 6.7922
55:	[0s / 2s],		train_loss: 4.7640,	val_loss: 6.8232
56:	[0s / 2s],		train_loss: 4.7492,	val_loss: 7.1345
57:	[0s / 2s],		train_loss: 4.7579,	val_loss: 6.8017
58:	[0s / 2s],		train_loss: 4.7538,	val_loss: 7.1771
59:	[0s / 2s],		train_loss: 4.7449,	val_loss: 6.7815
60:	[0s / 2s],		train_loss: 4.7438,	val_loss: 6.8316
61:	[0s / 2s],		train_loss: 4.7550,	val_loss: 6.9067
62:	[0s / 2s],		train_loss: 4.7670,	val_loss: 6.7914
63:	[0s / 2s],		train_loss: 4.7602,	val_loss: 6.7983
64:	[0s / 2s],		train_loss: 4.7539,	val_loss: 6.7669
65:	[0s / 2s],		train_loss: 4.7475,	val_loss: 6.8033
66:	[0s / 3s],		train_loss: 4.7474,	val_loss: 6.8353
Saved fixed_epochs=47 → nan/tabpfn/OrmoniTirodei/nan_percentage0.9/seed77/fold5/fixed_epochs_deepsurv_vanilla.json
Evaluating method: embeddings
Fitting Random Survival Forest model...
C-index TRAIN: 0.9654428532845329
C-index TEST : 0.6543736521237218
Fitting deepsurv_simple.pt...
0:	[0s / 0s],		train_loss: 3.5912
1:	[0s / 0s],		train_loss: 3.3331
2:	[0s / 0s],		train_loss: 3.2936
3:	[0s / 0s],		train_loss: 3.3095
4:	[0s / 0s],		train_loss: 3.3008
5:	[0s / 0s],		train_loss: 3.2820
6:	[0s / 0s],		train_loss: 3.2854
7:	[0s / 0s],		train_loss: 3.3024
8:	[0s / 0s],		train_loss: 3.3004
9:	[0s / 0s],		train_loss: 3.2868
10:	[0s / 0s],		train_loss: 3.2902
11:	[0s / 0s],		train_loss: 3.3008
12:	[0s / 0s],		train_loss: 3.2758
13:	[0s / 0s],		train_loss: 3.2828
14:	[0s / 0s],		train_loss: 3.2828
15:	[0s / 0s],		train_loss: 3.2762
16:	[0s / 0s],		train_loss: 3.2763
17:	[0s / 0s],		train_loss: 3.2726
18:	[0s / 0s],		train_loss: 3.2608
19:	[0s / 0s],		train_loss: 3.2867
20:	[0s / 0s],		train_loss: 3.2672
21:	[0s / 0s],		train_loss: 3.2908
22:	[0s / 0s],		train_loss: 3.2823
23:	[0s / 0s],		train_loss: 3.2678
24:	[0s / 0s],		train_loss: 3.2743
25:	[0s / 0s],		train_loss: 3.2786
26:	[0s / 0s],		train_loss: 3.2663
27:	[0s / 0s],		train_loss: 3.2781
28:	[0s / 0s],		train_loss: 3.2698
29:	[0s / 0s],		train_loss: 3.2895
30:	[0s / 0s],		train_loss: 3.2765
31:	[0s / 1s],		train_loss: 3.2733
32:	[0s / 1s],		train_loss: 3.2719
C-index TRAIN: 0.9050157781665303
C-index TEST : 0.6034551578971551
Fitting deepsurv_vanilla.pt...
0:	[0s / 0s],		train_loss: 3.5353
1:	[0s / 0s],		train_loss: 3.3375
2:	[0s / 0s],		train_loss: 3.3231
3:	[0s / 0s],		train_loss: 3.3264
4:	[0s / 0s],		train_loss: 3.2934
5:	[0s / 0s],		train_loss: 3.3100
6:	[0s / 0s],		train_loss: 3.3067
7:	[0s / 0s],		train_loss: 3.3176
8:	[0s / 0s],		train_loss: 3.2913
9:	[0s / 0s],		train_loss: 3.3049
10:	[0s / 0s],		train_loss: 3.2940
11:	[0s / 0s],		train_loss: 3.2866
12:	[0s / 0s],		train_loss: 3.2896
13:	[0s / 0s],		train_loss: 3.2848
14:	[0s / 0s],		train_loss: 3.2973
15:	[0s / 0s],		train_loss: 3.2640
16:	[0s / 0s],		train_loss: 3.2742
17:	[0s / 0s],		train_loss: 3.2928
18:	[0s / 0s],		train_loss: 3.2805
19:	[0s / 0s],		train_loss: 3.2706
20:	[0s / 0s],		train_loss: 3.2920
21:	[0s / 0s],		train_loss: 3.2967
22:	[0s / 0s],		train_loss: 3.2742
23:	[0s / 1s],		train_loss: 3.2812
24:	[0s / 1s],		train_loss: 3.2596
25:	[0s / 1s],		train_loss: 3.2688
26:	[0s / 1s],		train_loss: 3.2669
27:	[0s / 1s],		train_loss: 3.2895
28:	[0s / 1s],		train_loss: 3.2728
29:	[0s / 1s],		train_loss: 3.2775
30:	[0s / 1s],		train_loss: 3.2844
31:	[0s / 1s],		train_loss: 3.2793
32:	[0s / 1s],		train_loss: 3.2883
33:	[0s / 1s],		train_loss: 3.2700
34:	[0s / 1s],		train_loss: 3.2701
35:	[0s / 1s],		train_loss: 3.2759
36:	[0s / 1s],		train_loss: 3.2562
37:	[0s / 1s],		train_loss: 3.2795
38:	[0s / 1s],		train_loss: 3.2799
39:	[0s / 1s],		train_loss: 3.2589
40:	[0s / 1s],		train_loss: 3.2741
41:	[0s / 1s],		train_loss: 3.2674
42:	[0s / 1s],		train_loss: 3.2777
43:	[0s / 1s],		train_loss: 3.2800
44:	[0s / 1s],		train_loss: 3.2661
45:	[0s / 2s],		train_loss: 3.2778
46:	[0s / 2s],		train_loss: 3.2506
C-index TRAIN: 0.9045955128419872
C-index TEST : 0.5001005074188833
Fitting Cox model...
C-index TRAIN: 0.9026006483877275
C-index TEST : 0.617138525067986
Evaluating method: mean
Fitting Random Survival Forest model...
C-index TRAIN: 0.7314766709686846
C-index TEST : 0.6179799157460666
Fitting deepsurv_simple.pt...
0:	[0s / 0s],		train_loss: 58.6990
1:	[0s / 0s],		train_loss: 7.1812
2:	[0s / 0s],		train_loss: 7.4325
3:	[0s / 0s],		train_loss: 6.5286
4:	[0s / 0s],		train_loss: 5.5203
5:	[0s / 0s],		train_loss: 5.1295
6:	[0s / 0s],		train_loss: 4.9706
7:	[0s / 0s],		train_loss: 4.9336
8:	[0s / 0s],		train_loss: 4.8965
9:	[0s / 0s],		train_loss: 4.8418
10:	[0s / 0s],		train_loss: 4.8399
11:	[0s / 0s],		train_loss: 4.8076
12:	[0s / 0s],		train_loss: 4.7986
13:	[0s / 0s],		train_loss: 4.7982
14:	[0s / 0s],		train_loss: 4.7736
15:	[0s / 0s],		train_loss: 4.7791
16:	[0s / 0s],		train_loss: 4.7766
17:	[0s / 0s],		train_loss: 4.7942
18:	[0s / 0s],		train_loss: 4.7839
19:	[0s / 0s],		train_loss: 4.7945
20:	[0s / 0s],		train_loss: 4.9567
21:	[0s / 0s],		train_loss: 4.9300
22:	[0s / 0s],		train_loss: 4.9679
23:	[0s / 0s],		train_loss: 4.9459
24:	[0s / 0s],		train_loss: 4.8998
25:	[0s / 0s],		train_loss: 4.8870
26:	[0s / 0s],		train_loss: 4.8674
27:	[0s / 0s],		train_loss: 4.8676
28:	[0s / 0s],		train_loss: 4.8577
29:	[0s / 0s],		train_loss: 4.8595
30:	[0s / 0s],		train_loss: 4.8279
31:	[0s / 0s],		train_loss: 4.8175
32:	[0s / 0s],		train_loss: 4.8074
C-index TRAIN: 0.6500486319185504
C-index TEST : 0.6430292361723329
Fitting deepsurv_vanilla.pt...
0:	[0s / 0s],		train_loss: 5.3720
1:	[0s / 0s],		train_loss: 4.9552
2:	[0s / 0s],		train_loss: 4.9129
3:	[0s / 0s],		train_loss: 4.9202
4:	[0s / 0s],		train_loss: 4.9118
5:	[0s / 0s],		train_loss: 4.8929
6:	[0s / 0s],		train_loss: 4.8699
7:	[0s / 0s],		train_loss: 4.8519
8:	[0s / 0s],		train_loss: 4.8682
9:	[0s / 0s],		train_loss: 4.8358
10:	[0s / 0s],		train_loss: 4.8418
11:	[0s / 0s],		train_loss: 4.8448
12:	[0s / 0s],		train_loss: 4.8296
13:	[0s / 0s],		train_loss: 4.8413
14:	[0s / 0s],		train_loss: 4.7924
15:	[0s / 0s],		train_loss: 4.8142
16:	[0s / 0s],		train_loss: 4.8072
17:	[0s / 0s],		train_loss: 4.8137
18:	[0s / 0s],		train_loss: 4.8052
19:	[0s / 0s],		train_loss: 4.8098
20:	[0s / 0s],		train_loss: 4.7948
21:	[0s / 0s],		train_loss: 4.8168
22:	[0s / 0s],		train_loss: 4.7938
23:	[0s / 1s],		train_loss: 4.8098
24:	[0s / 1s],		train_loss: 4.8097
25:	[0s / 1s],		train_loss: 4.7804
26:	[0s / 1s],		train_loss: 4.7952
27:	[0s / 1s],		train_loss: 4.7853
28:	[0s / 1s],		train_loss: 4.7873
29:	[0s / 1s],		train_loss: 4.8122
30:	[0s / 1s],		train_loss: 4.8079
31:	[0s / 1s],		train_loss: 4.7832
32:	[0s / 1s],		train_loss: 4.7913
33:	[0s / 1s],		train_loss: 4.8002
34:	[0s / 1s],		train_loss: 4.7822
35:	[0s / 1s],		train_loss: 4.7766
36:	[0s / 1s],		train_loss: 4.7758
37:	[0s / 1s],		train_loss: 4.7698
38:	[0s / 1s],		train_loss: 4.7664
39:	[0s / 1s],		train_loss: 4.7759
40:	[0s / 1s],		train_loss: 4.8121
41:	[0s / 1s],		train_loss: 4.7708
42:	[0s / 1s],		train_loss: 4.7829
43:	[0s / 1s],		train_loss: 4.7984
44:	[0s / 1s],		train_loss: 4.7804
45:	[0s / 1s],		train_loss: 4.7774
46:	[0s / 2s],		train_loss: 4.7737
C-index TRAIN: 0.663193160983858
C-index TEST : 0.6463689541197991
Fitting Cox model...
    Cox fit failed: Convergence halted due to matrix inversion problems. Suspicion is high collinearity. Please see the following tips in the lifelines documentation: https://lifelines.readthedocs.io/en/latest/Examples.html#problems-with-convergence-in-the-cox-proportional-hazard-modelMatrix is singular.
Evaluating method: median
Fitting Random Survival Forest model...
C-index TRAIN: 0.691107068387701
C-index TEST : 0.6238710863128997
Fitting deepsurv_simple.pt...
0:	[0s / 0s],		train_loss: 104.9508
1:	[0s / 0s],		train_loss: 6.2934
2:	[0s / 0s],		train_loss: 5.4121
3:	[0s / 0s],		train_loss: 5.2836
4:	[0s / 0s],		train_loss: 5.1554
5:	[0s / 0s],		train_loss: 5.0972
6:	[0s / 0s],		train_loss: 5.0937
7:	[0s / 0s],		train_loss: 5.0865
8:	[0s / 0s],		train_loss: 5.0809
9:	[0s / 0s],		train_loss: 5.0429
10:	[0s / 0s],		train_loss: 5.0521
11:	[0s / 0s],		train_loss: 5.0227
12:	[0s / 0s],		train_loss: 5.0574
13:	[0s / 0s],		train_loss: 5.0196
14:	[0s / 0s],		train_loss: 5.0184
15:	[0s / 0s],		train_loss: 5.1306
16:	[0s / 0s],		train_loss: 5.1435
17:	[0s / 0s],		train_loss: 5.1002
18:	[0s / 0s],		train_loss: 5.0869
19:	[0s / 0s],		train_loss: 5.0430
20:	[0s / 0s],		train_loss: 5.0432
21:	[0s / 0s],		train_loss: 5.0115
22:	[0s / 0s],		train_loss: 5.0602
23:	[0s / 0s],		train_loss: 4.9861
24:	[0s / 0s],		train_loss: 4.9507
25:	[0s / 0s],		train_loss: 4.9600
26:	[0s / 0s],		train_loss: 4.9329
27:	[0s / 0s],		train_loss: 4.9469
28:	[0s / 0s],		train_loss: 4.9611
29:	[0s / 1s],		train_loss: 5.0739
30:	[0s / 1s],		train_loss: 5.0884
31:	[0s / 1s],		train_loss: 5.0766
32:	[0s / 1s],		train_loss: 5.1032
C-index TRAIN: 0.6392891393257623
C-index TEST : 0.6406945924137
Fitting deepsurv_vanilla.pt...
0:	[0s / 0s],		train_loss: 5.3545
1:	[0s / 0s],		train_loss: 5.0085
2:	[0s / 0s],		train_loss: 4.8935
3:	[0s / 0s],		train_loss: 4.8928
4:	[0s / 0s],		train_loss: 4.8830
5:	[0s / 0s],		train_loss: 4.8620
6:	[0s / 0s],		train_loss: 4.8581
7:	[0s / 0s],		train_loss: 4.8436
8:	[0s / 0s],		train_loss: 4.8568
9:	[0s / 0s],		train_loss: 4.8358
10:	[0s / 0s],		train_loss: 4.8337
11:	[0s / 0s],		train_loss: 4.8401
12:	[0s / 0s],		train_loss: 4.8157
13:	[0s / 0s],		train_loss: 4.8435
14:	[0s / 0s],		train_loss: 4.8112
15:	[0s / 0s],		train_loss: 4.8084
16:	[0s / 0s],		train_loss: 4.8007
17:	[0s / 0s],		train_loss: 4.7991
18:	[0s / 0s],		train_loss: 4.7833
19:	[0s / 0s],		train_loss: 4.7983
20:	[0s / 0s],		train_loss: 4.7973
21:	[0s / 1s],		train_loss: 4.8058
22:	[0s / 1s],		train_loss: 4.7940
23:	[0s / 1s],		train_loss: 4.8000
24:	[0s / 1s],		train_loss: 4.8057
25:	[0s / 1s],		train_loss: 4.7915
26:	[0s / 1s],		train_loss: 4.7992
27:	[0s / 1s],		train_loss: 4.7872
28:	[0s / 1s],		train_loss: 4.7848
29:	[0s / 1s],		train_loss: 4.7913
30:	[0s / 1s],		train_loss: 4.7792
31:	[0s / 1s],		train_loss: 4.7628
32:	[0s / 1s],		train_loss: 4.7726
33:	[0s / 1s],		train_loss: 4.7876
34:	[0s / 1s],		train_loss: 4.7810
35:	[0s / 1s],		train_loss: 4.7897
36:	[0s / 1s],		train_loss: 4.7720
37:	[0s / 1s],		train_loss: 4.7754
38:	[0s / 1s],		train_loss: 4.7736
39:	[0s / 1s],		train_loss: 4.7762
40:	[0s / 1s],		train_loss: 4.8069
41:	[0s / 1s],		train_loss: 4.7677
42:	[0s / 1s],		train_loss: 4.7786
43:	[0s / 1s],		train_loss: 4.7829
44:	[0s / 1s],		train_loss: 4.7802
45:	[0s / 2s],		train_loss: 4.7897
46:	[0s / 2s],		train_loss: 4.7817
C-index TRAIN: 0.6526915434213288
C-index TEST : 0.643378140497885
Fitting Cox model...
    Cox fit failed: Convergence halted due to matrix inversion problems. Suspicion is high collinearity. Please see the following tips in the lifelines documentation: https://lifelines.readthedocs.io/en/latest/Examples.html#problems-with-convergence-in-the-cox-proportional-hazard-modelMatrix is singular.
Evaluating method: constant
Fitting Random Survival Forest model...
C-index TRAIN: 0.7579425036154552
C-index TEST : 0.5887638448969512
Fitting deepsurv_simple.pt...
0:	[0s / 0s],		train_loss: 115.8481
1:	[0s / 0s],		train_loss: 8.6217
2:	[0s / 0s],		train_loss: 5.9579
3:	[0s / 0s],		train_loss: 5.3450
4:	[0s / 0s],		train_loss: 5.2665
5:	[0s / 0s],		train_loss: 5.1779
6:	[0s / 0s],		train_loss: 5.1912
7:	[0s / 0s],		train_loss: 5.1780
8:	[0s / 0s],		train_loss: 5.2132
9:	[0s / 0s],		train_loss: 5.2217
10:	[0s / 0s],		train_loss: 5.1489
11:	[0s / 0s],		train_loss: 5.1147
12:	[0s / 0s],		train_loss: 5.1548
13:	[0s / 0s],		train_loss: 5.1390
14:	[0s / 0s],		train_loss: 5.1217
15:	[0s / 0s],		train_loss: 5.2023
16:	[0s / 0s],		train_loss: 5.6883
17:	[0s / 0s],		train_loss: 5.7187
18:	[0s / 0s],		train_loss: 5.3891
19:	[0s / 0s],		train_loss: 5.2950
20:	[0s / 0s],		train_loss: 5.1479
21:	[0s / 0s],		train_loss: 5.0853
22:	[0s / 0s],		train_loss: 5.1125
23:	[0s / 0s],		train_loss: 5.0620
24:	[0s / 0s],		train_loss: 5.0501
25:	[0s / 0s],		train_loss: 5.1357
26:	[0s / 0s],		train_loss: 5.1613
27:	[0s / 0s],		train_loss: 5.1109
28:	[0s / 0s],		train_loss: 5.0611
29:	[0s / 0s],		train_loss: 5.0429
30:	[0s / 0s],		train_loss: 5.0925
31:	[0s / 0s],		train_loss: 5.2761
32:	[0s / 0s],		train_loss: 5.2892
C-index TRAIN: 0.5426217742672705
C-index TEST : 0.5159376049943573
Fitting deepsurv_vanilla.pt...
0:	[0s / 0s],		train_loss: 5.1727
1:	[0s / 0s],		train_loss: 4.9531
2:	[0s / 0s],		train_loss: 4.9228
3:	[0s / 0s],		train_loss: 4.9778
4:	[0s / 0s],		train_loss: 4.9510
5:	[0s / 0s],		train_loss: 4.9151
6:	[0s / 0s],		train_loss: 4.8996
7:	[0s / 0s],		train_loss: 4.8973
8:	[0s / 0s],		train_loss: 4.9001
9:	[0s / 0s],		train_loss: 4.8823
10:	[0s / 0s],		train_loss: 4.8831
11:	[0s / 0s],		train_loss: 4.8831
12:	[0s / 0s],		train_loss: 4.8741
13:	[0s / 0s],		train_loss: 4.8987
14:	[0s / 0s],		train_loss: 4.8469
15:	[0s / 0s],		train_loss: 4.8748
16:	[0s / 0s],		train_loss: 4.8411
17:	[0s / 0s],		train_loss: 4.8651
18:	[0s / 0s],		train_loss: 4.8527
19:	[0s / 0s],		train_loss: 4.8313
20:	[0s / 0s],		train_loss: 4.8178
21:	[0s / 0s],		train_loss: 4.8212
22:	[0s / 0s],		train_loss: 4.8185
23:	[0s / 1s],		train_loss: 4.8154
24:	[0s / 1s],		train_loss: 4.8174
25:	[0s / 1s],		train_loss: 4.7861
26:	[0s / 1s],		train_loss: 4.8335
27:	[0s / 1s],		train_loss: 4.7785
28:	[0s / 1s],		train_loss: 4.7861
29:	[0s / 1s],		train_loss: 4.7917
30:	[0s / 1s],		train_loss: 4.7866
31:	[0s / 1s],		train_loss: 4.7526
32:	[0s / 1s],		train_loss: 4.7943
33:	[0s / 1s],		train_loss: 4.7576
34:	[0s / 1s],		train_loss: 4.7648
35:	[0s / 1s],		train_loss: 4.7593
36:	[0s / 1s],		train_loss: 4.7652
37:	[0s / 1s],		train_loss: 4.7132
38:	[0s / 1s],		train_loss: 4.7251
39:	[0s / 1s],		train_loss: 4.7353
40:	[0s / 1s],		train_loss: 4.7351
41:	[0s / 1s],		train_loss: 4.7114
42:	[0s / 1s],		train_loss: 4.7383
43:	[0s / 1s],		train_loss: 4.7232
44:	[0s / 1s],		train_loss: 4.7269
45:	[0s / 1s],		train_loss: 4.6921
46:	[0s / 2s],		train_loss: 4.7350
C-index TRAIN: 0.7095329727057498
C-index TEST : 0.5580832373726786
Fitting Cox model...
C-index TRAIN: 0.5802935781830721
C-index TEST : 0.5330339169464123
Evaluating method: knn
Fitting Random Survival Forest model...
C-index TRAIN: 0.873915103186919
C-index TEST : 0.5897545608830869
Fitting deepsurv_simple.pt...
0:	[0s / 0s],		train_loss: 71.4063
1:	[0s / 0s],		train_loss: 15.2429
2:	[0s / 0s],		train_loss: 12.8533
3:	[0s / 0s],		train_loss: 10.1625
4:	[0s / 0s],		train_loss: 7.9917
5:	[0s / 0s],		train_loss: 6.0268
6:	[0s / 0s],		train_loss: 4.9391
7:	[0s / 0s],		train_loss: 4.9042
8:	[0s / 0s],		train_loss: 4.9019
9:	[0s / 0s],		train_loss: 4.9056
10:	[0s / 0s],		train_loss: 4.8702
11:	[0s / 0s],		train_loss: 4.8872
12:	[0s / 0s],		train_loss: 4.8675
13:	[0s / 0s],		train_loss: 4.8524
14:	[0s / 0s],		train_loss: 5.0501
15:	[0s / 0s],		train_loss: 4.9980
16:	[0s / 0s],		train_loss: 7.2513
17:	[0s / 0s],		train_loss: 9.2429
18:	[0s / 0s],		train_loss: 7.8548
19:	[0s / 0s],		train_loss: 6.0991
20:	[0s / 0s],		train_loss: 5.0597
21:	[0s / 0s],		train_loss: 4.9395
22:	[0s / 0s],		train_loss: 4.9445
23:	[0s / 0s],		train_loss: 4.8784
24:	[0s / 0s],		train_loss: 4.9107
25:	[0s / 0s],		train_loss: 5.0746
26:	[0s / 0s],		train_loss: 6.0327
27:	[0s / 0s],		train_loss: 5.1404
28:	[0s / 0s],		train_loss: 4.8942
29:	[0s / 0s],		train_loss: 4.9487
30:	[0s / 1s],		train_loss: 4.9272
31:	[0s / 1s],		train_loss: 5.6644
32:	[0s / 1s],		train_loss: 5.5896
C-index TRAIN: 0.5767438929041687
C-index TEST : 0.5627898562169582
Fitting deepsurv_vanilla.pt...
0:	[0s / 0s],		train_loss: 5.0070
1:	[0s / 0s],		train_loss: 4.9292
2:	[0s / 0s],		train_loss: 4.9046
3:	[0s / 0s],		train_loss: 4.9193
4:	[0s / 0s],		train_loss: 4.8778
5:	[0s / 0s],		train_loss: 4.8873
6:	[0s / 0s],		train_loss: 4.8753
7:	[0s / 0s],		train_loss: 4.8863
8:	[0s / 0s],		train_loss: 4.9003
9:	[0s / 0s],		train_loss: 4.8916
10:	[0s / 0s],		train_loss: 4.8709
11:	[0s / 0s],		train_loss: 4.8868
12:	[0s / 0s],		train_loss: 4.8590
13:	[0s / 0s],		train_loss: 4.8706
14:	[0s / 0s],		train_loss: 4.8436
15:	[0s / 0s],		train_loss: 4.8575
16:	[0s / 0s],		train_loss: 4.8340
17:	[0s / 0s],		train_loss: 4.8554
18:	[0s / 0s],		train_loss: 4.8587
19:	[0s / 0s],		train_loss: 4.8460
20:	[0s / 0s],		train_loss: 4.8201
21:	[0s / 1s],		train_loss: 4.8535
22:	[0s / 1s],		train_loss: 4.8256/scratch.hpc/luca.cotugno/Foundation_model_clinical_data/.venv/lib/python3.12/site-packages/sklearn/impute/_iterative.py:867: ConvergenceWarning: [IterativeImputer] Early stopping criterion not reached.
  warnings.warn(

23:	[0s / 1s],		train_loss: 4.8258
24:	[0s / 1s],		train_loss: 4.8515
25:	[0s / 1s],		train_loss: 4.8121
26:	[0s / 1s],		train_loss: 4.8454
27:	[0s / 1s],		train_loss: 4.8213
28:	[0s / 1s],		train_loss: 4.8315
29:	[0s / 1s],		train_loss: 4.8384
30:	[0s / 1s],		train_loss: 4.8171
31:	[0s / 1s],		train_loss: 4.8143
32:	[0s / 1s],		train_loss: 4.8153
33:	[0s / 1s],		train_loss: 4.8121
34:	[0s / 1s],		train_loss: 4.7915
35:	[0s / 1s],		train_loss: 4.8238
36:	[0s / 1s],		train_loss: 4.8012
37:	[0s / 1s],		train_loss: 4.8011
38:	[0s / 1s],		train_loss: 4.8110
39:	[0s / 1s],		train_loss: 4.7859
40:	[0s / 1s],		train_loss: 4.7994
41:	[0s / 2s],		train_loss: 4.7868
42:	[0s / 2s],		train_loss: 4.8203
43:	[0s / 2s],		train_loss: 4.8056
44:	[0s / 2s],		train_loss: 4.7945
45:	[0s / 2s],		train_loss: 4.8050
46:	[0s / 2s],		train_loss: 4.7964
C-index TRAIN: 0.6486860107953585
C-index TEST : 0.5557284921302691
Fitting Cox model...
    Cox fit failed: Convergence halted due to matrix inversion problems. Suspicion is high collinearity. Please see the following tips in the lifelines documentation: https://lifelines.readthedocs.io/en/latest/Examples.html#problems-with-convergence-in-the-cox-proportional-hazard-modelMatrix is singular.
Evaluating method: imputer_bayesian
Fitting Random Survival Forest model...
C-index TRAIN: 0.861117120309064
C-index TEST : 0.6131153566721133
Fitting deepsurv_simple.pt...
0:	[0s / 0s],		train_loss: 58.9787
1:	[0s / 0s],		train_loss: 7.8820
2:	[0s / 0s],		train_loss: 7.8860
3:	[0s / 0s],		train_loss: 6.9760
4:	[0s / 0s],		train_loss: 5.8070
5:	[0s / 0s],		train_loss: 5.6812
6:	[0s / 0s],		train_loss: 5.0051
7:	[0s / 0s],		train_loss: 5.8374
8:	[0s / 0s],		train_loss: 5.2631
9:	[0s / 0s],		train_loss: 4.8510
10:	[0s / 0s],		train_loss: 4.8269
11:	[0s / 0s],		train_loss: 4.8148
12:	[0s / 0s],		train_loss: 4.8170
13:	[0s / 0s],		train_loss: 4.7975
14:	[0s / 0s],		train_loss: 4.9495
15:	[0s / 0s],		train_loss: 4.8340
16:	[0s / 0s],		train_loss: 4.8404
17:	[0s / 0s],		train_loss: 4.8065
18:	[0s / 0s],		train_loss: 4.7922
19:	[0s / 0s],		train_loss: 4.7867
20:	[0s / 0s],		train_loss: 4.7776
21:	[0s / 0s],		train_loss: 4.7708
22:	[0s / 0s],		train_loss: 4.7995
23:	[0s / 0s],		train_loss: 4.8118
24:	[0s / 0s],		train_loss: 4.7795
25:	[0s / 0s],		train_loss: 4.7952
26:	[0s / 0s],		train_loss: 4.7853
27:	[0s / 0s],		train_loss: 4.7987
28:	[0s / 0s],		train_loss: 4.7942
29:	[0s / 0s],		train_loss: 4.8310
30:	[0s / 0s],		train_loss: 4.7857
31:	[0s / 0s],		train_loss: 4.7964
32:	[0s / 0s],		train_loss: 4.7908
C-index TRAIN: 0.6501303948639243
C-index TEST : 0.6304830386551533
Fitting deepsurv_vanilla.pt...
0:	[0s / 0s],		train_loss: 5.2701
1:	[0s / 0s],		train_loss: 4.9450
2:	[0s / 0s],		train_loss: 4.8841
3:	[0s / 0s],		train_loss: 4.8789
4:	[0s / 0s],		train_loss: 4.8465
5:	[0s / 0s],		train_loss: 4.8502
6:	[0s / 0s],		train_loss: 4.8421
7:	[0s / 0s],		train_loss: 4.8286
8:	[0s / 0s],		train_loss: 4.8558
9:	[0s / 0s],		train_loss: 4.8201
10:	[0s / 0s],		train_loss: 4.8207
11:	[0s / 0s],		train_loss: 4.8390
12:	[0s / 0s],		train_loss: 4.8058
13:	[0s / 0s],		train_loss: 4.8283
14:	[0s / 0s],		train_loss: 4.8076
15:	[0s / 0s],		train_loss: 4.8043
16:	[0s / 0s],		train_loss: 4.8170
17:	[0s / 0s],		train_loss: 4.8033
18:	[0s / 0s],		train_loss: 4.7843
19:	[0s / 0s],		train_loss: 4.7894
20:	[0s / 0s],		train_loss: 4.7858
21:	[0s / 0s],		train_loss: 4.8022
22:	[0s / 0s],		train_loss: 4.7844
23:	[0s / 1s],		train_loss: 4.7895
24:	[0s / 1s],		train_loss: 4.8089
25:	[0s / 1s],		train_loss: 4.7832
26:	[0s / 1s],		train_loss: 4.7996
27:	[0s / 1s],		train_loss: 4.7931
28:	[0s / 1s],		train_loss: 4.7829
29:	[0s / 1s],		train_loss: 4.8106
30:	[0s / 1s],		train_loss: 4.7855
31:	[0s / 1s],		train_loss: 4.7630
32:	[0s / 1s],		train_loss: 4.7787
33:	[0s / 1s],		train_loss: 4.7729
34:	[0s / 1s],		train_loss: 4.7935
35:	[0s / 1s],		train_loss: 4.7836
36:	[0s / 1s],		train_loss: 4.7801
37:	[0s / 1s],		train_loss: 4.7727
38:	[0s / 1s],		train_loss: 4.7743
39:	[0s / 1s],		train_loss: 4.7781
40:	[0s / 1s],		train_loss: 4.8092
41:	[0s / 1s],		train_loss: 4.7824
42:	[0s / 1s],		train_loss: 4.7790
43:	[0s / 1s],		train_loss: 4.7883
44:	[0s / 1s],		train_loss: 4.7621
45:	[0s / 1s],		train_loss: 4.7770
46:	[0s / 2s],		train_loss: 4.7646
C-index TRAIN: 0.6558402685155691
C-index TEST : 0.6371883193149415
Fitting Cox model...
    Cox fit failed: Convergence halted due to matrix inversion problems. Suspicion is high collinearity. Please see the following tips in the lifelines documentation: https://lifelines.readthedocs.io/en/latest/Examples.html#problems-with-convergence-in-the-cox-proportional-hazard-modelMatrix is singular.
  WARNING: 4 NaN fold(s) excluded from train mean for Cox/mean
  WARNING: 4 NaN fold(s) excluded from test mean for Cox/mean
  WARNING: 4 NaN fold(s) excluded from train mean for Cox/median
  WARNING: 4 NaN fold(s) excluded from test mean for Cox/median
  WARNING: 4 NaN fold(s) excluded from train mean for Cox/knn
  WARNING: 4 NaN fold(s) excluded from test mean for Cox/knn
  WARNING: 4 NaN fold(s) excluded from train mean for Cox/imputer_bayesian
  WARNING: 4 NaN fold(s) excluded from test mean for Cox/imputer_bayesian
|                      | constant      | embeddings    | imputer_bayesian   | knn           | mean          | median        |
|:---------------------|:--------------|:--------------|:-------------------|:--------------|:--------------|:--------------|
| (0.1, 'Cox')         | 0.736 ± 0.010 | 0.783 ± 0.010 | 0.789 ± 0.010      | 0.788 ± 0.010 | 0.788 ± 0.009 | 0.786 ± 0.009 |
| (0.1, 'Cox Simple')  | 0.693 ± 0.023 | 0.782 ± 0.006 | 0.737 ± 0.011      | 0.750 ± 0.019 | 0.739 ± 0.016 | 0.737 ± 0.031 |
| (0.1, 'Cox Vanilla') | 0.755 ± 0.008 | 0.638 ± 0.140 | 0.783 ± 0.010      | 0.779 ± 0.013 | 0.781 ± 0.013 | 0.780 ± 0.011 |
| (0.1, 'RSF')         | 0.790 ± 0.011 | 0.786 ± 0.008 | 0.792 ± 0.008      | 0.791 ± 0.008 | 0.791 ± 0.009 | 0.791 ± 0.009 |
| (0.3, 'Cox')         | 0.671 ± 0.009 | 0.760 ± 0.016 | 0.774 ± 0.009      | 0.769 ± 0.013 | 0.772 ± 0.010 | 0.767 ± 0.010 |
| (0.3, 'Cox Simple')  | 0.633 ± 0.021 | 0.761 ± 0.012 | 0.705 ± 0.031      | 0.733 ± 0.021 | 0.741 ± 0.028 | 0.744 ± 0.009 |
| (0.3, 'Cox Vanilla') | 0.707 ± 0.012 | 0.666 ± 0.088 | 0.768 ± 0.007      | 0.756 ± 0.012 | 0.764 ± 0.011 | 0.763 ± 0.009 |
| (0.3, 'RSF')         | 0.769 ± 0.013 | 0.761 ± 0.018 | 0.777 ± 0.011      | 0.771 ± 0.013 | 0.773 ± 0.011 | 0.774 ± 0.011 |
| (0.5, 'Cox')         | 0.631 ± 0.012 | 0.719 ± 0.022 | 0.758 ± 0.007      | 0.749 ± 0.011 | 0.754 ± 0.007 | 0.749 ± 0.006 |
| (0.5, 'Cox Simple')  | 0.592 ± 0.018 | 0.711 ± 0.030 | 0.643 ± 0.023      | 0.672 ± 0.021 | 0.694 ± 0.056 | 0.726 ± 0.011 |
| (0.5, 'Cox Vanilla') | 0.646 ± 0.016 | 0.639 ± 0.090 | 0.747 ± 0.004      | 0.733 ± 0.013 | 0.745 ± 0.008 | 0.737 ± 0.009 |
| (0.5, 'RSF')         | 0.745 ± 0.009 | 0.754 ± 0.007 | 0.759 ± 0.008      | 0.751 ± 0.010 | 0.752 ± 0.005 | 0.753 ± 0.005 |
| (0.7, 'Cox')         | 0.589 ± 0.015 | 0.703 ± 0.016 | 0.715 ± 0.010      | 0.694 ± 0.011 | 0.714 ± 0.003 | 0.708 ± 0.004 |
| (0.7, 'Cox Simple')  | 0.555 ± 0.015 | 0.707 ± 0.020 | 0.596 ± 0.021      | 0.635 ± 0.019 | 0.685 ± 0.029 | 0.693 ± 0.016 |
| (0.7, 'Cox Vanilla') | 0.600 ± 0.016 | 0.602 ± 0.085 | 0.697 ± 0.008      | 0.672 ± 0.017 | 0.705 ± 0.009 | 0.701 ± 0.014 |
| (0.7, 'RSF')         | 0.695 ± 0.010 | 0.720 ± 0.004 | 0.713 ± 0.007      | 0.703 ± 0.011 | 0.709 ± 0.006 | 0.707 ± 0.008 |
| (0.9, 'Cox')         | 0.527 ± 0.015 | 0.618 ± 0.012 | 0.617 ± 0.000      | 0.603 ± 0.000 | 0.637 ± 0.000 | 0.617 ± 0.000 |
| (0.9, 'Cox Simple')  | 0.518 ± 0.013 | 0.615 ± 0.021 | 0.603 ± 0.035      | 0.548 ± 0.012 | 0.613 ± 0.031 | 0.626 ± 0.013 |
| (0.9, 'Cox Vanilla') | 0.540 ± 0.018 | 0.534 ± 0.053 | 0.621 ± 0.015      | 0.570 ± 0.014 | 0.628 ± 0.015 | 0.623 ± 0.013 |
| (0.9, 'RSF')         | 0.609 ± 0.013 | 0.631 ± 0.019 | 0.619 ± 0.005      | 0.597 ± 0.007 | 0.630 ± 0.007 | 0.630 ± 0.006 |
|                      | constant      | embeddings    | imputer_bayesian   | knn           | mean          | median        |
|:---------------------|:--------------|:--------------|:-------------------|:--------------|:--------------|:--------------|
| (0.1, 'Cox')         | 0.739 ± 0.004 | 0.917 ± 0.002 | 0.794 ± 0.002      | 0.792 ± 0.002 | 0.792 ± 0.002 | 0.791 ± 0.002 |
| (0.1, 'Cox Simple')  | 0.694 ± 0.019 | 0.918 ± 0.002 | 0.740 ± 0.018      | 0.753 ± 0.014 | 0.732 ± 0.023 | 0.746 ± 0.028 |
| (0.1, 'Cox Vanilla') | 0.791 ± 0.014 | 0.919 ± 0.001 | 0.800 ± 0.003      | 0.795 ± 0.004 | 0.795 ± 0.005 | 0.796 ± 0.004 |
| (0.1, 'RSF')         | 0.908 ± 0.002 | 0.961 ± 0.001 | 0.903 ± 0.003      | 0.904 ± 0.003 | 0.902 ± 0.002 | 0.895 ± 0.002 |
| (0.3, 'Cox')         | 0.685 ± 0.002 | 0.915 ± 0.001 | 0.777 ± 0.004      | 0.771 ± 0.003 | 0.774 ± 0.003 | 0.771 ± 0.003 |
| (0.3, 'Cox Simple')  | 0.645 ± 0.018 | 0.911 ± 0.004 | 0.714 ± 0.024      | 0.735 ± 0.014 | 0.737 ± 0.026 | 0.739 ± 0.013 |
| (0.3, 'Cox Vanilla') | 0.795 ± 0.027 | 0.918 ± 0.002 | 0.786 ± 0.007      | 0.775 ± 0.007 | 0.778 ± 0.007 | 0.777 ± 0.005 |
| (0.3, 'RSF')         | 0.904 ± 0.003 | 0.960 ± 0.001 | 0.909 ± 0.003      | 0.902 ± 0.001 | 0.891 ± 0.003 | 0.874 ± 0.003 |
| (0.5, 'Cox')         | 0.644 ± 0.002 | 0.913 ± 0.002 | 0.758 ± 0.006      | 0.748 ± 0.006 | 0.755 ± 0.007 | 0.751 ± 0.007 |
| (0.5, 'Cox Simple')  | 0.598 ± 0.011 | 0.911 ± 0.002 | 0.645 ± 0.025      | 0.670 ± 0.026 | 0.693 ± 0.060 | 0.726 ± 0.013 |
| (0.5, 'Cox Vanilla') | 0.786 ± 0.027 | 0.914 ± 0.002 | 0.766 ± 0.010      | 0.752 ± 0.009 | 0.758 ± 0.009 | 0.756 ± 0.009 |
| (0.5, 'RSF')         | 0.886 ± 0.003 | 0.959 ± 0.001 | 0.908 ± 0.003      | 0.890 ± 0.005 | 0.868 ± 0.003 | 0.844 ± 0.002 |
| (0.7, 'Cox')         | 0.614 ± 0.005 | 0.908 ± 0.003 | 0.721 ± 0.009      | 0.704 ± 0.010 | 0.721 ± 0.008 | 0.715 ± 0.009 |
| (0.7, 'Cox Simple')  | 0.569 ± 0.010 | 0.909 ± 0.003 | 0.587 ± 0.015      | 0.635 ± 0.016 | 0.688 ± 0.018 | 0.698 ± 0.009 |
| (0.7, 'Cox Vanilla') | 0.752 ± 0.049 | 0.910 ± 0.003 | 0.723 ± 0.012      | 0.703 ± 0.023 | 0.723 ± 0.011 | 0.720 ± 0.010 |
| (0.7, 'RSF')         | 0.844 ± 0.004 | 0.960 ± 0.002 | 0.898 ± 0.004      | 0.881 ± 0.003 | 0.825 ± 0.004 | 0.797 ± 0.005 |
| (0.9, 'Cox')         | 0.575 ± 0.007 | 0.902 ± 0.003 | 0.650 ± 0.000      | 0.607 ± 0.000 | 0.654 ± 0.000 | 0.645 ± 0.000 |
| (0.9, 'Cox Simple')  | 0.546 ± 0.006 | 0.902 ± 0.002 | 0.613 ± 0.038      | 0.553 ± 0.014 | 0.622 ± 0.025 | 0.638 ± 0.006 |
| (0.9, 'Cox Vanilla') | 0.695 ± 0.027 | 0.903 ± 0.003 | 0.655 ± 0.013      | 0.629 ± 0.013 | 0.655 ± 0.006 | 0.646 ± 0.009 |
| (0.9, 'RSF')         | 0.770 ± 0.009 | 0.965 ± 0.003 | 0.870 ± 0.010      | 0.892 ± 0.010 | 0.739 ± 0.007 | 0.691 ± 0.006 |

=== NaN Ratio: 0.1 ===

-- Cox --
            constant | Train: 0.739 ± 0.004 | Test: 0.736 ± 0.010
          embeddings | Train: 0.917 ± 0.002 | Test: 0.783 ± 0.010
    imputer_bayesian | Train: 0.794 ± 0.002 | Test: 0.789 ± 0.010
                 knn | Train: 0.792 ± 0.002 | Test: 0.788 ± 0.010
                mean | Train: 0.792 ± 0.002 | Test: 0.788 ± 0.009
              median | Train: 0.791 ± 0.002 | Test: 0.786 ± 0.009

-- Cox Simple --
            constant | Train: 0.694 ± 0.019 | Test: 0.693 ± 0.023
          embeddings | Train: 0.918 ± 0.002 | Test: 0.782 ± 0.006
    imputer_bayesian | Train: 0.740 ± 0.018 | Test: 0.737 ± 0.011
                 knn | Train: 0.753 ± 0.014 | Test: 0.750 ± 0.019
                mean | Train: 0.732 ± 0.023 | Test: 0.739 ± 0.016
              median | Train: 0.746 ± 0.028 | Test: 0.737 ± 0.031

-- Cox Vanilla --
            constant | Train: 0.791 ± 0.014 | Test: 0.755 ± 0.008
          embeddings | Train: 0.919 ± 0.001 | Test: 0.638 ± 0.140
    imputer_bayesian | Train: 0.800 ± 0.003 | Test: 0.783 ± 0.010
                 knn | Train: 0.795 ± 0.004 | Test: 0.779 ± 0.013
                mean | Train: 0.795 ± 0.005 | Test: 0.781 ± 0.013
              median | Train: 0.796 ± 0.004 | Test: 0.780 ± 0.011

-- RSF --
            constant | Train: 0.908 ± 0.002 | Test: 0.790 ± 0.011
          embeddings | Train: 0.961 ± 0.001 | Test: 0.786 ± 0.008
    imputer_bayesian | Train: 0.903 ± 0.003 | Test: 0.792 ± 0.008
                 knn | Train: 0.904 ± 0.003 | Test: 0.791 ± 0.008
                mean | Train: 0.902 ± 0.002 | Test: 0.791 ± 0.009
              median | Train: 0.895 ± 0.002 | Test: 0.791 ± 0.009

=== NaN Ratio: 0.3 ===

-- Cox --
            constant | Train: 0.685 ± 0.002 | Test: 0.671 ± 0.009
          embeddings | Train: 0.915 ± 0.001 | Test: 0.760 ± 0.016
    imputer_bayesian | Train: 0.777 ± 0.004 | Test: 0.774 ± 0.009
                 knn | Train: 0.771 ± 0.003 | Test: 0.769 ± 0.013
                mean | Train: 0.774 ± 0.003 | Test: 0.772 ± 0.010
              median | Train: 0.771 ± 0.003 | Test: 0.767 ± 0.010

-- Cox Simple --
            constant | Train: 0.645 ± 0.018 | Test: 0.633 ± 0.021
          embeddings | Train: 0.911 ± 0.004 | Test: 0.761 ± 0.012
    imputer_bayesian | Train: 0.714 ± 0.024 | Test: 0.705 ± 0.031
                 knn | Train: 0.735 ± 0.014 | Test: 0.733 ± 0.021
                mean | Train: 0.737 ± 0.026 | Test: 0.741 ± 0.028
              median | Train: 0.739 ± 0.013 | Test: 0.744 ± 0.009

-- Cox Vanilla --
            constant | Train: 0.795 ± 0.027 | Test: 0.707 ± 0.012
          embeddings | Train: 0.918 ± 0.002 | Test: 0.666 ± 0.088
    imputer_bayesian | Train: 0.786 ± 0.007 | Test: 0.768 ± 0.007
                 knn | Train: 0.775 ± 0.007 | Test: 0.756 ± 0.012
                mean | Train: 0.778 ± 0.007 | Test: 0.764 ± 0.011
              median | Train: 0.777 ± 0.005 | Test: 0.763 ± 0.009

-- RSF --
            constant | Train: 0.904 ± 0.003 | Test: 0.769 ± 0.013
          embeddings | Train: 0.960 ± 0.001 | Test: 0.761 ± 0.018
    imputer_bayesian | Train: 0.909 ± 0.003 | Test: 0.777 ± 0.011
                 knn | Train: 0.902 ± 0.001 | Test: 0.771 ± 0.013
                mean | Train: 0.891 ± 0.003 | Test: 0.773 ± 0.011
              median | Train: 0.874 ± 0.003 | Test: 0.774 ± 0.011

=== NaN Ratio: 0.5 ===

-- Cox --
            constant | Train: 0.644 ± 0.002 | Test: 0.631 ± 0.012
          embeddings | Train: 0.913 ± 0.002 | Test: 0.719 ± 0.022
    imputer_bayesian | Train: 0.758 ± 0.006 | Test: 0.758 ± 0.007
                 knn | Train: 0.748 ± 0.006 | Test: 0.749 ± 0.011
                mean | Train: 0.755 ± 0.007 | Test: 0.754 ± 0.007
              median | Train: 0.751 ± 0.007 | Test: 0.749 ± 0.006

-- Cox Simple --
            constant | Train: 0.598 ± 0.011 | Test: 0.592 ± 0.018
          embeddings | Train: 0.911 ± 0.002 | Test: 0.711 ± 0.030
    imputer_bayesian | Train: 0.645 ± 0.025 | Test: 0.643 ± 0.023
                 knn | Train: 0.670 ± 0.026 | Test: 0.672 ± 0.021
                mean | Train: 0.693 ± 0.060 | Test: 0.694 ± 0.056
              median | Train: 0.726 ± 0.013 | Test: 0.726 ± 0.011

-- Cox Vanilla --
            constant | Train: 0.786 ± 0.027 | Test: 0.646 ± 0.016
          embeddings | Train: 0.914 ± 0.002 | Test: 0.639 ± 0.090
    imputer_bayesian | Train: 0.766 ± 0.010 | Test: 0.747 ± 0.004
                 knn | Train: 0.752 ± 0.009 | Test: 0.733 ± 0.013
                mean | Train: 0.758 ± 0.009 | Test: 0.745 ± 0.008
              median | Train: 0.756 ± 0.009 | Test: 0.737 ± 0.009

-- RSF --
            constant | Train: 0.886 ± 0.003 | Test: 0.745 ± 0.009
          embeddings | Train: 0.959 ± 0.001 | Test: 0.754 ± 0.007
    imputer_bayesian | Train: 0.908 ± 0.003 | Test: 0.759 ± 0.008
                 knn | Train: 0.890 ± 0.005 | Test: 0.751 ± 0.010
                mean | Train: 0.868 ± 0.003 | Test: 0.752 ± 0.005
              median | Train: 0.844 ± 0.002 | Test: 0.753 ± 0.005

=== NaN Ratio: 0.7 ===

-- Cox --
            constant | Train: 0.614 ± 0.005 | Test: 0.589 ± 0.015
          embeddings | Train: 0.908 ± 0.003 | Test: 0.703 ± 0.016
    imputer_bayesian | Train: 0.721 ± 0.009 | Test: 0.715 ± 0.010
                 knn | Train: 0.704 ± 0.010 | Test: 0.694 ± 0.011
                mean | Train: 0.721 ± 0.008 | Test: 0.714 ± 0.003
              median | Train: 0.715 ± 0.009 | Test: 0.708 ± 0.004

-- Cox Simple --
            constant | Train: 0.569 ± 0.010 | Test: 0.555 ± 0.015
          embeddings | Train: 0.909 ± 0.003 | Test: 0.707 ± 0.020
    imputer_bayesian | Train: 0.587 ± 0.015 | Test: 0.596 ± 0.021
                 knn | Train: 0.635 ± 0.016 | Test: 0.635 ± 0.019
                mean | Train: 0.688 ± 0.018 | Test: 0.685 ± 0.029
              median | Train: 0.698 ± 0.009 | Test: 0.693 ± 0.016

-- Cox Vanilla --
            constant | Train: 0.752 ± 0.049 | Test: 0.600 ± 0.016
          embeddings | Train: 0.910 ± 0.003 | Test: 0.602 ± 0.085
    imputer_bayesian | Train: 0.723 ± 0.012 | Test: 0.697 ± 0.008
                 knn | Train: 0.703 ± 0.023 | Test: 0.672 ± 0.017
                mean | Train: 0.723 ± 0.011 | Test: 0.705 ± 0.009
              median | Train: 0.720 ± 0.010 | Test: 0.701 ± 0.014

-- RSF --
            constant | Train: 0.844 ± 0.004 | Test: 0.695 ± 0.010
          embeddings | Train: 0.960 ± 0.002 | Test: 0.720 ± 0.004
    imputer_bayesian | Train: 0.898 ± 0.004 | Test: 0.713 ± 0.007
                 knn | Train: 0.881 ± 0.003 | Test: 0.703 ± 0.011
                mean | Train: 0.825 ± 0.004 | Test: 0.709 ± 0.006
              median | Train: 0.797 ± 0.005 | Test: 0.707 ± 0.008

=== NaN Ratio: 0.9 ===

-- Cox --
            constant | Train: 0.575 ± 0.007 | Test: 0.527 ± 0.015
          embeddings | Train: 0.902 ± 0.003 | Test: 0.618 ± 0.012
    imputer_bayesian | Train: 0.650 ± 0.000 | Test: 0.617 ± 0.000
                 knn | Train: 0.607 ± 0.000 | Test: 0.603 ± 0.000
                mean | Train: 0.654 ± 0.000 | Test: 0.637 ± 0.000
              median | Train: 0.645 ± 0.000 | Test: 0.617 ± 0.000

-- Cox Simple --
            constant | Train: 0.546 ± 0.006 | Test: 0.518 ± 0.013
          embeddings | Train: 0.902 ± 0.002 | Test: 0.615 ± 0.021
    imputer_bayesian | Train: 0.613 ± 0.038 | Test: 0.603 ± 0.035
                 knn | Train: 0.553 ± 0.014 | Test: 0.548 ± 0.012
                mean | Train: 0.622 ± 0.025 | Test: 0.613 ± 0.031
              median | Train: 0.638 ± 0.006 | Test: 0.626 ± 0.013

-- Cox Vanilla --
            constant | Train: 0.695 ± 0.027 | Test: 0.540 ± 0.018
          embeddings | Train: 0.903 ± 0.003 | Test: 0.534 ± 0.053
    imputer_bayesian | Train: 0.655 ± 0.013 | Test: 0.621 ± 0.015
                 knn | Train: 0.629 ± 0.013 | Test: 0.570 ± 0.014
                mean | Train: 0.655 ± 0.006 | Test: 0.628 ± 0.015
              median | Train: 0.646 ± 0.009 | Test: 0.623 ± 0.013

-- RSF --
            constant | Train: 0.770 ± 0.009 | Test: 0.609 ± 0.013
          embeddings | Train: 0.965 ± 0.003 | Test: 0.631 ± 0.019
    imputer_bayesian | Train: 0.870 ± 0.010 | Test: 0.619 ± 0.005
                 knn | Train: 0.892 ± 0.010 | Test: 0.597 ± 0.007
                mean | Train: 0.739 ± 0.007 | Test: 0.630 ± 0.007
              median | Train: 0.691 ± 0.006 | Test: 0.630 ± 0.006
Result saved in 'results_nan/results_cv_OrmoniTirodei_tabpfn_nan_seed77.txt'

============================================================
Dataset: HURRAH
============================================================
Loading existing folds from tmp/splits/HURRAH_seed77.pkl
Generating NaN ordering → tmp/masks/HURRAH_tabpfn_seed77_fold0_eval.npy
Generating NaN ordering → tmp/masks/HURRAH_tabpfn_seed77_fold1_train.npy
Generating NaN ordering → tmp/masks/HURRAH_tabpfn_seed77_fold1_test.npy
[fold=1, target=10%] actual NaN%: 10.0%
X_train shape: (13566, 61), X_test shape: (3392, 61)
Generating TabPFN Embeddings...
Successfully generated embeddings with shape: (13566, 192)
Fitting SimpleImputer (mean)...
Fitting SimpleImputer (median)...
Fitting SimpleImputer (constant, fill=-1)...
Fitting KNNImputer...
Fitting IterativeImputer (BayesianRidge, MICE-like)...
Fitting DeepSurv Simple pilot model...
0:	[0s / 0s],		train_loss: 13.1295,	val_loss: 7.5427
1:	[0s / 0s],		train_loss: 4.5876,	val_loss: 7.2799
2:	[0s / 0s],		train_loss: 4.4451,	val_loss: 7.1341
3:	[0s / 0s],		train_loss: 4.4250,	val_loss: 7.1390
4:	[0s / 0s],		train_loss: 4.4115,	val_loss: 7.1424
5:	[0s / 0s],		train_loss: 4.4491,	val_loss: 7.2493
6:	[0s / 0s],		train_loss: 4.4331,	val_loss: 7.1502
7:	[0s / 0s],		train_loss: 4.4427,	val_loss: 7.1699
8:	[0s / 0s],		train_loss: 4.4430,	val_loss: 7.1778
9:	[0s / 0s],		train_loss: 4.5338,	val_loss: 7.2444
10:	[0s / 0s],		train_loss: 4.5641,	val_loss: 7.2290
11:	[0s / 1s],		train_loss: 4.5037,	val_loss: 7.1940
12:	[0s / 1s],		train_loss: 4.4736,	val_loss: 7.1926
13:	[0s / 1s],		train_loss: 4.4324,	val_loss: 7.1178
14:	[0s / 1s],		train_loss: 4.4384,	val_loss: 7.2449
15:	[0s / 1s],		train_loss: 4.4976,	val_loss: 7.1830
16:	[0s / 1s],		train_loss: 4.5136,	val_loss: 7.3783
17:	[0s / 1s],		train_loss: 4.5133,	val_loss: 7.2192
18:	[0s / 1s],		train_loss: 4.5405,	val_loss: 7.1620
19:	[0s / 1s],		train_loss: 4.4551,	val_loss: 7.2153
20:	[0s / 1s],		train_loss: 4.4847,	val_loss: 7.4403
21:	[0s / 1s],		train_loss: 4.4959,	val_loss: 7.2718
22:	[0s / 1s],		train_loss: 4.4977,	val_loss: 7.1703
23:	[0s / 1s],		train_loss: 4.4557,	val_loss: 7.2495
24:	[0s / 2s],		train_loss: 4.4839,	val_loss: 7.2215
25:	[0s / 2s],		train_loss: 4.5393,	val_loss: 7.4807
26:	[0s / 2s],		train_loss: 4.4503,	val_loss: 7.1636
27:	[0s / 2s],		train_loss: 4.4519,	val_loss: 7.2278
28:	[0s / 2s],		train_loss: 4.5284,	val_loss: 7.2425
29:	[0s / 2s],		train_loss: 4.5155,	val_loss: 7.3104
30:	[0s / 2s],		train_loss: 4.4684,	val_loss: 7.1760
31:	[0s / 2s],		train_loss: 4.4886,	val_loss: 7.1578
32:	[0s / 2s],		train_loss: 4.4745,	val_loss: 7.2574
33:	[0s / 2s],		train_loss: 4.5322,	val_loss: 7.2129
Saved fixed_epochs=14 → nan/tabpfn/HURRAH/nan_percentage0.1/seed77/fold1/fixed_epochs_deepsurv_simple.json
Fitting DeepSurv Vanilla pilot model...
0:	[0s / 0s],		train_loss: 4.6486,	val_loss: 7.2321
1:	[0s / 0s],		train_loss: 4.4960,	val_loss: 7.2090
2:	[0s / 0s],		train_loss: 4.4544,	val_loss: 11.8226
3:	[0s / 0s],		train_loss: 4.4209,	val_loss: 7.1823
4:	[0s / 0s],		train_loss: 4.4054,	val_loss: 7.1431
5:	[0s / 1s],		train_loss: 4.3934,	val_loss: 7.3616
6:	[0s / 1s],		train_loss: 4.3661,	val_loss: 7.1244
7:	[0s / 1s],		train_loss: 4.3676,	val_loss: 7.0986
8:	[0s / 1s],		train_loss: 4.3509,	val_loss: 7.1213
9:	[0s / 1s],		train_loss: 4.3406,	val_loss: 7.1106
10:	[0s / 1s],		train_loss: 4.3513,	val_loss: 7.2147
11:	[0s / 1s],		train_loss: 4.3376,	val_loss: 86.7628
12:	[0s / 2s],		train_loss: 4.3253,	val_loss: 7.7768
13:	[0s / 2s],		train_loss: 4.3335,	val_loss: 8.3189
14:	[0s / 2s],		train_loss: 4.3148,	val_loss: 17.3271
15:	[0s / 2s],		train_loss: 4.3289,	val_loss: 14.1244
16:	[0s / 2s],		train_loss: 4.3190,	val_loss: 7.0959
17:	[0s / 2s],		train_loss: 4.2939,	val_loss: 7.2941
18:	[0s / 2s],		train_loss: 4.2977,	val_loss: 7.1169
19:	[0s / 2s],		train_loss: 4.3070,	val_loss: 23.6007
20:	[0s / 3s],		train_loss: 4.3029,	val_loss: 17.0697
21:	[0s / 3s],		train_loss: 4.3144,	val_loss: 7.2106
22:	[0s / 3s],		train_loss: 4.3114,	val_loss: 7.3885
23:	[0s / 3s],		train_loss: 4.3053,	val_loss: 14.7756
24:	[0s / 3s],		train_loss: 4.2893,	val_loss: 7.1553
25:	[0s / 3s],		train_loss: 4.2815,	val_loss: 8.7427
26:	[0s / 3s],		train_loss: 4.2977,	val_loss: 7.1308
27:	[0s / 3s],		train_loss: 4.2783,	val_loss: 23.5430
28:	[0s / 3s],		train_loss: 4.2759,	val_loss: 7.7883
29:	[0s / 4s],		train_loss: 4.2779,	val_loss: 7.4907
30:	[0s / 4s],		train_loss: 4.2710,	val_loss: 7.1120
31:	[0s / 4s],		train_loss: 4.2630,	val_loss: 7.0663
32:	[0s / 4s],		train_loss: 4.2638,	val_loss: 7.0578
33:	[0s / 4s],		train_loss: 4.2748,	val_loss: 7.0726
34:	[0s / 4s],		train_loss: 4.2766,	val_loss: 7.0769
35:	[0s / 4s],		train_loss: 4.2801,	val_loss: 7.1339
36:	[0s / 4s],		train_loss: 4.2827,	val_loss: 7.0867
37:	[0s / 5s],		train_loss: 4.2631,	val_loss: 7.0999
38:	[0s / 5s],		train_loss: 4.2701,	val_loss: 7.1159
39:	[0s / 5s],		train_loss: 4.2627,	val_loss: 7.3333
40:	[0s / 5s],		train_loss: 4.2746,	val_loss: 7.1356
41:	[0s / 5s],		train_loss: 4.2935,	val_loss: 10.2628
42:	[0s / 5s],		train_loss: 4.2833,	val_loss: 7.0825
43:	[0s / 5s],		train_loss: 4.2731,	val_loss: 7.0761
44:	[0s / 5s],		train_loss: 4.2600,	val_loss: 7.0481
45:	[0s / 5s],		train_loss: 4.2649,	val_loss: 7.0922
46:	[0s / 6s],		train_loss: 4.2666,	val_loss: 7.0774
47:	[0s / 6s],		train_loss: 4.2775,	val_loss: 7.0556
48:	[0s / 6s],		train_loss: 4.2687,	val_loss: 7.2966
49:	[0s / 6s],		train_loss: 4.2489,	val_loss: 7.0829
50:	[0s / 6s],		train_loss: 4.2594,	val_loss: 7.0730
51:	[0s / 6s],		train_loss: 4.2483,	val_loss: 7.1326
52:	[0s / 6s],		train_loss: 4.2472,	val_loss: 7.1098
53:	[0s / 6s],		train_loss: 4.2443,	val_loss: 7.0694
54:	[0s / 6s],		train_loss: 4.2633,	val_loss: 7.0894
55:	[0s / 7s],		train_loss: 4.2625,	val_loss: 7.0702
56:	[0s / 7s],		train_loss: 4.2655,	val_loss: 7.1370
57:	[0s / 7s],		train_loss: 4.2667,	val_loss: 7.1485
58:	[0s / 7s],		train_loss: 4.2497,	val_loss: 7.1346
59:	[0s / 7s],		train_loss: 4.2763,	val_loss: 7.0729
60:	[0s / 7s],		train_loss: 4.2386,	val_loss: 7.0961
61:	[0s / 7s],		train_loss: 4.2620,	val_loss: 7.0607
62:	[0s / 7s],		train_loss: 4.2597,	val_loss: 7.1080
63:	[0s / 7s],		train_loss: 4.2564,	val_loss: 7.1236
64:	[0s / 8s],		train_loss: 4.2347,	val_loss: 7.0875
Saved fixed_epochs=45 → nan/tabpfn/HURRAH/nan_percentage0.1/seed77/fold1/fixed_epochs_deepsurv_vanilla.json
Evaluating method: embeddings
Fitting Random Survival Forest model...
C-index TRAIN: 0.9814133516899224
C-index TEST : 0.8265180754081524
Fitting deepsurv_simple.pt...
0:	[0s / 0s],		train_loss: 2.9729
1:	[0s / 0s],		train_loss: 2.6954
2:	[0s / 0s],		train_loss: 2.6836
3:	[0s / 0s],		train_loss: 2.6828
4:	[0s / 0s],		train_loss: 2.6648
5:	[0s / 0s],		train_loss: 2.6746
6:	[0s / 0s],		train_loss: 2.6591
7:	[0s / 0s],		train_loss: 2.6525
8:	[0s / 0s],		train_loss: 2.6560
9:	[0s / 0s],		train_loss: 2.6478
10:	[0s / 0s],		train_loss: 2.6385
11:	[0s / 0s],		train_loss: 2.6478
12:	[0s / 0s],		train_loss: 2.6522
13:	[0s / 1s],		train_loss: 2.6483
C-index TRAIN: 0.9596471706823712
C-index TEST : 0.8338163729780006
Fitting deepsurv_vanilla.pt...
0:	[0s / 0s],		train_loss: 2.8785
1:	[0s / 0s],		train_loss: 2.7286
2:	[0s / 0s],		train_loss: 2.7027
3:	[0s / 0s],		train_loss: 2.6872
4:	[0s / 0s],		train_loss: 2.6809
5:	[0s / 0s],		train_loss: 2.6655
6:	[0s / 0s],		train_loss: 2.6599
7:	[0s / 0s],		train_loss: 2.6412
8:	[0s / 0s],		train_loss: 2.6451
9:	[0s / 1s],		train_loss: 2.6561
10:	[0s / 1s],		train_loss: 2.6543
11:	[0s / 1s],		train_loss: 2.6408
12:	[0s / 1s],		train_loss: 2.6335
13:	[0s / 1s],		train_loss: 2.6238
14:	[0s / 1s],		train_loss: 2.6235
15:	[0s / 1s],		train_loss: 2.6043
16:	[0s / 1s],		train_loss: 2.6311
17:	[0s / 1s],		train_loss: 2.6032
18:	[0s / 2s],		train_loss: 2.6258
19:	[0s / 2s],		train_loss: 2.5934
20:	[0s / 2s],		train_loss: 2.6114
21:	[0s / 2s],		train_loss: 2.5861
22:	[0s / 2s],		train_loss: 2.5878
23:	[0s / 2s],		train_loss: 2.5892
24:	[0s / 2s],		train_loss: 2.5805
25:	[0s / 2s],		train_loss: 2.5730
26:	[0s / 2s],		train_loss: 2.5669
27:	[0s / 3s],		train_loss: 2.5645
28:	[0s / 3s],		train_loss: 2.5592
29:	[0s / 3s],		train_loss: 2.5505
30:	[0s / 3s],		train_loss: 2.5697
31:	[0s / 3s],		train_loss: 2.5615
32:	[0s / 3s],		train_loss: 2.5654
33:	[0s / 3s],		train_loss: 2.5873
34:	[0s / 3s],		train_loss: 2.5694
35:	[0s / 3s],		train_loss: 2.5662
36:	[0s / 3s],		train_loss: 2.5760
37:	[0s / 4s],		train_loss: 2.5585
38:	[0s / 4s],		train_loss: 2.5658
39:	[0s / 4s],		train_loss: 2.5627
40:	[0s / 4s],		train_loss: 2.5637
41:	[0s / 4s],		train_loss: 2.5738
42:	[0s / 4s],		train_loss: 2.5756
43:	[0s / 4s],		train_loss: 2.5830
44:	[0s / 4s],		train_loss: 2.5645
C-index TRAIN: 0.9633126366938237
C-index TEST : 0.520332778758286
Fitting Cox model...
C-index TRAIN: 0.9553272897300141
C-index TEST : 0.8388463377387336
Evaluating method: mean
Fitting Random Survival Forest model...
C-index TRAIN: 0.922747637896619
C-index TEST : 0.8483598435946582
Fitting deepsurv_simple.pt...
0:	[0s / 0s],		train_loss: 9.0552
1:	[0s / 0s],		train_loss: 4.4890
2:	[0s / 0s],		train_loss: 4.4570
3:	[0s / 0s],		train_loss: 4.6013
4:	[0s / 0s],		train_loss: 4.4737
5:	[0s / 0s],		train_loss: 4.4572
6:	[0s / 0s],		train_loss: 4.4786
7:	[0s / 0s],		train_loss: 4.4320
8:	[0s / 0s],		train_loss: 4.4643
9:	[0s / 0s],		train_loss: 4.4880
10:	[0s / 0s],		train_loss: 4.4711
11:	[0s / 0s],		train_loss: 4.5009
12:	[0s / 0s],		train_loss: 4.4937
13:	[0s / 1s],		train_loss: 4.9245
C-index TRAIN: 0.7260601853087232
C-index TEST : 0.7591452179918424
Fitting deepsurv_vanilla.pt...
0:	[0s / 0s],		train_loss: 4.6338
1:	[0s / 0s],		train_loss: 4.4843
2:	[0s / 0s],		train_loss: 4.4379
3:	[0s / 0s],		train_loss: 4.4127
4:	[0s / 0s],		train_loss: 4.4006
5:	[0s / 0s],		train_loss: 4.3841
6:	[0s / 0s],		train_loss: 4.3853
7:	[0s / 0s],		train_loss: 4.3680
8:	[0s / 0s],		train_loss: 4.3583
9:	[0s / 1s],		train_loss: 4.3505
10:	[0s / 1s],		train_loss: 4.3456
11:	[0s / 1s],		train_loss: 4.3309
12:	[0s / 1s],		train_loss: 4.3490
13:	[0s / 1s],		train_loss: 4.3220
14:	[0s / 1s],		train_loss: 4.3183
15:	[0s / 1s],		train_loss: 4.3218
16:	[0s / 1s],		train_loss: 4.3126
17:	[0s / 1s],		train_loss: 4.3000
18:	[0s / 2s],		train_loss: 4.3102
19:	[0s / 2s],		train_loss: 4.2992
20:	[0s / 2s],		train_loss: 4.2891
21:	[0s / 2s],		train_loss: 4.2948
22:	[0s / 2s],		train_loss: 4.2933
23:	[0s / 2s],		train_loss: 4.2866
24:	[0s / 2s],		train_loss: 4.2891
25:	[0s / 2s],		train_loss: 4.2744
26:	[0s / 2s],		train_loss: 4.2863
27:	[0s / 3s],		train_loss: 4.2784
28:	[0s / 3s],		train_loss: 4.2854
29:	[0s / 3s],		train_loss: 4.2876
30:	[0s / 3s],		train_loss: 4.2724
31:	[0s / 3s],		train_loss: 4.2693
32:	[0s / 3s],		train_loss: 4.2641
33:	[0s / 3s],		train_loss: 4.2543
34:	[0s / 3s],		train_loss: 4.2436
35:	[0s / 3s],		train_loss: 4.2990
36:	[0s / 3s],		train_loss: 4.2861
37:	[0s / 4s],		train_loss: 4.2502
38:	[0s / 4s],		train_loss: 4.2411
39:	[0s / 4s],		train_loss: 4.2538
40:	[0s / 4s],		train_loss: 4.2376
41:	[0s / 4s],		train_loss: 4.2555
42:	[0s / 4s],		train_loss: 4.2607
43:	[0s / 4s],		train_loss: 4.2627
44:	[0s / 4s],		train_loss: 4.2472
C-index TRAIN: 0.8498816916899585
C-index TEST : 0.8321248207047347
Fitting Cox model...
C-index TRAIN: 0.8220122273822821
C-index TEST : 0.8181437954351699
Evaluating method: median
Fitting Random Survival Forest model...
C-index TRAIN: 0.9185376537125245
C-index TEST : 0.8461109054526842
Fitting deepsurv_simple.pt...
0:	[0s / 0s],		train_loss: 9.0933
1:	[0s / 0s],		train_loss: 4.4949
2:	[0s / 0s],		train_loss: 4.4547
3:	[0s / 0s],		train_loss: 4.5970
4:	[0s / 0s],		train_loss: 4.4733
5:	[0s / 0s],		train_loss: 4.4522
6:	[0s / 0s],		train_loss: 4.4850
7:	[0s / 0s],		train_loss: 4.4365
8:	[0s / 0s],		train_loss: 4.4663
9:	[0s / 0s],		train_loss: 4.4976
10:	[0s / 0s],		train_loss: 4.4625
11:	[0s / 0s],		train_loss: 4.4956
12:	[0s / 0s],		train_loss: 4.4959
13:	[0s / 1s],		train_loss: 4.8136
C-index TRAIN: 0.7503645252228883
C-index TEST : 0.7788012915161823
Fitting deepsurv_vanilla.pt...
0:	[0s / 0s],		train_loss: 4.6621
1:	[0s / 0s],		train_loss: 4.4738
2:	[0s / 0s],		train_loss: 4.4441
3:	[0s / 0s],		train_loss: 4.4211
4:	[0s / 0s],		train_loss: 4.4078
5:	[0s / 0s],		train_loss: 4.3842
6:	[0s / 0s],		train_loss: 4.3899
7:	[0s / 0s],		train_loss: 4.3776
8:	[0s / 0s],		train_loss: 4.3641
9:	[0s / 1s],		train_loss: 4.3577
10:	[0s / 1s],		train_loss: 4.3519
11:	[0s / 1s],		train_loss: 4.3338
12:	[0s / 1s],		train_loss: 4.3382
13:	[0s / 1s],		train_loss: 4.3188
14:	[0s / 1s],		train_loss: 4.3326
15:	[0s / 1s],		train_loss: 4.3260
16:	[0s / 1s],		train_loss: 4.3258
17:	[0s / 1s],		train_loss: 4.3032
18:	[0s / 2s],		train_loss: 4.3147
19:	[0s / 2s],		train_loss: 4.3088
20:	[0s / 2s],		train_loss: 4.3064
21:	[0s / 2s],		train_loss: 4.2970
22:	[0s / 2s],		train_loss: 4.3067
23:	[0s / 2s],		train_loss: 4.3034
24:	[0s / 2s],		train_loss: 4.2928
25:	[0s / 2s],		train_loss: 4.2907
26:	[0s / 2s],		train_loss: 4.2988
27:	[0s / 2s],		train_loss: 4.2956
28:	[0s / 3s],		train_loss: 4.2872
29:	[0s / 3s],		train_loss: 4.2939
30:	[0s / 3s],		train_loss: 4.2812
31:	[0s / 3s],		train_loss: 4.2716
32:	[0s / 3s],		train_loss: 4.2725
33:	[0s / 3s],		train_loss: 4.2666
34:	[0s / 3s],		train_loss: 4.2748
35:	[0s / 3s],		train_loss: 4.2846
36:	[0s / 3s],		train_loss: 4.2770
37:	[0s / 4s],		train_loss: 4.2678
38:	[0s / 4s],		train_loss: 4.2484
39:	[0s / 4s],		train_loss: 4.2534
40:	[0s / 4s],		train_loss: 4.2582
41:	[0s / 4s],		train_loss: 4.2620
42:	[0s / 4s],		train_loss: 4.2632
43:	[0s / 4s],		train_loss: 4.2420
44:	[0s / 4s],		train_loss: 4.2441
C-index TRAIN: 0.8360147860559208
C-index TEST : 0.8258181808982766
Fitting Cox model...
C-index TRAIN: 0.8217697121497172
C-index TEST : 0.8170669697856383
Evaluating method: constant
Fitting Random Survival Forest model...
C-index TRAIN: 0.9247009513819907
C-index TEST : 0.847157374231908
Fitting deepsurv_simple.pt...
0:	[0s / 0s],		train_loss: 10.7883
1:	[0s / 0s],		train_loss: 4.7641
2:	[0s / 0s],		train_loss: 4.6613
3:	[0s / 0s],		train_loss: 4.7751
4:	[0s / 0s],		train_loss: 4.6589
5:	[0s / 0s],		train_loss: 4.6868
6:	[0s / 0s],		train_loss: 4.7048
7:	[0s / 0s],		train_loss: 4.7314
8:	[0s / 0s],		train_loss: 4.6910
9:	[0s / 0s],		train_loss: 4.6818
10:	[0s / 0s],		train_loss: 4.7312
11:	[0s / 0s],		train_loss: 4.7178
12:	[0s / 0s],		train_loss: 4.6847
13:	[0s / 1s],		train_loss: 4.7053
C-index TRAIN: 0.7785202929323186
C-index TEST : 0.7604117740807982
Fitting deepsurv_vanilla.pt...
0:	[0s / 0s],		train_loss: 4.8246
1:	[0s / 0s],		train_loss: 4.5971
2:	[0s / 0s],		train_loss: 4.5375
3:	[0s / 0s],		train_loss: 4.4898
4:	[0s / 0s],		train_loss: 4.4800
5:	[0s / 0s],		train_loss: 4.4387
6:	[0s / 0s],		train_loss: 4.4348
7:	[0s / 0s],		train_loss: 4.4197
8:	[0s / 0s],		train_loss: 4.4200
9:	[0s / 1s],		train_loss: 4.4220
10:	[0s / 1s],		train_loss: 4.4091
11:	[0s / 1s],		train_loss: 4.3922
12:	[0s / 1s],		train_loss: 4.3992
13:	[0s / 1s],		train_loss: 4.3702
14:	[0s / 1s],		train_loss: 4.3811
15:	[0s / 1s],		train_loss: 4.3596
16:	[0s / 1s],		train_loss: 4.3675
17:	[0s / 1s],		train_loss: 4.3469
18:	[0s / 2s],		train_loss: 4.3638
19:	[0s / 2s],		train_loss: 4.3592
20:	[0s / 2s],		train_loss: 4.3669
21:	[0s / 2s],		train_loss: 4.3479
22:	[0s / 2s],		train_loss: 4.3578
23:	[0s / 2s],		train_loss: 4.3496
24:	[0s / 2s],		train_loss: 4.3369
25:	[0s / 2s],		train_loss: 4.3373
26:	[0s / 2s],		train_loss: 4.3365
27:	[0s / 2s],		train_loss: 4.3288
28:	[0s / 3s],		train_loss: 4.3265
29:	[0s / 3s],		train_loss: 4.3176
30:	[0s / 3s],		train_loss: 4.3270
31:	[0s / 3s],		train_loss: 4.3266
32:	[0s / 3s],		train_loss: 4.3460
33:	[0s / 3s],		train_loss: 4.3173
34:	[0s / 3s],		train_loss: 4.3142
35:	[0s / 3s],		train_loss: 4.3286
36:	[0s / 3s],		train_loss: 4.3256
37:	[0s / 3s],		train_loss: 4.2946
38:	[0s / 4s],		train_loss: 4.2948
39:	[0s / 4s],		train_loss: 4.3115
40:	[0s / 4s],		train_loss: 4.2957
41:	[0s / 4s],		train_loss: 4.3132
42:	[0s / 4s],		train_loss: 4.3082
43:	[0s / 4s],		train_loss: 4.3087
44:	[0s / 4s],		train_loss: 4.3154
C-index TRAIN: 0.8468150150986422
C-index TEST : 0.8207308753825177
Fitting Cox model...
C-index TRAIN: 0.7889262779775303
C-index TEST : 0.7812273114016188
Evaluating method: knn
Fitting Random Survival Forest model...
C-index TRAIN: 0.9204988922044619
C-index TEST : 0.8502242613793993
Fitting deepsurv_simple.pt...
0:	[0s / 0s],		train_loss: 9.0630
1:	[0s / 0s],		train_loss: 4.4943
2:	[0s / 0s],		train_loss: 4.4243
3:	[0s / 0s],		train_loss: 4.6022
4:	[0s / 0s],		train_loss: 4.4360
5:	[0s / 0s],		train_loss: 4.4293
6:	[0s / 0s],		train_loss: 4.4323
7:	[0s / 0s],		train_loss: 4.4029
8:	[0s / 0s],		train_loss: 4.4338
9:	[0s / 0s],		train_loss: 4.4771
10:	[0s / 0s],		train_loss: 4.4301
11:	[0s / 0s],		train_loss: 4.4916
12:	[0s / 0s],		train_loss: 4.4666
13:	[0s / 0s],		train_loss: 4.4645
C-index TRAIN: 0.8245680419997259
C-index TEST : 0.8145642144780347
Fitting deepsurv_vanilla.pt...
0:	[0s / 0s],		train_loss: 4.6275
1:	[0s / 0s],		train_loss: 4.4685
2:	[0s / 0s],		train_loss: 4.4219
3:	[0s / 0s],		train_loss: 4.4023
4:	[0s / 0s],		train_loss: 4.4042
5:	[0s / 0s],		train_loss: 4.3657
6:	[0s / 0s],		train_loss: 4.3708
7:	[0s / 0s],		train_loss: 4.3580
8:	[0s / 0s],		train_loss: 4.3486
9:	[0s / 1s],		train_loss: 4.3383
10:	[0s / 1s],		train_loss: 4.3307
11:	[0s / 1s],		train_loss: 4.3257
12:	[0s / 1s],		train_loss: 4.3372
13:	[0s / 1s],		train_loss: 4.3093
14:	[0s / 1s],		train_loss: 4.3182
15:	[0s / 1s],		train_loss: 4.3209
16:	[0s / 1s],		train_loss: 4.3142
17:	[0s / 1s],		train_loss: 4.2966
18:	[0s / 1s],		train_loss: 4.3112
19:	[0s / 2s],		train_loss: 4.2875
20:	[0s / 2s],		train_loss: 4.2925
21:	[0s / 2s],		train_loss: 4.2975
22:	[0s / 2s],		train_loss: 4.2890
23:	[0s / 2s],		train_loss: 4.2909
24:	[0s / 2s],		train_loss: 4.2858
25:	[0s / 2s],		train_loss: 4.2863
26:	[0s / 2s],		train_loss: 4.2890
27:	[0s / 2s],		train_loss: 4.2812
28:	[0s / 3s],		train_loss: 4.2920
29:	[0s / 3s],		train_loss: 4.2861
30:	[0s / 3s],		train_loss: 4.2789
31:	[0s / 3s],		train_loss: 4.2674
32:	[0s / 3s],		train_loss: 4.2627
33:	[0s / 3s],		train_loss: 4.2497
34:	[0s / 3s],		train_loss: 4.2572
35:	[0s / 3s],		train_loss: 4.2838
36:	[0s / 3s],		train_loss: 4.2714
37:	[0s / 3s],		train_loss: 4.2438
38:	[0s / 4s],		train_loss: 4.2488
39:	[0s / 4s],		train_loss: 4.2469
40:	[0s / 4s],		train_loss: 4.2375
41:	[0s / 4s],		train_loss: 4.2629
42:	[0s / 4s],		train_loss: 4.2560
43:	[0s / 4s],		train_loss: 4.2565
44:	[0s / 4s],		train_loss: 4.2373
C-index TRAIN: 0.8510115819456714
C-index TEST : 0.8467433402507646
Fitting Cox model...
C-index TRAIN: 0.8233676542963667
C-index TEST : 0.8217098844499462
Evaluating method: imputer_bayesian
Fitting Random Survival Forest model...
C-index TRAIN: 0.9232566440145235
C-index TEST : 0.8516366990951123
Fitting deepsurv_simple.pt...
0:	[0s / 0s],		train_loss: 9.1119
1:	[0s / 0s],		train_loss: 4.4702
2:	[0s / 0s],		train_loss: 4.4246
3:	[0s / 0s],		train_loss: 4.6616
4:	[0s / 0s],		train_loss: 4.4269
5:	[0s / 0s],		train_loss: 4.4372
6:	[0s / 0s],		train_loss: 4.4198
7:	[0s / 0s],		train_loss: 4.4074
8:	[0s / 0s],		train_loss: 4.4281
9:	[0s / 0s],		train_loss: 4.4540
10:	[0s / 1s],		train_loss: 4.4020
11:	[0s / 1s],		train_loss: 4.4552
12:	[0s / 1s],		train_loss: 4.4564
13:	[0s / 1s],		train_loss: 4.4406
C-index TRAIN: 0.8229378982441194
C-index TEST : 0.8142311321510457
Fitting deepsurv_vanilla.pt...
0:	[0s / 0s],		train_loss: 4.6157
1:	[0s / 0s],		train_loss: 4.4510
2:	[0s / 0s],		train_loss: 4.4110
3:	[0s / 0s],		train_loss: 4.3878
4:	[0s / 0s],		train_loss: 4.3879
5:	[0s / 0s],		train_loss: 4.3543
6:	[0s / 0s],		train_loss: 4.3602
7:	[0s / 0s],		train_loss: 4.3404
8:	[0s / 1s],		train_loss: 4.3324
9:	[0s / 1s],		train_loss: 4.3253
10:	[0s / 1s],		train_loss: 4.3150
11:	[0s / 1s],		train_loss: 4.3109
12:	[0s / 1s],		train_loss: 4.3256
13:	[0s / 1s],		train_loss: 4.3030
14:	[0s / 1s],		train_loss: 4.3087
15:	[0s / 2s],		train_loss: 4.2995
16:	[0s / 2s],		train_loss: 4.2949
17:	[0s / 2s],		train_loss: 4.2846
18:	[0s / 2s],		train_loss: 4.2943
19:	[0s / 2s],		train_loss: 4.2831
20:	[0s / 2s],		train_loss: 4.2814
21:	[0s / 2s],		train_loss: 4.2847
22:	[0s / 2s],		train_loss: 4.2754
23:	[0s / 3s],		train_loss: 4.2776
24:	[0s / 3s],		train_loss: 4.2873
25:	[0s / 3s],		train_loss: 4.2723
26:	[0s / 3s],		train_loss: 4.2697
27:	[0s / 3s],		train_loss: 4.2753
28:	[0s / 3s],		train_loss: 4.2627
29:	[0s / 3s],		train_loss: 4.2680
30:	[0s / 3s],		train_loss: 4.2555
31:	[0s / 3s],		train_loss: 4.2598
32:	[0s / 4s],		train_loss: 4.2565
33:	[0s / 4s],		train_loss: 4.2468
34:	[0s / 4s],		train_loss: 4.2436
35:	[0s / 4s],		train_loss: 4.2652
36:	[0s / 4s],		train_loss: 4.2591
37:	[0s / 4s],		train_loss: 4.2308
38:	[0s / 4s],		train_loss: 4.2438
39:	[0s / 4s],		train_loss: 4.2507
40:	[0s / 5s],		train_loss: 4.2365
41:	[0s / 5s],		train_loss: 4.2468
42:	[0s / 5s],		train_loss: 4.2397
43:	[0s / 5s],		train_loss: 4.2428
44:	[0s / 5s],		train_loss: 4.2323
C-index TRAIN: 0.85192285738419
C-index TEST : 0.8461808949036718
Fitting Cox model...
C-index TRAIN: 0.8244774561651836
C-index TEST : 0.8215614730839966
[fold=1, target=30%] actual NaN%: 30.0%
X_train shape: (13566, 61), X_test shape: (3392, 61)
Generating TabPFN Embeddings...
Successfully generated embeddings with shape: (13566, 192)
Fitting SimpleImputer (mean)...
Fitting SimpleImputer (median)...
Fitting SimpleImputer (constant, fill=-1)...
Fitting KNNImputer...
Fitting IterativeImputer (BayesianRidge, MICE-like)...
Fitting DeepSurv Simple pilot model...
0:	[0s / 0s],		train_loss: 12.8398,	val_loss: 7.6540
1:	[0s / 0s],		train_loss: 4.6716,	val_loss: 7.2548
2:	[0s / 0s],		train_loss: 4.5537,	val_loss: 7.2649
3:	[0s / 0s],		train_loss: 4.5267,	val_loss: 7.2501
4:	[0s / 0s],		train_loss: 4.5272,	val_loss: 7.2459
5:	[0s / 0s],		train_loss: 4.5448,	val_loss: 7.3275
6:	[0s / 0s],		train_loss: 4.5480,	val_loss: 7.2930
7:	[0s / 0s],		train_loss: 4.5462,	val_loss: 7.2971
8:	[0s / 0s],		train_loss: 4.5388,	val_loss: 7.2879
9:	[0s / 0s],		train_loss: 4.5833,	val_loss: 7.3468
10:	[0s / 0s],		train_loss: 4.5983,	val_loss: 7.3056
11:	[0s / 0s],		train_loss: 4.5736,	val_loss: 7.3014
12:	[0s / 0s],		train_loss: 4.5736,	val_loss: 7.2611
13:	[0s / 1s],		train_loss: 4.5279,	val_loss: 7.2960
14:	[0s / 1s],		train_loss: 4.5861,	val_loss: 7.3743
15:	[0s / 1s],		train_loss: 4.5995,	val_loss: 7.2588
16:	[0s / 1s],		train_loss: 4.6197,	val_loss: 7.3794
17:	[0s / 1s],		train_loss: 4.5939,	val_loss: 7.4110
18:	[0s / 1s],		train_loss: 4.6484,	val_loss: 7.2951
19:	[0s / 1s],		train_loss: 4.5726,	val_loss: 7.3000
20:	[0s / 1s],		train_loss: 4.5850,	val_loss: 7.4849
21:	[0s / 1s],		train_loss: 4.6075,	val_loss: 7.3541
22:	[0s / 1s],		train_loss: 4.5763,	val_loss: 7.2968
23:	[0s / 1s],		train_loss: 4.5837,	val_loss: 7.3816
24:	[0s / 1s],		train_loss: 4.5913,	val_loss: 7.3585
Saved fixed_epochs=5 → nan/tabpfn/HURRAH/nan_percentage0.3/seed77/fold1/fixed_epochs_deepsurv_simple.json
Fitting DeepSurv Vanilla pilot model...
0:	[0s / 0s],		train_loss: 4.7747,	val_loss: 7.3499
1:	[0s / 0s],		train_loss: 4.6126,	val_loss: 7.2960
2:	[0s / 0s],		train_loss: 4.5643,	val_loss: 28.3698
3:	[0s / 0s],		train_loss: 4.5425,	val_loss: 85.4475
4:	[0s / 0s],		train_loss: 4.5151,	val_loss: 38.4409
5:	[0s / 0s],		train_loss: 4.4924,	val_loss: 55.1151
6:	[0s / 0s],		train_loss: 4.4791,	val_loss: 41.3012
7:	[0s / 0s],		train_loss: 4.4823,	val_loss: 144.1578
8:	[0s / 0s],		train_loss: 4.4758,	val_loss: 83.6854
9:	[0s / 1s],		train_loss: 4.4549,	val_loss: 123.9034
10:	[0s / 1s],		train_loss: 4.4786,	val_loss: 410.5715
11:	[0s / 1s],		train_loss: 4.4560,	val_loss: 374.8422
12:	[0s / 1s],		train_loss: 4.4483,	val_loss: 243.8857
13:	[0s / 1s],		train_loss: 4.4458,	val_loss: 83.7752
14:	[0s / 1s],		train_loss: 4.4271,	val_loss: 141.4856
15:	[0s / 1s],		train_loss: 4.4343,	val_loss: 58.7222
16:	[0s / 1s],		train_loss: 4.4373,	val_loss: 97.3447
17:	[0s / 1s],		train_loss: 4.4201,	val_loss: 51.1984
18:	[0s / 2s],		train_loss: 4.4213,	val_loss: 73.9256
19:	[0s / 2s],		train_loss: 4.4231,	val_loss: 159.9562
20:	[0s / 2s],		train_loss: 4.3995,	val_loss: 114.3362
21:	[0s / 2s],		train_loss: 4.4226,	val_loss: 41.9606
Saved fixed_epochs=2 → nan/tabpfn/HURRAH/nan_percentage0.3/seed77/fold1/fixed_epochs_deepsurv_vanilla.json
Evaluating method: embeddings
Fitting Random Survival Forest model...
C-index TRAIN: 0.9818755099842041
C-index TEST : 0.7584099071332743
Fitting deepsurv_simple.pt...
0:	[0s / 0s],		train_loss: 2.9651
1:	[0s / 0s],		train_loss: 2.6978
2:	[0s / 0s],		train_loss: 2.6954
3:	[0s / 0s],		train_loss: 2.6951
4:	[0s / 0s],		train_loss: 2.6859
C-index TRAIN: 0.9571817914246614
C-index TEST : 0.8229519863933761
Fitting deepsurv_vanilla.pt...
0:	[0s / 0s],		train_loss: 2.8834
1:	[0s / 0s],		train_loss: 2.7370
C-index TRAIN: 0.9552921287831624
C-index TEST : 0.7989245235447043
Fitting Cox model...
C-index TRAIN: 0.9552898716610393
C-index TEST : 0.8267111788331662
Evaluating method: mean
Fitting Random Survival Forest model...
C-index TRAIN: 0.919314956413467
C-index TEST : 0.8324039352622876
Fitting deepsurv_simple.pt...
0:	[0s / 0s],		train_loss: 9.5251
1:	[0s / 0s],		train_loss: 4.6014
2:	[0s / 0s],		train_loss: 4.5452
3:	[0s / 0s],		train_loss: 4.6436
4:	[0s / 0s],		train_loss: 4.5740
C-index TRAIN: 0.7992822301490122
C-index TEST : 0.8085830677809887
Fitting deepsurv_vanilla.pt...
0:	[0s / 0s],		train_loss: 4.7686
1:	[0s / 0s],		train_loss: 4.5973
C-index TRAIN: 0.790483190659808
C-index TEST : 0.7825132621577158
Fitting Cox model...
C-index TRAIN: 0.8049000315595831
C-index TEST : 0.8019930971849906
Evaluating method: median
Fitting Random Survival Forest model...
C-index TRAIN: 0.9054378184924712
C-index TEST : 0.832121447719145
Fitting deepsurv_simple.pt...
0:	[0s / 0s],		train_loss: 9.6541
1:	[0s / 0s],		train_loss: 4.5909
2:	[0s / 0s],		train_loss: 4.5504
3:	[0s / 0s],		train_loss: 4.6484
4:	[0s / 0s],		train_loss: 4.5707
C-index TRAIN: 0.7976832597578399
C-index TEST : 0.8081218120015887
Fitting deepsurv_vanilla.pt...
0:	[0s / 0s],		train_loss: 4.7823
1:	[0s / 0s],		train_loss: 4.6004
C-index TRAIN: 0.792670241680599
C-index TEST : 0.7851551531208971
Fitting Cox model...
C-index TRAIN: 0.8032535362081512
C-index TEST : 0.8045000687245814
Evaluating method: constant
Fitting Random Survival Forest model...
C-index TRAIN: 0.917201036149466
C-index TEST : 0.8303219599070067
Fitting deepsurv_simple.pt...
0:	[0s / 0s],		train_loss: 11.7593
1:	[0s / 0s],		train_loss: 4.8750
2:	[0s / 0s],		train_loss: 4.8079
3:	[0s / 0s],		train_loss: 5.1535
4:	[0s / 0s],		train_loss: 4.8379
C-index TRAIN: 0.7504441765547007
C-index TEST : 0.7451388953303544
Fitting deepsurv_vanilla.pt...
0:	[0s / 0s],		train_loss: 5.0009
1:	[0s / 0s],		train_loss: 4.7872
C-index TRAIN: 0.7360500322718305
C-index TEST : 0.7365959660778839
Fitting Cox model...
C-index TRAIN: 0.757476441162444
C-index TEST : 0.7482825179000129
Evaluating method: knn
Fitting Random Survival Forest model...
C-index TRAIN: 0.9210992365309497
C-index TEST : 0.8311534008548832
Fitting deepsurv_simple.pt...
0:	[0s / 0s],		train_loss: 9.3133
1:	[0s / 0s],		train_loss: 4.6069
2:	[0s / 0s],		train_loss: 4.5646
3:	[0s / 0s],		train_loss: 4.9252
4:	[0s / 0s],		train_loss: 4.5758
C-index TRAIN: 0.8002027096299664
C-index TEST : 0.8090552857635553
Fitting deepsurv_vanilla.pt...
0:	[0s / 0s],		train_loss: 4.7541
1:	[0s / 0s],		train_loss: 4.5761
C-index TRAIN: 0.7945970715997258
C-index TEST : 0.7964386331650495
Fitting Cox model...
C-index TRAIN: 0.8030419686278082
C-index TEST : 0.8053019960485474
Evaluating method: imputer_bayesian
Fitting Random Survival Forest model...
C-index TRAIN: 0.9259058031713268
C-index TEST : 0.8378184203802536
Fitting deepsurv_simple.pt...
0:	[0s / 0s],		train_loss: 9.0241
1:	[0s / 0s],		train_loss: 4.5853
2:	[0s / 0s],		train_loss: 4.5341
3:	[0s / 0s],		train_loss: 4.5610
4:	[0s / 0s],		train_loss: 4.5538
C-index TRAIN: 0.8039747118056315
C-index TEST : 0.8078857030103053
Fitting deepsurv_vanilla.pt...
0:	[0s / 0s],		train_loss: 4.6913
1:	[0s / 0s],		train_loss: 4.5442
C-index TRAIN: 0.8099733398766468
C-index TEST : 0.8085097053444114
Fitting Cox model...
C-index TRAIN: 0.8104784336495378
C-index TEST : 0.8098403481595726
[fold=1, target=50%] actual NaN%: 50.0%
X_train shape: (13566, 61), X_test shape: (3392, 61)
Generating TabPFN Embeddings...
Successfully generated embeddings with shape: (13566, 192)
Fitting SimpleImputer (mean)...
Fitting SimpleImputer (median)...
Fitting SimpleImputer (constant, fill=-1)...
Fitting KNNImputer...
Fitting IterativeImputer (BayesianRidge, MICE-like)...
Fitting DeepSurv Simple pilot model...
0:	[0s / 0s],		train_loss: 11.9541,	val_loss: 7.6929
1:	[0s / 0s],		train_loss: 4.7294,	val_loss: 7.3754
2:	[0s / 0s],		train_loss: 4.6634,	val_loss: 7.4056
3:	[0s / 0s],		train_loss: 4.6519,	val_loss: 7.3942
4:	[0s / 0s],		train_loss: 4.6451,	val_loss: 7.3632
5:	[0s / 0s],		train_loss: 4.6522,	val_loss: 7.4188
6:	[0s / 0s],		train_loss: 4.6605,	val_loss: 7.4517
7:	[0s / 0s],		train_loss: 4.6503,	val_loss: 7.3713
8:	[0s / 0s],		train_loss: 4.6549,	val_loss: 7.4610
9:	[0s / 0s],		train_loss: 4.6698,	val_loss: 7.4330
10:	[0s / 0s],		train_loss: 4.6649,	val_loss: 7.3897
11:	[0s / 0s],		train_loss: 4.6586,	val_loss: 7.4495
12:	[0s / 0s],		train_loss: 4.6883,	val_loss: 7.3619
13:	[0s / 1s],		train_loss: 4.6550,	val_loss: 7.5534
14:	[0s / 1s],		train_loss: 4.6888,	val_loss: 7.3975
15:	[0s / 1s],		train_loss: 4.6699,	val_loss: 7.4346
16:	[0s / 1s],		train_loss: 4.6874,	val_loss: 7.4594
17:	[0s / 1s],		train_loss: 4.6605,	val_loss: 7.3935
18:	[0s / 1s],		train_loss: 4.6879,	val_loss: 7.4685
19:	[0s / 1s],		train_loss: 4.7346,	val_loss: 7.4222
20:	[0s / 1s],		train_loss: 4.6912,	val_loss: 7.6190
21:	[0s / 1s],		train_loss: 4.6709,	val_loss: 7.3945
22:	[0s / 1s],		train_loss: 4.7301,	val_loss: 7.4682
23:	[0s / 1s],		train_loss: 4.6814,	val_loss: 7.4081
24:	[0s / 1s],		train_loss: 4.6733,	val_loss: 7.5056
25:	[0s / 1s],		train_loss: 4.7081,	val_loss: 7.4033
26:	[0s / 1s],		train_loss: 4.6532,	val_loss: 7.5444
27:	[0s / 2s],		train_loss: 4.7101,	val_loss: 7.4429
28:	[0s / 2s],		train_loss: 4.6725,	val_loss: 7.4767
29:	[0s / 2s],		train_loss: 4.7361,	val_loss: 7.3827
30:	[0s / 2s],		train_loss: 4.6791,	val_loss: 7.7222
31:	[0s / 2s],		train_loss: 4.7074,	val_loss: 7.4563
32:	[0s / 2s],		train_loss: 4.6983,	val_loss: 7.4184
Saved fixed_epochs=13 → nan/tabpfn/HURRAH/nan_percentage0.5/seed77/fold1/fixed_epochs_deepsurv_simple.json
Fitting DeepSurv Vanilla pilot model...
0:	[0s / 0s],		train_loss: 4.8808,	val_loss: 7.4981
1:	[0s / 0s],		train_loss: 4.7163,	val_loss: 7.4218
2:	[0s / 0s],		train_loss: 4.6792,	val_loss: 7.4100
3:	[0s / 0s],		train_loss: 4.6421,	val_loss: 7.5623
4:	[0s / 0s],		train_loss: 4.6231,	val_loss: 7.3483
5:	[0s / 0s],		train_loss: 4.5939,	val_loss: 7.4205
6:	[0s / 0s],		train_loss: 4.5591,	val_loss: 7.3861
7:	[0s / 0s],		train_loss: 4.5781,	val_loss: 7.3405
8:	[0s / 0s],		train_loss: 4.5708,	val_loss: 7.3539
9:	[0s / 1s],		train_loss: 4.5572,	val_loss: 7.4351
10:	[0s / 1s],		train_loss: 4.5580,	val_loss: 7.7063
11:	[0s / 1s],		train_loss: 4.5437,	val_loss: 21.2848
12:	[0s / 1s],		train_loss: 4.5313,	val_loss: 10.0048
13:	[0s / 1s],		train_loss: 4.5370,	val_loss: 7.3958
14:	[0s / 1s],		train_loss: 4.5272,	val_loss: 7.3712
15:	[0s / 1s],		train_loss: 4.5429,	val_loss: 7.3842
16:	[0s / 1s],		train_loss: 4.5421,	val_loss: 8.6672
17:	[0s / 1s],		train_loss: 4.5166,	val_loss: 7.3420
18:	[0s / 2s],		train_loss: 4.5162,	val_loss: 39.2810
19:	[0s / 2s],		train_loss: 4.5313,	val_loss: 15.9527
20:	[0s / 2s],		train_loss: 4.5478,	val_loss: 7.3174
21:	[0s / 2s],		train_loss: 4.5348,	val_loss: 7.3766
22:	[0s / 2s],		train_loss: 4.5116,	val_loss: 7.3384
23:	[0s / 2s],		train_loss: 4.5273,	val_loss: 7.3772
24:	[0s / 2s],		train_loss: 4.4981,	val_loss: 7.4699
25:	[0s / 3s],		train_loss: 4.5095,	val_loss: 7.3833
26:	[0s / 3s],		train_loss: 4.5051,	val_loss: 31.0148
27:	[0s / 3s],		train_loss: 4.4898,	val_loss: 10.9938
28:	[0s / 3s],		train_loss: 4.5003,	val_loss: 32.5549
29:	[0s / 3s],		train_loss: 4.4895,	val_loss: 8.5184
30:	[0s / 3s],		train_loss: 4.4841,	val_loss: 16.8642
31:	[0s / 3s],		train_loss: 4.4922,	val_loss: 26.3041
32:	[0s / 3s],		train_loss: 4.4850,	val_loss: 8.2315
33:	[0s / 3s],		train_loss: 4.4851,	val_loss: 84.6468
34:	[0s / 4s],		train_loss: 4.4854,	val_loss: 7.5157
35:	[0s / 4s],		train_loss: 4.4869,	val_loss: 8.7481
36:	[0s / 4s],		train_loss: 4.4849,	val_loss: 7.5751
37:	[0s / 4s],		train_loss: 4.4763,	val_loss: 20.4361
38:	[0s / 4s],		train_loss: 4.4613,	val_loss: 40.1315
39:	[0s / 4s],		train_loss: 4.4620,	val_loss: 7.4492
40:	[0s / 4s],		train_loss: 4.4564,	val_loss: 7.5624
Saved fixed_epochs=21 → nan/tabpfn/HURRAH/nan_percentage0.5/seed77/fold1/fixed_epochs_deepsurv_vanilla.json
Evaluating method: embeddings
Fitting Random Survival Forest model...
C-index TRAIN: 0.9824075889060341
C-index TEST : 0.7679487103811221
Fitting deepsurv_simple.pt...
0:	[0s / 0s],		train_loss: 2.9765
1:	[0s / 0s],		train_loss: 2.7211
2:	[0s / 0s],		train_loss: 2.6988
3:	[0s / 0s],		train_loss: 2.6881
4:	[0s / 0s],		train_loss: 2.6806
5:	[0s / 0s],		train_loss: 2.6825
6:	[0s / 0s],		train_loss: 2.6769
7:	[0s / 0s],		train_loss: 2.6685
8:	[0s / 0s],		train_loss: 2.6709
9:	[0s / 0s],		train_loss: 2.6575
10:	[0s / 0s],		train_loss: 2.6581
11:	[0s / 0s],		train_loss: 2.6628
12:	[0s / 1s],		train_loss: 2.6708
C-index TRAIN: 0.9576161118794243
C-index TEST : 0.6890393990014276
Fitting deepsurv_vanilla.pt...
0:	[0s / 0s],		train_loss: 2.8882
1:	[0s / 0s],		train_loss: 2.7413
2:	[0s / 0s],		train_loss: 2.7058
3:	[0s / 0s],		train_loss: 2.6945
4:	[0s / 0s],		train_loss: 2.6811
5:	[0s / 0s],		train_loss: 2.6783
6:	[0s / 0s],		train_loss: 2.6705
7:	[0s / 0s],		train_loss: 2.6518
8:	[0s / 1s],		train_loss: 2.6668
9:	[0s / 1s],		train_loss: 2.6622
10:	[0s / 1s],		train_loss: 2.6584
11:	[0s / 1s],		train_loss: 2.6518
12:	[0s / 1s],		train_loss: 2.6453
13:	[0s / 1s],		train_loss: 2.6244
14:	[0s / 1s],		train_loss: 2.6310
15:	[0s / 1s],		train_loss: 2.6178
16:	[0s / 1s],		train_loss: 2.6492
17:	[0s / 2s],		train_loss: 2.6276
18:	[0s / 2s],		train_loss: 2.6342
19:	[0s / 2s],		train_loss: 2.6286
20:	[0s / 2s],		train_loss: 2.6139
C-index TRAIN: 0.9598787012539367
C-index TEST : 0.45257624423114057
Fitting Cox model...
C-index TRAIN: 0.9554046839397033
C-index TEST : 0.7931390100118645
Evaluating method: mean
Fitting Random Survival Forest model...
C-index TRAIN: 0.904871130364753
C-index TEST : 0.8071740030508655
Fitting deepsurv_simple.pt...
0:	[0s / 0s],		train_loss: 8.5222
1:	[0s / 0s],		train_loss: 4.7253
2:	[0s / 0s],		train_loss: 4.6525
3:	[0s / 0s],		train_loss: 5.0133
4:	[0s / 0s],		train_loss: 4.7046
5:	[0s / 0s],		train_loss: 4.7083
6:	[0s / 0s],		train_loss: 4.7538
7:	[0s / 0s],		train_loss: 4.6439
8:	[0s / 0s],		train_loss: 4.6714
9:	[0s / 0s],		train_loss: 4.6770
10:	[0s / 0s],		train_loss: 4.6853
11:	[0s / 0s],		train_loss: 4.6747
12:	[0s / 0s],		train_loss: 4.6906
C-index TRAIN: 0.7602796865228542
C-index TEST : 0.7465146518277788
Fitting deepsurv_vanilla.pt...
0:	[0s / 0s],		train_loss: 4.8701
1:	[0s / 0s],		train_loss: 4.7286
2:	[0s / 0s],		train_loss: 4.6721
3:	[0s / 0s],		train_loss: 4.6294
4:	[0s / 0s],		train_loss: 4.6142
5:	[0s / 0s],		train_loss: 4.6002
6:	[0s / 0s],		train_loss: 4.5986
7:	[0s / 0s],		train_loss: 4.5936
8:	[0s / 0s],		train_loss: 4.5695
9:	[0s / 1s],		train_loss: 4.5688
10:	[0s / 1s],		train_loss: 4.5715
11:	[0s / 1s],		train_loss: 4.5648
12:	[0s / 1s],		train_loss: 4.5649
13:	[0s / 1s],		train_loss: 4.5397
14:	[0s / 1s],		train_loss: 4.5603
15:	[0s / 1s],		train_loss: 4.5499
16:	[0s / 1s],		train_loss: 4.5371
17:	[0s / 1s],		train_loss: 4.5301
18:	[0s / 2s],		train_loss: 4.5291
19:	[0s / 2s],		train_loss: 4.5191
20:	[0s / 2s],		train_loss: 4.5394
C-index TRAIN: 0.7873520857714432
C-index TEST : 0.7745327782523381
Fitting Cox model...
C-index TRAIN: 0.7840425177605416
C-index TEST : 0.7785887934240273
Evaluating method: median
Fitting Random Survival Forest model...
C-index TRAIN: 0.8800789511223716
C-index TEST : 0.802631434707853
Fitting deepsurv_simple.pt...
0:	[0s / 0s],		train_loss: 8.4974
1:	[0s / 0s],		train_loss: 4.7336
2:	[0s / 0s],		train_loss: 4.9110
3:	[0s / 0s],		train_loss: 4.6574
4:	[0s / 0s],		train_loss: 4.6541
5:	[0s / 0s],		train_loss: 4.7378
6:	[0s / 0s],		train_loss: 4.7486
7:	[0s / 0s],		train_loss: 4.6446
8:	[0s / 0s],		train_loss: 4.6613
9:	[0s / 0s],		train_loss: 4.6667
10:	[0s / 0s],		train_loss: 4.7256
11:	[0s / 0s],		train_loss: 4.6729
12:	[0s / 0s],		train_loss: 4.6996
C-index TRAIN: 0.7669438897497163
C-index TEST : 0.7555647937883098
Fitting deepsurv_vanilla.pt...
0:	[0s / 0s],		train_loss: 4.8595
1:	[0s / 0s],		train_loss: 4.7370
2:	[0s / 0s],		train_loss: 4.7026
3:	[0s / 0s],		train_loss: 4.6537
4:	[0s / 0s],		train_loss: 4.6277
5:	[0s / 0s],		train_loss: 4.6072
6:	[0s / 0s],		train_loss: 4.5990
7:	[0s / 0s],		train_loss: 4.5927
8:	[0s / 0s],		train_loss: 4.5838
9:	[0s / 1s],		train_loss: 4.5795
10:	[0s / 1s],		train_loss: 4.5572
11:	[0s / 1s],		train_loss: 4.5576
12:	[0s / 1s],		train_loss: 4.5633
13:	[0s / 1s],		train_loss: 4.5412
14:	[0s / 1s],		train_loss: 4.5427
15:	[0s / 1s],		train_loss: 4.5327
16:	[0s / 1s],		train_loss: 4.5483
17:	[0s / 1s],		train_loss: 4.5234
18:	[0s / 2s],		train_loss: 4.5279
19:	[0s / 2s],		train_loss: 4.5291
20:	[0s / 2s],		train_loss: 4.5354
C-index TRAIN: 0.6940686391840815
C-index TEST : 0.6904767124858651
Fitting Cox model...
C-index TRAIN: 0.781542328663866
C-index TEST : 0.7800855557794844
Evaluating method: constant
Fitting Random Survival Forest model...
C-index TRAIN: 0.8959234468441721
C-index TEST : 0.7981681315262001
Fitting deepsurv_simple.pt...
0:	[0s / 0s],		train_loss: 12.6675
1:	[0s / 0s],		train_loss: 4.9701
2:	[0s / 0s],		train_loss: 4.8931
3:	[0s / 0s],		train_loss: 5.0750
4:	[0s / 0s],		train_loss: 4.9564
5:	[0s / 0s],		train_loss: 4.9554
6:	[0s / 0s],		train_loss: 4.9318
7:	[0s / 0s],		train_loss: 4.9504
8:	[0s / 0s],		train_loss: 4.9688
9:	[0s / 0s],		train_loss: 4.9670
10:	[0s / 0s],		train_loss: 4.9835
11:	[0s / 0s],		train_loss: 4.9124
12:	[0s / 0s],		train_loss: 4.9911
C-index TRAIN: 0.7057836547441798
C-index TEST : 0.6860846636247958
Fitting deepsurv_vanilla.pt...
0:	[0s / 0s],		train_loss: 5.1235
1:	[0s / 0s],		train_loss: 4.9887
2:	[0s / 0s],		train_loss: 4.9163
3:	[0s / 0s],		train_loss: 4.8161
4:	[0s / 0s],		train_loss: 4.7613
5:	[0s / 0s],		train_loss: 4.7208
6:	[0s / 0s],		train_loss: 4.6980
7:	[0s / 0s],		train_loss: 4.6579
8:	[0s / 0s],		train_loss: 4.6389
9:	[0s / 1s],		train_loss: 4.6354
10:	[0s / 1s],		train_loss: 4.6365
11:	[0s / 1s],		train_loss: 4.5941
12:	[0s / 1s],		train_loss: 4.6008
13:	[0s / 1s],		train_loss: 4.5688
14:	[0s / 1s],		train_loss: 4.5756
15:	[0s / 1s],		train_loss: 4.5520
16:	[0s / 1s],		train_loss: 4.5412
17:	[0s / 1s],		train_loss: 4.5251
18:	[0s / 1s],		train_loss: 4.5517
19:	[0s / 2s],		train_loss: 4.5260
20:	[0s / 2s],		train_loss: 4.5279
C-index TRAIN: 0.8209629163863655
C-index TEST : 0.7505044721572688
Fitting Cox model...
C-index TRAIN: 0.7336688185901794
C-index TEST : 0.7112842389659101
Evaluating method: knn
Fitting Random Survival Forest model...
C-index TRAIN: 0.9159774251673731
C-index TEST : 0.8073940903605975
Fitting deepsurv_simple.pt...
0:	[0s / 0s],		train_loss: 8.5146
1:	[0s / 0s],		train_loss: 4.6749
2:	[0s / 0s],		train_loss: 4.6482
3:	[0s / 0s],		train_loss: 4.6906
4:	[0s / 0s],		train_loss: 4.6142
5:	[0s / 0s],		train_loss: 4.6494
6:	[0s / 0s],		train_loss: 5.2394
7:	[0s / 0s],		train_loss: 4.7675
8:	[0s / 0s],		train_loss: 4.6163
9:	[0s / 0s],		train_loss: 4.5962
10:	[0s / 0s],		train_loss: 4.6368
11:	[0s / 0s],		train_loss: 4.7188
12:	[0s / 0s],		train_loss: 4.6980
C-index TRAIN: 0.7901800591586693
C-index TEST : 0.7834197520349644
Fitting deepsurv_vanilla.pt...
0:	[0s / 0s],		train_loss: 4.7602
1:	[0s / 0s],		train_loss: 4.6405
2:	[0s / 0s],		train_loss: 4.6051
3:	[0s / 0s],		train_loss: 4.5693
4:	[0s / 0s],		train_loss: 4.5564
5:	[0s / 0s],		train_loss: 4.5512
6:	[0s / 0s],		train_loss: 4.5429
7:	[0s / 0s],		train_loss: 4.5388
8:	[0s / 0s],		train_loss: 4.5271
9:	[0s / 1s],		train_loss: 4.5322
10:	[0s / 1s],		train_loss: 4.5279
11:	[0s / 1s],		train_loss: 4.5150
12:	[0s / 1s],		train_loss: 4.5189
13:	[0s / 1s],		train_loss: 4.5033
14:	[0s / 1s],		train_loss: 4.4966
15:	[0s / 1s],		train_loss: 4.4979
16:	[0s / 1s],		train_loss: 4.4956
17:	[0s / 1s],		train_loss: 4.4857
18:	[0s / 1s],		train_loss: 4.4962
19:	[0s / 2s],		train_loss: 4.4771
20:	[0s / 2s],		train_loss: 4.4920
C-index TRAIN: 0.8026774183257852
C-index TEST : 0.7867126292169698
Fitting Cox model.../scratch.hpc/luca.cotugno/Foundation_model_clinical_data/.venv/lib/python3.12/site-packages/pycox/models/cox.py:251: RuntimeWarning: overflow encountered in exp
  expg = np.exp(self.predict(input, batch_size, True, eval_, num_workers=num_workers)).reshape(1, -1)
/scratch.hpc/luca.cotugno/Foundation_model_clinical_data/.venv/lib/python3.12/site-packages/pycox/models/cox.py:251: RuntimeWarning: overflow encountered in exp
  expg = np.exp(self.predict(input, batch_size, True, eval_, num_workers=num_workers)).reshape(1, -1)
/scratch.hpc/luca.cotugno/Foundation_model_clinical_data/.venv/lib/python3.12/site-packages/sklearn/impute/_iterative.py:867: ConvergenceWarning: [IterativeImputer] Early stopping criterion not reached.
  warnings.warn(
