/scratch.hpc/luca.cotugno/Foundation_model_clinical_data/.venv/lib/python3.12/site-packages/torchtuples/tupletree.py:146: UserWarning: The given NumPy array is not writable, and PyTorch does not support non-writable tensors. This means writing to this tensor will result in undefined behavior. You may want to copy the array to protect its data or make it writable before converting it to a tensor. This type of warning will be suppressed for the rest of this program. (Triggered internally at /pytorch/torch/csrc/utils/tensor_numpy.cpp:213.)
  return torch.from_numpy(data)
/scratch.hpc/luca.cotugno/Foundation_model_clinical_data/.venv/lib/python3.12/site-packages/lifelines/utils/__init__.py:1100: ConvergenceWarning: Column(s) ['Ipotiroidismo', 'Endocardite', 'EmboliaPolmonare'] have very low variance. This may harm convergence. 1) Are you using formula's? Did you mean to add '-1' to the end. 2) Try dropping this redundant column before fitting if convergence fails.

  warnings.warn(dedent(warning_text), ConvergenceWarning)
/scratch.hpc/luca.cotugno/Foundation_model_clinical_data/.venv/lib/python3.12/site-packages/lifelines/utils/__init__.py:797: RuntimeWarning: invalid value encountered in divide
  return (X - mean) / std
/scratch.hpc/luca.cotugno/Foundation_model_clinical_data/.venv/lib/python3.12/site-packages/lifelines/utils/__init__.py:1120: ConvergenceWarning: Column Subclinical primary hyperthyroidism
(SCT) have very low variance when conditioned on death event present or not. This may harm convergence. This could be a form of 'complete separation'. For example, try the following code:

>>> events = df['__e__'].astype(bool)
>>> print(df.loc[events, 'Subclinical primary hyperthyroidism
(SCT)'].var())
>>> print(df.loc[~events, 'Subclinical primary hyperthyroidism
(SCT)'].var())

A very low variance means that the column Subclinical primary hyperthyroidism
(SCT) completely determines whether a subject dies or not. See https://stats.stackexchange.com/questions/11109/how-to-deal-with-perfect-separation-in-logistic-regression.

  warnings.warn(dedent(warning_text), ConvergenceWarning)
/scratch.hpc/luca.cotugno/Foundation_model_clinical_data/.venv/lib/python3.12/site-packages/lifelines/utils/__init__.py:1163: ConvergenceWarning: Column Subclinical primary hyperthyroidism
(SCT) has high sample correlation with the duration column. This may harm convergence. This could be a form of 'complete separation'.     See https://stats.stackexchange.com/questions/11109/how-to-deal-with-perfect-separation-in-logistic-regression

  warnings.warn(dedent(warning_text), ConvergenceWarning)
/scratch.hpc/luca.cotugno/Foundation_model_clinical_data/.venv/lib/python3.12/site-packages/lifelines/utils/__init__.py:1163: ConvergenceWarning: Column SindromeX has high sample correlation with the duration column. This may harm convergence. This could be a form of 'complete separation'.     See https://stats.stackexchange.com/questions/11109/how-to-deal-with-perfect-separation-in-logistic-regression

  warnings.warn(dedent(warning_text), ConvergenceWarning)
/scratch.hpc/luca.cotugno/Foundation_model_clinical_data/.venv/lib/python3.12/site-packages/lifelines/utils/__init__.py:1163: ConvergenceWarning: Column Non Fatal AMI (Follow-Up) has high sample correlation with the duration column. This may harm convergence. This could be a form of 'complete separation'.     See https://stats.stackexchange.com/questions/11109/how-to-deal-with-perfect-separation-in-logistic-regression

  warnings.warn(dedent(warning_text), ConvergenceWarning)
/scratch.hpc/luca.cotugno/Foundation_model_clinical_data/.venv/lib/python3.12/site-packages/lifelines/utils/__init__.py:1163: ConvergenceWarning: Column Non Fatal AMI (Follow-Up)_event has high sample correlation with the duration column. This may harm convergence. This could be a form of 'complete separation'.     See https://stats.stackexchange.com/questions/11109/how-to-deal-with-perfect-separation-in-logistic-regression

  warnings.warn(dedent(warning_text), ConvergenceWarning)
/scratch.hpc/luca.cotugno/Foundation_model_clinical_data/.venv/lib/python3.12/site-packages/lifelines/utils/__init__.py:1100: ConvergenceWarning: Column(s) ['Ipotiroidismo', 'SindromeX', 'MIN', 'Miocardite', 'Endocardite', 'EmboliaPolmonare'] have very low variance. This may harm convergence. 1) Are you using formula's? Did you mean to add '-1' to the end. 2) Try dropping this redundant column before fitting if convergence fails.

  warnings.warn(dedent(warning_text), ConvergenceWarning)
/scratch.hpc/luca.cotugno/Foundation_model_clinical_data/.venv/lib/python3.12/site-packages/lifelines/utils/__init__.py:797: RuntimeWarning: invalid value encountered in divide
  return (X - mean) / std
/scratch.hpc/luca.cotugno/Foundation_model_clinical_data/.venv/lib/python3.12/site-packages/lifelines/utils/__init__.py:1120: ConvergenceWarning: Column Normal have very low variance when conditioned on death event present or not. This may harm convergence. This could be a form of 'complete separation'. For example, try the following code:

>>> events = df['__e__'].astype(bool)
>>> print(df.loc[events, 'Normal'].var())
>>> print(df.loc[~events, 'Normal'].var())

A very low variance means that the column Normal completely determines whether a subject dies or not. See https://stats.stackexchange.com/questions/11109/how-to-deal-with-perfect-separation-in-logistic-regression.

  warnings.warn(dedent(warning_text), ConvergenceWarning)
/scratch.hpc/luca.cotugno/Foundation_model_clinical_data/.venv/lib/python3.12/site-packages/lifelines/utils/__init__.py:1163: ConvergenceWarning: Column Pericardite has high sample correlation with the duration column. This may harm convergence. This could be a form of 'complete separation'.     See https://stats.stackexchange.com/questions/11109/how-to-deal-with-perfect-separation-in-logistic-regression

  warnings.warn(dedent(warning_text), ConvergenceWarning)
/scratch.hpc/luca.cotugno/Foundation_model_clinical_data/.venv/lib/python3.12/site-packages/lifelines/utils/__init__.py:1163: ConvergenceWarning: Column Ictus has high sample correlation with the duration column. This may harm convergence. This could be a form of 'complete separation'.     See https://stats.stackexchange.com/questions/11109/how-to-deal-with-perfect-separation-in-logistic-regression

  warnings.warn(dedent(warning_text), ConvergenceWarning)
/scratch.hpc/luca.cotugno/Foundation_model_clinical_data/.venv/lib/python3.12/site-packages/lifelines/utils/__init__.py:1163: ConvergenceWarning: Column Ictus_event has high sample correlation with the duration column. This may harm convergence. This could be a form of 'complete separation'.     See https://stats.stackexchange.com/questions/11109/how-to-deal-with-perfect-separation-in-logistic-regression

  warnings.warn(dedent(warning_text), ConvergenceWarning)
/scratch.hpc/luca.cotugno/Foundation_model_clinical_data/.venv/lib/python3.12/site-packages/pycox/models/cox.py:231: RuntimeWarning: overflow encountered in exp
  .assign(expg=np.exp(self.predict(input, batch_size, True, eval_, num_workers=num_workers)))
/scratch.hpc/luca.cotugno/Foundation_model_clinical_data/.venv/lib/python3.12/site-packages/pycox/models/cox.py:251: RuntimeWarning: overflow encountered in exp
  expg = np.exp(self.predict(input, batch_size, True, eval_, num_workers=num_workers)).reshape(1, -1)
/scratch.hpc/luca.cotugno/Foundation_model_clinical_data/.venv/lib/python3.12/site-packages/pycox/models/cox.py:252: RuntimeWarning: invalid value encountered in dot
  return pd.DataFrame(bch.values.reshape(-1, 1).dot(expg),
/scratch.hpc/luca.cotugno/Foundation_model_clinical_data/.venv/lib/python3.12/site-packages/lifelines/utils/__init__.py:1100: ConvergenceWarning: Column(s) ['SindromeX', 'MIO', 'Endocardite'] have very low variance. This may harm convergence. 1) Are you using formula's? Did you mean to add '-1' to the end. 2) Try dropping this redundant column before fitting if convergence fails.

  warnings.warn(dedent(warning_text), ConvergenceWarning)
/scratch.hpc/luca.cotugno/Foundation_model_clinical_data/.venv/lib/python3.12/site-packages/lifelines/utils/__init__.py:797: RuntimeWarning: invalid value encountered in divide
  return (X - mean) / std
/scratch.hpc/luca.cotugno/Foundation_model_clinical_data/.venv/lib/python3.12/site-packages/lifelines/utils/__init__.py:1120: ConvergenceWarning: Column EPA have very low variance when conditioned on death event present or not. This may harm convergence. This could be a form of 'complete separation'. For example, try the following code:

>>> events = df['__e__'].astype(bool)
>>> print(df.loc[events, 'EPA'].var())
>>> print(df.loc[~events, 'EPA'].var())

A very low variance means that the column EPA completely determines whether a subject dies or not. See https://stats.stackexchange.com/questions/11109/how-to-deal-with-perfect-separation-in-logistic-regression.

  warnings.warn(dedent(warning_text), ConvergenceWarning)
/scratch.hpc/luca.cotugno/Foundation_model_clinical_data/.venv/lib/python3.12/site-packages/lifelines/utils/__init__.py:1100: ConvergenceWarning: Column(s) ['SindromeX', 'Endocardite', 'EmboliaPolmonare'] have very low variance. This may harm convergence. 1) Are you using formula's? Did you mean to add '-1' to the end. 2) Try dropping this redundant column before fitting if convergence fails.

  warnings.warn(dedent(warning_text), ConvergenceWarning)
/scratch.hpc/luca.cotugno/Foundation_model_clinical_data/.venv/lib/python3.12/site-packages/lifelines/utils/__init__.py:797: RuntimeWarning: invalid value encountered in divide
  return (X - mean) / std
/scratch.hpc/luca.cotugno/Foundation_model_clinical_data/.venv/lib/python3.12/site-packages/lifelines/utils/__init__.py:1120: ConvergenceWarning: Column Ictus have very low variance when conditioned on death event present or not. This may harm convergence. This could be a form of 'complete separation'. For example, try the following code:

>>> events = df['__e__'].astype(bool)
>>> print(df.loc[events, 'Ictus'].var())
>>> print(df.loc[~events, 'Ictus'].var())

A very low variance means that the column Ictus completely determines whether a subject dies or not. See https://stats.stackexchange.com/questions/11109/how-to-deal-with-perfect-separation-in-logistic-regression.

  warnings.warn(dedent(warning_text), ConvergenceWarning)
/scratch.hpc/luca.cotugno/Foundation_model_clinical_data/.venv/lib/python3.12/site-packages/lifelines/utils/__init__.py:1163: ConvergenceWarning: Column MIO has high sample correlation with the duration column. This may harm convergence. This could be a form of 'complete separation'.     See https://stats.stackexchange.com/questions/11109/how-to-deal-with-perfect-separation-in-logistic-regression

  warnings.warn(dedent(warning_text), ConvergenceWarning)
/scratch.hpc/luca.cotugno/Foundation_model_clinical_data/.venv/lib/python3.12/site-packages/lifelines/utils/__init__.py:1100: ConvergenceWarning: Column(s) ['SindromeX', 'Endocardite', 'Ictus', 'Ictus_event'] have very low variance. This may harm convergence. 1) Are you using formula's? Did you mean to add '-1' to the end. 2) Try dropping this redundant column before fitting if convergence fails.

  warnings.warn(dedent(warning_text), ConvergenceWarning)
/scratch.hpc/luca.cotugno/Foundation_model_clinical_data/.venv/lib/python3.12/site-packages/lifelines/utils/__init__.py:797: RuntimeWarning: invalid value encountered in divide
  return (X - mean) / std
/scratch.hpc/luca.cotugno/Foundation_model_clinical_data/.venv/lib/python3.12/site-packages/lifelines/utils/__init__.py:1120: ConvergenceWarning: Column EmboliaPolmonare have very low variance when conditioned on death event present or not. This may harm convergence. This could be a form of 'complete separation'. For example, try the following code:

>>> events = df['__e__'].astype(bool)
>>> print(df.loc[events, 'EmboliaPolmonare'].var())
>>> print(df.loc[~events, 'EmboliaPolmonare'].var())

A very low variance means that the column EmboliaPolmonare completely determines whether a subject dies or not. See https://stats.stackexchange.com/questions/11109/how-to-deal-with-perfect-separation-in-logistic-regression.

  warnings.warn(dedent(warning_text), ConvergenceWarning)
/scratch.hpc/luca.cotugno/Foundation_model_clinical_data/.venv/lib/python3.12/site-packages/lifelines/utils/__init__.py:1163: ConvergenceWarning: Column MIO has high sample correlation with the duration column. This may harm convergence. This could be a form of 'complete separation'.     See https://stats.stackexchange.com/questions/11109/how-to-deal-with-perfect-separation-in-logistic-regression

  warnings.warn(dedent(warning_text), ConvergenceWarning)
/scratch.hpc/luca.cotugno/Foundation_model_clinical_data/.venv/lib/python3.12/site-packages/lifelines/fitters/coxph_fitter.py:1614: ConvergenceWarning: Newton-Raphson failed to converge sufficiently. Please see the following tips in the lifelines documentation: https://lifelines.readthedocs.io/en/latest/Examples.html#problems-with-convergence-in-the-cox-proportional-hazard-model
  warnings.warn(
/scratch.hpc/luca.cotugno/Foundation_model_clinical_data/.venv/lib/python3.12/site-packages/lifelines/utils/__init__.py:1100: ConvergenceWarning: Column(s) ['EmboliaPolmonare'] have very low variance. This may harm convergence. 1) Are you using formula's? Did you mean to add '-1' to the end. 2) Try dropping this redundant column before fitting if convergence fails.

  warnings.warn(dedent(warning_text), ConvergenceWarning)
/scratch.hpc/luca.cotugno/Foundation_model_clinical_data/.venv/lib/python3.12/site-packages/lifelines/utils/__init__.py:797: RuntimeWarning: invalid value encountered in divide
  return (X - mean) / std
/scratch.hpc/luca.cotugno/Foundation_model_clinical_data/.venv/lib/python3.12/site-packages/lifelines/utils/__init__.py:1120: ConvergenceWarning: Column Endocardite have very low variance when conditioned on death event present or not. This may harm convergence. This could be a form of 'complete separation'. For example, try the following code:

>>> events = df['__e__'].astype(bool)
>>> print(df.loc[events, 'Endocardite'].var())
>>> print(df.loc[~events, 'Endocardite'].var())

A very low variance means that the column Endocardite completely determines whether a subject dies or not. See https://stats.stackexchange.com/questions/11109/how-to-deal-with-perfect-separation-in-logistic-regression.

  warnings.warn(dedent(warning_text), ConvergenceWarning)
/scratch.hpc/luca.cotugno/Foundation_model_clinical_data/.venv/lib/python3.12/site-packages/lifelines/utils/__init__.py:1100: ConvergenceWarning: Column(s) ['Miocardite'] have very low variance. This may harm convergence. 1) Are you using formula's? Did you mean to add '-1' to the end. 2) Try dropping this redundant column before fitting if convergence fails.

  warnings.warn(dedent(warning_text), ConvergenceWarning)
/scratch.hpc/luca.cotugno/Foundation_model_clinical_data/.venv/lib/python3.12/site-packages/lifelines/utils/__init__.py:797: RuntimeWarning: invalid value encountered in divide
  return (X - mean) / std
/scratch.hpc/luca.cotugno/Foundation_model_clinical_data/.venv/lib/python3.12/site-packages/lifelines/utils/__init__.py:1120: ConvergenceWarning: Column EmboliaPolmonare have very low variance when conditioned on death event present or not. This may harm convergence. This could be a form of 'complete separation'. For example, try the following code:

>>> events = df['__e__'].astype(bool)
>>> print(df.loc[events, 'EmboliaPolmonare'].var())
>>> print(df.loc[~events, 'EmboliaPolmonare'].var())

A very low variance means that the column EmboliaPolmonare completely determines whether a subject dies or not. See https://stats.stackexchange.com/questions/11109/how-to-deal-with-perfect-separation-in-logistic-regression.

  warnings.warn(dedent(warning_text), ConvergenceWarning)
/scratch.hpc/luca.cotugno/Foundation_model_clinical_data/.venv/lib/python3.12/site-packages/lifelines/utils/__init__.py:1100: ConvergenceWarning: Column(s) ['MIO'] have very low variance. This may harm convergence. 1) Are you using formula's? Did you mean to add '-1' to the end. 2) Try dropping this redundant column before fitting if convergence fails.

  warnings.warn(dedent(warning_text), ConvergenceWarning)
/scratch.hpc/luca.cotugno/Foundation_model_clinical_data/.venv/lib/python3.12/site-packages/lifelines/utils/__init__.py:797: RuntimeWarning: invalid value encountered in divide
  return (X - mean) / std
/scratch.hpc/luca.cotugno/Foundation_model_clinical_data/.venv/lib/python3.12/site-packages/lifelines/utils/__init__.py:1120: ConvergenceWarning: Column Normal have very low variance when conditioned on death event present or not. This may harm convergence. This could be a form of 'complete separation'. For example, try the following code:

>>> events = df['__e__'].astype(bool)
>>> print(df.loc[events, 'Normal'].var())
>>> print(df.loc[~events, 'Normal'].var())

A very low variance means that the column Normal completely determines whether a subject dies or not. See https://stats.stackexchange.com/questions/11109/how-to-deal-with-perfect-separation-in-logistic-regression.

  warnings.warn(dedent(warning_text), ConvergenceWarning)
/scratch.hpc/luca.cotugno/Foundation_model_clinical_data/.venv/lib/python3.12/site-packages/lifelines/fitters/coxph_fitter.py:1614: ConvergenceWarning: Newton-Raphson failed to converge sufficiently. Please see the following tips in the lifelines documentation: https://lifelines.readthedocs.io/en/latest/Examples.html#problems-with-convergence-in-the-cox-proportional-hazard-model
  warnings.warn(
/scratch.hpc/luca.cotugno/Foundation_model_clinical_data/test_sample_size.py:471: RuntimeWarning: Mean of empty slice
  "train_mean":    np.nanmean(tr_vals),
/scratch.hpc/luca.cotugno/Foundation_model_clinical_data/.venv/lib/python3.12/site-packages/numpy/lib/_nanfunctions_impl.py:1997: RuntimeWarning: Degrees of freedom <= 0 for slice.
  var = nanvar(a, axis=axis, dtype=dtype, out=out, ddof=ddof,
/scratch.hpc/luca.cotugno/Foundation_model_clinical_data/test_sample_size.py:473: RuntimeWarning: Mean of empty slice
  "test_mean":     np.nanmean(te_vals),
/scratch.hpc/luca.cotugno/Foundation_model_clinical_data/.venv/lib/python3.12/site-packages/lifelines/utils/__init__.py:990: ConvergenceWarning: Your dataset has more variables than samples. Even with a penalizer (which you must use), convergence is not guaranteed.

  warnings.warn(warning_text, ConvergenceWarning)
/scratch.hpc/luca.cotugno/Foundation_model_clinical_data/.venv/lib/python3.12/site-packages/lifelines/fitters/coxph_fitter.py:1614: ConvergenceWarning: Newton-Raphson failed to converge sufficiently. Please see the following tips in the lifelines documentation: https://lifelines.readthedocs.io/en/latest/Examples.html#problems-with-convergence-in-the-cox-proportional-hazard-model
  warnings.warn(
/scratch.hpc/luca.cotugno/Foundation_model_clinical_data/test_sample_size.py:471: RuntimeWarning: Mean of empty slice
  "train_mean":    np.nanmean(tr_vals),
/scratch.hpc/luca.cotugno/Foundation_model_clinical_data/.venv/lib/python3.12/site-packages/numpy/lib/_nanfunctions_impl.py:1997: RuntimeWarning: Degrees of freedom <= 0 for slice.
  var = nanvar(a, axis=axis, dtype=dtype, out=out, ddof=ddof,
/scratch.hpc/luca.cotugno/Foundation_model_clinical_data/test_sample_size.py:473: RuntimeWarning: Mean of empty slice
  "test_mean":     np.nanmean(te_vals),
Model:        tabpfn
Seed:         123
Sample sizes: [100, 500, 1000, 2500, 5000, 10000, 15000]

######################################################################
Dataset: OrmoniTirodei
######################################################################

============================================================
Preprocess: -1
============================================================
Loading existing folds from tmp/splits/OrmoniTirodei_seed123.pkl

--- Sample size: 100 ---
  Fold 1: train=100, test=1291
  Embedding shape: (100, 192)
  [tabpfn+DS-simple]  train=0.9407  test=0.7462
  [tabpfn+DS-vanilla] train=0.9398  test=0.7412
  [tabpfn+RSF]        train=0.9557  test=0.7412
  [tabpfn+Cox]        train=0.9685  test=0.7457
  [DS-simple]         train=0.5769  test=0.4903
  [DS-vanilla]        train=0.6858  test=0.5733
  [RSF]               train=0.9501  test=0.7569
    Cox fit failed: Convergence halted due to matrix inversion problems. Suspicion is high collinearity. Please see the following tips in the lifelines documentation: https://lifelines.readthedocs.io/en/latest/Examples.html#problems-with-convergence-in-the-cox-proportional-hazard-modelMatrix is singular.
  [Cox]               train=nan  test=nan
  Fold 2: train=100, test=1291
  Embedding shape: (100, 192)
  [tabpfn+DS-simple]  train=0.9019  test=0.7462
  [tabpfn+DS-vanilla] train=0.8942  test=0.7410
  [tabpfn+RSF]        train=0.9327  test=0.7162
  [tabpfn+Cox]        train=0.9466  test=0.3447
  [DS-simple]         train=0.8413  test=0.7071
  [DS-vanilla]        train=0.8069  test=0.6792
  [RSF]               train=0.9414  test=0.7123
    Cox fit failed: Convergence halted due to matrix inversion problems. Suspicion is high collinearity. Please see the following tips in the lifelines documentation: https://lifelines.readthedocs.io/en/latest/Examples.html#problems-with-convergence-in-the-cox-proportional-hazard-modelMatrix is singular.
  [Cox]               train=nan  test=nan
  Fold 3: train=100, test=1290
  Embedding shape: (100, 192)
  [tabpfn+DS-simple]  train=0.8915  test=0.7061
  [tabpfn+DS-vanilla] train=0.8915  test=0.7055
  [tabpfn+RSF]        train=0.9266  test=0.6876
  [tabpfn+Cox]        train=0.9315  test=0.7140
  [DS-simple]         train=0.4481  test=0.4785
  [DS-vanilla]        train=0.8333  test=0.6621
  [RSF]               train=0.9199  test=0.6782
    Cox fit failed: Convergence halted due to matrix inversion problems. Suspicion is high collinearity. Please see the following tips in the lifelines documentation: https://lifelines.readthedocs.io/en/latest/Examples.html#problems-with-convergence-in-the-cox-proportional-hazard-modelMatrix is singular.
  [Cox]               train=nan  test=nan
  Fold 4: train=100, test=1290
  Embedding shape: (100, 192)
  [tabpfn+DS-simple]  train=0.9084  test=0.7368
  [tabpfn+DS-vanilla] train=0.9088  test=0.7430
  [tabpfn+RSF]        train=0.9379  test=0.7326
  [tabpfn+Cox]        train=0.9448  test=0.6731
  [DS-simple]         train=0.8365  test=0.7153
  [DS-vanilla]        train=0.8745  test=0.7087
  [RSF]               train=0.9191  test=0.7417
    Cox fit failed: Convergence halted due to matrix inversion problems. Suspicion is high collinearity. Please see the following tips in the lifelines documentation: https://lifelines.readthedocs.io/en/latest/Examples.html#problems-with-convergence-in-the-cox-proportional-hazard-modelMatrix is singular.
  [Cox]               train=nan  test=nan
  Fold 5: train=100, test=1290
  Embedding shape: (100, 192)
  [tabpfn+DS-simple]  train=0.9385  test=0.7024
  [tabpfn+DS-vanilla] train=0.9213  test=0.7139
  [tabpfn+RSF]        train=0.9440  test=0.6364
  [tabpfn+Cox]        train=0.9590  test=0.4639
  [DS-simple]         train=0.8283  test=0.6579
  [DS-vanilla]        train=0.7716  test=0.6388
  [RSF]               train=0.8999  test=0.7191
    Cox fit failed: Convergence halted due to matrix inversion problems. Suspicion is high collinearity. Please see the following tips in the lifelines documentation: https://lifelines.readthedocs.io/en/latest/Examples.html#problems-with-convergence-in-the-cox-proportional-hazard-modelMatrix is singular.
  [Cox]               train=nan  test=nan

--- Sample size: 500 ---
  Fold 1: train=500, test=1291
  Embedding shape: (500, 192)
  [tabpfn+DS-simple]  train=0.9058  test=0.7831
  [tabpfn+DS-vanilla] train=0.9210  test=0.7841
  [tabpfn+RSF]        train=0.9479  test=0.7786
  [tabpfn+Cox]        train=0.6880  test=0.2350
  [DS-simple]         train=0.8315  test=0.7566
  [DS-vanilla]        train=0.8194  test=0.7149
  [RSF]               train=0.9170  test=0.7825
    Cox fit failed: Convergence halted due to matrix inversion problems. Suspicion is high collinearity. Please see the following tips in the lifelines documentation: https://lifelines.readthedocs.io/en/latest/Examples.html#problems-with-convergence-in-the-cox-proportional-hazard-modelMatrix is singular.
  [Cox]               train=nan  test=nan
  Fold 2: train=500, test=1291
  Embedding shape: (500, 192)
  [tabpfn+DS-simple]  train=0.8972  test=0.7749
  [tabpfn+DS-vanilla] train=0.9103  test=0.7700
  [tabpfn+RSF]        train=0.9546  test=0.7397
  [tabpfn+Cox]        train=0.9266  test=0.5918
  [DS-simple]         train=0.6631  test=0.6474
  [DS-vanilla]        train=0.8172  test=0.7540
  [RSF]               train=0.9156  test=0.7542
    Cox fit failed: Convergence halted due to matrix inversion problems. Suspicion is high collinearity. Please see the following tips in the lifelines documentation: https://lifelines.readthedocs.io/en/latest/Examples.html#problems-with-convergence-in-the-cox-proportional-hazard-modelMatrix is singular.
  [Cox]               train=nan  test=nan
  Fold 3: train=500, test=1290
  Embedding shape: (500, 192)
  [tabpfn+DS-simple]  train=0.8991  test=0.7659
  [tabpfn+DS-vanilla] train=0.9073  test=0.7647
  [tabpfn+RSF]        train=0.9477  test=0.7292
  [tabpfn+Cox]        train=0.9154  test=0.6361
  [DS-simple]         train=0.8123  test=0.7514
  [DS-vanilla]        train=0.8106  test=0.7293
  [RSF]               train=0.9018  test=0.7601
    Cox fit failed: Convergence halted due to matrix inversion problems. Suspicion is high collinearity. Please see the following tips in the lifelines documentation: https://lifelines.readthedocs.io/en/latest/Examples.html#problems-with-convergence-in-the-cox-proportional-hazard-modelMatrix is singular.
  [Cox]               train=nan  test=nan
  Fold 4: train=500, test=1290
  Embedding shape: (500, 192)
  [tabpfn+DS-simple]  train=0.9115  test=0.7882
  [tabpfn+DS-vanilla] train=0.9156  test=0.7897
  [tabpfn+RSF]        train=0.9531  test=0.7794
  [tabpfn+Cox]        train=0.9305  test=0.7403
  [DS-simple]         train=0.8407  test=0.7827
  [DS-vanilla]        train=0.8097  test=0.7603
  [RSF]               train=0.9220  test=0.7802
  [Cox]               train=0.8458  test=0.7794
  Fold 5: train=500, test=1290
  Embedding shape: (500, 192)
  [tabpfn+DS-simple]  train=0.9142  test=0.7816
  [tabpfn+DS-vanilla] train=0.9189  test=0.7886
  [tabpfn+RSF]        train=0.9600  test=0.7471
  [tabpfn+Cox]        train=0.9364  test=0.7636
  [DS-simple]         train=0.7896  test=0.7588
  [DS-vanilla]        train=0.7680  test=0.7460
  [RSF]               train=0.9194  test=0.7709
  [Cox]               train=0.8103  test=0.7665

--- Sample size: 1000 ---
  Fold 1: train=1000, test=1291
  Embedding shape: (1000, 192)
  [tabpfn+DS-simple]  train=0.9151  test=0.7815
  [tabpfn+DS-vanilla] train=0.9162  test=0.7791
  [tabpfn+RSF]        train=0.9570  test=0.7823
  [tabpfn+Cox]        train=0.9285  test=0.7483
  [DS-simple]         train=0.8260  test=0.7733
  [DS-vanilla]        train=0.8094  test=0.7468
  [RSF]               train=0.9198  test=0.7847
  [Cox]               train=0.8261  test=0.7722
  Fold 2: train=1000, test=1291
  Embedding shape: (1000, 192)
  [tabpfn+DS-simple]  train=0.9071  test=0.7874
  [tabpfn+DS-vanilla] train=0.9117  test=0.7798
  [tabpfn+RSF]        train=0.9584  test=0.7606
  [tabpfn+Cox]        train=0.9204  test=0.7462
  [DS-simple]         train=0.8040  test=0.7830
  [DS-vanilla]        train=0.8156  test=0.7839
  [RSF]               train=0.9160  test=0.7786
  [Cox]               train=0.8036  test=0.7843
  Fold 3: train=1000, test=1290
  Embedding shape: (1000, 192)
  [tabpfn+DS-simple]  train=0.9026  test=0.7692
  [tabpfn+DS-vanilla] train=0.9127  test=0.7659
  [tabpfn+RSF]        train=0.9559  test=0.7665
  [tabpfn+Cox]        train=0.9194  test=0.5114
  [DS-simple]         train=0.8096  test=0.7704
  [DS-vanilla]        train=0.8181  test=0.7534
  [RSF]               train=0.9050  test=0.7650
  [Cox]               train=0.8090  test=0.7727
  Fold 4: train=1000, test=1290
  Embedding shape: (1000, 192)
  [tabpfn+DS-simple]  train=0.9038  test=0.7877
  [tabpfn+DS-vanilla] train=0.9065  test=0.7847
  [tabpfn+RSF]        train=0.9584  test=0.7381
  [tabpfn+Cox]        train=0.9197  test=0.6666
  [DS-simple]         train=0.7944  test=0.7813
  [DS-vanilla]        train=0.8056  test=0.7719
  [RSF]               train=0.9136  test=0.7913
  [Cox]               train=0.8130  test=0.7851
  Fold 5: train=1000, test=1290
  Embedding shape: (1000, 192)
  [tabpfn+DS-simple]  train=0.9098  test=0.7796
  [tabpfn+DS-vanilla] train=0.9185  test=0.7815
  [tabpfn+RSF]        train=0.9616  test=0.7707
  [tabpfn+Cox]        train=0.9251  test=0.7540
  [DS-simple]         train=0.7916  test=0.7632
  [DS-vanilla]        train=0.8053  test=0.7663
  [RSF]               train=0.9122  test=0.7730
  [Cox]               train=0.7908  test=0.7791

--- Sample size: 2500 ---
  Fold 1: train=2500, test=1291
  Embedding shape: (2500, 192)
  [tabpfn+DS-simple]  train=0.9098  test=0.7856
  [tabpfn+DS-vanilla] train=0.9143  test=0.7829
  [tabpfn+RSF]        train=0.9559  test=0.7754
  [tabpfn+Cox]        train=0.9201  test=0.7673
  [DS-simple]         train=0.7969  test=0.7829
  [DS-vanilla]        train=0.8112  test=0.7736
  [RSF]               train=0.9103  test=0.7877
  [Cox]               train=0.8067  test=0.7856
  Fold 2: train=2500, test=1291
  Embedding shape: (2500, 192)
  [tabpfn+DS-simple]  train=0.9074  test=0.7931
  [tabpfn+DS-vanilla] train=0.9125  test=0.7908
  [tabpfn+RSF]        train=0.9553  test=0.7854
  [tabpfn+Cox]        train=0.9206  test=0.7663
  [DS-simple]         train=0.7989  test=0.7870
  [DS-vanilla]        train=0.8193  test=0.7974
  [RSF]               train=0.9084  test=0.7900
  [Cox]               train=0.8062  test=0.7939
  Fold 3: train=2500, test=1290
  Embedding shape: (2500, 192)
  [tabpfn+DS-simple]  train=0.8987  test=0.7797
  [tabpfn+DS-vanilla] train=0.9139  test=0.7715
  [tabpfn+RSF]        train=0.9567  test=0.7774
  [tabpfn+Cox]        train=0.9194  test=0.7783
  [DS-simple]         train=0.7858  test=0.7619
  [DS-vanilla]        train=0.8088  test=0.7680
  [RSF]               train=0.9082  test=0.7810
  [Cox]               train=0.7991  test=0.7838
  Fold 4: train=2500, test=1290
  Embedding shape: (2500, 192)
  [tabpfn+DS-simple]  train=0.9072  test=0.8004
  [tabpfn+DS-vanilla] train=0.9055  test=0.8001
  [tabpfn+RSF]        train=0.9597  test=0.7931
  [tabpfn+Cox]        train=0.9209  test=0.7679
  [DS-simple]         train=0.8006  test=0.7973
  [DS-vanilla]        train=0.8100  test=0.7956
  [RSF]               train=0.9071  test=0.7993
  [Cox]               train=0.8014  test=0.7965
  Fold 5: train=2500, test=1290
  Embedding shape: (2500, 192)
  [tabpfn+DS-simple]  train=0.9121  test=0.7862
  [tabpfn+DS-vanilla] train=0.9068  test=0.7868
  [tabpfn+RSF]        train=0.9575  test=0.7874
  [tabpfn+Cox]        train=0.9115  test=0.7881
  [DS-simple]         train=0.7688  test=0.7854
  [DS-vanilla]        train=0.7896  test=0.7889
  [RSF]               train=0.9054  test=0.7961
  [Cox]               train=0.7849  test=0.8003

--- Sample size: 5000 ---
  Fold 1: train=5000, test=1291
  Embedding shape: (5000, 192)
  [tabpfn+DS-simple]  train=0.8941  test=0.7872
  [tabpfn+DS-vanilla] train=0.9152  test=0.7867
  [tabpfn+RSF]        train=0.9595  test=0.7862
  [tabpfn+Cox]        train=0.9196  test=0.7819
  [DS-simple]         train=0.7842  test=0.7779
  [DS-vanilla]        train=0.8087  test=0.7844
  [RSF]               train=0.9100  test=0.7946
  [Cox]               train=0.8013  test=0.7875
  Fold 2: train=5000, test=1291
  Embedding shape: (5000, 192)
  [tabpfn+DS-simple]  train=0.8927  test=0.7893
  [tabpfn+DS-vanilla] train=0.9104  test=0.7889
  [tabpfn+RSF]        train=0.9591  test=0.7921
  [tabpfn+Cox]        train=0.9200  test=0.7591
  [DS-simple]         train=0.7813  test=0.7850
  [DS-vanilla]        train=0.8066  test=0.7990
  [RSF]               train=0.9070  test=0.7928
  [Cox]               train=0.7996  test=0.7984
  Fold 3: train=5000, test=1290
  Embedding shape: (5000, 192)
  [tabpfn+DS-simple]  train=0.8896  test=0.7832
  [tabpfn+DS-vanilla] train=0.9052  test=0.7819
  [tabpfn+RSF]        train=0.9597  test=0.7774
  [tabpfn+Cox]        train=0.9213  test=0.7808
  [DS-simple]         train=0.7979  test=0.7789
  [DS-vanilla]        train=0.8014  test=0.7734
  [RSF]               train=0.9120  test=0.7794
  [Cox]               train=0.8008  test=0.7841
  Fold 4: train=5000, test=1290
  Embedding shape: (5000, 192)
  [tabpfn+DS-simple]  train=0.9144  test=0.8004
  [tabpfn+DS-vanilla] train=0.9141  test=0.7963
  [tabpfn+RSF]        train=0.9581  test=0.7949
  [tabpfn+Cox]        train=0.9169  test=0.7978
  [DS-simple]         train=0.7885  test=0.7873
  [DS-vanilla]        train=0.7936  test=0.7966
  [RSF]               train=0.9084  test=0.8094
  [Cox]               train=0.7993  test=0.8021
  Fold 5: train=5000, test=1290
  Embedding shape: (5000, 192)
  [tabpfn+DS-simple]  train=0.8908  test=0.7854
  [tabpfn+DS-vanilla] train=0.9088  test=0.7913
  [tabpfn+RSF]        train=0.9578  test=0.7852
  [tabpfn+Cox]        train=0.9188  test=0.7915
  [DS-simple]         train=0.7984  test=0.7981
  [DS-vanilla]        train=0.8099  test=0.7990
  [RSF]               train=0.9070  test=0.8030
  [Cox]               train=0.8001  test=0.8025

--- Sample size: 10000 ---
  Fold 1: train=5161, test=1291
  Embedding shape: (5161, 192)
  [tabpfn+DS-simple]  train=0.9192  test=0.7870
  [tabpfn+DS-vanilla] train=0.9162  test=0.7611
  [tabpfn+RSF]        train=0.9596  test=0.7863
  [tabpfn+Cox]        train=0.9186  test=0.7781
  [DS-simple]         train=0.7844  test=0.7828
  [DS-vanilla]        train=0.8050  test=0.7858
  [RSF]               train=0.9083  test=0.7925
  [Cox]               train=0.8011  test=0.7873
  Fold 2: train=5161, test=1291
  Embedding shape: (5161, 192)
  [tabpfn+DS-simple]  train=0.8945  test=0.7961
  [tabpfn+DS-vanilla] train=0.9034  test=0.7827
  [tabpfn+RSF]        train=0.9586  test=0.7951
  [tabpfn+Cox]        train=0.9199  test=0.7640
  [DS-simple]         train=0.7799  test=0.7838
  [DS-vanilla]        train=0.8031  test=0.7966
  [RSF]               train=0.9092  test=0.7914
  [Cox]               train=0.8003  test=0.7982
  Fold 3: train=5162, test=1290
  Embedding shape: (5162, 192)
  [tabpfn+DS-simple]  train=0.9202  test=0.7846
  [tabpfn+DS-vanilla] train=0.9162  test=0.7461
  [tabpfn+RSF]        train=0.9597  test=0.7773
  [tabpfn+Cox]        train=0.9210  test=0.7815
  [DS-simple]         train=0.7816  test=0.7710
  [DS-vanilla]        train=0.8146  test=0.7770
  [RSF]               train=0.9105  test=0.7790
  [Cox]               train=0.8032  test=0.7835
  Fold 4: train=5162, test=1290
  Embedding shape: (5162, 192)
  [tabpfn+DS-simple]  train=0.9167  test=0.8014
  [tabpfn+DS-vanilla] train=0.9131  test=0.7815
  [tabpfn+RSF]        train=0.9586  test=0.7803
  [tabpfn+Cox]        train=0.9180  test=0.7956
  [DS-simple]         train=0.7889  test=0.7932
  [DS-vanilla]        train=0.8071  test=0.8002
  [RSF]               train=0.9062  test=0.8080
  [Cox]               train=0.7981  test=0.8023
  Fold 5: train=5162, test=1290
  Embedding shape: (5162, 192)
  [tabpfn+DS-simple]  train=0.8973  test=0.7894
  [tabpfn+DS-vanilla] train=0.9148  test=0.7957
  [tabpfn+RSF]        train=0.9589  test=0.7902
  [tabpfn+Cox]        train=0.9182  test=0.7957
  [DS-simple]         train=0.7808  test=0.7773
  [DS-vanilla]        train=0.8092  test=0.7983
  [RSF]               train=0.9074  test=0.8052
  [Cox]               train=0.7999  test=0.8029

--- Sample size: 15000 skipped (actual train size 5161 already processed) ---

============================================================
Preprocess: NaN
============================================================
Loading existing folds from tmp/splits/OrmoniTirodei_seed123.pkl

--- Sample size: 100 ---
  Fold 1: train=100, test=1291
  Embedding shape: (100, 192)
  [tabpfn+DS-simple]  train=0.9447  test=0.7640
  [tabpfn+DS-vanilla] train=0.9416  test=0.7577
  [tabpfn+RSF]        train=0.9458  test=0.7497
  [tabpfn+Cox]        train=0.9681  test=0.7684
  Fold 2: train=100, test=1291
  Embedding shape: (100, 192)
  [tabpfn+DS-simple]  train=0.9070  test=0.7408
  [tabpfn+DS-vanilla] train=0.9076  test=0.7432
  [tabpfn+RSF]        train=0.9471  test=0.7024
  [tabpfn+Cox]        train=0.9363  test=0.6777
  Fold 3: train=100, test=1290
  Embedding shape: (100, 192)
  [tabpfn+DS-simple]  train=0.8919  test=0.7059
  [tabpfn+DS-vanilla] train=0.8994  test=0.7062
  [tabpfn+RSF]        train=0.9320  test=0.6820
  [tabpfn+Cox]        train=0.9320  test=0.7102
  Fold 4: train=100, test=1290
  Embedding shape: (100, 192)
  [tabpfn+DS-simple]  train=0.9072  test=0.7415
  [tabpfn+DS-vanilla] train=0.9133  test=0.7306
  [tabpfn+RSF]        train=0.9278  test=0.7296
  [tabpfn+Cox]        train=0.9452  test=0.6476
  Fold 5: train=100, test=1290
  Embedding shape: (100, 192)
  [tabpfn+DS-simple]  train=0.8894  test=0.6571
  [tabpfn+DS-vanilla] train=0.9070  test=0.6744
  [tabpfn+RSF]        train=0.9425  test=0.6203
  [tabpfn+Cox]        train=0.9609  test=0.5951

--- Sample size: 500 ---
  Fold 1: train=500, test=1291
  Embedding shape: (500, 192)
  [tabpfn+DS-simple]  train=0.9124  test=0.7833
  [tabpfn+DS-vanilla] train=0.9239  test=0.7850
  [tabpfn+RSF]        train=0.9477  test=0.7748
  [tabpfn+Cox]        train=0.5238  test=0.2385
  Fold 2: train=500, test=1291
  Embedding shape: (500, 192)
  [tabpfn+DS-simple]  train=0.8948  test=0.7848
  [tabpfn+DS-vanilla] train=0.9085  test=0.7826
  [tabpfn+RSF]        train=0.9570  test=0.7499
  [tabpfn+Cox]        train=0.9287  test=0.7070
  Fold 3: train=500, test=1290
  Embedding shape: (500, 192)
  [tabpfn+DS-simple]  train=0.8972  test=0.7745
  [tabpfn+DS-vanilla] train=0.9033  test=0.7740
  [tabpfn+RSF]        train=0.9501  test=0.7544
  [tabpfn+Cox]        train=0.9195  test=0.6272
  Fold 4: train=500, test=1290
  Embedding shape: (500, 192)
  [tabpfn+DS-simple]  train=0.9122  test=0.7893
  [tabpfn+DS-vanilla] train=0.9227  test=0.7899
  [tabpfn+RSF]        train=0.9533  test=0.7748
  [tabpfn+Cox]        train=0.9321  test=0.7852
  Fold 5: train=500, test=1290
  Embedding shape: (500, 192)
  [tabpfn+DS-simple]  train=0.9215  test=0.7892
  [tabpfn+DS-vanilla] train=0.9297  test=0.7859
  [tabpfn+RSF]        train=0.9597  test=0.7587
  [tabpfn+Cox]        train=0.9374  test=0.7749

--- Sample size: 1000 ---
  Fold 1: train=1000, test=1291
  Embedding shape: (1000, 192)
  [tabpfn+DS-simple]  train=0.9190  test=0.7826
  [tabpfn+DS-vanilla] train=0.9251  test=0.7750
  [tabpfn+RSF]        train=0.9555  test=0.7756
  [tabpfn+Cox]        train=0.9295  test=0.7543
  Fold 2: train=1000, test=1291
  Embedding shape: (1000, 192)
  [tabpfn+DS-simple]  train=0.9015  test=0.7920
  [tabpfn+DS-vanilla] train=0.9124  test=0.7817
  [tabpfn+RSF]        train=0.9568  test=0.7755
  [tabpfn+Cox]        train=0.9209  test=0.7713
  Fold 3: train=1000, test=1290
  Embedding shape: (1000, 192)
  [tabpfn+DS-simple]  train=0.9015  test=0.7719
  [tabpfn+DS-vanilla] train=0.9090  test=0.7598
  [tabpfn+RSF]        train=0.9540  test=0.7664
  [tabpfn+Cox]        train=0.9171  test=0.3355
  Fold 4: train=1000, test=1290
  Embedding shape: (1000, 192)
  [tabpfn+DS-simple]  train=0.9056  test=0.7916
  [tabpfn+DS-vanilla] train=0.9148  test=0.7926
  [tabpfn+RSF]        train=0.9569  test=0.7793
  [tabpfn+Cox]        train=0.9184  test=0.7256
  Fold 5: train=1000, test=1290
  Embedding shape: (1000, 192)
  [tabpfn+DS-simple]  train=0.9082  test=0.7811
  [tabpfn+DS-vanilla] train=0.9091  test=0.7885
  [tabpfn+RSF]        train=0.9602  test=0.7706
  [tabpfn+Cox]        train=0.9196  test=0.7752

--- Sample size: 2500 ---
  Fold 1: train=2500, test=1291
  Embedding shape: (2500, 192)
  [tabpfn+DS-simple]  train=0.8993  test=0.7850
  [tabpfn+DS-vanilla] train=0.9131  test=0.7824
  [tabpfn+RSF]        train=0.9574  test=0.7746
  [tabpfn+Cox]        train=0.9209  test=0.7721
  Fold 2: train=2500, test=1291
  Embedding shape: (2500, 192)
  [tabpfn+DS-simple]  train=0.9078  test=0.7941
  [tabpfn+DS-vanilla] train=0.9166  test=0.7948
  [tabpfn+RSF]        train=0.9565  test=0.7848
  [tabpfn+Cox]        train=0.9214  test=0.7705
  Fold 3: train=2500, test=1290
  Embedding shape: (2500, 192)
  [tabpfn+DS-simple]  train=0.9044  test=0.7819
  [tabpfn+DS-vanilla] train=0.9110  test=0.7805
  [tabpfn+RSF]        train=0.9558  test=0.7724
  [tabpfn+Cox]        train=0.9174  test=0.7540
  Fold 4: train=2500, test=1290
  Embedding shape: (2500, 192)
  [tabpfn+DS-simple]  train=0.9045  test=0.8015
  [tabpfn+DS-vanilla] train=0.9181  test=0.7922
  [tabpfn+RSF]        train=0.9576  test=0.7880
  [tabpfn+Cox]        train=0.9203  test=0.7999
  Fold 5: train=2500, test=1290
  Embedding shape: (2500, 192)
  [tabpfn+DS-simple]  train=0.8909  test=0.7860
  [tabpfn+DS-vanilla] train=0.9059  test=0.7820
  [tabpfn+RSF]        train=0.9592  test=0.7869
  [tabpfn+Cox]        train=0.9089  test=0.7916

--- Sample size: 5000 ---
  Fold 1: train=5000, test=1291
  Embedding shape: (5000, 192)
  [tabpfn+DS-simple]  train=0.8990  test=0.7905
  [tabpfn+DS-vanilla] train=0.9151  test=0.7863
  [tabpfn+RSF]        train=0.9587  test=0.7754
  [tabpfn+Cox]        train=0.9206  test=0.7799
  Fold 2: train=5000, test=1291
  Embedding shape: (5000, 192)
  [tabpfn+DS-simple]  train=0.8899  test=0.7924
  [tabpfn+DS-vanilla] train=0.9165  test=0.7995
  [tabpfn+RSF]        train=0.9591  test=0.7864
  [tabpfn+Cox]        train=0.9174  test=0.7874
  Fold 3: train=5000, test=1290
  Embedding shape: (5000, 192)
  [tabpfn+DS-simple]  train=0.9168  test=0.7851
  [tabpfn+DS-vanilla] train=0.9142  test=0.7807
  [tabpfn+RSF]        train=0.9595  test=0.7793
  [tabpfn+Cox]        train=0.9204  test=0.7851
  Fold 4: train=5000, test=1290
  Embedding shape: (5000, 192)
  [tabpfn+DS-simple]  train=0.9202  test=0.8037
  [tabpfn+DS-vanilla] train=0.9169  test=0.7977
  [tabpfn+RSF]        train=0.9581  test=0.7962
  [tabpfn+Cox]        train=0.9178  test=0.8050
  Fold 5: train=5000, test=1290
  Embedding shape: (5000, 192)
  [tabpfn+DS-simple]  train=0.9115  test=0.7896
  [tabpfn+DS-vanilla] train=0.9132  test=0.7836
  [tabpfn+RSF]        train=0.9583  test=0.7848
  [tabpfn+Cox]        train=0.9180  test=0.7914

--- Sample size: 10000 ---
  Fold 1: train=5161, test=1291
  Embedding shape: (5161, 192)
  [tabpfn+DS-simple]  train=0.8995  test=0.7890
  [tabpfn+DS-vanilla] train=0.9176  test=0.7867
  [tabpfn+RSF]        train=0.9587  test=0.7807
  [tabpfn+Cox]        train=0.9196  test=0.7813
  Fold 2: train=5161, test=1291
  Embedding shape: (5161, 192)
  [tabpfn+DS-simple]  train=0.8927  test=0.7946
  [tabpfn+DS-vanilla] train=0.9154  test=0.7909
  [tabpfn+RSF]        train=0.9583  test=0.7819
  [tabpfn+Cox]        train=0.9175  test=0.7899
  Fold 3: train=5162, test=1290
  Embedding shape: (5162, 192)
  [tabpfn+DS-simple]  train=0.9236  test=0.7836
  [tabpfn+DS-vanilla] train=0.9179  test=0.7808
  [tabpfn+RSF]        train=0.9594  test=0.7760
  [tabpfn+Cox]        train=0.9211  test=0.7846
  Fold 4: train=5162, test=1290
  Embedding shape: (5162, 192)
  [tabpfn+DS-simple]  train=0.9174  test=0.8032
  [tabpfn+DS-vanilla] train=0.9158  test=0.8012
  [tabpfn+RSF]        train=0.9581  test=0.7963
  [tabpfn+Cox]        train=0.9183  test=0.8045
  Fold 5: train=5162, test=1290
  Embedding shape: (5162, 192)
  [tabpfn+DS-simple]  train=0.9201  test=0.7927
  [tabpfn+DS-vanilla] train=0.9146  test=0.7761
  [tabpfn+RSF]        train=0.9582  test=0.7807
  [tabpfn+Cox]        train=0.9162  test=0.7929

--- Sample size: 15000 skipped (actual train size 5161 already processed) ---

Data saved → results/OrmoniTirodei/tabpfn/results_samplesize_OrmoniTirodei_tabpfn_seed123_data.txt

Dataset: OrmoniTirodei | Model: tabpfn | Seed: 123
======================================================================

Preprocess: -1
------------------------------------------------------------

  Sample size (requested):    100  |  actual mean: 100
    TRAIN tabpfn+DS-simple            → mean: 0.9162 | std: 0.0199 | min: 0.8915 | max: 0.9407
    TEST  tabpfn+DS-simple            → mean: 0.7276 | std: 0.0193 | min: 0.7024 | max: 0.7462
    TRAIN tabpfn+DS-vanilla           → mean: 0.9111 | std: 0.0179 | min: 0.8915 | max: 0.9398
    TEST  tabpfn+DS-vanilla           → mean: 0.7289 | std: 0.0160 | min: 0.7055 | max: 0.7430
    TRAIN tabpfn+RSF                  → mean: 0.9394 | std: 0.0100 | min: 0.9266 | max: 0.9557
    TEST  tabpfn+RSF                  → mean: 0.7028 | std: 0.0379 | min: 0.6364 | max: 0.7412
    TRAIN tabpfn+Cox                  → mean: 0.9501 | std: 0.0127 | min: 0.9315 | max: 0.9685
    TEST  tabpfn+Cox                  → mean: 0.5883 | std: 0.1566 | min: 0.3447 | max: 0.7457
    TRAIN DS-simple (base)            → mean: 0.7062 | std: 0.1634 | min: 0.4481 | max: 0.8413
    TEST  DS-simple (base)            → mean: 0.6098 | std: 0.1043 | min: 0.4785 | max: 0.7153
    TRAIN DS-vanilla (base)           → mean: 0.7944 | std: 0.0639 | min: 0.6858 | max: 0.8745
    TEST  DS-vanilla (base)           → mean: 0.6524 | std: 0.0457 | min: 0.5733 | max: 0.7087
    TRAIN RSF (base)                  → mean: 0.9261 | std: 0.0178 | min: 0.8999 | max: 0.9501
    TEST  RSF (base)                  → mean: 0.7217 | std: 0.0269 | min: 0.6782 | max: 0.7569
    TRAIN Cox (base)                  → no valid scores
    TEST  Cox (base)                  → no valid scores

  Sample size (requested):    500  |  actual mean: 500
    TRAIN tabpfn+DS-simple            → mean: 0.9056 | std: 0.0067 | min: 0.8972 | max: 0.9142
    TEST  tabpfn+DS-simple            → mean: 0.7788 | std: 0.0077 | min: 0.7659 | max: 0.7882
    TRAIN tabpfn+DS-vanilla           → mean: 0.9146 | std: 0.0052 | min: 0.9073 | max: 0.9210
    TEST  tabpfn+DS-vanilla           → mean: 0.7794 | std: 0.0102 | min: 0.7647 | max: 0.7897
    TRAIN tabpfn+RSF                  → mean: 0.9526 | std: 0.0046 | min: 0.9477 | max: 0.9600
    TEST  tabpfn+RSF                  → mean: 0.7548 | std: 0.0206 | min: 0.7292 | max: 0.7794
    TRAIN tabpfn+Cox                  → mean: 0.8794 | std: 0.0959 | min: 0.6880 | max: 0.9364
    TEST  tabpfn+Cox                  → mean: 0.5934 | std: 0.1902 | min: 0.2350 | max: 0.7636
    TRAIN DS-simple (base)            → mean: 0.7874 | std: 0.0646 | min: 0.6631 | max: 0.8407
    TEST  DS-simple (base)            → mean: 0.7394 | std: 0.0472 | min: 0.6474 | max: 0.7827
    TRAIN DS-vanilla (base)           → mean: 0.8050 | std: 0.0189 | min: 0.7680 | max: 0.8194
    TEST  DS-vanilla (base)           → mean: 0.7409 | std: 0.0166 | min: 0.7149 | max: 0.7603
    TRAIN RSF (base)                  → mean: 0.9152 | std: 0.0070 | min: 0.9018 | max: 0.9220
    TEST  RSF (base)                  → mean: 0.7696 | std: 0.0110 | min: 0.7542 | max: 0.7825
    TRAIN Cox (base)                  → mean: 0.8281 | std: 0.0177 | min: 0.8103 | max: 0.8458
    TEST  Cox (base)                  → mean: 0.7730 | std: 0.0064 | min: 0.7665 | max: 0.7794

  Sample size (requested):   1000  |  actual mean: 1000
    TRAIN tabpfn+DS-simple            → mean: 0.9077 | std: 0.0045 | min: 0.9026 | max: 0.9151
    TEST  tabpfn+DS-simple            → mean: 0.7811 | std: 0.0067 | min: 0.7692 | max: 0.7877
    TRAIN tabpfn+DS-vanilla           → mean: 0.9131 | std: 0.0041 | min: 0.9065 | max: 0.9185
    TEST  tabpfn+DS-vanilla           → mean: 0.7782 | std: 0.0065 | min: 0.7659 | max: 0.7847
    TRAIN tabpfn+RSF                  → mean: 0.9583 | std: 0.0019 | min: 0.9559 | max: 0.9616
    TEST  tabpfn+RSF                  → mean: 0.7637 | std: 0.0146 | min: 0.7381 | max: 0.7823
    TRAIN tabpfn+Cox                  → mean: 0.9226 | std: 0.0036 | min: 0.9194 | max: 0.9285
    TEST  tabpfn+Cox                  → mean: 0.6853 | std: 0.0927 | min: 0.5114 | max: 0.7540
    TRAIN DS-simple (base)            → mean: 0.8051 | std: 0.0123 | min: 0.7916 | max: 0.8260
    TEST  DS-simple (base)            → mean: 0.7742 | std: 0.0073 | min: 0.7632 | max: 0.7830
    TRAIN DS-vanilla (base)           → mean: 0.8108 | std: 0.0052 | min: 0.8053 | max: 0.8181
    TEST  DS-vanilla (base)           → mean: 0.7645 | std: 0.0132 | min: 0.7468 | max: 0.7839
    TRAIN RSF (base)                  → mean: 0.9133 | std: 0.0049 | min: 0.9050 | max: 0.9198
    TEST  RSF (base)                  → mean: 0.7785 | std: 0.0091 | min: 0.7650 | max: 0.7913
    TRAIN Cox (base)                  → mean: 0.8085 | std: 0.0115 | min: 0.7908 | max: 0.8261
    TEST  Cox (base)                  → mean: 0.7787 | std: 0.0055 | min: 0.7722 | max: 0.7851

  Sample size (requested):   2500  |  actual mean: 2500
    TRAIN tabpfn+DS-simple            → mean: 0.9071 | std: 0.0045 | min: 0.8987 | max: 0.9121
    TEST  tabpfn+DS-simple            → mean: 0.7890 | std: 0.0071 | min: 0.7797 | max: 0.8004
    TRAIN tabpfn+DS-vanilla           → mean: 0.9106 | std: 0.0037 | min: 0.9055 | max: 0.9143
    TEST  tabpfn+DS-vanilla           → mean: 0.7864 | std: 0.0094 | min: 0.7715 | max: 0.8001
    TRAIN tabpfn+RSF                  → mean: 0.9570 | std: 0.0015 | min: 0.9553 | max: 0.9597
    TEST  tabpfn+RSF                  → mean: 0.7837 | std: 0.0065 | min: 0.7754 | max: 0.7931
    TRAIN tabpfn+Cox                  → mean: 0.9185 | std: 0.0035 | min: 0.9115 | max: 0.9209
    TEST  tabpfn+Cox                  → mean: 0.7736 | std: 0.0085 | min: 0.7663 | max: 0.7881
    TRAIN DS-simple (base)            → mean: 0.7902 | std: 0.0119 | min: 0.7688 | max: 0.8006
    TEST  DS-simple (base)            → mean: 0.7829 | std: 0.0116 | min: 0.7619 | max: 0.7973
    TRAIN DS-vanilla (base)           → mean: 0.8078 | std: 0.0098 | min: 0.7896 | max: 0.8193
    TEST  DS-vanilla (base)           → mean: 0.7847 | std: 0.0118 | min: 0.7680 | max: 0.7974
    TRAIN RSF (base)                  → mean: 0.9079 | std: 0.0016 | min: 0.9054 | max: 0.9103
    TEST  RSF (base)                  → mean: 0.7908 | std: 0.0064 | min: 0.7810 | max: 0.7993
    TRAIN Cox (base)                  → mean: 0.7997 | std: 0.0079 | min: 0.7849 | max: 0.8067
    TEST  Cox (base)                  → mean: 0.7920 | std: 0.0063 | min: 0.7838 | max: 0.8003

  Sample size (requested):   5000  |  actual mean: 5000
    TRAIN tabpfn+DS-simple            → mean: 0.8963 | std: 0.0092 | min: 0.8896 | max: 0.9144
    TEST  tabpfn+DS-simple            → mean: 0.7891 | std: 0.0060 | min: 0.7832 | max: 0.8004
    TRAIN tabpfn+DS-vanilla           → mean: 0.9107 | std: 0.0036 | min: 0.9052 | max: 0.9152
    TEST  tabpfn+DS-vanilla           → mean: 0.7890 | std: 0.0048 | min: 0.7819 | max: 0.7963
    TRAIN tabpfn+RSF                  → mean: 0.9588 | std: 0.0008 | min: 0.9578 | max: 0.9597
    TEST  tabpfn+RSF                  → mean: 0.7872 | std: 0.0061 | min: 0.7774 | max: 0.7949
    TRAIN tabpfn+Cox                  → mean: 0.9193 | std: 0.0015 | min: 0.9169 | max: 0.9213
    TEST  tabpfn+Cox                  → mean: 0.7822 | std: 0.0132 | min: 0.7591 | max: 0.7978
    TRAIN DS-simple (base)            → mean: 0.7901 | std: 0.0070 | min: 0.7813 | max: 0.7984
    TEST  DS-simple (base)            → mean: 0.7854 | std: 0.0073 | min: 0.7779 | max: 0.7981
    TRAIN DS-vanilla (base)           → mean: 0.8040 | std: 0.0060 | min: 0.7936 | max: 0.8099
    TEST  DS-vanilla (base)           → mean: 0.7905 | std: 0.0101 | min: 0.7734 | max: 0.7990
    TRAIN RSF (base)                  → mean: 0.9089 | std: 0.0019 | min: 0.9070 | max: 0.9120
    TEST  RSF (base)                  → mean: 0.7958 | std: 0.0102 | min: 0.7794 | max: 0.8094
    TRAIN Cox (base)                  → mean: 0.8002 | std: 0.0007 | min: 0.7993 | max: 0.8013
    TEST  Cox (base)                  → mean: 0.7949 | std: 0.0077 | min: 0.7841 | max: 0.8025

  Sample size (requested):  10000  |  actual mean: 5161
    TRAIN tabpfn+DS-simple            → mean: 0.9096 | std: 0.0112 | min: 0.8945 | max: 0.9202
    TEST  tabpfn+DS-simple            → mean: 0.7917 | std: 0.0062 | min: 0.7846 | max: 0.8014
    TRAIN tabpfn+DS-vanilla           → mean: 0.9127 | std: 0.0048 | min: 0.9034 | max: 0.9162
    TEST  tabpfn+DS-vanilla           → mean: 0.7734 | std: 0.0176 | min: 0.7461 | max: 0.7957
    TRAIN tabpfn+RSF                  → mean: 0.9591 | std: 0.0005 | min: 0.9586 | max: 0.9597
    TEST  tabpfn+RSF                  → mean: 0.7858 | std: 0.0065 | min: 0.7773 | max: 0.7951
    TRAIN tabpfn+Cox                  → mean: 0.9191 | std: 0.0012 | min: 0.9180 | max: 0.9210
    TEST  tabpfn+Cox                  → mean: 0.7830 | std: 0.0119 | min: 0.7640 | max: 0.7957
    TRAIN DS-simple (base)            → mean: 0.7831 | std: 0.0033 | min: 0.7799 | max: 0.7889
    TEST  DS-simple (base)            → mean: 0.7816 | std: 0.0073 | min: 0.7710 | max: 0.7932
    TRAIN DS-vanilla (base)           → mean: 0.8078 | std: 0.0040 | min: 0.8031 | max: 0.8146
    TEST  DS-vanilla (base)           → mean: 0.7916 | std: 0.0089 | min: 0.7770 | max: 0.8002
    TRAIN RSF (base)                  → mean: 0.9083 | std: 0.0015 | min: 0.9062 | max: 0.9105
    TEST  RSF (base)                  → mean: 0.7952 | std: 0.0105 | min: 0.7790 | max: 0.8080
    TRAIN Cox (base)                  → mean: 0.8005 | std: 0.0017 | min: 0.7981 | max: 0.8032
    TEST  Cox (base)                  → mean: 0.7949 | std: 0.0080 | min: 0.7835 | max: 0.8029

Preprocess: NaN
------------------------------------------------------------

  Sample size (requested):    100  |  actual mean: 100
    TRAIN tabpfn+DS-simple            → mean: 0.9081 | std: 0.0198 | min: 0.8894 | max: 0.9447
    TEST  tabpfn+DS-simple            → mean: 0.7218 | std: 0.0373 | min: 0.6571 | max: 0.7640
    TRAIN tabpfn+DS-vanilla           → mean: 0.9138 | std: 0.0146 | min: 0.8994 | max: 0.9416
    TEST  tabpfn+DS-vanilla           → mean: 0.7224 | std: 0.0294 | min: 0.6744 | max: 0.7577
    TRAIN tabpfn+RSF                  → mean: 0.9391 | std: 0.0077 | min: 0.9278 | max: 0.9471
    TEST  tabpfn+RSF                  → mean: 0.6968 | std: 0.0447 | min: 0.6203 | max: 0.7497
    TRAIN tabpfn+Cox                  → mean: 0.9485 | std: 0.0139 | min: 0.9320 | max: 0.9681
    TEST  tabpfn+Cox                  → mean: 0.6798 | std: 0.0583 | min: 0.5951 | max: 0.7684

  Sample size (requested):    500  |  actual mean: 500
    TRAIN tabpfn+DS-simple            → mean: 0.9076 | std: 0.0101 | min: 0.8948 | max: 0.9215
    TEST  tabpfn+DS-simple            → mean: 0.7842 | std: 0.0054 | min: 0.7745 | max: 0.7893
    TRAIN tabpfn+DS-vanilla           → mean: 0.9176 | std: 0.0100 | min: 0.9033 | max: 0.9297
    TEST  tabpfn+DS-vanilla           → mean: 0.7835 | std: 0.0053 | min: 0.7740 | max: 0.7899
    TRAIN tabpfn+RSF                  → mean: 0.9536 | std: 0.0044 | min: 0.9477 | max: 0.9597
    TEST  tabpfn+RSF                  → mean: 0.7625 | std: 0.0104 | min: 0.7499 | max: 0.7748
    TRAIN tabpfn+Cox                  → mean: 0.8483 | std: 0.1624 | min: 0.5238 | max: 0.9374
    TEST  tabpfn+Cox                  → mean: 0.6266 | std: 0.2021 | min: 0.2385 | max: 0.7852

  Sample size (requested):   1000  |  actual mean: 1000
    TRAIN tabpfn+DS-simple            → mean: 0.9071 | std: 0.0064 | min: 0.9015 | max: 0.9190
    TEST  tabpfn+DS-simple            → mean: 0.7838 | std: 0.0074 | min: 0.7719 | max: 0.7920
    TRAIN tabpfn+DS-vanilla           → mean: 0.9141 | std: 0.0059 | min: 0.9090 | max: 0.9251
    TEST  tabpfn+DS-vanilla           → mean: 0.7795 | std: 0.0115 | min: 0.7598 | max: 0.7926
    TRAIN tabpfn+RSF                  → mean: 0.9567 | std: 0.0021 | min: 0.9540 | max: 0.9602
    TEST  tabpfn+RSF                  → mean: 0.7735 | std: 0.0045 | min: 0.7664 | max: 0.7793
    TRAIN tabpfn+Cox                  → mean: 0.9211 | std: 0.0044 | min: 0.9171 | max: 0.9295
    TEST  tabpfn+Cox                  → mean: 0.6724 | std: 0.1694 | min: 0.3355 | max: 0.7752

  Sample size (requested):   2500  |  actual mean: 2500
    TRAIN tabpfn+DS-simple            → mean: 0.9014 | std: 0.0059 | min: 0.8909 | max: 0.9078
    TEST  tabpfn+DS-simple            → mean: 0.7897 | std: 0.0071 | min: 0.7819 | max: 0.8015
    TRAIN tabpfn+DS-vanilla           → mean: 0.9129 | std: 0.0043 | min: 0.9059 | max: 0.9181
    TEST  tabpfn+DS-vanilla           → mean: 0.7864 | std: 0.0059 | min: 0.7805 | max: 0.7948
    TRAIN tabpfn+RSF                  → mean: 0.9573 | std: 0.0012 | min: 0.9558 | max: 0.9592
    TEST  tabpfn+RSF                  → mean: 0.7813 | std: 0.0065 | min: 0.7724 | max: 0.7880
    TRAIN tabpfn+Cox                  → mean: 0.9178 | std: 0.0047 | min: 0.9089 | max: 0.9214
    TEST  tabpfn+Cox                  → mean: 0.7776 | std: 0.0163 | min: 0.7540 | max: 0.7999

  Sample size (requested):   5000  |  actual mean: 5000
    TRAIN tabpfn+DS-simple            → mean: 0.9075 | std: 0.0114 | min: 0.8899 | max: 0.9202
    TEST  tabpfn+DS-simple            → mean: 0.7923 | std: 0.0062 | min: 0.7851 | max: 0.8037
    TRAIN tabpfn+DS-vanilla           → mean: 0.9152 | std: 0.0014 | min: 0.9132 | max: 0.9169
    TEST  tabpfn+DS-vanilla           → mean: 0.7895 | std: 0.0076 | min: 0.7807 | max: 0.7995
    TRAIN tabpfn+RSF                  → mean: 0.9588 | std: 0.0005 | min: 0.9581 | max: 0.9595
    TEST  tabpfn+RSF                  → mean: 0.7844 | std: 0.0071 | min: 0.7754 | max: 0.7962
    TRAIN tabpfn+Cox                  → mean: 0.9188 | std: 0.0014 | min: 0.9174 | max: 0.9206
    TEST  tabpfn+Cox                  → mean: 0.7898 | std: 0.0085 | min: 0.7799 | max: 0.8050

  Sample size (requested):  10000  |  actual mean: 5161
    TRAIN tabpfn+DS-simple            → mean: 0.9107 | std: 0.0122 | min: 0.8927 | max: 0.9236
    TEST  tabpfn+DS-simple            → mean: 0.7926 | std: 0.0065 | min: 0.7836 | max: 0.8032
    TRAIN tabpfn+DS-vanilla           → mean: 0.9163 | std: 0.0013 | min: 0.9146 | max: 0.9179
    TEST  tabpfn+DS-vanilla           → mean: 0.7871 | std: 0.0086 | min: 0.7761 | max: 0.8012
    TRAIN tabpfn+RSF                  → mean: 0.9585 | std: 0.0005 | min: 0.9581 | max: 0.9594
    TEST  tabpfn+RSF                  → mean: 0.7831 | std: 0.0069 | min: 0.7760 | max: 0.7963
    TRAIN tabpfn+Cox                  → mean: 0.9186 | std: 0.0017 | min: 0.9162 | max: 0.9211
    TEST  tabpfn+Cox                  → mean: 0.7906 | std: 0.0080 | min: 0.7813 | max: 0.8045
Text summary saved → results/OrmoniTirodei/tabpfn/results_samplesize_OrmoniTirodei_tabpfn_seed123.txt

######################################################################
Dataset: HURRAH
######################################################################

============================================================
Preprocess: -1
============================================================
Loading existing folds from tmp/splits/HURRAH_seed123.pkl

--- Sample size: 100 ---
  Fold 1: train=100, test=3392
  Embedding shape: (100, 192)
  [tabpfn+DS-simple]  train=0.9564  test=0.7116
  [tabpfn+DS-vanilla] train=0.9552  test=0.7111
  [tabpfn+RSF]        train=0.9705  test=0.6911
  [tabpfn+Cox]        train=0.9917  test=0.7120
  [DS-simple]         train=0.9210  test=0.6808
  [DS-vanilla]        train=0.9009  test=0.6580
  [RSF]               train=0.9882  test=0.6676
  [Cox]               train=0.9481  test=0.7068
  Fold 2: train=100, test=3392
  Embedding shape: (100, 192)
  [tabpfn+DS-simple]  train=0.9370  test=0.7468
  [tabpfn+DS-vanilla] train=0.9407  test=0.7538
  [tabpfn+RSF]        train=0.9385  test=0.5919
  [tabpfn+Cox]        train=0.9824  test=0.7362
  [DS-simple]         train=0.8007  test=0.7400
  [DS-vanilla]        train=0.6190  test=0.5841
  [RSF]               train=0.9451  test=0.7583
  [Cox]               train=0.8747  test=0.7557
  Fold 3: train=100, test=3392
  Embedding shape: (100, 192)
  [tabpfn+DS-simple]  train=0.9558  test=0.7777
  [tabpfn+DS-vanilla] train=0.9649  test=0.7791
  [tabpfn+RSF]        train=0.9721  test=0.7449
  [tabpfn+Cox]        train=0.9870  test=0.7023
  [DS-simple]         train=0.8896  test=0.7100
  [DS-vanilla]        train=0.8234  test=0.6646
  [RSF]               train=0.9857  test=0.6561
  [Cox]               train=0.9468  test=0.7631
  Fold 4: train=100, test=3391
  Embedding shape: (100, 192)
  [tabpfn+DS-simple]  train=0.9436  test=0.7754
  [tabpfn+DS-vanilla] train=0.9718  test=0.7628
  [tabpfn+RSF]        train=0.9450  test=0.6965
  [tabpfn+Cox]        train=0.9825  test=0.7510
  [DS-simple]         train=0.8346  test=0.6848
  [DS-vanilla]        train=0.5399  test=0.5599
  [RSF]               train=0.9689  test=0.6535
  [Cox]               train=0.9241  test=0.7369
  Fold 5: train=100, test=3391
  Embedding shape: (100, 192)
  [tabpfn+DS-simple]  train=0.9487  test=0.8061
  [tabpfn+DS-vanilla] train=0.9580  test=0.7994
  [tabpfn+RSF]        train=0.9450  test=0.7900
  [tabpfn+Cox]        train=0.9832  test=0.5550
  [DS-simple]         train=0.9487  test=0.7659
  [DS-vanilla]        train=0.9254  test=0.6889
  [RSF]               train=0.9478  test=0.7189
  [Cox]               train=0.9114  test=0.7752

--- Sample size: 500 ---
  Fold 1: train=500, test=3392
  Embedding shape: (500, 192)
  [tabpfn+DS-simple]  train=0.9625  test=0.8151
  [tabpfn+DS-vanilla] train=0.9637  test=0.8101
  [tabpfn+RSF]        train=0.9889  test=0.7628
  [tabpfn+Cox]        train=0.9766  test=0.7242
  [DS-simple]         train=0.8622  test=0.8064
  [DS-vanilla]        train=0.9099  test=0.7921
  [RSF]               train=0.9601  test=0.7999
  [Cox]               train=0.8485  test=0.8070
  Fold 2: train=500, test=3392
  Embedding shape: (500, 192)
  [tabpfn+DS-simple]  train=0.9484  test=0.8120
  [tabpfn+DS-vanilla] train=0.9482  test=0.8112
  [tabpfn+RSF]        train=0.9777  test=0.8027
  [tabpfn+Cox]        train=0.9662  test=0.7844
  [DS-simple]         train=0.8380  test=0.8179
  [DS-vanilla]        train=0.8702  test=0.7726
  [RSF]               train=0.9396  test=0.8066
  [Cox]               train=0.8433  test=0.8124
  Fold 3: train=500, test=3392
  Embedding shape: (500, 192)
  [tabpfn+DS-simple]  train=0.9606  test=0.8242
  [tabpfn+DS-vanilla] train=0.9664  test=0.8233
  [tabpfn+RSF]        train=0.9849  test=0.8139
  [tabpfn+Cox]        train=0.9705  test=0.8127
  [DS-simple]         train=0.8778  test=0.7875
  [DS-vanilla]        train=0.8983  test=0.7874
  [RSF]               train=0.9383  test=0.8077
  [Cox]               train=0.8870  test=0.8060
  Fold 4: train=500, test=3391
  Embedding shape: (500, 192)
  [tabpfn+DS-simple]  train=0.9480  test=0.7916
  [tabpfn+DS-vanilla] train=0.9473  test=0.7902
  [tabpfn+RSF]        train=0.9759  test=0.7477
  [tabpfn+Cox]        train=0.9645  test=0.7815
  [DS-simple]         train=0.8702  test=0.7858
  [DS-vanilla]        train=0.8649  test=0.7526
  [RSF]               train=0.9314  test=0.7431
  [Cox]               train=0.8789  test=0.7846
  Fold 5: train=500, test=3391
  Embedding shape: (500, 192)
  [tabpfn+DS-simple]  train=0.9501  test=0.8255
  [tabpfn+DS-vanilla] train=0.9569  test=0.7800
  [tabpfn+RSF]        train=0.9747  test=0.7758
  [tabpfn+Cox]        train=0.9663  test=0.5769
  [DS-simple]         train=0.8723  test=0.8080
  [DS-vanilla]        train=0.7914  test=0.7437
  [RSF]               train=0.9522  test=0.7887
  [Cox]               train=0.8693  test=0.8008

--- Sample size: 1000 ---
  Fold 1: train=1000, test=3392
  Embedding shape: (1000, 192)
  [tabpfn+DS-simple]  train=0.9490  test=0.8298
  [tabpfn+DS-vanilla] train=0.9522  test=0.8282
  [tabpfn+RSF]        train=0.9802  test=0.7817
  [tabpfn+Cox]        train=0.9662  test=0.8146
  [DS-simple]         train=0.8515  test=0.8272
  [DS-vanilla]        train=0.8232  test=0.7866
  [RSF]               train=0.9405  test=0.7977
  [Cox]               train=0.8440  test=0.8152
  Fold 2: train=1000, test=3392
  Embedding shape: (1000, 192)
  [tabpfn+DS-simple]  train=0.9437  test=0.8342
  [tabpfn+DS-vanilla] train=0.9440  test=0.8020
  [tabpfn+RSF]        train=0.9778  test=0.8266
  [tabpfn+Cox]        train=0.9558  test=0.7758
  [DS-simple]         train=0.8320  test=0.8235
  [DS-vanilla]        train=0.8322  test=0.8188
  [RSF]               train=0.9566  test=0.8195
  [Cox]               train=0.8255  test=0.8188
  Fold 3: train=1000, test=3392
  Embedding shape: (1000, 192)
  [tabpfn+DS-simple]  train=0.9555  test=0.8192
  [tabpfn+DS-vanilla] train=0.9581  test=0.8193
  [tabpfn+RSF]        train=0.9830  test=0.7966
  [tabpfn+Cox]        train=0.9626  test=0.8154
  [DS-simple]         train=0.8618  test=0.8175
  [DS-vanilla]        train=0.8906  test=0.8111
  [RSF]               train=0.9421  test=0.8133
  [Cox]               train=0.8586  test=0.8171
  Fold 4: train=1000, test=3391
  Embedding shape: (1000, 192)
  [tabpfn+DS-simple]  train=0.9501  test=0.8158
  [tabpfn+DS-vanilla] train=0.9520  test=0.8104
  [tabpfn+RSF]        train=0.9801  test=0.7861
  [tabpfn+Cox]        train=0.9641  test=0.6336
  [DS-simple]         train=0.8612  test=0.7997
  [DS-vanilla]        train=0.8445  test=0.7708
  [RSF]               train=0.9511  test=0.7888
  [Cox]               train=0.8519  test=0.8064
  Fold 5: train=1000, test=3391
  Embedding shape: (1000, 192)
  [tabpfn+DS-simple]  train=0.9540  test=0.8323
  [tabpfn+DS-vanilla] train=0.9588  test=0.8298
  [tabpfn+RSF]        train=0.9798  test=0.8103
  [tabpfn+Cox]        train=0.9628  test=0.7358
  [DS-simple]         train=0.8632  test=0.8320
  [DS-vanilla]        train=0.8397  test=0.7869
  [RSF]               train=0.9565  test=0.8210
  [Cox]               train=0.8491  test=0.8216

--- Sample size: 2500 ---
  Fold 1: train=2500, test=3392
  Embedding shape: (2500, 192)
  [tabpfn+DS-simple]  train=0.9482  test=0.8379
  [tabpfn+DS-vanilla] train=0.9595  test=0.8320
  [tabpfn+RSF]        train=0.9823  test=0.8278
  [tabpfn+Cox]        train=0.9662  test=0.7598
  [DS-simple]         train=0.8492  test=0.8377
  [DS-vanilla]        train=0.8786  test=0.8229
  [RSF]               train=0.9369  test=0.8183
  [Cox]               train=0.8385  test=0.8223
  Fold 2: train=2500, test=3392
  Embedding shape: (2500, 192)
  [tabpfn+DS-simple]  train=0.9490  test=0.8429
  [tabpfn+DS-vanilla] train=0.9570  test=0.8301
  [tabpfn+RSF]        train=0.9787  test=0.8143
  [tabpfn+Cox]        train=0.9568  test=0.8373
  [DS-simple]         train=0.8411  test=0.8353
  [DS-vanilla]        train=0.8533  test=0.8293
  [RSF]               train=0.9488  test=0.8445
  [Cox]               train=0.8298  test=0.8271
  Fold 3: train=2500, test=3392
  Embedding shape: (2500, 192)
  [tabpfn+DS-simple]  train=0.9514  test=0.8388
  [tabpfn+DS-vanilla] train=0.9582  test=0.8376
  [tabpfn+RSF]        train=0.9837  test=0.8284
  [tabpfn+Cox]        train=0.9583  test=0.8325
  [DS-simple]         train=0.8410  test=0.8278
  [DS-vanilla]        train=0.8517  test=0.8231
  [RSF]               train=0.9428  test=0.8374
  [Cox]               train=0.8375  test=0.8254
  Fold 4: train=2500, test=3391
  Embedding shape: (2500, 192)
  [tabpfn+DS-simple]  train=0.9508  test=0.8259
  [tabpfn+DS-vanilla] train=0.9561  test=0.8250
  [tabpfn+RSF]        train=0.9804  test=0.8206
  [tabpfn+Cox]        train=0.9605  test=0.8183
  [DS-simple]         train=0.8494  test=0.8146
  [DS-vanilla]        train=0.8514  test=0.8012
  [RSF]               train=0.9453  test=0.8144
  [Cox]               train=0.8421  test=0.8094
  Fold 5: train=2500, test=3391
  Embedding shape: (2500, 192)
  [tabpfn+DS-simple]  train=0.9470  test=0.8376
  [tabpfn+DS-vanilla] train=0.9543  test=0.8411
  [tabpfn+RSF]        train=0.9795  test=0.8297
  [tabpfn+Cox]        train=0.9619  test=0.8401
  [DS-simple]         train=0.8455  test=0.8253
  [DS-vanilla]        train=0.8471  test=0.8103
  [RSF]               train=0.9482  test=0.8439
  [Cox]               train=0.8456  test=0.8207

--- Sample size: 5000 ---
  Fold 1: train=5000, test=3392
  Embedding shape: (5000, 192)
  [tabpfn+DS-simple]  train=0.9489  test=0.8393
  [tabpfn+DS-vanilla] train=0.9507  test=0.7939
  [tabpfn+RSF]        train=0.9824  test=0.8159
  [tabpfn+Cox]        train=0.9587  test=0.8254
  [DS-simple]         train=0.8374  test=0.8365
  [DS-vanilla]        train=0.8613  test=0.8320
  [RSF]               train=0.9417  test=0.8268
  [Cox]               train=0.8290  test=0.8224
  Fold 2: train=5000, test=3392
  Embedding shape: (5000, 192)
  [tabpfn+DS-simple]  train=0.9622  test=0.8523
  [tabpfn+DS-vanilla] train=0.9561  test=0.8520
  [tabpfn+RSF]        train=0.9806  test=0.8303
  [tabpfn+Cox]        train=0.9587  test=0.8502
  [DS-simple]         train=0.8333  test=0.8340
  [DS-vanilla]        train=0.8575  test=0.8350
  [RSF]               train=0.9441  test=0.8512
  [Cox]               train=0.8274  test=0.8312
  Fold 3: train=5000, test=3392
  Embedding shape: (5000, 192)
  [tabpfn+DS-simple]  train=0.9483  test=0.8427
  [tabpfn+DS-vanilla] train=0.9589  test=0.8382
  [tabpfn+RSF]        train=0.9827  test=0.8373
  [tabpfn+Cox]        train=0.9615  test=0.7964
  [DS-simple]         train=0.8344  test=0.8306
  [DS-vanilla]        train=0.8684  test=0.8363
  [RSF]               train=0.9469  test=0.8544
  [Cox]               train=0.8298  test=0.8278
  Fold 4: train=5000, test=3391
  Embedding shape: (5000, 192)
  [tabpfn+DS-simple]  train=0.9472  test=0.8262
  [tabpfn+DS-vanilla] train=0.9558  test=0.8215
  [tabpfn+RSF]        train=0.9813  test=0.8206
  [tabpfn+Cox]        train=0.9561  test=0.7682
  [DS-simple]         train=0.8437  test=0.8168
  [DS-vanilla]        train=0.8372  test=0.8049
  [RSF]               train=0.9436  test=0.8327
  [Cox]               train=0.8392  test=0.8120
  Fold 5: train=5000, test=3391
  Embedding shape: (5000, 192)
  [tabpfn+DS-simple]  train=0.9480  test=0.8376
  [tabpfn+DS-vanilla] train=0.9528  test=0.8399
  [tabpfn+RSF]        train=0.9805  test=0.8130
  [tabpfn+Cox]        train=0.9570  test=0.8363
  [DS-simple]         train=0.8309  test=0.8352
  [DS-vanilla]        train=0.8164  test=0.8052
  [RSF]               train=0.9448  test=0.8525
  [Cox]               train=0.8253  test=0.8265

--- Sample size: 10000 ---
  Fold 1: train=10000, test=3392
  Embedding shape: (10000, 192)
  [tabpfn+DS-simple]  train=0.9579  test=0.8320
  [tabpfn+DS-vanilla] train=0.9583  test=0.8286
  [tabpfn+RSF]        train=0.9828  test=0.8168
  [tabpfn+Cox]        train=0.9575  test=0.8358
  [DS-simple]         train=0.8378  test=0.8362
  [DS-vanilla]        train=0.5030  test=0.5131
  [RSF]               train=0.9437  test=0.8352
  [Cox]               train=0.8319  test=0.8232
  Fold 2: train=10000, test=3392
  Embedding shape: (10000, 192)
  [tabpfn+DS-simple]  train=0.9610  test=0.8522
  [tabpfn+DS-vanilla] train=0.7582  test=0.8369
  [tabpfn+RSF]        train=0.9805  test=0.8194
  [tabpfn+Cox]        train=0.9565  test=0.8494
  [DS-simple]         train=0.8300  test=0.8303
  [DS-vanilla]        train=0.8156  test=0.8156
  [RSF]               train=0.9437  test=0.8549
  [Cox]               train=0.8274  test=0.8341
  Fold 3: train=10000, test=3392
  Embedding shape: (10000, 192)
  [tabpfn+DS-simple]  train=0.9564  test=0.8453
  [tabpfn+DS-vanilla] train=0.0807  test=0.6813
  [tabpfn+RSF]        train=0.9816  test=0.8219
  [tabpfn+Cox]        train=0.9565  test=0.8448
  [DS-simple]         train=0.5379  test=0.5620
  [DS-vanilla]        train=0.8441  test=0.8378
  [RSF]               train=0.9439  test=0.8520
  [Cox]               train=0.8299  test=0.8282
  Fold 4: train=10000, test=3391
  Embedding shape: (10000, 192)
  [tabpfn+DS-simple]  train=0.9530  test=0.8297
  [tabpfn+DS-vanilla] train=0.9510  test=0.8090
  [tabpfn+RSF]        train=0.9820  test=0.8246
  [tabpfn+Cox]        train=0.9571  test=0.8250
  [DS-simple]         train=0.8393  test=0.8229
  [DS-vanilla]        train=0.8312  test=0.8128
  [RSF]               train=0.9421  test=0.8405
  [Cox]               train=0.8321  test=0.8154
  Fold 5: train=10000, test=3391
  Embedding shape: (10000, 192)
  [tabpfn+DS-simple]  train=0.9544  test=0.8467
  [tabpfn+DS-vanilla] train=0.9550  test=0.8440
  [tabpfn+RSF]        train=0.9815  test=0.8344
  [tabpfn+Cox]        train=0.9579  test=0.8490
  [DS-simple]         train=0.8112  test=0.8128
  [DS-vanilla]        train=0.8278  test=0.8205
  [RSF]               train=0.9443  test=0.8566
  [Cox]               train=0.8301  test=0.8286

--- Sample size: 15000 ---
  Fold 1: train=13566, test=3392
  Embedding shape: (13566, 192)
  [tabpfn+DS-simple]  train=0.9607  test=0.8433
  [tabpfn+DS-vanilla] train=0.9553  test=0.8054
  [tabpfn+RSF]        train=0.9819  test=0.8221
  [tabpfn+Cox]        train=0.9568  test=0.8404
  [DS-simple]         train=0.8379  test=0.8332
  [DS-vanilla]        train=0.8505  test=0.8419
  [RSF]               train=0.9425  test=0.8397
  [Cox]               train=0.8294  test=0.8222
  Fold 2: train=13566, test=3392
  Embedding shape: (13566, 192)
  [tabpfn+DS-simple]  train=0.9617  test=0.8534
  [tabpfn+DS-vanilla] train=0.9585  test=0.8364
  [tabpfn+RSF]        train=0.9818  test=0.8320
  [tabpfn+Cox]        train=0.9576  test=0.8503
  [DS-simple]         train=0.8379  test=0.8393
  [DS-vanilla]        train=0.8476  test=0.8502
  [RSF]               train=0.9412  test=0.8596
  [Cox]               train=0.8262  test=0.8348
  Fold 3: train=13566, test=3392
  Embedding shape: (13566, 192)
  [tabpfn+DS-simple]  train=0.9617  test=0.8465
  [tabpfn+DS-vanilla] train=0.9548  test=0.8351
  [tabpfn+RSF]        train=0.9823  test=0.8233
  [tabpfn+Cox]        train=0.9560  test=0.8488
  [DS-simple]         train=0.8342  test=0.8323
  [DS-vanilla]        train=0.8619  test=0.8470
  [RSF]               train=0.9412  test=0.8558
  [Cox]               train=0.8279  test=0.8287
  Fold 4: train=13567, test=3391
  Embedding shape: (13567, 192)
  [tabpfn+DS-simple]  train=0.9580  test=0.8327
  [tabpfn+DS-vanilla] train=0.9563  test=0.8023
  [tabpfn+RSF]        train=0.9818  test=0.8101
  [tabpfn+Cox]        train=0.9571  test=0.8307
  [DS-simple]         train=0.8397  test=0.8288
  [DS-vanilla]        train=0.8664  test=0.8400
  [RSF]               train=0.9407  test=0.8419
  [Cox]               train=0.8299  test=0.8156
  Fold 5: train=13567, test=3391
  Embedding shape: (13567, 192)
  [tabpfn+DS-simple]  train=0.9612  test=0.8453
  [tabpfn+DS-vanilla] train=0.9567  test=0.8270
  [tabpfn+RSF]        train=0.9812  test=0.8304
  [tabpfn+Cox]        train=0.9574  test=0.8456
  [DS-simple]         train=0.8371  test=0.8421
  [DS-vanilla]        train=0.8584  test=0.8535
  [RSF]               train=0.9415  test=0.8599
  [Cox]               train=0.8272  test=0.8304

============================================================
Preprocess: NaN
============================================================
Loading existing folds from tmp/splits/HURRAH_seed123.pkl

--- Sample size: 100 ---
  Fold 1: train=100, test=3392
  Embedding shape: (100, 192)
  [tabpfn+DS-simple]  train=0.9446  test=0.7253
  [tabpfn+DS-vanilla] train=0.9823  test=0.7259
  [tabpfn+RSF]        train=0.9717  test=0.6879
  [tabpfn+Cox]        train=0.9929  test=0.6188
  Fold 2: train=100, test=3392
  Embedding shape: (100, 192)
  [tabpfn+DS-simple]  train=0.9158  test=0.7732
  [tabpfn+DS-vanilla] train=0.9392  test=0.7775
  [tabpfn+RSF]        train=0.9619  test=0.4690
  [tabpfn+Cox]        train=0.9853  test=0.6907
  Fold 3: train=100, test=3392
  Embedding shape: (100, 192)
  [tabpfn+DS-simple]  train=0.9506  test=0.7692
  [tabpfn+DS-vanilla] train=0.9714  test=0.7676
  [tabpfn+RSF]        train=0.9571  test=0.5807
  [tabpfn+Cox]        train=0.9870  test=0.7236
  Fold 4: train=100, test=3391
  Embedding shape: (100, 192)
  [tabpfn+DS-simple]  train=0.9562  test=0.7571
  [tabpfn+DS-vanilla] train=0.9572  test=0.7545
  [tabpfn+RSF]        train=0.9728  test=0.7489
  [tabpfn+Cox]        train=0.9543  test=0.6955
  Fold 5: train=100, test=3391
  Embedding shape: (100, 192)
  [tabpfn+DS-simple]  train=0.9412  test=0.7963
  [tabpfn+DS-vanilla] train=0.9571  test=0.7523
  [tabpfn+RSF]        train=0.9431  test=0.7901
  [tabpfn+Cox]        train=0.9860  test=0.6962

--- Sample size: 500 ---
  Fold 1: train=500, test=3392
  Embedding shape: (500, 192)
  [tabpfn+DS-simple]  train=0.9617  test=0.8078
  [tabpfn+DS-vanilla] train=0.9688  test=0.8075
  [tabpfn+RSF]        train=0.9863  test=0.7631
  [tabpfn+Cox]        train=0.9805  test=0.7923
  Fold 2: train=500, test=3392
  Embedding shape: (500, 192)
  [tabpfn+DS-simple]  train=0.9468  test=0.8095
  [tabpfn+DS-vanilla] train=0.9550  test=0.8105
  [tabpfn+RSF]        train=0.9843  test=0.7983
  [tabpfn+Cox]        train=0.9616  test=0.7823
  Fold 3: train=500, test=3392
  Embedding shape: (500, 192)
  [tabpfn+DS-simple]  train=0.9592  test=0.8166
  [tabpfn+DS-vanilla] train=0.9610  test=0.8038
  [tabpfn+RSF]        train=0.9845  test=0.7825
  [tabpfn+Cox]        train=0.9703  test=0.7849
  Fold 4: train=500, test=3391
  Embedding shape: (500, 192)
  [tabpfn+DS-simple]  train=0.9434  test=0.7816
  [tabpfn+DS-vanilla] train=0.9494  test=0.7882
  [tabpfn+RSF]        train=0.9754  test=0.7736
  [tabpfn+Cox]        train=0.9595  test=0.7685
  Fold 5: train=500, test=3391
  Embedding shape: (500, 192)
  [tabpfn+DS-simple]  train=0.9482  test=0.8135
  [tabpfn+DS-vanilla] train=0.9574  test=0.8140
  [tabpfn+RSF]        train=0.9775  test=0.7293
  [tabpfn+Cox]        train=0.9633  test=0.8080

--- Sample size: 1000 ---
  Fold 1: train=1000, test=3392
  Embedding shape: (1000, 192)
  [tabpfn+DS-simple]  train=0.9490  test=0.8233
  [tabpfn+DS-vanilla] train=0.9503  test=0.8001
  [tabpfn+RSF]        train=0.9824  test=0.8001
  [tabpfn+Cox]        train=0.9606  test=0.7957
  Fold 2: train=1000, test=3392
  Embedding shape: (1000, 192)
  [tabpfn+DS-simple]  train=0.9431  test=0.8325
  [tabpfn+DS-vanilla] train=0.9435  test=0.8298
  [tabpfn+RSF]        train=0.9809  test=0.8185
  [tabpfn+Cox]        train=0.9535  test=0.8027
  Fold 3: train=1000, test=3392
  Embedding shape: (1000, 192)
  [tabpfn+DS-simple]  train=0.9548  test=0.8161
  [tabpfn+DS-vanilla] train=0.9567  test=0.8240
  [tabpfn+RSF]        train=0.9855  test=0.7944
  [tabpfn+Cox]        train=0.9640  test=0.8066
  Fold 4: train=1000, test=3391
  Embedding shape: (1000, 192)
  [tabpfn+DS-simple]  train=0.9501  test=0.8098
  [tabpfn+DS-vanilla] train=0.9607  test=0.8031
  [tabpfn+RSF]        train=0.9804  test=0.7423
  [tabpfn+Cox]        train=0.9627  test=0.6969
  Fold 5: train=1000, test=3391
  Embedding shape: (1000, 192)
  [tabpfn+DS-simple]  train=0.9501  test=0.8301
  [tabpfn+DS-vanilla] train=0.9538  test=0.8249
  [tabpfn+RSF]        train=0.9797  test=0.8086
  [tabpfn+Cox]        train=0.9621  test=0.5519

--- Sample size: 2500 ---
  Fold 1: train=2500, test=3392
  Embedding shape: (2500, 192)
  [tabpfn+DS-simple]  train=0.9487  test=0.8321
  [tabpfn+DS-vanilla] train=0.9510  test=0.8187
  [tabpfn+RSF]        train=0.9815  test=0.8227
  [tabpfn+Cox]        train=0.9553  test=0.8310
  Fold 2: train=2500, test=3392
  Embedding shape: (2500, 192)
  [tabpfn+DS-simple]  train=0.9476  test=0.8398
  [tabpfn+DS-vanilla] train=0.9485  test=0.8317
  [tabpfn+RSF]        train=0.9785  test=0.7953
  [tabpfn+Cox]        train=0.9588  test=0.7957
  Fold 3: train=2500, test=3392
  Embedding shape: (2500, 192)
  [tabpfn+DS-simple]  train=0.9529  test=0.8362
  [tabpfn+DS-vanilla] train=0.9597  test=0.8345
  [tabpfn+RSF]        train=0.9849  test=0.8246
  [tabpfn+Cox]        train=0.9601  test=0.8271
  Fold 4: train=2500, test=3391
  Embedding shape: (2500, 192)
  [tabpfn+DS-simple]  train=0.9429  test=0.8159
  [tabpfn+DS-vanilla] train=0.9518  test=0.8147
  [tabpfn+RSF]        train=0.9800  test=0.7904
  [tabpfn+Cox]        train=0.9598  test=0.7164
  Fold 5: train=2500, test=3391
  Embedding shape: (2500, 192)
  [tabpfn+DS-simple]  train=0.9470  test=0.8327
  [tabpfn+DS-vanilla] train=0.9582  test=0.8226
  [tabpfn+RSF]        train=0.9788  test=0.8263
  [tabpfn+Cox]        train=0.9580  test=0.7962

--- Sample size: 5000 ---
  Fold 1: train=5000, test=3392
  Embedding shape: (5000, 192)
  [tabpfn+DS-simple]  train=0.9481  test=0.8344
  [tabpfn+DS-vanilla] train=0.9507  test=0.8323
  [tabpfn+RSF]        train=0.9828  test=0.8221
  [tabpfn+Cox]        train=0.9570  test=0.8244
  Fold 2: train=5000, test=3392
  Embedding shape: (5000, 192)
  [tabpfn+DS-simple]  train=0.9597  test=0.8439
  [tabpfn+DS-vanilla] train=0.9543  test=0.8349
  [tabpfn+RSF]        train=0.9802  test=0.8279
  [tabpfn+Cox]        train=0.9569  test=0.8391
  Fold 3: train=5000, test=3392
  Embedding shape: (5000, 192)
  [tabpfn+DS-simple]  train=0.9649  test=0.8403
  [tabpfn+DS-vanilla] train=0.9550  test=0.8343
  [tabpfn+RSF]        train=0.9839  test=0.8203
  [tabpfn+Cox]        train=0.9592  test=0.8290
  Fold 4: train=5000, test=3391
  Embedding shape: (5000, 192)
  [tabpfn+DS-simple]  train=0.9477  test=0.8225
  [tabpfn+DS-vanilla] train=0.9521  test=0.8202
  [tabpfn+RSF]        train=0.9818  test=0.8198
  [tabpfn+Cox]        train=0.9567  test=0.7737
  Fold 5: train=5000, test=3391
  Embedding shape: (5000, 192)
  [tabpfn+DS-simple]  train=0.9623  test=0.8435
  [tabpfn+DS-vanilla] train=0.9542  test=0.8038
  [tabpfn+RSF]        train=0.9813  test=0.8053
  [tabpfn+Cox]        train=0.9563  test=0.8303

--- Sample size: 10000 ---
  Fold 1: train=10000, test=3392
  Embedding shape: (10000, 192)
  [tabpfn+DS-simple]  train=0.9604  test=0.8308
  [tabpfn+DS-vanilla] train=0.9602  test=0.8288
  [tabpfn+RSF]        train=0.9830  test=0.8238
  [tabpfn+Cox]        train=0.9586  test=0.8327
  Fold 2: train=10000, test=3392
  Embedding shape: (10000, 192)
  [tabpfn+DS-simple]  train=0.9614  test=0.8459
  [tabpfn+DS-vanilla] train=0.9546  test=0.7795
  [tabpfn+RSF]        train=0.9818  test=0.8093
  [tabpfn+Cox]        train=0.9582  test=0.8463
  Fold 3: train=10000, test=3392
  Embedding shape: (10000, 192)
  [tabpfn+DS-simple]  train=0.9609  test=0.8433
  [tabpfn+DS-vanilla] train=0.9587  test=0.8424
  [tabpfn+RSF]        train=0.9825  test=0.7715
  [tabpfn+Cox]        train=0.9560  test=0.8397
  Fold 4: train=10000, test=3391
  Embedding shape: (10000, 192)
  [tabpfn+DS-simple]  train=0.9478  test=0.8116
  [tabpfn+DS-vanilla] train=0.9541  test=0.6859
  [tabpfn+RSF]        train=0.9822  test=0.7905
  [tabpfn+Cox]        train=0.9528  test=0.8258
  Fold 5: train=10000, test=3391
  Embedding shape: (10000, 192)
  [tabpfn+DS-simple]  train=0.9638  test=0.8448
  [tabpfn+DS-vanilla] train=0.9599  test=0.8190
  [tabpfn+RSF]        train=0.9831  test=0.8219
  [tabpfn+Cox]        train=0.9603  test=0.8438

--- Sample size: 15000 ---
  Fold 1: train=13566, test=3392
  Embedding shape: (13566, 192)
  [tabpfn+DS-simple]  train=0.9588  test=0.8379
  [tabpfn+DS-vanilla] train=0.9568  test=0.8393
  [tabpfn+RSF]        train=0.9824  test=0.8202
  [tabpfn+Cox]        train=0.9560  test=0.8382
  Fold 2: train=13566, test=3392
  Embedding shape: (13566, 192)
  [tabpfn+DS-simple]  train=0.9598  test=0.8520
  [tabpfn+DS-vanilla] train=0.9569  test=0.7451
  [tabpfn+RSF]        train=0.9822  test=0.8225
  [tabpfn+Cox]        train=0.9589  test=0.8515
  Fold 3: train=13566, test=3392
  Embedding shape: (13566, 192)
  [tabpfn+DS-simple]  train=0.9591  test=0.8451
  [tabpfn+DS-vanilla] train=0.9555  test=0.8068
  [tabpfn+RSF]        train=0.9829  test=0.7520
  [tabpfn+Cox]        train=0.9548  test=0.8452
  Fold 4: train=13567, test=3391
  Embedding shape: (13567, 192)
  [tabpfn+DS-simple]  train=0.9547  test=0.8256
  [tabpfn+DS-vanilla] train=0.9566  test=0.8215
  [tabpfn+RSF]        train=0.9825  test=0.7741
  [tabpfn+Cox]        train=0.9568  test=0.8299
  Fold 5: train=13567, test=3391
  Embedding shape: (13567, 192)
  [tabpfn+DS-simple]  train=0.9602  test=0.8497
  [tabpfn+DS-vanilla] train=0.9599  test=0.8467
  [tabpfn+RSF]        train=0.9820  test=0.7943
  [tabpfn+Cox]        train=0.9583  test=0.8513

Data saved → results/HURRAH/tabpfn/results_samplesize_HURRAH_tabpfn_seed123_data.txt

Dataset: HURRAH | Model: tabpfn | Seed: 123
======================================================================

Preprocess: -1
------------------------------------------------------------

  Sample size (requested):    100  |  actual mean: 100
    TRAIN tabpfn+DS-simple            → mean: 0.9483 | std: 0.0074 | min: 0.9370 | max: 0.9564
    TEST  tabpfn+DS-simple            → mean: 0.7635 | std: 0.0320 | min: 0.7116 | max: 0.8061
    TRAIN tabpfn+DS-vanilla           → mean: 0.9581 | std: 0.0105 | min: 0.9407 | max: 0.9718
    TEST  tabpfn+DS-vanilla           → mean: 0.7612 | std: 0.0295 | min: 0.7111 | max: 0.7994
    TRAIN tabpfn+RSF                  → mean: 0.9542 | std: 0.0142 | min: 0.9385 | max: 0.9721
    TEST  tabpfn+RSF                  → mean: 0.7029 | std: 0.0661 | min: 0.5919 | max: 0.7900
    TRAIN tabpfn+Cox                  → mean: 0.9854 | std: 0.0036 | min: 0.9824 | max: 0.9917
    TEST  tabpfn+Cox                  → mean: 0.6913 | std: 0.0703 | min: 0.5550 | max: 0.7510
    TRAIN DS-simple (base)            → mean: 0.8789 | std: 0.0545 | min: 0.8007 | max: 0.9487
    TEST  DS-simple (base)            → mean: 0.7163 | std: 0.0326 | min: 0.6808 | max: 0.7659
    TRAIN DS-vanilla (base)           → mean: 0.7617 | std: 0.1546 | min: 0.5399 | max: 0.9254
    TEST  DS-vanilla (base)           → mean: 0.6311 | std: 0.0499 | min: 0.5599 | max: 0.6889
    TRAIN RSF (base)                  → mean: 0.9671 | std: 0.0182 | min: 0.9451 | max: 0.9882
    TEST  RSF (base)                  → mean: 0.6909 | std: 0.0412 | min: 0.6535 | max: 0.7583
    TRAIN Cox (base)                  → mean: 0.9210 | std: 0.0270 | min: 0.8747 | max: 0.9481
    TEST  Cox (base)                  → mean: 0.7475 | std: 0.0238 | min: 0.7068 | max: 0.7752

  Sample size (requested):    500  |  actual mean: 500
    TRAIN tabpfn+DS-simple            → mean: 0.9539 | std: 0.0063 | min: 0.9480 | max: 0.9625
    TEST  tabpfn+DS-simple            → mean: 0.8137 | std: 0.0122 | min: 0.7916 | max: 0.8255
    TRAIN tabpfn+DS-vanilla           → mean: 0.9565 | std: 0.0078 | min: 0.9473 | max: 0.9664
    TEST  tabpfn+DS-vanilla           → mean: 0.8030 | std: 0.0156 | min: 0.7800 | max: 0.8233
    TRAIN tabpfn+RSF                  → mean: 0.9804 | std: 0.0055 | min: 0.9747 | max: 0.9889
    TEST  tabpfn+RSF                  → mean: 0.7806 | std: 0.0246 | min: 0.7477 | max: 0.8139
    TRAIN tabpfn+Cox                  → mean: 0.9688 | std: 0.0044 | min: 0.9645 | max: 0.9766
    TEST  tabpfn+Cox                  → mean: 0.7359 | std: 0.0846 | min: 0.5769 | max: 0.8127
    TRAIN DS-simple (base)            → mean: 0.8641 | std: 0.0140 | min: 0.8380 | max: 0.8778
    TEST  DS-simple (base)            → mean: 0.8011 | std: 0.0125 | min: 0.7858 | max: 0.8179
    TRAIN DS-vanilla (base)           → mean: 0.8669 | std: 0.0413 | min: 0.7914 | max: 0.9099
    TEST  DS-vanilla (base)           → mean: 0.7697 | std: 0.0189 | min: 0.7437 | max: 0.7921
    TRAIN RSF (base)                  → mean: 0.9443 | std: 0.0104 | min: 0.9314 | max: 0.9601
    TEST  RSF (base)                  → mean: 0.7892 | std: 0.0240 | min: 0.7431 | max: 0.8077
    TRAIN Cox (base)                  → mean: 0.8654 | std: 0.0169 | min: 0.8433 | max: 0.8870
    TEST  Cox (base)                  → mean: 0.8022 | std: 0.0095 | min: 0.7846 | max: 0.8124

  Sample size (requested):   1000  |  actual mean: 1000
    TRAIN tabpfn+DS-simple            → mean: 0.9505 | std: 0.0041 | min: 0.9437 | max: 0.9555
    TEST  tabpfn+DS-simple            → mean: 0.8262 | std: 0.0074 | min: 0.8158 | max: 0.8342
    TRAIN tabpfn+DS-vanilla           → mean: 0.9530 | std: 0.0053 | min: 0.9440 | max: 0.9588
    TEST  tabpfn+DS-vanilla           → mean: 0.8179 | std: 0.0105 | min: 0.8020 | max: 0.8298
    TRAIN tabpfn+RSF                  → mean: 0.9802 | std: 0.0017 | min: 0.9778 | max: 0.9830
    TEST  tabpfn+RSF                  → mean: 0.8003 | std: 0.0164 | min: 0.7817 | max: 0.8266
    TRAIN tabpfn+Cox                  → mean: 0.9623 | std: 0.0035 | min: 0.9558 | max: 0.9662
    TEST  tabpfn+Cox                  → mean: 0.7550 | std: 0.0675 | min: 0.6336 | max: 0.8154
    TRAIN DS-simple (base)            → mean: 0.8539 | std: 0.0117 | min: 0.8320 | max: 0.8632
    TEST  DS-simple (base)            → mean: 0.8200 | std: 0.0112 | min: 0.7997 | max: 0.8320
    TRAIN DS-vanilla (base)           → mean: 0.8460 | std: 0.0234 | min: 0.8232 | max: 0.8906
    TEST  DS-vanilla (base)           → mean: 0.7948 | std: 0.0176 | min: 0.7708 | max: 0.8188
    TRAIN RSF (base)                  → mean: 0.9494 | std: 0.0069 | min: 0.9405 | max: 0.9566
    TEST  RSF (base)                  → mean: 0.8080 | std: 0.0127 | min: 0.7888 | max: 0.8210
    TRAIN Cox (base)                  → mean: 0.8458 | std: 0.0112 | min: 0.8255 | max: 0.8586
    TEST  Cox (base)                  → mean: 0.8158 | std: 0.0052 | min: 0.8064 | max: 0.8216

  Sample size (requested):   2500  |  actual mean: 2500
    TRAIN tabpfn+DS-simple            → mean: 0.9493 | std: 0.0016 | min: 0.9470 | max: 0.9514
    TEST  tabpfn+DS-simple            → mean: 0.8366 | std: 0.0057 | min: 0.8259 | max: 0.8429
    TRAIN tabpfn+DS-vanilla           → mean: 0.9570 | std: 0.0018 | min: 0.9543 | max: 0.9595
    TEST  tabpfn+DS-vanilla           → mean: 0.8332 | std: 0.0057 | min: 0.8250 | max: 0.8411
    TRAIN tabpfn+RSF                  → mean: 0.9809 | std: 0.0018 | min: 0.9787 | max: 0.9837
    TEST  tabpfn+RSF                  → mean: 0.8242 | std: 0.0059 | min: 0.8143 | max: 0.8297
    TRAIN tabpfn+Cox                  → mean: 0.9607 | std: 0.0032 | min: 0.9568 | max: 0.9662
    TEST  tabpfn+Cox                  → mean: 0.8176 | std: 0.0299 | min: 0.7598 | max: 0.8401
    TRAIN DS-simple (base)            → mean: 0.8452 | std: 0.0037 | min: 0.8410 | max: 0.8494
    TEST  DS-simple (base)            → mean: 0.8281 | std: 0.0082 | min: 0.8146 | max: 0.8377
    TRAIN DS-vanilla (base)           → mean: 0.8564 | std: 0.0113 | min: 0.8471 | max: 0.8786
    TEST  DS-vanilla (base)           → mean: 0.8174 | std: 0.0102 | min: 0.8012 | max: 0.8293
    TRAIN RSF (base)                  → mean: 0.9444 | std: 0.0043 | min: 0.9369 | max: 0.9488
    TEST  RSF (base)                  → mean: 0.8317 | std: 0.0128 | min: 0.8144 | max: 0.8445
    TRAIN Cox (base)                  → mean: 0.8387 | std: 0.0053 | min: 0.8298 | max: 0.8456
    TEST  Cox (base)                  → mean: 0.8210 | std: 0.0062 | min: 0.8094 | max: 0.8271

  Sample size (requested):   5000  |  actual mean: 5000
    TRAIN tabpfn+DS-simple            → mean: 0.9509 | std: 0.0056 | min: 0.9472 | max: 0.9622
    TEST  tabpfn+DS-simple            → mean: 0.8396 | std: 0.0084 | min: 0.8262 | max: 0.8523
    TRAIN tabpfn+DS-vanilla           → mean: 0.9548 | std: 0.0028 | min: 0.9507 | max: 0.9589
    TEST  tabpfn+DS-vanilla           → mean: 0.8291 | std: 0.0201 | min: 0.7939 | max: 0.8520
    TRAIN tabpfn+RSF                  → mean: 0.9815 | std: 0.0009 | min: 0.9805 | max: 0.9827
    TEST  tabpfn+RSF                  → mean: 0.8234 | std: 0.0091 | min: 0.8130 | max: 0.8373
    TRAIN tabpfn+Cox                  → mean: 0.9584 | std: 0.0019 | min: 0.9561 | max: 0.9615
    TEST  tabpfn+Cox                  → mean: 0.8153 | std: 0.0295 | min: 0.7682 | max: 0.8502
    TRAIN DS-simple (base)            → mean: 0.8359 | std: 0.0044 | min: 0.8309 | max: 0.8437
    TEST  DS-simple (base)            → mean: 0.8306 | std: 0.0072 | min: 0.8168 | max: 0.8365
    TRAIN DS-vanilla (base)           → mean: 0.8482 | std: 0.0190 | min: 0.8164 | max: 0.8684
    TEST  DS-vanilla (base)           → mean: 0.8227 | std: 0.0144 | min: 0.8049 | max: 0.8363
    TRAIN RSF (base)                  → mean: 0.9442 | std: 0.0017 | min: 0.9417 | max: 0.9469
    TEST  RSF (base)                  → mean: 0.8435 | std: 0.0114 | min: 0.8268 | max: 0.8544
    TRAIN Cox (base)                  → mean: 0.8301 | std: 0.0048 | min: 0.8253 | max: 0.8392
    TEST  Cox (base)                  → mean: 0.8240 | std: 0.0066 | min: 0.8120 | max: 0.8312

  Sample size (requested):  10000  |  actual mean: 10000
    TRAIN tabpfn+DS-simple            → mean: 0.9566 | std: 0.0028 | min: 0.9530 | max: 0.9610
    TEST  tabpfn+DS-simple            → mean: 0.8412 | std: 0.0088 | min: 0.8297 | max: 0.8522
    TRAIN tabpfn+DS-vanilla           → mean: 0.7407 | std: 0.3386 | min: 0.0807 | max: 0.9583
    TEST  tabpfn+DS-vanilla           → mean: 0.8000 | std: 0.0605 | min: 0.6813 | max: 0.8440
    TRAIN tabpfn+RSF                  → mean: 0.9817 | std: 0.0007 | min: 0.9805 | max: 0.9828
    TEST  tabpfn+RSF                  → mean: 0.8234 | std: 0.0061 | min: 0.8168 | max: 0.8344
    TRAIN tabpfn+Cox                  → mean: 0.9571 | std: 0.0006 | min: 0.9565 | max: 0.9579
    TEST  tabpfn+Cox                  → mean: 0.8408 | std: 0.0093 | min: 0.8250 | max: 0.8494
    TRAIN DS-simple (base)            → mean: 0.7713 | std: 0.1171 | min: 0.5379 | max: 0.8393
    TEST  DS-simple (base)            → mean: 0.7728 | std: 0.1057 | min: 0.5620 | max: 0.8362
    TRAIN DS-vanilla (base)           → mean: 0.7643 | std: 0.1310 | min: 0.5030 | max: 0.8441
    TEST  DS-vanilla (base)           → mean: 0.7600 | std: 0.1238 | min: 0.5131 | max: 0.8378
    TRAIN RSF (base)                  → mean: 0.9435 | std: 0.0007 | min: 0.9421 | max: 0.9443
    TEST  RSF (base)                  → mean: 0.8478 | std: 0.0085 | min: 0.8352 | max: 0.8566
    TRAIN Cox (base)                  → mean: 0.8303 | std: 0.0017 | min: 0.8274 | max: 0.8321
    TEST  Cox (base)                  → mean: 0.8259 | std: 0.0063 | min: 0.8154 | max: 0.8341

  Sample size (requested):  15000  |  actual mean: 13566
    TRAIN tabpfn+DS-simple            → mean: 0.9607 | std: 0.0014 | min: 0.9580 | max: 0.9617
    TEST  tabpfn+DS-simple            → mean: 0.8442 | std: 0.0067 | min: 0.8327 | max: 0.8534
    TRAIN tabpfn+DS-vanilla           → mean: 0.9563 | std: 0.0013 | min: 0.9548 | max: 0.9585
    TEST  tabpfn+DS-vanilla           → mean: 0.8212 | std: 0.0146 | min: 0.8023 | max: 0.8364
    TRAIN tabpfn+RSF                  → mean: 0.9818 | std: 0.0004 | min: 0.9812 | max: 0.9823
    TEST  tabpfn+RSF                  → mean: 0.8236 | std: 0.0078 | min: 0.8101 | max: 0.8320
    TRAIN tabpfn+Cox                  → mean: 0.9570 | std: 0.0006 | min: 0.9560 | max: 0.9576
    TEST  tabpfn+Cox                  → mean: 0.8432 | std: 0.0071 | min: 0.8307 | max: 0.8503
    TRAIN DS-simple (base)            → mean: 0.8374 | std: 0.0018 | min: 0.8342 | max: 0.8397
    TEST  DS-simple (base)            → mean: 0.8351 | std: 0.0049 | min: 0.8288 | max: 0.8421
    TRAIN DS-vanilla (base)           → mean: 0.8569 | std: 0.0070 | min: 0.8476 | max: 0.8664
    TEST  DS-vanilla (base)           → mean: 0.8465 | std: 0.0050 | min: 0.8400 | max: 0.8535
    TRAIN RSF (base)                  → mean: 0.9414 | std: 0.0006 | min: 0.9407 | max: 0.9425
    TEST  RSF (base)                  → mean: 0.8514 | std: 0.0088 | min: 0.8397 | max: 0.8599
    TRAIN Cox (base)                  → mean: 0.8281 | std: 0.0014 | min: 0.8262 | max: 0.8299
    TEST  Cox (base)                  → mean: 0.8264 | std: 0.0067 | min: 0.8156 | max: 0.8348

Preprocess: NaN
------------------------------------------------------------

  Sample size (requested):    100  |  actual mean: 100
    TRAIN tabpfn+DS-simple            → mean: 0.9417 | std: 0.0139 | min: 0.9158 | max: 0.9562
    TEST  tabpfn+DS-simple            → mean: 0.7642 | std: 0.0232 | min: 0.7253 | max: 0.7963
    TRAIN tabpfn+DS-vanilla           → mean: 0.9614 | std: 0.0146 | min: 0.9392 | max: 0.9823
    TEST  tabpfn+DS-vanilla           → mean: 0.7556 | std: 0.0174 | min: 0.7259 | max: 0.7775
    TRAIN tabpfn+RSF                  → mean: 0.9613 | std: 0.0108 | min: 0.9431 | max: 0.9728
    TEST  tabpfn+RSF                  → mean: 0.6553 | std: 0.1168 | min: 0.4690 | max: 0.7901
    TRAIN tabpfn+Cox                  → mean: 0.9811 | std: 0.0137 | min: 0.9543 | max: 0.9929
    TEST  tabpfn+Cox                  → mean: 0.6850 | std: 0.0351 | min: 0.6188 | max: 0.7236

  Sample size (requested):    500  |  actual mean: 500
    TRAIN tabpfn+DS-simple            → mean: 0.9519 | std: 0.0072 | min: 0.9434 | max: 0.9617
    TEST  tabpfn+DS-simple            → mean: 0.8058 | std: 0.0125 | min: 0.7816 | max: 0.8166
    TRAIN tabpfn+DS-vanilla           → mean: 0.9583 | std: 0.0065 | min: 0.9494 | max: 0.9688
    TEST  tabpfn+DS-vanilla           → mean: 0.8048 | std: 0.0090 | min: 0.7882 | max: 0.8140
    TRAIN tabpfn+RSF                  → mean: 0.9816 | std: 0.0043 | min: 0.9754 | max: 0.9863
    TEST  tabpfn+RSF                  → mean: 0.7694 | std: 0.0231 | min: 0.7293 | max: 0.7983
    TRAIN tabpfn+Cox                  → mean: 0.9670 | std: 0.0076 | min: 0.9595 | max: 0.9805
    TEST  tabpfn+Cox                  → mean: 0.7872 | std: 0.0129 | min: 0.7685 | max: 0.8080

  Sample size (requested):   1000  |  actual mean: 1000
    TRAIN tabpfn+DS-simple            → mean: 0.9494 | std: 0.0038 | min: 0.9431 | max: 0.9548
    TEST  tabpfn+DS-simple            → mean: 0.8224 | std: 0.0085 | min: 0.8098 | max: 0.8325
    TRAIN tabpfn+DS-vanilla           → mean: 0.9530 | std: 0.0058 | min: 0.9435 | max: 0.9607
    TEST  tabpfn+DS-vanilla           → mean: 0.8164 | std: 0.0123 | min: 0.8001 | max: 0.8298
    TRAIN tabpfn+RSF                  → mean: 0.9818 | std: 0.0021 | min: 0.9797 | max: 0.9855
    TEST  tabpfn+RSF                  → mean: 0.7928 | std: 0.0265 | min: 0.7423 | max: 0.8185
    TRAIN tabpfn+Cox                  → mean: 0.9606 | std: 0.0037 | min: 0.9535 | max: 0.9640
    TEST  tabpfn+Cox                  → mean: 0.7308 | std: 0.0983 | min: 0.5519 | max: 0.8066

  Sample size (requested):   2500  |  actual mean: 2500
    TRAIN tabpfn+DS-simple            → mean: 0.9478 | std: 0.0032 | min: 0.9429 | max: 0.9529
    TEST  tabpfn+DS-simple            → mean: 0.8313 | std: 0.0082 | min: 0.8159 | max: 0.8398
    TRAIN tabpfn+DS-vanilla           → mean: 0.9538 | std: 0.0043 | min: 0.9485 | max: 0.9597
    TEST  tabpfn+DS-vanilla           → mean: 0.8244 | std: 0.0076 | min: 0.8147 | max: 0.8345
    TRAIN tabpfn+RSF                  → mean: 0.9807 | std: 0.0024 | min: 0.9785 | max: 0.9849
    TEST  tabpfn+RSF                  → mean: 0.8119 | std: 0.0156 | min: 0.7904 | max: 0.8263
    TRAIN tabpfn+Cox                  → mean: 0.9584 | std: 0.0017 | min: 0.9553 | max: 0.9601
    TEST  tabpfn+Cox                  → mean: 0.7933 | std: 0.0412 | min: 0.7164 | max: 0.8310

  Sample size (requested):   5000  |  actual mean: 5000
    TRAIN tabpfn+DS-simple            → mean: 0.9566 | std: 0.0072 | min: 0.9477 | max: 0.9649
    TEST  tabpfn+DS-simple            → mean: 0.8369 | std: 0.0080 | min: 0.8225 | max: 0.8439
    TRAIN tabpfn+DS-vanilla           → mean: 0.9533 | std: 0.0016 | min: 0.9507 | max: 0.9550
    TEST  tabpfn+DS-vanilla           → mean: 0.8251 | std: 0.0120 | min: 0.8038 | max: 0.8349
    TRAIN tabpfn+RSF                  → mean: 0.9820 | std: 0.0013 | min: 0.9802 | max: 0.9839
    TEST  tabpfn+RSF                  → mean: 0.8191 | std: 0.0075 | min: 0.8053 | max: 0.8279
    TRAIN tabpfn+Cox                  → mean: 0.9572 | std: 0.0010 | min: 0.9563 | max: 0.9592
    TEST  tabpfn+Cox                  → mean: 0.8193 | std: 0.0233 | min: 0.7737 | max: 0.8391

  Sample size (requested):  10000  |  actual mean: 10000
    TRAIN tabpfn+DS-simple            → mean: 0.9588 | std: 0.0057 | min: 0.9478 | max: 0.9638
    TEST  tabpfn+DS-simple            → mean: 0.8353 | std: 0.0130 | min: 0.8116 | max: 0.8459
    TRAIN tabpfn+DS-vanilla           → mean: 0.9575 | std: 0.0026 | min: 0.9541 | max: 0.9602
    TEST  tabpfn+DS-vanilla           → mean: 0.7911 | std: 0.0566 | min: 0.6859 | max: 0.8424
    TRAIN tabpfn+RSF                  → mean: 0.9825 | std: 0.0005 | min: 0.9818 | max: 0.9831
    TEST  tabpfn+RSF                  → mean: 0.8034 | std: 0.0199 | min: 0.7715 | max: 0.8238
    TRAIN tabpfn+Cox                  → mean: 0.9572 | std: 0.0026 | min: 0.9528 | max: 0.9603
    TEST  tabpfn+Cox                  → mean: 0.8377 | std: 0.0075 | min: 0.8258 | max: 0.8463

  Sample size (requested):  15000  |  actual mean: 13566
    TRAIN tabpfn+DS-simple            → mean: 0.9585 | std: 0.0020 | min: 0.9547 | max: 0.9602
    TEST  tabpfn+DS-simple            → mean: 0.8420 | std: 0.0095 | min: 0.8256 | max: 0.8520
    TRAIN tabpfn+DS-vanilla           → mean: 0.9572 | std: 0.0015 | min: 0.9555 | max: 0.9599
    TEST  tabpfn+DS-vanilla           → mean: 0.8119 | std: 0.0362 | min: 0.7451 | max: 0.8467
    TRAIN tabpfn+RSF                  → mean: 0.9824 | std: 0.0003 | min: 0.9820 | max: 0.9829
    TEST  tabpfn+RSF                  → mean: 0.7926 | std: 0.0270 | min: 0.7520 | max: 0.8225
    TRAIN tabpfn+Cox                  → mean: 0.9570 | std: 0.0015 | min: 0.9548 | max: 0.9589
    TEST  tabpfn+Cox                  → mean: 0.8433 | std: 0.0083 | min: 0.8299 | max: 0.8515
Text summary saved → results/HURRAH/tabpfn/results_samplesize_HURRAH_tabpfn_seed123.txt
