/scratch.hpc/luca.cotugno/Foundation_model_clinical_data/.venv/lib/python3.12/site-packages/torchtuples/tupletree.py:146: UserWarning: The given NumPy array is not writable, and PyTorch does not support non-writable tensors. This means writing to this tensor will result in undefined behavior. You may want to copy the array to protect its data or make it writable before converting it to a tensor. This type of warning will be suppressed for the rest of this program. (Triggered internally at /pytorch/torch/csrc/utils/tensor_numpy.cpp:213.)
  return torch.from_numpy(data)
/scratch.hpc/luca.cotugno/Foundation_model_clinical_data/.venv/lib/python3.12/site-packages/pycox/models/cox.py:251: RuntimeWarning: overflow encountered in exp
  expg = np.exp(self.predict(input, batch_size, True, eval_, num_workers=num_workers)).reshape(1, -1)
/scratch.hpc/luca.cotugno/Foundation_model_clinical_data/.venv/lib/python3.12/site-packages/lifelines/utils/__init__.py:1100: ConvergenceWarning: Column(s) ['SindromeX', 'MIO', 'Endocardite', 'EmboliaPolmonare', 'Ictus', 'Ictus_event'] have very low variance. This may harm convergence. 1) Are you using formula's? Did you mean to add '-1' to the end. 2) Try dropping this redundant column before fitting if convergence fails.

  warnings.warn(dedent(warning_text), ConvergenceWarning)
/scratch.hpc/luca.cotugno/Foundation_model_clinical_data/.venv/lib/python3.12/site-packages/lifelines/utils/__init__.py:797: RuntimeWarning: invalid value encountered in divide
  return (X - mean) / std
/scratch.hpc/luca.cotugno/Foundation_model_clinical_data/.venv/lib/python3.12/site-packages/lifelines/utils/__init__.py:1120: ConvergenceWarning: Column CABG  have very low variance when conditioned on death event present or not. This may harm convergence. This could be a form of 'complete separation'. For example, try the following code:

>>> events = df['__e__'].astype(bool)
>>> print(df.loc[events, 'CABG '].var())
>>> print(df.loc[~events, 'CABG '].var())

A very low variance means that the column CABG  completely determines whether a subject dies or not. See https://stats.stackexchange.com/questions/11109/how-to-deal-with-perfect-separation-in-logistic-regression.

  warnings.warn(dedent(warning_text), ConvergenceWarning)
/scratch.hpc/luca.cotugno/Foundation_model_clinical_data/.venv/lib/python3.12/site-packages/lifelines/utils/__init__.py:1163: ConvergenceWarning: Column Non Fatal AMI (Follow-Up) has high sample correlation with the duration column. This may harm convergence. This could be a form of 'complete separation'.     See https://stats.stackexchange.com/questions/11109/how-to-deal-with-perfect-separation-in-logistic-regression

  warnings.warn(dedent(warning_text), ConvergenceWarning)
/scratch.hpc/luca.cotugno/Foundation_model_clinical_data/.venv/lib/python3.12/site-packages/lifelines/utils/__init__.py:1163: ConvergenceWarning: Column Non Fatal AMI (Follow-Up)_event has high sample correlation with the duration column. This may harm convergence. This could be a form of 'complete separation'.     See https://stats.stackexchange.com/questions/11109/how-to-deal-with-perfect-separation-in-logistic-regression

  warnings.warn(dedent(warning_text), ConvergenceWarning)
/scratch.hpc/luca.cotugno/Foundation_model_clinical_data/.venv/lib/python3.12/site-packages/lifelines/utils/__init__.py:1100: ConvergenceWarning: Column(s) ['Ipertiroidismo', 'MIN', 'MIO', 'Miocardite', 'Endocardite', 'EmboliaPolmonare'] have very low variance. This may harm convergence. 1) Are you using formula's? Did you mean to add '-1' to the end. 2) Try dropping this redundant column before fitting if convergence fails.

  warnings.warn(dedent(warning_text), ConvergenceWarning)
/scratch.hpc/luca.cotugno/Foundation_model_clinical_data/.venv/lib/python3.12/site-packages/lifelines/utils/__init__.py:797: RuntimeWarning: invalid value encountered in divide
  return (X - mean) / std
/scratch.hpc/luca.cotugno/Foundation_model_clinical_data/.venv/lib/python3.12/site-packages/lifelines/utils/__init__.py:1120: ConvergenceWarning: Column Ipotiroidismo have very low variance when conditioned on death event present or not. This may harm convergence. This could be a form of 'complete separation'. For example, try the following code:

>>> events = df['__e__'].astype(bool)
>>> print(df.loc[events, 'Ipotiroidismo'].var())
>>> print(df.loc[~events, 'Ipotiroidismo'].var())

A very low variance means that the column Ipotiroidismo completely determines whether a subject dies or not. See https://stats.stackexchange.com/questions/11109/how-to-deal-with-perfect-separation-in-logistic-regression.

  warnings.warn(dedent(warning_text), ConvergenceWarning)
/scratch.hpc/luca.cotugno/Foundation_model_clinical_data/.venv/lib/python3.12/site-packages/lifelines/utils/__init__.py:1163: ConvergenceWarning: Column Ipotiroidismo has high sample correlation with the duration column. This may harm convergence. This could be a form of 'complete separation'.     See https://stats.stackexchange.com/questions/11109/how-to-deal-with-perfect-separation-in-logistic-regression

  warnings.warn(dedent(warning_text), ConvergenceWarning)
/scratch.hpc/luca.cotugno/Foundation_model_clinical_data/.venv/lib/python3.12/site-packages/lifelines/utils/__init__.py:1100: ConvergenceWarning: Column(s) ['Normal', 'SindromeX', 'MIN', 'MIO', 'Endocardite'] have very low variance. This may harm convergence. 1) Are you using formula's? Did you mean to add '-1' to the end. 2) Try dropping this redundant column before fitting if convergence fails.

  warnings.warn(dedent(warning_text), ConvergenceWarning)
/scratch.hpc/luca.cotugno/Foundation_model_clinical_data/.venv/lib/python3.12/site-packages/lifelines/utils/__init__.py:797: RuntimeWarning: invalid value encountered in divide
  return (X - mean) / std
/scratch.hpc/luca.cotugno/Foundation_model_clinical_data/.venv/lib/python3.12/site-packages/lifelines/utils/__init__.py:1120: ConvergenceWarning: Column EmboliaPolmonare have very low variance when conditioned on death event present or not. This may harm convergence. This could be a form of 'complete separation'. For example, try the following code:

>>> events = df['__e__'].astype(bool)
>>> print(df.loc[events, 'EmboliaPolmonare'].var())
>>> print(df.loc[~events, 'EmboliaPolmonare'].var())

A very low variance means that the column EmboliaPolmonare completely determines whether a subject dies or not. See https://stats.stackexchange.com/questions/11109/how-to-deal-with-perfect-separation-in-logistic-regression.

  warnings.warn(dedent(warning_text), ConvergenceWarning)
/scratch.hpc/luca.cotugno/Foundation_model_clinical_data/.venv/lib/python3.12/site-packages/lifelines/utils/__init__.py:1163: ConvergenceWarning: Column Ictus has high sample correlation with the duration column. This may harm convergence. This could be a form of 'complete separation'.     See https://stats.stackexchange.com/questions/11109/how-to-deal-with-perfect-separation-in-logistic-regression

  warnings.warn(dedent(warning_text), ConvergenceWarning)
/scratch.hpc/luca.cotugno/Foundation_model_clinical_data/.venv/lib/python3.12/site-packages/lifelines/utils/__init__.py:1163: ConvergenceWarning: Column Ictus_event has high sample correlation with the duration column. This may harm convergence. This could be a form of 'complete separation'.     See https://stats.stackexchange.com/questions/11109/how-to-deal-with-perfect-separation-in-logistic-regression

  warnings.warn(dedent(warning_text), ConvergenceWarning)
/scratch.hpc/luca.cotugno/Foundation_model_clinical_data/.venv/lib/python3.12/site-packages/lifelines/utils/__init__.py:1100: ConvergenceWarning: Column(s) ['SindromeX', 'Miocardite', 'Endocardite', 'EmboliaPolmonare'] have very low variance. This may harm convergence. 1) Are you using formula's? Did you mean to add '-1' to the end. 2) Try dropping this redundant column before fitting if convergence fails.

  warnings.warn(dedent(warning_text), ConvergenceWarning)
/scratch.hpc/luca.cotugno/Foundation_model_clinical_data/.venv/lib/python3.12/site-packages/lifelines/utils/__init__.py:797: RuntimeWarning: invalid value encountered in divide
  return (X - mean) / std
/scratch.hpc/luca.cotugno/Foundation_model_clinical_data/.venv/lib/python3.12/site-packages/lifelines/utils/__init__.py:1120: ConvergenceWarning: Column CABG  have very low variance when conditioned on death event present or not. This may harm convergence. This could be a form of 'complete separation'. For example, try the following code:

>>> events = df['__e__'].astype(bool)
>>> print(df.loc[events, 'CABG '].var())
>>> print(df.loc[~events, 'CABG '].var())

A very low variance means that the column CABG  completely determines whether a subject dies or not. See https://stats.stackexchange.com/questions/11109/how-to-deal-with-perfect-separation-in-logistic-regression.

  warnings.warn(dedent(warning_text), ConvergenceWarning)
/scratch.hpc/luca.cotugno/Foundation_model_clinical_data/.venv/lib/python3.12/site-packages/lifelines/utils/__init__.py:1163: ConvergenceWarning: Column Ipertiroidismo has high sample correlation with the duration column. This may harm convergence. This could be a form of 'complete separation'.     See https://stats.stackexchange.com/questions/11109/how-to-deal-with-perfect-separation-in-logistic-regression

  warnings.warn(dedent(warning_text), ConvergenceWarning)
/scratch.hpc/luca.cotugno/Foundation_model_clinical_data/.venv/lib/python3.12/site-packages/lifelines/utils/__init__.py:1163: ConvergenceWarning: Column Normal has high sample correlation with the duration column. This may harm convergence. This could be a form of 'complete separation'.     See https://stats.stackexchange.com/questions/11109/how-to-deal-with-perfect-separation-in-logistic-regression

  warnings.warn(dedent(warning_text), ConvergenceWarning)
/scratch.hpc/luca.cotugno/Foundation_model_clinical_data/.venv/lib/python3.12/site-packages/lifelines/utils/__init__.py:1163: ConvergenceWarning: Column MIO has high sample correlation with the duration column. This may harm convergence. This could be a form of 'complete separation'.     See https://stats.stackexchange.com/questions/11109/how-to-deal-with-perfect-separation-in-logistic-regression

  warnings.warn(dedent(warning_text), ConvergenceWarning)
/scratch.hpc/luca.cotugno/Foundation_model_clinical_data/.venv/lib/python3.12/site-packages/lifelines/utils/__init__.py:1163: ConvergenceWarning: Column Pericardite has high sample correlation with the duration column. This may harm convergence. This could be a form of 'complete separation'.     See https://stats.stackexchange.com/questions/11109/how-to-deal-with-perfect-separation-in-logistic-regression

  warnings.warn(dedent(warning_text), ConvergenceWarning)
/scratch.hpc/luca.cotugno/Foundation_model_clinical_data/.venv/lib/python3.12/site-packages/lifelines/utils/__init__.py:1100: ConvergenceWarning: Column(s) ['MIN', 'Endocardite', 'EmboliaPolmonare', 'Ictus', 'Ictus_event'] have very low variance. This may harm convergence. 1) Are you using formula's? Did you mean to add '-1' to the end. 2) Try dropping this redundant column before fitting if convergence fails.

  warnings.warn(dedent(warning_text), ConvergenceWarning)
/scratch.hpc/luca.cotugno/Foundation_model_clinical_data/.venv/lib/python3.12/site-packages/lifelines/utils/__init__.py:797: RuntimeWarning: invalid value encountered in divide
  return (X - mean) / std
/scratch.hpc/luca.cotugno/Foundation_model_clinical_data/.venv/lib/python3.12/site-packages/lifelines/utils/__init__.py:1120: ConvergenceWarning: Column Subclinical primary hyperthyroidism
(SCT) have very low variance when conditioned on death event present or not. This may harm convergence. This could be a form of 'complete separation'. For example, try the following code:

>>> events = df['__e__'].astype(bool)
>>> print(df.loc[events, 'Subclinical primary hyperthyroidism
(SCT)'].var())
>>> print(df.loc[~events, 'Subclinical primary hyperthyroidism
(SCT)'].var())

A very low variance means that the column Subclinical primary hyperthyroidism
(SCT) completely determines whether a subject dies or not. See https://stats.stackexchange.com/questions/11109/how-to-deal-with-perfect-separation-in-logistic-regression.

  warnings.warn(dedent(warning_text), ConvergenceWarning)
/scratch.hpc/luca.cotugno/Foundation_model_clinical_data/.venv/lib/python3.12/site-packages/lifelines/utils/__init__.py:1163: ConvergenceWarning: Column Subclinical primary hyperthyroidism
(SCT) has high sample correlation with the duration column. This may harm convergence. This could be a form of 'complete separation'.     See https://stats.stackexchange.com/questions/11109/how-to-deal-with-perfect-separation-in-logistic-regression

  warnings.warn(dedent(warning_text), ConvergenceWarning)
/scratch.hpc/luca.cotugno/Foundation_model_clinical_data/.venv/lib/python3.12/site-packages/lifelines/utils/__init__.py:1163: ConvergenceWarning: Column Ipertiroidismo has high sample correlation with the duration column. This may harm convergence. This could be a form of 'complete separation'.     See https://stats.stackexchange.com/questions/11109/how-to-deal-with-perfect-separation-in-logistic-regression

  warnings.warn(dedent(warning_text), ConvergenceWarning)
/scratch.hpc/luca.cotugno/Foundation_model_clinical_data/.venv/lib/python3.12/site-packages/lifelines/utils/__init__.py:1163: ConvergenceWarning: Column MIO has high sample correlation with the duration column. This may harm convergence. This could be a form of 'complete separation'.     See https://stats.stackexchange.com/questions/11109/how-to-deal-with-perfect-separation-in-logistic-regression

  warnings.warn(dedent(warning_text), ConvergenceWarning)
/scratch.hpc/luca.cotugno/Foundation_model_clinical_data/.venv/lib/python3.12/site-packages/lifelines/utils/__init__.py:1100: ConvergenceWarning: Column(s) ['SindromeX', 'EmboliaPolmonare'] have very low variance. This may harm convergence. 1) Are you using formula's? Did you mean to add '-1' to the end. 2) Try dropping this redundant column before fitting if convergence fails.

  warnings.warn(dedent(warning_text), ConvergenceWarning)
/scratch.hpc/luca.cotugno/Foundation_model_clinical_data/.venv/lib/python3.12/site-packages/lifelines/utils/__init__.py:797: RuntimeWarning: invalid value encountered in divide
  return (X - mean) / std
/scratch.hpc/luca.cotugno/Foundation_model_clinical_data/.venv/lib/python3.12/site-packages/lifelines/utils/__init__.py:1120: ConvergenceWarning: Column Endocardite have very low variance when conditioned on death event present or not. This may harm convergence. This could be a form of 'complete separation'. For example, try the following code:

>>> events = df['__e__'].astype(bool)
>>> print(df.loc[events, 'Endocardite'].var())
>>> print(df.loc[~events, 'Endocardite'].var())

A very low variance means that the column Endocardite completely determines whether a subject dies or not. See https://stats.stackexchange.com/questions/11109/how-to-deal-with-perfect-separation-in-logistic-regression.

  warnings.warn(dedent(warning_text), ConvergenceWarning)
/scratch.hpc/luca.cotugno/Foundation_model_clinical_data/.venv/lib/python3.12/site-packages/lifelines/utils/__init__.py:1100: ConvergenceWarning: Column(s) ['EmboliaPolmonare'] have very low variance. This may harm convergence. 1) Are you using formula's? Did you mean to add '-1' to the end. 2) Try dropping this redundant column before fitting if convergence fails.

  warnings.warn(dedent(warning_text), ConvergenceWarning)
/scratch.hpc/luca.cotugno/Foundation_model_clinical_data/.venv/lib/python3.12/site-packages/lifelines/utils/__init__.py:797: RuntimeWarning: invalid value encountered in divide
  return (X - mean) / std
/scratch.hpc/luca.cotugno/Foundation_model_clinical_data/.venv/lib/python3.12/site-packages/lifelines/utils/__init__.py:1120: ConvergenceWarning: Column Normal have very low variance when conditioned on death event present or not. This may harm convergence. This could be a form of 'complete separation'. For example, try the following code:

>>> events = df['__e__'].astype(bool)
>>> print(df.loc[events, 'Normal'].var())
>>> print(df.loc[~events, 'Normal'].var())

A very low variance means that the column Normal completely determines whether a subject dies or not. See https://stats.stackexchange.com/questions/11109/how-to-deal-with-perfect-separation-in-logistic-regression.

  warnings.warn(dedent(warning_text), ConvergenceWarning)
/scratch.hpc/luca.cotugno/Foundation_model_clinical_data/.venv/lib/python3.12/site-packages/lifelines/utils/__init__.py:1100: ConvergenceWarning: Column(s) ['SindromeX', 'EmboliaPolmonare'] have very low variance. This may harm convergence. 1) Are you using formula's? Did you mean to add '-1' to the end. 2) Try dropping this redundant column before fitting if convergence fails.

  warnings.warn(dedent(warning_text), ConvergenceWarning)
/scratch.hpc/luca.cotugno/Foundation_model_clinical_data/.venv/lib/python3.12/site-packages/lifelines/utils/__init__.py:797: RuntimeWarning: invalid value encountered in divide
  return (X - mean) / std
/scratch.hpc/luca.cotugno/Foundation_model_clinical_data/.venv/lib/python3.12/site-packages/lifelines/utils/__init__.py:1120: ConvergenceWarning: Column Miocardite have very low variance when conditioned on death event present or not. This may harm convergence. This could be a form of 'complete separation'. For example, try the following code:

>>> events = df['__e__'].astype(bool)
>>> print(df.loc[events, 'Miocardite'].var())
>>> print(df.loc[~events, 'Miocardite'].var())

A very low variance means that the column Miocardite completely determines whether a subject dies or not. See https://stats.stackexchange.com/questions/11109/how-to-deal-with-perfect-separation-in-logistic-regression.

  warnings.warn(dedent(warning_text), ConvergenceWarning)
/scratch.hpc/luca.cotugno/Foundation_model_clinical_data/.venv/lib/python3.12/site-packages/pycox/models/cox.py:251: RuntimeWarning: overflow encountered in exp
  expg = np.exp(self.predict(input, batch_size, True, eval_, num_workers=num_workers)).reshape(1, -1)
/scratch.hpc/luca.cotugno/Foundation_model_clinical_data/test_sample_size.py:496: RuntimeWarning: Mean of empty slice
  "train_mean":    np.nanmean(tr_vals),
/scratch.hpc/luca.cotugno/Foundation_model_clinical_data/.venv/lib/python3.12/site-packages/numpy/lib/_nanfunctions_impl.py:1997: RuntimeWarning: Degrees of freedom <= 0 for slice.
  var = nanvar(a, axis=axis, dtype=dtype, out=out, ddof=ddof,
/scratch.hpc/luca.cotugno/Foundation_model_clinical_data/test_sample_size.py:498: RuntimeWarning: Mean of empty slice
  "test_mean":     np.nanmean(te_vals),
/scratch.hpc/luca.cotugno/Foundation_model_clinical_data/test_sample_size.py:496: RuntimeWarning: Mean of empty slice
  "train_mean":    np.nanmean(tr_vals),
/scratch.hpc/luca.cotugno/Foundation_model_clinical_data/.venv/lib/python3.12/site-packages/numpy/lib/_nanfunctions_impl.py:1997: RuntimeWarning: Degrees of freedom <= 0 for slice.
  var = nanvar(a, axis=axis, dtype=dtype, out=out, ddof=ddof,
/scratch.hpc/luca.cotugno/Foundation_model_clinical_data/test_sample_size.py:498: RuntimeWarning: Mean of empty slice
  "test_mean":     np.nanmean(te_vals),
Model:        tabpfn
Seed:         789
Sample sizes: [100, 500, 1000, 2500, 5000, 10000, 15000]

######################################################################
Dataset: OrmoniTirodei
######################################################################

============================================================
Preprocess: -1
============================================================
Loading existing folds from tmp/splits/OrmoniTirodei_seed789.pkl

--- Sample size: 100 ---
  Fold 1: train=100, test=1291
  Embedding shape: (100, 192)
  [tabpfn+DS-simple]  train=0.8950  test=0.7690
  [tabpfn+DS-vanilla] train=0.9012  test=0.7693
  [tabpfn+RSF]        train=0.9533  test=0.7699
  [tabpfn+Cox]        train=0.9410  test=0.6721
  [DS-simple]         train=0.6706  test=0.6333
  [DS-vanilla]        train=0.7946  test=0.6541
  [RSF]               train=0.9487  test=0.7535
    Cox fit failed: Convergence halted due to matrix inversion problems. Suspicion is high collinearity. Please see the following tips in the lifelines documentation: https://lifelines.readthedocs.io/en/latest/Examples.html#problems-with-convergence-in-the-cox-proportional-hazard-modelMatrix is singular.
  [Cox]               train=nan  test=nan
  Fold 2: train=100, test=1291
  Embedding shape: (100, 192)
  [tabpfn+DS-simple]  train=0.9341  test=0.7283
  [tabpfn+DS-vanilla] train=0.9371  test=0.7334
  [tabpfn+RSF]        train=0.9646  test=0.7205
  [tabpfn+Cox]        train=0.9666  test=0.4499
  [DS-simple]         train=0.7907  test=0.6463
  [DS-vanilla]        train=0.6203  test=0.5497
  [RSF]               train=0.9561  test=0.7210
    Cox fit failed: Convergence halted due to matrix inversion problems. Suspicion is high collinearity. Please see the following tips in the lifelines documentation: https://lifelines.readthedocs.io/en/latest/Examples.html#problems-with-convergence-in-the-cox-proportional-hazard-modelMatrix is singular.
  [Cox]               train=nan  test=nan
  Fold 3: train=100, test=1290
  Embedding shape: (100, 192)
  [tabpfn+DS-simple]  train=0.9162  test=0.7526
  [tabpfn+DS-vanilla] train=0.9192  test=0.7522
  [tabpfn+RSF]        train=0.9518  test=0.7516
  [tabpfn+Cox]        train=0.9629  test=0.5814
  [DS-simple]         train=0.7406  test=0.6407
  [DS-vanilla]        train=0.8394  test=0.6673
  [RSF]               train=0.9659  test=0.7064
    Cox fit failed: Convergence halted due to matrix inversion problems. Suspicion is high collinearity. Please see the following tips in the lifelines documentation: https://lifelines.readthedocs.io/en/latest/Examples.html#problems-with-convergence-in-the-cox-proportional-hazard-modelMatrix is singular.
  [Cox]               train=nan  test=nan
  Fold 4: train=100, test=1290
  Embedding shape: (100, 192)
  [tabpfn+DS-simple]  train=0.9157  test=0.7439
  [tabpfn+DS-vanilla] train=0.9266  test=0.7448
  [tabpfn+RSF]        train=0.9663  test=0.7365
  [tabpfn+Cox]        train=0.9618  test=0.5001
  [DS-simple]         train=0.8254  test=0.6710
  [DS-vanilla]        train=0.6721  test=0.5771
  [RSF]               train=0.9831  test=0.6894
    Cox fit failed: Convergence halted due to matrix inversion problems. Suspicion is high collinearity. Please see the following tips in the lifelines documentation: https://lifelines.readthedocs.io/en/latest/Examples.html#problems-with-convergence-in-the-cox-proportional-hazard-modelMatrix is singular.
  [Cox]               train=nan  test=nan
  Fold 5: train=100, test=1290
  Embedding shape: (100, 192)
  [tabpfn+DS-simple]  train=0.9219  test=0.6988
  [tabpfn+DS-vanilla] train=0.9457  test=0.6983
  [tabpfn+RSF]        train=0.9600  test=0.6622
  [tabpfn+Cox]        train=0.9819  test=0.5073
  [DS-simple]         train=0.8944  test=0.6427
  [DS-vanilla]        train=0.5909  test=0.5367
  [RSF]               train=0.9881  test=0.7150
    Cox fit failed: Convergence halted due to matrix inversion problems. Suspicion is high collinearity. Please see the following tips in the lifelines documentation: https://lifelines.readthedocs.io/en/latest/Examples.html#problems-with-convergence-in-the-cox-proportional-hazard-modelMatrix is singular.
  [Cox]               train=nan  test=nan

--- Sample size: 500 ---
  Fold 1: train=500, test=1291
  Embedding shape: (500, 192)
  [tabpfn+DS-simple]  train=0.9011  test=0.7754
  [tabpfn+DS-vanilla] train=0.9099  test=0.7822
  [tabpfn+RSF]        train=0.9588  test=0.7669
  [tabpfn+Cox]        train=0.9243  test=0.3209
  [DS-simple]         train=0.8232  test=0.7633
  [DS-vanilla]        train=0.8397  test=0.7493
  [RSF]               train=0.9395  test=0.7749
    Cox fit failed: Convergence halted due to matrix inversion problems. Suspicion is high collinearity. Please see the following tips in the lifelines documentation: https://lifelines.readthedocs.io/en/latest/Examples.html#problems-with-convergence-in-the-cox-proportional-hazard-modelMatrix is singular.
  [Cox]               train=nan  test=nan
  Fold 2: train=500, test=1291
  Embedding shape: (500, 192)
  [tabpfn+DS-simple]  train=0.9079  test=0.7709
  [tabpfn+DS-vanilla] train=0.9235  test=0.7785
  [tabpfn+RSF]        train=0.9684  test=0.7781
  [tabpfn+Cox]        train=0.9326  test=0.7625
  [DS-simple]         train=0.8035  test=0.7660
  [DS-vanilla]        train=0.8230  test=0.7638
  [RSF]               train=0.9379  test=0.7620
  [Cox]               train=0.8161  test=0.7653
  Fold 3: train=500, test=1290
  Embedding shape: (500, 192)
  [tabpfn+DS-simple]  train=0.8999  test=0.7782
  [tabpfn+DS-vanilla] train=0.9007  test=0.7723
  [tabpfn+RSF]        train=0.9677  test=0.7667
  [tabpfn+Cox]        train=0.9096  test=0.7801
  [DS-simple]         train=0.8280  test=0.7745
  [DS-vanilla]        train=0.8260  test=0.7269
  [RSF]               train=0.9396  test=0.7794
  [Cox]               train=0.8319  test=0.7760
  Fold 4: train=500, test=1290
  Embedding shape: (500, 192)
  [tabpfn+DS-simple]  train=0.9207  test=0.8022
  [tabpfn+DS-vanilla] train=0.9267  test=0.8021
  [tabpfn+RSF]        train=0.9726  test=0.7921
  [tabpfn+Cox]        train=0.9405  test=0.7986
  [DS-simple]         train=0.7988  test=0.7506
  [DS-vanilla]        train=0.8410  test=0.7462
  [RSF]               train=0.9607  test=0.7855
  [Cox]               train=0.8435  test=0.7851
  Fold 5: train=500, test=1290
  Embedding shape: (500, 192)
  [tabpfn+DS-simple]  train=0.9040  test=0.7621
  [tabpfn+DS-vanilla] train=0.9093  test=0.7580
  [tabpfn+RSF]        train=0.9668  test=0.7332
  [tabpfn+Cox]        train=0.9234  test=0.7573
  [DS-simple]         train=0.7977  test=0.7450
  [DS-vanilla]        train=0.7970  test=0.7315
  [RSF]               train=0.9502  test=0.7753
    Cox fit failed: Convergence halted due to matrix inversion problems. Suspicion is high collinearity. Please see the following tips in the lifelines documentation: https://lifelines.readthedocs.io/en/latest/Examples.html#problems-with-convergence-in-the-cox-proportional-hazard-modelMatrix is singular.
  [Cox]               train=nan  test=nan

--- Sample size: 1000 ---
  Fold 1: train=1000, test=1291
  Embedding shape: (1000, 192)
  [tabpfn+DS-simple]  train=0.8960  test=0.7875
  [tabpfn+DS-vanilla] train=0.9077  test=0.7917
  [tabpfn+RSF]        train=0.9662  test=0.7794
  [tabpfn+Cox]        train=0.9201  test=0.7835
  [DS-simple]         train=0.8122  test=0.7913
  [DS-vanilla]        train=0.8256  test=0.7731
  [RSF]               train=0.9352  test=0.7882
    Cox fit failed: Convergence halted due to matrix inversion problems. Suspicion is high collinearity. Please see the following tips in the lifelines documentation: https://lifelines.readthedocs.io/en/latest/Examples.html#problems-with-convergence-in-the-cox-proportional-hazard-modelMatrix is singular.
  [Cox]               train=nan  test=nan
  Fold 2: train=1000, test=1291
  Embedding shape: (1000, 192)
  [tabpfn+DS-simple]  train=0.9120  test=0.7808
  [tabpfn+DS-vanilla] train=0.9224  test=0.7817
  [tabpfn+RSF]        train=0.9684  test=0.7726
  [tabpfn+Cox]        train=0.9298  test=0.7568
  [DS-simple]         train=0.8144  test=0.7845
  [DS-vanilla]        train=0.8113  test=0.7721
  [RSF]               train=0.9385  test=0.7772
  [Cox]               train=0.8193  test=0.7820
  Fold 3: train=1000, test=1290
  Embedding shape: (1000, 192)
  [tabpfn+DS-simple]  train=0.8960  test=0.7828
  [tabpfn+DS-vanilla] train=0.9002  test=0.7611
  [tabpfn+RSF]        train=0.9730  test=0.7743
  [tabpfn+Cox]        train=0.9133  test=0.7706
  [DS-simple]         train=0.8166  test=0.7800
  [DS-vanilla]        train=0.8029  test=0.7495
  [RSF]               train=0.9414  test=0.7896
  [Cox]               train=0.8166  test=0.7837
  Fold 4: train=1000, test=1290
  Embedding shape: (1000, 192)
  [tabpfn+DS-simple]  train=0.9037  test=0.7940
  [tabpfn+DS-vanilla] train=0.9157  test=0.7907
  [tabpfn+RSF]        train=0.9699  test=0.7901
  [tabpfn+Cox]        train=0.9230  test=0.7910
  [DS-simple]         train=0.7891  test=0.7754
  [DS-vanilla]        train=0.8113  test=0.7778
  [RSF]               train=0.9420  test=0.7967
  [Cox]               train=0.8069  test=0.7961
  Fold 5: train=1000, test=1290
  Embedding shape: (1000, 192)
  [tabpfn+DS-simple]  train=0.9005  test=0.7782
  [tabpfn+DS-vanilla] train=0.9029  test=0.7732
  [tabpfn+RSF]        train=0.9697  test=0.7635
  [tabpfn+Cox]        train=0.9170  test=0.7697
  [DS-simple]         train=0.7991  test=0.7655
  [DS-vanilla]        train=0.7985  test=0.7491
  [RSF]               train=0.9449  test=0.7824
  [Cox]               train=0.8002  test=0.7745

--- Sample size: 2500 ---
  Fold 1: train=2500, test=1291
  Embedding shape: (2500, 192)
  [tabpfn+DS-simple]  train=0.9048  test=0.7946
  [tabpfn+DS-vanilla] train=0.9160  test=0.7915
  [tabpfn+RSF]        train=0.9633  test=0.7905
  [tabpfn+Cox]        train=0.9185  test=0.7728
  [DS-simple]         train=0.7954  test=0.7832
  [DS-vanilla]        train=0.8171  test=0.7909
  [RSF]               train=0.9155  test=0.7934
  [Cox]               train=0.7980  test=0.7881
  Fold 2: train=2500, test=1291
  Embedding shape: (2500, 192)
  [tabpfn+DS-simple]  train=0.8944  test=0.7851
  [tabpfn+DS-vanilla] train=0.9179  test=0.7859
  [tabpfn+RSF]        train=0.9638  test=0.7797
  [tabpfn+Cox]        train=0.9201  test=0.7848
  [DS-simple]         train=0.8030  test=0.7870
  [DS-vanilla]        train=0.8195  test=0.7896
  [RSF]               train=0.9217  test=0.7831
  [Cox]               train=0.8082  test=0.7894
  Fold 3: train=2500, test=1290
  Embedding shape: (2500, 192)
  [tabpfn+DS-simple]  train=0.9017  test=0.7913
  [tabpfn+DS-vanilla] train=0.9117  test=0.7814
  [tabpfn+RSF]        train=0.9655  test=0.7897
  [tabpfn+Cox]        train=0.9147  test=0.7758
  [DS-simple]         train=0.8011  test=0.7845
  [DS-vanilla]        train=0.8197  test=0.7827
  [RSF]               train=0.9181  test=0.7959
  [Cox]               train=0.8105  test=0.7963
  Fold 4: train=2500, test=1290
  Embedding shape: (2500, 192)
  [tabpfn+DS-simple]  train=0.9229  test=0.8027
  [tabpfn+DS-vanilla] train=0.9179  test=0.7988
  [tabpfn+RSF]        train=0.9679  test=0.8004
  [tabpfn+Cox]        train=0.9237  test=0.8018
  [DS-simple]         train=0.7837  test=0.7887
  [DS-vanilla]        train=0.7986  test=0.7853
  [RSF]               train=0.9203  test=0.8033
  [Cox]               train=0.7950  test=0.7999
  Fold 5: train=2500, test=1290
  Embedding shape: (2500, 192)
  [tabpfn+DS-simple]  train=0.9065  test=0.7810
  [tabpfn+DS-vanilla] train=0.9183  test=0.7861
  [tabpfn+RSF]        train=0.9689  test=0.7769
  [tabpfn+Cox]        train=0.9198  test=0.7868
  [DS-simple]         train=0.7874  test=0.7635
  [DS-vanilla]        train=0.8128  test=0.7723
  [RSF]               train=0.9249  test=0.7912
  [Cox]               train=0.8106  test=0.7854

--- Sample size: 5000 ---
  Fold 1: train=5000, test=1291
  Embedding shape: (5000, 192)
  [tabpfn+DS-simple]  train=0.9007  test=0.7895
  [tabpfn+DS-vanilla] train=0.9091  test=0.7893
  [tabpfn+RSF]        train=0.9600  test=0.7890
  [tabpfn+Cox]        train=0.9190  test=0.7724
  [DS-simple]         train=0.7806  test=0.7748
  [DS-vanilla]        train=0.7985  test=0.7939
  [RSF]               train=0.9027  test=0.7974
  [Cox]               train=0.8023  test=0.7893
  Fold 2: train=5000, test=1291
  Embedding shape: (5000, 192)
  [tabpfn+DS-simple]  train=0.9193  test=0.7929
  [tabpfn+DS-vanilla] train=0.9175  test=0.7826
  [tabpfn+RSF]        train=0.9600  test=0.7863
  [tabpfn+Cox]        train=0.9201  test=0.7924
  [DS-simple]         train=0.7863  test=0.7897
  [DS-vanilla]        train=0.7905  test=0.7843
  [RSF]               train=0.9012  test=0.7864
  [Cox]               train=0.7995  test=0.7953
  Fold 3: train=5000, test=1290
  Embedding shape: (5000, 192)
  [tabpfn+DS-simple]  train=0.9200  test=0.7976
  [tabpfn+DS-vanilla] train=0.9158  test=0.7933
  [tabpfn+RSF]        train=0.9617  test=0.7868
  [tabpfn+Cox]        train=0.9186  test=0.7954
  [DS-simple]         train=0.7823  test=0.7733
  [DS-vanilla]        train=0.8126  test=0.7886
  [RSF]               train=0.9009  test=0.7957
  [Cox]               train=0.8008  test=0.7947
  Fold 4: train=5000, test=1290
  Embedding shape: (5000, 192)
  [tabpfn+DS-simple]  train=0.8877  test=0.7961
  [tabpfn+DS-vanilla] train=0.9023  test=0.7882
  [tabpfn+RSF]        train=0.9628  test=0.7908
  [tabpfn+Cox]        train=0.9195  test=0.7893
  [DS-simple]         train=0.7648  test=0.7717
  [DS-vanilla]        train=0.8052  test=0.7967
  [RSF]               train=0.9031  test=0.8120
  [Cox]               train=0.7976  test=0.8024
  Fold 5: train=5000, test=1290
  Embedding shape: (5000, 192)
  [tabpfn+DS-simple]  train=0.9195  test=0.7877
  [tabpfn+DS-vanilla] train=0.9103  test=0.7840
  [tabpfn+RSF]        train=0.9619  test=0.7877
  [tabpfn+Cox]        train=0.9189  test=0.7835
  [DS-simple]         train=0.7980  test=0.7769
  [DS-vanilla]        train=0.8046  test=0.7825
  [RSF]               train=0.9046  test=0.7922
  [Cox]               train=0.8034  test=0.7837

--- Sample size: 10000 ---
  Fold 1: train=5161, test=1291
  Embedding shape: (5161, 192)
  [tabpfn+DS-simple]  train=0.9198  test=0.7912
  [tabpfn+DS-vanilla] train=0.9118  test=0.7878
  [tabpfn+RSF]        train=0.9597  test=0.7870
  [tabpfn+Cox]        train=0.9183  test=0.7815
  [DS-simple]         train=0.7885  test=0.7828
  [DS-vanilla]        train=0.8063  test=0.7937
  [RSF]               train=0.9013  test=0.7951
  [Cox]               train=0.8016  test=0.7899
  Fold 2: train=5161, test=1291
  Embedding shape: (5161, 192)
  [tabpfn+DS-simple]  train=0.9255  test=0.7969
  [tabpfn+DS-vanilla] train=0.9184  test=0.7939
  [tabpfn+RSF]        train=0.9611  test=0.7905
  [tabpfn+Cox]        train=0.9214  test=0.7959
  [DS-simple]         train=0.7779  test=0.7951
  [DS-vanilla]        train=0.8013  test=0.7996
  [RSF]               train=0.9019  test=0.7898
  [Cox]               train=0.7995  test=0.7954
  Fold 3: train=5162, test=1290
  Embedding shape: (5162, 192)
  [tabpfn+DS-simple]  train=0.9192  test=0.7946
  [tabpfn+DS-vanilla] train=0.9143  test=0.7745
  [tabpfn+RSF]        train=0.9600  test=0.7898
  [tabpfn+Cox]        train=0.9177  test=0.7919
  [DS-simple]         train=0.7875  test=0.7794
  [DS-vanilla]        train=0.8040  test=0.7881
  [RSF]               train=0.8992  test=0.7972
  [Cox]               train=0.8004  test=0.7942
  Fold 4: train=5162, test=1290
  Embedding shape: (5162, 192)
  [tabpfn+DS-simple]  train=0.8884  test=0.7938
  [tabpfn+DS-vanilla] train=0.9176  test=0.7842
  [tabpfn+RSF]        train=0.9619  test=0.7993
  [tabpfn+Cox]        train=0.9196  test=0.7864
  [DS-simple]         train=0.7725  test=0.7803
  [DS-vanilla]        train=0.8010  test=0.7955
  [RSF]               train=0.9026  test=0.8099
  [Cox]               train=0.7983  test=0.8027
  Fold 5: train=5162, test=1290
  Embedding shape: (5162, 192)
  [tabpfn+DS-simple]  train=0.9187  test=0.7868
  [tabpfn+DS-vanilla] train=0.9151  test=0.7731
  [tabpfn+RSF]        train=0.9620  test=0.7794
  [tabpfn+Cox]        train=0.9192  test=0.7844
  [DS-simple]         train=0.7941  test=0.7607
  [DS-vanilla]        train=0.8079  test=0.7824
  [RSF]               train=0.9048  test=0.7958
  [Cox]               train=0.8033  test=0.7838

--- Sample size: 15000 skipped (actual train size 5161 already processed) ---

============================================================
Preprocess: NaN
============================================================
Loading existing folds from tmp/splits/OrmoniTirodei_seed789.pkl

--- Sample size: 100 ---
  Fold 1: train=100, test=1291
  Embedding shape: (100, 192)
  [tabpfn+DS-simple]  train=0.9041  test=0.7800
  [tabpfn+DS-vanilla] train=0.9110  test=0.7814
  [tabpfn+RSF]        train=0.9360  test=0.7808
  [tabpfn+Cox]        train=0.9434  test=0.7648
  Fold 2: train=100, test=1291
  Embedding shape: (100, 192)
  [tabpfn+DS-simple]  train=0.9371  test=0.7320
  [tabpfn+DS-vanilla] train=0.9376  test=0.7278
  [tabpfn+RSF]        train=0.9546  test=0.7200
  [tabpfn+Cox]        train=0.9701  test=0.6508
  Fold 3: train=100, test=1290
  Embedding shape: (100, 192)
  [tabpfn+DS-simple]  train=0.9122  test=0.7511
  [tabpfn+DS-vanilla] train=0.9127  test=0.7502
  [tabpfn+RSF]        train=0.9468  test=0.7459
  [tabpfn+Cox]        train=0.9403  test=0.7090
  Fold 4: train=100, test=1290
  Embedding shape: (100, 192)
  [tabpfn+DS-simple]  train=0.9008  test=0.7395
  [tabpfn+DS-vanilla] train=0.9053  test=0.7393
  [tabpfn+RSF]        train=0.9534  test=0.7328
  [tabpfn+Cox]        train=0.9588  test=0.7145
  Fold 5: train=100, test=1290
  Embedding shape: (100, 192)
  [tabpfn+DS-simple]  train=0.9282  test=0.7149
  [tabpfn+DS-vanilla] train=0.9332  test=0.7115
  [tabpfn+RSF]        train=0.9569  test=0.6936
  [tabpfn+Cox]        train=0.9850  test=0.5734

--- Sample size: 500 ---
  Fold 1: train=500, test=1291
  Embedding shape: (500, 192)
  [tabpfn+DS-simple]  train=0.9038  test=0.7869
  [tabpfn+DS-vanilla] train=0.9057  test=0.7871
  [tabpfn+RSF]        train=0.9597  test=0.7570
  [tabpfn+Cox]        train=0.9219  test=0.3338
  Fold 2: train=500, test=1291
  Embedding shape: (500, 192)
  [tabpfn+DS-simple]  train=0.9239  test=0.7801
  [tabpfn+DS-vanilla] train=0.9214  test=0.7788
  [tabpfn+RSF]        train=0.9673  test=0.7693
  [tabpfn+Cox]        train=0.9323  test=0.7745
  Fold 3: train=500, test=1290
  Embedding shape: (500, 192)
  [tabpfn+DS-simple]  train=0.8838  test=0.7775
  [tabpfn+DS-vanilla] train=0.8871  test=0.7760
  [tabpfn+RSF]        train=0.9679  test=0.7788
  [tabpfn+Cox]        train=0.9142  test=0.7787
  Fold 4: train=500, test=1290
  Embedding shape: (500, 192)
  [tabpfn+DS-simple]  train=0.9077  test=0.7979
  [tabpfn+DS-vanilla] train=0.9179  test=0.8001
  [tabpfn+RSF]        train=0.9724  test=0.7961
  [tabpfn+Cox]        train=0.9336  test=0.8028
  Fold 5: train=500, test=1290
  Embedding shape: (500, 192)
  [tabpfn+DS-simple]  train=0.9122  test=0.7672
  [tabpfn+DS-vanilla] train=0.9137  test=0.7630
  [tabpfn+RSF]        train=0.9656  test=0.7266
  [tabpfn+Cox]        train=0.9266  test=0.7615

--- Sample size: 1000 ---
  Fold 1: train=1000, test=1291
  Embedding shape: (1000, 192)
  [tabpfn+DS-simple]  train=0.9011  test=0.7903
  [tabpfn+DS-vanilla] train=0.9101  test=0.7914
  [tabpfn+RSF]        train=0.9671  test=0.7881
  [tabpfn+Cox]        train=0.9211  test=0.4211
  Fold 2: train=1000, test=1291
  Embedding shape: (1000, 192)
  [tabpfn+DS-simple]  train=0.8996  test=0.7805
  [tabpfn+DS-vanilla] train=0.9143  test=0.7818
  [tabpfn+RSF]        train=0.9695  test=0.7816
  [tabpfn+Cox]        train=0.9304  test=0.7821
  Fold 3: train=1000, test=1290
  Embedding shape: (1000, 192)
  [tabpfn+DS-simple]  train=0.8932  test=0.7841
  [tabpfn+DS-vanilla] train=0.9050  test=0.7812
  [tabpfn+RSF]        train=0.9719  test=0.7764
  [tabpfn+Cox]        train=0.9120  test=0.7647
  Fold 4: train=1000, test=1290
  Embedding shape: (1000, 192)
  [tabpfn+DS-simple]  train=0.9025  test=0.7964
  [tabpfn+DS-vanilla] train=0.9149  test=0.7962
  [tabpfn+RSF]        train=0.9693  test=0.7954
  [tabpfn+Cox]        train=0.9214  test=0.8024
  Fold 5: train=1000, test=1290
  Embedding shape: (1000, 192)
  [tabpfn+DS-simple]  train=0.9007  test=0.7795
  [tabpfn+DS-vanilla] train=0.9064  test=0.7750
  [tabpfn+RSF]        train=0.9709  test=0.7606
  [tabpfn+Cox]        train=0.9194  test=0.7621

--- Sample size: 2500 ---
  Fold 1: train=2500, test=1291
  Embedding shape: (2500, 192)
  [tabpfn+DS-simple]  train=0.9199  test=0.7907
  [tabpfn+DS-vanilla] train=0.9160  test=0.7950
  [tabpfn+RSF]        train=0.9621  test=0.7832
  [tabpfn+Cox]        train=0.9183  test=0.7908
  Fold 2: train=2500, test=1291
  Embedding shape: (2500, 192)
  [tabpfn+DS-simple]  train=0.8950  test=0.7863
  [tabpfn+DS-vanilla] train=0.9170  test=0.7874
  [tabpfn+RSF]        train=0.9650  test=0.7815
  [tabpfn+Cox]        train=0.9193  test=0.7858
  Fold 3: train=2500, test=1290
  Embedding shape: (2500, 192)
  [tabpfn+DS-simple]  train=0.9027  test=0.7896
  [tabpfn+DS-vanilla] train=0.9027  test=0.7853
  [tabpfn+RSF]        train=0.9664  test=0.7861
  [tabpfn+Cox]        train=0.9168  test=0.7796
  Fold 4: train=2500, test=1290
  Embedding shape: (2500, 192)
  [tabpfn+DS-simple]  train=0.9083  test=0.7967
  [tabpfn+DS-vanilla] train=0.9158  test=0.7979
  [tabpfn+RSF]        train=0.9667  test=0.7886
  [tabpfn+Cox]        train=0.9208  test=0.7708
  Fold 5: train=2500, test=1290
  Embedding shape: (2500, 192)
  [tabpfn+DS-simple]  train=0.9094  test=0.7798
  [tabpfn+DS-vanilla] train=0.9038  test=0.7788
  [tabpfn+RSF]        train=0.9667  test=0.7818
  [tabpfn+Cox]        train=0.9189  test=0.7816

--- Sample size: 5000 ---
  Fold 1: train=5000, test=1291
  Embedding shape: (5000, 192)
  [tabpfn+DS-simple]  train=0.9190  test=0.7902
  [tabpfn+DS-vanilla] train=0.9130  test=0.7957
  [tabpfn+RSF]        train=0.9597  test=0.7919
  [tabpfn+Cox]        train=0.9184  test=0.7872
  Fold 2: train=5000, test=1291
  Embedding shape: (5000, 192)
  [tabpfn+DS-simple]  train=0.9025  test=0.7936
  [tabpfn+DS-vanilla] train=0.9144  test=0.7902
  [tabpfn+RSF]        train=0.9608  test=0.7926
  [tabpfn+Cox]        train=0.9204  test=0.7837
  Fold 3: train=5000, test=1290
  Embedding shape: (5000, 192)
  [tabpfn+DS-simple]  train=0.9219  test=0.7954
  [tabpfn+DS-vanilla] train=0.8894  test=0.7857
  [tabpfn+RSF]        train=0.9613  test=0.7882
  [tabpfn+Cox]        train=0.9185  test=0.7938
  Fold 4: train=5000, test=1290
  Embedding shape: (5000, 192)
  [tabpfn+DS-simple]  train=0.8916  test=0.8029
  [tabpfn+DS-vanilla] train=0.9153  test=0.7996
  [tabpfn+RSF]        train=0.9625  test=0.8030
  [tabpfn+Cox]        train=0.9188  test=0.8014
  Fold 5: train=5000, test=1290
  Embedding shape: (5000, 192)
  [tabpfn+DS-simple]  train=0.9216  test=0.7825
  [tabpfn+DS-vanilla] train=0.9186  test=0.7800
  [tabpfn+RSF]        train=0.9629  test=0.7768
  [tabpfn+Cox]        train=0.9193  test=0.7836

--- Sample size: 10000 ---
  Fold 1: train=5161, test=1291
  Embedding shape: (5161, 192)
  [tabpfn+DS-simple]  train=0.9189  test=0.7924
  [tabpfn+DS-vanilla] train=0.9115  test=0.7905
  [tabpfn+RSF]        train=0.9590  test=0.7885
  [tabpfn+Cox]        train=0.9178  test=0.7858
  Fold 2: train=5161, test=1291
  Embedding shape: (5161, 192)
  [tabpfn+DS-simple]  train=0.9007  test=0.7946
  [tabpfn+DS-vanilla] train=0.9184  test=0.7929
  [tabpfn+RSF]        train=0.9612  test=0.7903
  [tabpfn+Cox]        train=0.9213  test=0.7863
  Fold 3: train=5162, test=1290
  Embedding shape: (5162, 192)
  [tabpfn+DS-simple]  train=0.9203  test=0.7936
  [tabpfn+DS-vanilla] train=0.9082  test=0.7885
  [tabpfn+RSF]        train=0.9606  test=0.7902
  [tabpfn+Cox]        train=0.9183  test=0.7934
  Fold 4: train=5162, test=1290
  Embedding shape: (5162, 192)
  [tabpfn+DS-simple]  train=0.8903  test=0.8031
  [tabpfn+DS-vanilla] train=0.9165  test=0.8028
  [tabpfn+RSF]        train=0.9613  test=0.8009
  [tabpfn+Cox]        train=0.9191  test=0.7997
  Fold 5: train=5162, test=1290
  Embedding shape: (5162, 192)
  [tabpfn+DS-simple]  train=0.9221  test=0.7825
  [tabpfn+DS-vanilla] train=0.9091  test=0.7796
  [tabpfn+RSF]        train=0.9621  test=0.7760
  [tabpfn+Cox]        train=0.9188  test=0.7840

--- Sample size: 15000 skipped (actual train size 5161 already processed) ---

Data saved → results/OrmoniTirodei/tabpfn/results_samplesize_OrmoniTirodei_tabpfn_seed789_data.txt

Dataset: OrmoniTirodei | Model: tabpfn | Seed: 789
======================================================================

Preprocess: -1
------------------------------------------------------------

  Sample size (requested):    100  |  actual mean: 100
    TRAIN tabpfn+DS-simple            → mean: 0.9166 | std: 0.0127 | min: 0.8950 | max: 0.9341
    TEST  tabpfn+DS-simple            → mean: 0.7385 | std: 0.0238 | min: 0.6988 | max: 0.7690
    TRAIN tabpfn+DS-vanilla           → mean: 0.9260 | std: 0.0153 | min: 0.9012 | max: 0.9457
    TEST  tabpfn+DS-vanilla           → mean: 0.7396 | std: 0.0237 | min: 0.6983 | max: 0.7693
    TRAIN tabpfn+RSF                  → mean: 0.9592 | std: 0.0058 | min: 0.9518 | max: 0.9663
    TEST  tabpfn+RSF                  → mean: 0.7281 | std: 0.0368 | min: 0.6622 | max: 0.7699
    TRAIN tabpfn+Cox                  → mean: 0.9628 | std: 0.0131 | min: 0.9410 | max: 0.9819
    TEST  tabpfn+Cox                  → mean: 0.5422 | std: 0.0774 | min: 0.4499 | max: 0.6721
    TRAIN DS-simple (base)            → mean: 0.7843 | std: 0.0758 | min: 0.6706 | max: 0.8944
    TEST  DS-simple (base)            → mean: 0.6468 | std: 0.0128 | min: 0.6333 | max: 0.6710
    TRAIN DS-vanilla (base)           → mean: 0.7035 | std: 0.0973 | min: 0.5909 | max: 0.8394
    TEST  DS-vanilla (base)           → mean: 0.5970 | std: 0.0538 | min: 0.5367 | max: 0.6673
    TRAIN RSF (base)                  → mean: 0.9684 | std: 0.0152 | min: 0.9487 | max: 0.9881
    TEST  RSF (base)                  → mean: 0.7170 | std: 0.0211 | min: 0.6894 | max: 0.7535
    TRAIN Cox (base)                  → no valid scores
    TEST  Cox (base)                  → no valid scores

  Sample size (requested):    500  |  actual mean: 500
    TRAIN tabpfn+DS-simple            → mean: 0.9067 | std: 0.0075 | min: 0.8999 | max: 0.9207
    TEST  tabpfn+DS-simple            → mean: 0.7778 | std: 0.0134 | min: 0.7621 | max: 0.8022
    TRAIN tabpfn+DS-vanilla           → mean: 0.9140 | std: 0.0097 | min: 0.9007 | max: 0.9267
    TEST  tabpfn+DS-vanilla           → mean: 0.7786 | std: 0.0144 | min: 0.7580 | max: 0.8021
    TRAIN tabpfn+RSF                  → mean: 0.9669 | std: 0.0045 | min: 0.9588 | max: 0.9726
    TEST  tabpfn+RSF                  → mean: 0.7674 | std: 0.0195 | min: 0.7332 | max: 0.7921
    TRAIN tabpfn+Cox                  → mean: 0.9261 | std: 0.0103 | min: 0.9096 | max: 0.9405
    TEST  tabpfn+Cox                  → mean: 0.6839 | std: 0.1821 | min: 0.3209 | max: 0.7986
    TRAIN DS-simple (base)            → mean: 0.8103 | std: 0.0128 | min: 0.7977 | max: 0.8280
    TEST  DS-simple (base)            → mean: 0.7599 | std: 0.0107 | min: 0.7450 | max: 0.7745
    TRAIN DS-vanilla (base)           → mean: 0.8253 | std: 0.0159 | min: 0.7970 | max: 0.8410
    TEST  DS-vanilla (base)           → mean: 0.7435 | std: 0.0132 | min: 0.7269 | max: 0.7638
    TRAIN RSF (base)                  → mean: 0.9456 | std: 0.0087 | min: 0.9379 | max: 0.9607
    TEST  RSF (base)                  → mean: 0.7754 | std: 0.0077 | min: 0.7620 | max: 0.7855
    TRAIN Cox (base)                  → mean: 0.8305 | std: 0.0112 | min: 0.8161 | max: 0.8435
    TEST  Cox (base)                  → mean: 0.7755 | std: 0.0081 | min: 0.7653 | max: 0.7851

  Sample size (requested):   1000  |  actual mean: 1000
    TRAIN tabpfn+DS-simple            → mean: 0.9016 | std: 0.0059 | min: 0.8960 | max: 0.9120
    TEST  tabpfn+DS-simple            → mean: 0.7847 | std: 0.0056 | min: 0.7782 | max: 0.7940
    TRAIN tabpfn+DS-vanilla           → mean: 0.9098 | std: 0.0082 | min: 0.9002 | max: 0.9224
    TEST  tabpfn+DS-vanilla           → mean: 0.7797 | std: 0.0115 | min: 0.7611 | max: 0.7917
    TRAIN tabpfn+RSF                  → mean: 0.9694 | std: 0.0022 | min: 0.9662 | max: 0.9730
    TEST  tabpfn+RSF                  → mean: 0.7760 | std: 0.0087 | min: 0.7635 | max: 0.7901
    TRAIN tabpfn+Cox                  → mean: 0.9207 | std: 0.0056 | min: 0.9133 | max: 0.9298
    TEST  tabpfn+Cox                  → mean: 0.7743 | std: 0.0119 | min: 0.7568 | max: 0.7910
    TRAIN DS-simple (base)            → mean: 0.8063 | std: 0.0105 | min: 0.7891 | max: 0.8166
    TEST  DS-simple (base)            → mean: 0.7793 | std: 0.0087 | min: 0.7655 | max: 0.7913
    TRAIN DS-vanilla (base)           → mean: 0.8099 | std: 0.0093 | min: 0.7985 | max: 0.8256
    TEST  DS-vanilla (base)           → mean: 0.7643 | std: 0.0124 | min: 0.7491 | max: 0.7778
    TRAIN RSF (base)                  → mean: 0.9404 | std: 0.0033 | min: 0.9352 | max: 0.9449
    TEST  RSF (base)                  → mean: 0.7868 | std: 0.0066 | min: 0.7772 | max: 0.7967
    TRAIN Cox (base)                  → mean: 0.8107 | std: 0.0077 | min: 0.8002 | max: 0.8193
    TEST  Cox (base)                  → mean: 0.7841 | std: 0.0077 | min: 0.7745 | max: 0.7961

  Sample size (requested):   2500  |  actual mean: 2500
    TRAIN tabpfn+DS-simple            → mean: 0.9060 | std: 0.0094 | min: 0.8944 | max: 0.9229
    TEST  tabpfn+DS-simple            → mean: 0.7909 | std: 0.0075 | min: 0.7810 | max: 0.8027
    TRAIN tabpfn+DS-vanilla           → mean: 0.9164 | std: 0.0025 | min: 0.9117 | max: 0.9183
    TEST  tabpfn+DS-vanilla           → mean: 0.7887 | std: 0.0060 | min: 0.7814 | max: 0.7988
    TRAIN tabpfn+RSF                  → mean: 0.9659 | std: 0.0022 | min: 0.9633 | max: 0.9689
    TEST  tabpfn+RSF                  → mean: 0.7874 | std: 0.0084 | min: 0.7769 | max: 0.8004
    TRAIN tabpfn+Cox                  → mean: 0.9194 | std: 0.0029 | min: 0.9147 | max: 0.9237
    TEST  tabpfn+Cox                  → mean: 0.7844 | std: 0.0102 | min: 0.7728 | max: 0.8018
    TRAIN DS-simple (base)            → mean: 0.7941 | std: 0.0075 | min: 0.7837 | max: 0.8030
    TEST  DS-simple (base)            → mean: 0.7814 | std: 0.0091 | min: 0.7635 | max: 0.7887
    TRAIN DS-vanilla (base)           → mean: 0.8136 | std: 0.0079 | min: 0.7986 | max: 0.8197
    TEST  DS-vanilla (base)           → mean: 0.7842 | std: 0.0066 | min: 0.7723 | max: 0.7909
    TRAIN RSF (base)                  → mean: 0.9201 | std: 0.0032 | min: 0.9155 | max: 0.9249
    TEST  RSF (base)                  → mean: 0.7934 | std: 0.0065 | min: 0.7831 | max: 0.8033
    TRAIN Cox (base)                  → mean: 0.8045 | std: 0.0066 | min: 0.7950 | max: 0.8106
    TEST  Cox (base)                  → mean: 0.7918 | std: 0.0054 | min: 0.7854 | max: 0.7999

  Sample size (requested):   5000  |  actual mean: 5000
    TRAIN tabpfn+DS-simple            → mean: 0.9094 | std: 0.0131 | min: 0.8877 | max: 0.9200
    TEST  tabpfn+DS-simple            → mean: 0.7928 | std: 0.0038 | min: 0.7877 | max: 0.7976
    TRAIN tabpfn+DS-vanilla           → mean: 0.9110 | std: 0.0054 | min: 0.9023 | max: 0.9175
    TEST  tabpfn+DS-vanilla           → mean: 0.7875 | std: 0.0038 | min: 0.7826 | max: 0.7933
    TRAIN tabpfn+RSF                  → mean: 0.9613 | std: 0.0011 | min: 0.9600 | max: 0.9628
    TEST  tabpfn+RSF                  → mean: 0.7881 | std: 0.0016 | min: 0.7863 | max: 0.7908
    TRAIN tabpfn+Cox                  → mean: 0.9192 | std: 0.0005 | min: 0.9186 | max: 0.9201
    TEST  tabpfn+Cox                  → mean: 0.7866 | std: 0.0081 | min: 0.7724 | max: 0.7954
    TRAIN DS-simple (base)            → mean: 0.7824 | std: 0.0107 | min: 0.7648 | max: 0.7980
    TEST  DS-simple (base)            → mean: 0.7773 | std: 0.0065 | min: 0.7717 | max: 0.7897
    TRAIN DS-vanilla (base)           → mean: 0.8023 | std: 0.0074 | min: 0.7905 | max: 0.8126
    TEST  DS-vanilla (base)           → mean: 0.7892 | std: 0.0054 | min: 0.7825 | max: 0.7967
    TRAIN RSF (base)                  → mean: 0.9025 | std: 0.0013 | min: 0.9009 | max: 0.9046
    TEST  RSF (base)                  → mean: 0.7967 | std: 0.0085 | min: 0.7864 | max: 0.8120
    TRAIN Cox (base)                  → mean: 0.8007 | std: 0.0020 | min: 0.7976 | max: 0.8034
    TEST  Cox (base)                  → mean: 0.7931 | std: 0.0063 | min: 0.7837 | max: 0.8024

  Sample size (requested):  10000  |  actual mean: 5161
    TRAIN tabpfn+DS-simple            → mean: 0.9143 | std: 0.0132 | min: 0.8884 | max: 0.9255
    TEST  tabpfn+DS-simple            → mean: 0.7926 | std: 0.0035 | min: 0.7868 | max: 0.7969
    TRAIN tabpfn+DS-vanilla           → mean: 0.9154 | std: 0.0024 | min: 0.9118 | max: 0.9184
    TEST  tabpfn+DS-vanilla           → mean: 0.7827 | std: 0.0079 | min: 0.7731 | max: 0.7939
    TRAIN tabpfn+RSF                  → mean: 0.9610 | std: 0.0009 | min: 0.9597 | max: 0.9620
    TEST  tabpfn+RSF                  → mean: 0.7892 | std: 0.0064 | min: 0.7794 | max: 0.7993
    TRAIN tabpfn+Cox                  → mean: 0.9192 | std: 0.0013 | min: 0.9177 | max: 0.9214
    TEST  tabpfn+Cox                  → mean: 0.7880 | std: 0.0052 | min: 0.7815 | max: 0.7959
    TRAIN DS-simple (base)            → mean: 0.7841 | std: 0.0078 | min: 0.7725 | max: 0.7941
    TEST  DS-simple (base)            → mean: 0.7797 | std: 0.0110 | min: 0.7607 | max: 0.7951
    TRAIN DS-vanilla (base)           → mean: 0.8041 | std: 0.0027 | min: 0.8010 | max: 0.8079
    TEST  DS-vanilla (base)           → mean: 0.7919 | std: 0.0060 | min: 0.7824 | max: 0.7996
    TRAIN RSF (base)                  → mean: 0.9020 | std: 0.0018 | min: 0.8992 | max: 0.9048
    TEST  RSF (base)                  → mean: 0.7976 | std: 0.0067 | min: 0.7898 | max: 0.8099
    TRAIN Cox (base)                  → mean: 0.8006 | std: 0.0017 | min: 0.7983 | max: 0.8033
    TEST  Cox (base)                  → mean: 0.7932 | std: 0.0062 | min: 0.7838 | max: 0.8027

Preprocess: NaN
------------------------------------------------------------

  Sample size (requested):    100  |  actual mean: 100
    TRAIN tabpfn+DS-simple            → mean: 0.9165 | std: 0.0140 | min: 0.9008 | max: 0.9371
    TEST  tabpfn+DS-simple            → mean: 0.7435 | std: 0.0217 | min: 0.7149 | max: 0.7800
    TRAIN tabpfn+DS-vanilla           → mean: 0.9200 | std: 0.0129 | min: 0.9053 | max: 0.9376
    TEST  tabpfn+DS-vanilla           → mean: 0.7420 | std: 0.0235 | min: 0.7115 | max: 0.7814
    TRAIN tabpfn+RSF                  → mean: 0.9495 | std: 0.0075 | min: 0.9360 | max: 0.9569
    TEST  tabpfn+RSF                  → mean: 0.7346 | std: 0.0288 | min: 0.6936 | max: 0.7808
    TRAIN tabpfn+Cox                  → mean: 0.9595 | std: 0.0167 | min: 0.9403 | max: 0.9850
    TEST  tabpfn+Cox                  → mean: 0.6825 | std: 0.0654 | min: 0.5734 | max: 0.7648

  Sample size (requested):    500  |  actual mean: 500
    TRAIN tabpfn+DS-simple            → mean: 0.9063 | std: 0.0131 | min: 0.8838 | max: 0.9239
    TEST  tabpfn+DS-simple            → mean: 0.7819 | std: 0.0102 | min: 0.7672 | max: 0.7979
    TRAIN tabpfn+DS-vanilla           → mean: 0.9092 | std: 0.0122 | min: 0.8871 | max: 0.9214
    TEST  tabpfn+DS-vanilla           → mean: 0.7810 | std: 0.0123 | min: 0.7630 | max: 0.8001
    TRAIN tabpfn+RSF                  → mean: 0.9666 | std: 0.0041 | min: 0.9597 | max: 0.9724
    TEST  tabpfn+RSF                  → mean: 0.7656 | std: 0.0233 | min: 0.7266 | max: 0.7961
    TRAIN tabpfn+Cox                  → mean: 0.9257 | std: 0.0071 | min: 0.9142 | max: 0.9336
    TEST  tabpfn+Cox                  → mean: 0.6903 | std: 0.1787 | min: 0.3338 | max: 0.8028

  Sample size (requested):   1000  |  actual mean: 1000
    TRAIN tabpfn+DS-simple            → mean: 0.8994 | std: 0.0032 | min: 0.8932 | max: 0.9025
    TEST  tabpfn+DS-simple            → mean: 0.7862 | std: 0.0064 | min: 0.7795 | max: 0.7964
    TRAIN tabpfn+DS-vanilla           → mean: 0.9101 | std: 0.0040 | min: 0.9050 | max: 0.9149
    TEST  tabpfn+DS-vanilla           → mean: 0.7851 | std: 0.0076 | min: 0.7750 | max: 0.7962
    TRAIN tabpfn+RSF                  → mean: 0.9697 | std: 0.0016 | min: 0.9671 | max: 0.9719
    TEST  tabpfn+RSF                  → mean: 0.7804 | std: 0.0118 | min: 0.7606 | max: 0.7954
    TRAIN tabpfn+Cox                  → mean: 0.9209 | std: 0.0059 | min: 0.9120 | max: 0.9304
    TEST  tabpfn+Cox                  → mean: 0.7065 | std: 0.1434 | min: 0.4211 | max: 0.8024

  Sample size (requested):   2500  |  actual mean: 2500
    TRAIN tabpfn+DS-simple            → mean: 0.9070 | std: 0.0082 | min: 0.8950 | max: 0.9199
    TEST  tabpfn+DS-simple            → mean: 0.7886 | std: 0.0055 | min: 0.7798 | max: 0.7967
    TRAIN tabpfn+DS-vanilla           → mean: 0.9111 | std: 0.0064 | min: 0.9027 | max: 0.9170
    TEST  tabpfn+DS-vanilla           → mean: 0.7889 | std: 0.0069 | min: 0.7788 | max: 0.7979
    TRAIN tabpfn+RSF                  → mean: 0.9654 | std: 0.0018 | min: 0.9621 | max: 0.9667
    TEST  tabpfn+RSF                  → mean: 0.7842 | std: 0.0027 | min: 0.7815 | max: 0.7886
    TRAIN tabpfn+Cox                  → mean: 0.9188 | std: 0.0013 | min: 0.9168 | max: 0.9208
    TEST  tabpfn+Cox                  → mean: 0.7817 | std: 0.0067 | min: 0.7708 | max: 0.7908

  Sample size (requested):   5000  |  actual mean: 5000
    TRAIN tabpfn+DS-simple            → mean: 0.9113 | std: 0.0122 | min: 0.8916 | max: 0.9219
    TEST  tabpfn+DS-simple            → mean: 0.7929 | std: 0.0067 | min: 0.7825 | max: 0.8029
    TRAIN tabpfn+DS-vanilla           → mean: 0.9102 | std: 0.0105 | min: 0.8894 | max: 0.9186
    TEST  tabpfn+DS-vanilla           → mean: 0.7902 | std: 0.0070 | min: 0.7800 | max: 0.7996
    TRAIN tabpfn+RSF                  → mean: 0.9614 | std: 0.0011 | min: 0.9597 | max: 0.9629
    TEST  tabpfn+RSF                  → mean: 0.7905 | std: 0.0084 | min: 0.7768 | max: 0.8030
    TRAIN tabpfn+Cox                  → mean: 0.9191 | std: 0.0007 | min: 0.9184 | max: 0.9204
    TEST  tabpfn+Cox                  → mean: 0.7899 | std: 0.0068 | min: 0.7836 | max: 0.8014

  Sample size (requested):  10000  |  actual mean: 5161
    TRAIN tabpfn+DS-simple            → mean: 0.9105 | std: 0.0127 | min: 0.8903 | max: 0.9221
    TEST  tabpfn+DS-simple            → mean: 0.7932 | std: 0.0065 | min: 0.7825 | max: 0.8031
    TRAIN tabpfn+DS-vanilla           → mean: 0.9128 | std: 0.0040 | min: 0.9082 | max: 0.9184
    TEST  tabpfn+DS-vanilla           → mean: 0.7909 | std: 0.0075 | min: 0.7796 | max: 0.8028
    TRAIN tabpfn+RSF                  → mean: 0.9608 | std: 0.0011 | min: 0.9590 | max: 0.9621
    TEST  tabpfn+RSF                  → mean: 0.7892 | std: 0.0079 | min: 0.7760 | max: 0.8009
    TRAIN tabpfn+Cox                  → mean: 0.9191 | std: 0.0012 | min: 0.9178 | max: 0.9213
    TEST  tabpfn+Cox                  → mean: 0.7898 | std: 0.0059 | min: 0.7840 | max: 0.7997
Text summary saved → results/OrmoniTirodei/tabpfn/results_samplesize_OrmoniTirodei_tabpfn_seed789.txt

######################################################################
Dataset: HURRAH
######################################################################

============================================================
Preprocess: -1
============================================================
Loading existing folds from tmp/splits/HURRAH_seed789.pkl

--- Sample size: 100 ---
  Fold 1: train=100, test=3392
  Embedding shape: (100, 192)
  [tabpfn+DS-simple]  train=0.9578  test=0.7609
  [tabpfn+DS-vanilla] train=0.9725  test=0.7480
  [tabpfn+RSF]        train=0.9768  test=0.7527
  [tabpfn+Cox]        train=0.9916  test=0.7338
  [DS-simple]         train=0.9271  test=0.6846
  [DS-vanilla]        train=0.7994  test=0.6100
  [RSF]               train=0.9968  test=0.6954
  [Cox]               train=0.9620  test=0.7075
  Fold 2: train=100, test=3392
  Embedding shape: (100, 192)
  [tabpfn+DS-simple]  train=0.9456  test=0.7581
  [tabpfn+DS-vanilla] train=0.9754  test=0.7576
  [tabpfn+RSF]        train=0.9567  test=0.7569
  [tabpfn+Cox]        train=0.9941  test=0.7243
  [DS-simple]         train=0.9320  test=0.7682
  [DS-vanilla]        train=0.8564  test=0.7016
  [RSF]               train=0.9779  test=0.7616
  [Cox]               train=0.9057  test=0.7756
  Fold 3: train=100, test=3392
  Embedding shape: (100, 192)
  [tabpfn+DS-simple]  train=0.9844  test=0.7767
  [tabpfn+DS-vanilla] train=0.9844  test=0.7678
  [tabpfn+RSF]        train=0.9896  test=0.7795
  [tabpfn+Cox]        train=0.9969  test=0.7474
  [DS-simple]         train=0.8959  test=0.7606
  [DS-vanilla]        train=0.8783  test=0.6736
  [RSF]               train=0.9886  test=0.7634
  [Cox]               train=0.9646  test=0.7782
  Fold 4: train=100, test=3391
  Embedding shape: (100, 192)
  [tabpfn+DS-simple]  train=0.9596  test=0.7661
  [tabpfn+DS-vanilla] train=0.9642  test=0.7670
  [tabpfn+RSF]        train=0.9747  test=0.7576
  [tabpfn+Cox]        train=0.9881  test=0.7307
  [DS-simple]         train=0.8640  test=0.6957
  [DS-vanilla]        train=0.8557  test=0.6073
  [RSF]               train=0.9642  test=0.7453
  [Cox]               train=0.9494  test=0.7738
  Fold 5: train=100, test=3391
  Embedding shape: (100, 192)
  [tabpfn+DS-simple]  train=0.9726  test=0.6635
  [tabpfn+DS-vanilla] train=0.9739  test=0.6617
  [tabpfn+RSF]        train=0.9822  test=0.6684
  [tabpfn+Cox]        train=0.9904  test=0.6496
  [DS-simple]         train=0.9451  test=0.6090
  [DS-vanilla]        train=0.7298  test=0.5671
  [RSF]               train=0.9808  test=0.6745
  [Cox]               train=0.9465  test=0.6448

--- Sample size: 500 ---
  Fold 1: train=500, test=3392
  Embedding shape: (500, 192)
  [tabpfn+DS-simple]  train=0.9614  test=0.8202
  [tabpfn+DS-vanilla] train=0.9621  test=0.8168
  [tabpfn+RSF]        train=0.9836  test=0.7872
  [tabpfn+Cox]        train=0.9649  test=0.8162
  [DS-simple]         train=0.8847  test=0.8009
  [DS-vanilla]        train=0.8062  test=0.7427
  [RSF]               train=0.9746  test=0.7911
  [Cox]               train=0.8694  test=0.7986
  Fold 2: train=500, test=3392
  Embedding shape: (500, 192)
  [tabpfn+DS-simple]  train=0.9489  test=0.7940
  [tabpfn+DS-vanilla] train=0.9586  test=0.7945
  [tabpfn+RSF]        train=0.9843  test=0.7743
  [tabpfn+Cox]        train=0.9617  test=0.7936
  [DS-simple]         train=0.8454  test=0.8014
  [DS-vanilla]        train=0.8838  test=0.7807
  [RSF]               train=0.9511  test=0.7792
  [Cox]               train=0.8460  test=0.7939
  Fold 3: train=500, test=3392
  Embedding shape: (500, 192)
  [tabpfn+DS-simple]  train=0.9512  test=0.8395
  [tabpfn+DS-vanilla] train=0.9562  test=0.8390
  [tabpfn+RSF]        train=0.9859  test=0.8059
  [tabpfn+Cox]        train=0.9675  test=0.5425
  [DS-simple]         train=0.8620  test=0.8296
  [DS-vanilla]        train=0.8759  test=0.7965
  [RSF]               train=0.9469  test=0.8095
  [Cox]               train=0.8567  test=0.8318
  Fold 4: train=500, test=3391
  Embedding shape: (500, 192)
  [tabpfn+DS-simple]  train=0.9483  test=0.8190
  [tabpfn+DS-vanilla] train=0.9499  test=0.7802
  [tabpfn+RSF]        train=0.9782  test=0.7988
  [tabpfn+Cox]        train=0.9596  test=0.6247
  [DS-simple]         train=0.8825  test=0.8141
  [DS-vanilla]        train=0.9036  test=0.7928
  [RSF]               train=0.9486  test=0.7933
  [Cox]               train=0.8778  test=0.8094
  Fold 5: train=500, test=3391
  Embedding shape: (500, 192)
  [tabpfn+DS-simple]  train=0.9560  test=0.7973
  [tabpfn+DS-vanilla] train=0.9564  test=0.7989
  [tabpfn+RSF]        train=0.9893  test=0.7470
  [tabpfn+Cox]        train=0.9735  test=0.6121
  [DS-simple]         train=0.8698  test=0.7883
  [DS-vanilla]        train=0.8403  test=0.6972
  [RSF]               train=0.9686  test=0.7749
  [Cox]               train=0.8545  test=0.7722

--- Sample size: 1000 ---
  Fold 1: train=1000, test=3392
  Embedding shape: (1000, 192)
  [tabpfn+DS-simple]  train=0.9561  test=0.8276
  [tabpfn+DS-vanilla] train=0.9616  test=0.8280
  [tabpfn+RSF]        train=0.9850  test=0.8200
  [tabpfn+Cox]        train=0.9627  test=0.8215
  [DS-simple]         train=0.8635  test=0.8216
  [DS-vanilla]        train=0.8613  test=0.8045
  [RSF]               train=0.9663  test=0.8152
  [Cox]               train=0.8551  test=0.8181
  Fold 2: train=1000, test=3392
  Embedding shape: (1000, 192)
  [tabpfn+DS-simple]  train=0.9516  test=0.8251
  [tabpfn+DS-vanilla] train=0.9554  test=0.8088
  [tabpfn+RSF]        train=0.9830  test=0.7801
  [tabpfn+Cox]        train=0.9611  test=0.6566
  [DS-simple]         train=0.8522  test=0.8191
  [DS-vanilla]        train=0.8608  test=0.7973
  [RSF]               train=0.9566  test=0.8005
  [Cox]               train=0.8450  test=0.8078
  Fold 3: train=1000, test=3392
  Embedding shape: (1000, 192)
  [tabpfn+DS-simple]  train=0.9495  test=0.8463
  [tabpfn+DS-vanilla] train=0.9493  test=0.8293
  [tabpfn+RSF]        train=0.9842  test=0.8349
  [tabpfn+Cox]        train=0.9595  test=0.8248
  [DS-simple]         train=0.8387  test=0.8456
  [DS-vanilla]        train=0.8589  test=0.8085
  [RSF]               train=0.9534  test=0.8226
  [Cox]               train=0.8323  test=0.8443
  Fold 4: train=1000, test=3391
  Embedding shape: (1000, 192)
  [tabpfn+DS-simple]  train=0.9420  test=0.8300
  [tabpfn+DS-vanilla] train=0.9508  test=0.7928
  [tabpfn+RSF]        train=0.9832  test=0.8219
  [tabpfn+Cox]        train=0.9560  test=0.7382
  [DS-simple]         train=0.8542  test=0.8228
  [DS-vanilla]        train=0.8677  test=0.8074
  [RSF]               train=0.9526  test=0.8157
  [Cox]               train=0.8496  test=0.8185
  Fold 5: train=1000, test=3391
  Embedding shape: (1000, 192)
  [tabpfn+DS-simple]  train=0.9498  test=0.8256
  [tabpfn+DS-vanilla] train=0.9554  test=0.8258
  [tabpfn+RSF]        train=0.9877  test=0.8077
  [tabpfn+Cox]        train=0.9647  test=0.5740
  [DS-simple]         train=0.8410  test=0.8236
  [DS-vanilla]        train=0.8340  test=0.7921
  [RSF]               train=0.9560  test=0.8140
  [Cox]               train=0.8302  test=0.8083

--- Sample size: 2500 ---
  Fold 1: train=2500, test=3392
  Embedding shape: (2500, 192)
  [tabpfn+DS-simple]  train=0.9512  test=0.8246
  [tabpfn+DS-vanilla] train=0.9598  test=0.8275
  [tabpfn+RSF]        train=0.9850  test=0.8200
  [tabpfn+Cox]        train=0.9572  test=0.8196
  [DS-simple]         train=0.8536  test=0.8258
  [DS-vanilla]        train=0.8609  test=0.8209
  [RSF]               train=0.9502  test=0.8412
  [Cox]               train=0.8443  test=0.8170
  Fold 2: train=2500, test=3392
  Embedding shape: (2500, 192)
  [tabpfn+DS-simple]  train=0.9517  test=0.8382
  [tabpfn+DS-vanilla] train=0.9632  test=0.8331
  [tabpfn+RSF]        train=0.9863  test=0.8420
  [tabpfn+Cox]        train=0.9638  test=0.8176
  [DS-simple]         train=0.8481  test=0.8227
  [DS-vanilla]        train=0.8611  test=0.8179
  [RSF]               train=0.9517  test=0.8239
  [Cox]               train=0.8406  test=0.8114
  Fold 3: train=2500, test=3392
  Embedding shape: (2500, 192)
  [tabpfn+DS-simple]  train=0.9515  test=0.8439
  [tabpfn+DS-vanilla] train=0.9558  test=0.7705
  [tabpfn+RSF]        train=0.9854  test=0.8306
  [tabpfn+Cox]        train=0.9586  test=0.7643
  [DS-simple]         train=0.8370  test=0.8428
  [DS-vanilla]        train=0.8374  test=0.8309
  [RSF]               train=0.9490  test=0.8412
  [Cox]               train=0.8296  test=0.8448
  Fold 4: train=2500, test=3391
  Embedding shape: (2500, 192)
  [tabpfn+DS-simple]  train=0.9455  test=0.8385
  [tabpfn+DS-vanilla] train=0.9477  test=0.8051
  [tabpfn+RSF]        train=0.9839  test=0.8278
  [tabpfn+Cox]        train=0.9562  test=0.7666
  [DS-simple]         train=0.8359  test=0.8284
  [DS-vanilla]        train=0.8639  test=0.8266
  [RSF]               train=0.9468  test=0.8322
  [Cox]               train=0.8277  test=0.8183
  Fold 5: train=2500, test=3391
  Embedding shape: (2500, 192)
  [tabpfn+DS-simple]  train=0.9507  test=0.8344
  [tabpfn+DS-vanilla] train=0.9528  test=0.8229
  [tabpfn+RSF]        train=0.9912  test=0.8336
  [tabpfn+Cox]        train=0.9559  test=0.8004
  [DS-simple]         train=0.8520  test=0.8293
  [DS-vanilla]        train=0.8777  test=0.8201
  [RSF]               train=0.9523  test=0.8303
  [Cox]               train=0.8406  test=0.8183

--- Sample size: 5000 ---
  Fold 1: train=5000, test=3392
  Embedding shape: (5000, 192)
  [tabpfn+DS-simple]  train=0.9596  test=0.8301
  [tabpfn+DS-vanilla] train=0.9520  test=0.8309
  [tabpfn+RSF]        train=0.9863  test=0.8163
  [tabpfn+Cox]        train=0.9554  test=0.8251
  [DS-simple]         train=0.8425  test=0.8295
  [DS-vanilla]        train=0.8331  test=0.8162
  [RSF]               train=0.9397  test=0.8528
  [Cox]               train=0.8348  test=0.8197
  Fold 2: train=5000, test=3392
  Embedding shape: (5000, 192)
  [tabpfn+DS-simple]  train=0.9574  test=0.8102
  [tabpfn+DS-vanilla] train=0.9539  test=0.8326
  [tabpfn+RSF]        train=0.9847  test=0.8411
  [tabpfn+Cox]        train=0.9565  test=0.8043
  [DS-simple]         train=0.8452  test=0.8294
  [DS-vanilla]        train=0.8598  test=0.8321
  [RSF]               train=0.9427  test=0.8330
  [Cox]               train=0.8352  test=0.8137
  Fold 3: train=5000, test=3392
  Embedding shape: (5000, 192)
  [tabpfn+DS-simple]  train=0.9503  test=0.8538
  [tabpfn+DS-vanilla] train=0.9521  test=0.8493
  [tabpfn+RSF]        train=0.9843  test=0.8430
  [tabpfn+Cox]        train=0.9548  test=0.8418
  [DS-simple]         train=0.8311  test=0.8458
  [DS-vanilla]        train=0.8484  test=0.8451
  [RSF]               train=0.9402  test=0.8423
  [Cox]               train=0.8256  test=0.8471
  Fold 4: train=5000, test=3391
  Embedding shape: (5000, 192)
  [tabpfn+DS-simple]  train=0.9465  test=0.8397
  [tabpfn+DS-vanilla] train=0.9525  test=0.7992
  [tabpfn+RSF]        train=0.9836  test=0.8274
  [tabpfn+Cox]        train=0.9579  test=0.8062
  [DS-simple]         train=0.8361  test=0.8342
  [DS-vanilla]        train=0.8580  test=0.8368
  [RSF]               train=0.9351  test=0.8424
  [Cox]               train=0.8254  test=0.8238
  Fold 5: train=5000, test=3391
  Embedding shape: (5000, 192)
  [tabpfn+DS-simple]  train=0.9474  test=0.8424
  [tabpfn+DS-vanilla] train=0.9531  test=0.8418
  [tabpfn+RSF]        train=0.9857  test=0.8485
  [tabpfn+Cox]        train=0.9539  test=0.8396
  [DS-simple]         train=0.8426  test=0.8344
  [DS-vanilla]        train=0.8372  test=0.8263
  [RSF]               train=0.9411  test=0.8453
  [Cox]               train=0.8348  test=0.8232

--- Sample size: 10000 ---
  Fold 1: train=10000, test=3392
  Embedding shape: (10000, 192)
  [tabpfn+DS-simple]  train=0.9520  test=0.8332
  [tabpfn+DS-vanilla] train=0.9531  test=0.8253
  [tabpfn+RSF]        train=0.9815  test=0.8356
  [tabpfn+Cox]        train=0.9572  test=0.8347
  [DS-simple]         train=0.8311  test=0.8163
  [DS-vanilla]        train=0.8513  test=0.8355
  [RSF]               train=0.9282  test=0.8542
  [Cox]               train=0.8302  test=0.8202
  Fold 2: train=10000, test=3392
  Embedding shape: (10000, 192)
  [tabpfn+DS-simple]  train=0.9518  test=0.8373
  [tabpfn+DS-vanilla] train=0.9531  test=0.8341
  [tabpfn+RSF]        train=0.9836  test=0.7887
  [tabpfn+Cox]        train=0.9537  test=0.8341
  [DS-simple]         train=0.8329  test=0.8265
  [DS-vanilla]        train=0.8292  test=0.8152
  [RSF]               train=0.9286  test=0.8399
  [Cox]               train=0.8289  test=0.8175
  Fold 3: train=10000, test=3392
  Embedding shape: (10000, 192)
  [tabpfn+DS-simple]  train=0.9520  test=0.8524
  [tabpfn+DS-vanilla] train=0.9527  test=0.7895
  [tabpfn+RSF]        train=0.9809  test=0.8548
  [tabpfn+Cox]        train=0.9550  test=0.8499
  [DS-simple]         train=0.8349  test=0.8489
  [DS-vanilla]        train=0.8436  test=0.8490
  [RSF]               train=0.9262  test=0.8548
  [Cox]               train=0.8273  test=0.8482
  Fold 4: train=10000, test=3391
  Embedding shape: (10000, 192)
  [tabpfn+DS-simple]  train=0.9511  test=0.8394
  [tabpfn+DS-vanilla] train=0.9528  test=0.8159
  [tabpfn+RSF]        train=0.9821  test=0.8397
  [tabpfn+Cox]        train=0.9547  test=0.8389
  [DS-simple]         train=0.8333  test=0.8286
  [DS-vanilla]        train=0.8327  test=0.8200
  [RSF]               train=0.9268  test=0.8438
  [Cox]               train=0.8313  test=0.8250
  Fold 5: train=10000, test=3391
  Embedding shape: (10000, 192)
  [tabpfn+DS-simple]  train=0.9604  test=0.8415
  [tabpfn+DS-vanilla] train=0.9549  test=0.8369
  [tabpfn+RSF]        train=0.9826  test=0.8387
  [tabpfn+Cox]        train=0.9555  test=0.8387
  [DS-simple]         train=0.4382  test=0.4357
  [DS-vanilla]        train=0.8501  test=0.8416
  [RSF]               train=0.9254  test=0.8514
  [Cox]               train=0.8290  test=0.8243

--- Sample size: 15000 ---
  Fold 1: train=13566, test=3392
  Embedding shape: (13566, 192)
  [tabpfn+DS-simple]  train=0.9632  test=0.8351
  [tabpfn+DS-vanilla] train=0.9563  test=0.8359
  [tabpfn+RSF]        train=0.9808  test=0.8284
  [tabpfn+Cox]        train=0.9568  test=0.8357
  [DS-simple]         train=0.8343  test=0.8272
  [DS-vanilla]        train=0.8531  test=0.8366
  [RSF]               train=0.9218  test=0.8547
  [Cox]               train=0.8287  test=0.8202
  Fold 2: train=13566, test=3392
  Embedding shape: (13566, 192)
  [tabpfn+DS-simple]  train=0.9581  test=0.8333
  [tabpfn+DS-vanilla] train=0.9532  test=0.6249
  [tabpfn+RSF]        train=0.9815  test=0.8273
  [tabpfn+Cox]        train=0.9535  test=0.8349
  [DS-simple]         train=0.8374  test=0.8268
  [DS-vanilla]        train=0.8613  test=0.8473
  [RSF]               train=0.9195  test=0.8435
  [Cox]               train=0.8299  test=0.8180
  Fold 3: train=13566, test=3392
  Embedding shape: (13566, 192)
  [tabpfn+DS-simple]  train=0.9607  test=0.8550
  [tabpfn+DS-vanilla] train=0.9542  test=0.7710
  [tabpfn+RSF]        train=0.9800  test=0.8459
  [tabpfn+Cox]        train=0.9534  test=0.8547
  [DS-simple]         train=0.8335  test=0.8490
  [DS-vanilla]        train=0.8629  test=0.8620
  [RSF]               train=0.9194  test=0.8583
  [Cox]               train=0.8241  test=0.8468
  Fold 4: train=13567, test=3391
  Embedding shape: (13567, 192)
  [tabpfn+DS-simple]  train=0.9615  test=0.8438
  [tabpfn+DS-vanilla] train=0.9533  test=0.8298
  [tabpfn+RSF]        train=0.9807  test=0.8223
  [tabpfn+Cox]        train=0.9547  test=0.8426
  [DS-simple]         train=0.8358  test=0.8330
  [DS-vanilla]        train=0.8480  test=0.8416
  [RSF]               train=0.9203  test=0.8452
  [Cox]               train=0.8284  test=0.8255
  Fold 5: train=13567, test=3391
  Embedding shape: (13567, 192)
  [tabpfn+DS-simple]  train=0.9588  test=0.8418
  [tabpfn+DS-vanilla] train=0.9527  test=0.8286
  [tabpfn+RSF]        train=0.9804  test=0.8424
  [tabpfn+Cox]        train=0.9541  test=0.8402
  [DS-simple]         train=0.8335  test=0.8272
  [DS-vanilla]        train=0.8532  test=0.8488
  [RSF]               train=0.9192  test=0.8545
  [Cox]               train=0.8292  test=0.8244

============================================================
Preprocess: NaN
============================================================
Loading existing folds from tmp/splits/HURRAH_seed789.pkl

--- Sample size: 100 ---
  Fold 1: train=100, test=3392
  Embedding shape: (100, 192)
  [tabpfn+DS-simple]  train=0.9451  test=0.7553
  [tabpfn+DS-vanilla] train=0.9578  test=0.7472
  [tabpfn+RSF]        train=0.9741  test=0.7382
  [tabpfn+Cox]        train=0.9958  test=0.6542
  Fold 2: train=100, test=3392
  Embedding shape: (100, 192)
  [tabpfn+DS-simple]  train=0.9456  test=0.7574
  [tabpfn+DS-vanilla] train=0.9465  test=0.7428
  [tabpfn+RSF]        train=0.9605  test=0.7544
  [tabpfn+Cox]        train=0.9839  test=0.7047
  Fold 3: train=100, test=3392
  Embedding shape: (100, 192)
  [tabpfn+DS-simple]  train=0.9844  test=0.7905
  [tabpfn+DS-vanilla] train=0.9844  test=0.7831
  [tabpfn+RSF]        train=0.9880  test=0.7745
  [tabpfn+Cox]        train=0.9948  test=0.7828
  Fold 4: train=100, test=3391
  Embedding shape: (100, 192)
  [tabpfn+DS-simple]  train=0.9669  test=0.7555
  [tabpfn+DS-vanilla] train=0.9779  test=0.7517
  [tabpfn+RSF]        train=0.9789  test=0.7472
  [tabpfn+Cox]        train=0.9917  test=0.4559
  Fold 5: train=100, test=3391
  Embedding shape: (100, 192)
  [tabpfn+DS-simple]  train=0.9767  test=0.6597
  [tabpfn+DS-vanilla] train=0.9739  test=0.6495
  [tabpfn+RSF]        train=0.9890  test=0.6614
  [tabpfn+Cox]        train=0.9890  test=0.6393

--- Sample size: 500 ---
  Fold 1: train=500, test=3392
  Embedding shape: (500, 192)
  [tabpfn+DS-simple]  train=0.9577  test=0.8108
  [tabpfn+DS-vanilla] train=0.9592  test=0.8123
  [tabpfn+RSF]        train=0.9831  test=0.7456
  [tabpfn+Cox]        train=0.9687  test=0.8000
  Fold 2: train=500, test=3392
  Embedding shape: (500, 192)
  [tabpfn+DS-simple]  train=0.9482  test=0.8003
  [tabpfn+DS-vanilla] train=0.9502  test=0.7968
  [tabpfn+RSF]        train=0.9867  test=0.7888
  [tabpfn+Cox]        train=0.9643  test=0.7637
  Fold 3: train=500, test=3392
  Embedding shape: (500, 192)
  [tabpfn+DS-simple]  train=0.9507  test=0.8317
  [tabpfn+DS-vanilla] train=0.9559  test=0.8331
  [tabpfn+RSF]        train=0.9832  test=0.8082
  [tabpfn+Cox]        train=0.9600  test=0.7861
  Fold 4: train=500, test=3391
  Embedding shape: (500, 192)
  [tabpfn+DS-simple]  train=0.9503  test=0.8133
  [tabpfn+DS-vanilla] train=0.9517  test=0.7926
  [tabpfn+RSF]        train=0.9786  test=0.8077
  [tabpfn+Cox]        train=0.9589  test=0.7502
  Fold 5: train=500, test=3391
  Embedding shape: (500, 192)
  [tabpfn+DS-simple]  train=0.9572  test=0.7798
  [tabpfn+DS-vanilla] train=0.9622  test=0.7751
  [tabpfn+RSF]        train=0.9901  test=0.7500
  [tabpfn+Cox]        train=0.9777  test=0.4425

--- Sample size: 1000 ---
  Fold 1: train=1000, test=3392
  Embedding shape: (1000, 192)
  [tabpfn+DS-simple]  train=0.9486  test=0.8185
  [tabpfn+DS-vanilla] train=0.9587  test=0.8167
  [tabpfn+RSF]        train=0.9872  test=0.8022
  [tabpfn+Cox]        train=0.9600  test=0.8021
  Fold 2: train=1000, test=3392
  Embedding shape: (1000, 192)
  [tabpfn+DS-simple]  train=0.9506  test=0.8140
  [tabpfn+DS-vanilla] train=0.9581  test=0.8042
  [tabpfn+RSF]        train=0.9869  test=0.7995
  [tabpfn+Cox]        train=0.9619  test=0.7674
  Fold 3: train=1000, test=3392
  Embedding shape: (1000, 192)
  [tabpfn+DS-simple]  train=0.9450  test=0.8416
  [tabpfn+DS-vanilla] train=0.9504  test=0.8272
  [tabpfn+RSF]        train=0.9872  test=0.8285
  [tabpfn+Cox]        train=0.9563  test=0.6991
  Fold 4: train=1000, test=3391
  Embedding shape: (1000, 192)
  [tabpfn+DS-simple]  train=0.9404  test=0.8198
  [tabpfn+DS-vanilla] train=0.9446  test=0.7933
  [tabpfn+RSF]        train=0.9853  test=0.8038
  [tabpfn+Cox]        train=0.9546  test=0.7458
  Fold 5: train=1000, test=3391
  Embedding shape: (1000, 192)
  [tabpfn+DS-simple]  train=0.9495  test=0.8235
  [tabpfn+DS-vanilla] train=0.9583  test=0.8251
  [tabpfn+RSF]        train=0.9872  test=0.7587
  [tabpfn+Cox]        train=0.9626  test=0.5491

--- Sample size: 2500 ---
  Fold 1: train=2500, test=3392
  Embedding shape: (2500, 192)
  [tabpfn+DS-simple]  train=0.9488  test=0.8180
  [tabpfn+DS-vanilla] train=0.9536  test=0.8132
  [tabpfn+RSF]        train=0.9860  test=0.8111
  [tabpfn+Cox]        train=0.9554  test=0.7678
  Fold 2: train=2500, test=3392
  Embedding shape: (2500, 192)
  [tabpfn+DS-simple]  train=0.9513  test=0.8296
  [tabpfn+DS-vanilla] train=0.9514  test=0.8248
  [tabpfn+RSF]        train=0.9852  test=0.8200
  [tabpfn+Cox]        train=0.9596  test=0.7495
  Fold 3: train=2500, test=3392
  Embedding shape: (2500, 192)
  [tabpfn+DS-simple]  train=0.9519  test=0.8447
  [tabpfn+DS-vanilla] train=0.9532  test=0.7490
  [tabpfn+RSF]        train=0.9854  test=0.8302
  [tabpfn+Cox]        train=0.9565  test=0.6722
  Fold 4: train=2500, test=3391
  Embedding shape: (2500, 192)
  [tabpfn+DS-simple]  train=0.9437  test=0.8302
  [tabpfn+DS-vanilla] train=0.9536  test=0.7192
  [tabpfn+RSF]        train=0.9845  test=0.8226
  [tabpfn+Cox]        train=0.9546  test=0.7226
  Fold 5: train=2500, test=3391
  Embedding shape: (2500, 192)
  [tabpfn+DS-simple]  train=0.9462  test=0.8252
  [tabpfn+DS-vanilla] train=0.9491  test=0.8243
  [tabpfn+RSF]        train=0.9881  test=0.8273
  [tabpfn+Cox]        train=0.9567  test=0.8198

--- Sample size: 5000 ---
  Fold 1: train=5000, test=3392
  Embedding shape: (5000, 192)
  [tabpfn+DS-simple]  train=0.9469  test=0.8283
  [tabpfn+DS-vanilla] train=0.9584  test=0.8216
  [tabpfn+RSF]        train=0.9843  test=0.8350
  [tabpfn+Cox]        train=0.9573  test=0.8195
  Fold 2: train=5000, test=3392
  Embedding shape: (5000, 192)
  [tabpfn+DS-simple]  train=0.9511  test=0.8343
  [tabpfn+DS-vanilla] train=0.9575  test=0.8258
  [tabpfn+RSF]        train=0.9841  test=0.8206
  [tabpfn+Cox]        train=0.9578  test=0.7926
  Fold 3: train=5000, test=3392
  Embedding shape: (5000, 192)
  [tabpfn+DS-simple]  train=0.9501  test=0.8468
  [tabpfn+DS-vanilla] train=0.9532  test=0.8086
  [tabpfn+RSF]        train=0.9835  test=0.8220
  [tabpfn+Cox]        train=0.9580  test=0.7837
  Fold 4: train=5000, test=3391
  Embedding shape: (5000, 192)
  [tabpfn+DS-simple]  train=0.9453  test=0.8366
  [tabpfn+DS-vanilla] train=0.9506  test=0.8061
  [tabpfn+RSF]        train=0.9823  test=0.8262
  [tabpfn+Cox]        train=0.9532  test=0.7411
  Fold 5: train=5000, test=3391
  Embedding shape: (5000, 192)
  [tabpfn+DS-simple]  train=0.9490  test=0.8321
  [tabpfn+DS-vanilla] train=0.9541  test=0.8356
  [tabpfn+RSF]        train=0.9868  test=0.8128
  [tabpfn+Cox]        train=0.9578  test=0.8184

--- Sample size: 10000 ---
  Fold 1: train=10000, test=3392
  Embedding shape: (10000, 192)
  [tabpfn+DS-simple]  train=0.9571  test=0.8212
  [tabpfn+DS-vanilla] train=0.9528  test=0.8309
  [tabpfn+RSF]        train=0.9817  test=0.7824
  [tabpfn+Cox]        train=0.9585  test=0.8182
  Fold 2: train=10000, test=3392
  Embedding shape: (10000, 192)
  [tabpfn+DS-simple]  train=0.9541  test=0.8260
  [tabpfn+DS-vanilla] train=0.9551  test=0.8147
  [tabpfn+RSF]        train=0.9822  test=0.8059
  [tabpfn+Cox]        train=0.9568  test=0.8233
  Fold 3: train=10000, test=3392
  Embedding shape: (10000, 192)
  [tabpfn+DS-simple]  train=0.9579  test=0.8450
  [tabpfn+DS-vanilla] train=0.9525  test=0.3668
  [tabpfn+RSF]        train=0.9815  test=0.8039
  [tabpfn+Cox]        train=0.9564  test=0.8419
  Fold 4: train=10000, test=3391
  Embedding shape: (10000, 192)
  [tabpfn+DS-simple]  train=0.9603  test=0.8315
  [tabpfn+DS-vanilla] train=0.9520  test=0.8194
  [tabpfn+RSF]        train=0.9828  test=0.7634
  [tabpfn+Cox]        train=0.9583  test=0.8322
  Fold 5: train=10000, test=3391
  Embedding shape: (10000, 192)
  [tabpfn+DS-simple]  train=0.9617  test=0.8425
  [tabpfn+DS-vanilla] train=0.9539  test=0.8304
  [tabpfn+RSF]        train=0.9838  test=0.7987
  [tabpfn+Cox]        train=0.9586  test=0.8391

--- Sample size: 15000 ---
  Fold 1: train=13566, test=3392
  Embedding shape: (13566, 192)
  [tabpfn+DS-simple]  train=0.9604  test=0.8309
  [tabpfn+DS-vanilla] train=0.9543  test=0.8263
  [tabpfn+RSF]        train=0.9809  test=0.7147
  [tabpfn+Cox]        train=0.9581  test=0.8294
  Fold 2: train=13566, test=3392
  Embedding shape: (13566, 192)
  [tabpfn+DS-simple]  train=0.9583  test=0.8284
  [tabpfn+DS-vanilla] train=0.9532  test=0.8194
  [tabpfn+RSF]        train=0.9813  test=0.8006
  [tabpfn+Cox]        train=0.9557  test=0.8305
  Fold 3: train=13566, test=3392
  Embedding shape: (13566, 192)
  [tabpfn+DS-simple]  train=0.9598  test=0.8448
  [tabpfn+DS-vanilla] train=0.9549  test=0.7381
  [tabpfn+RSF]        train=0.9812  test=0.7769
  [tabpfn+Cox]        train=0.9573  test=0.8469
  Fold 4: train=13567, test=3391
  Embedding shape: (13567, 192)
  [tabpfn+DS-simple]  train=0.9601  test=0.8441
  [tabpfn+DS-vanilla] train=0.9563  test=0.8416
  [tabpfn+RSF]        train=0.9815  test=0.7736
  [tabpfn+Cox]        train=0.9562  test=0.8400
  Fold 5: train=13567, test=3391
  Embedding shape: (13567, 192)
  [tabpfn+DS-simple]  train=0.9599  test=0.8410
  [tabpfn+DS-vanilla] train=0.9527  test=0.8307
  [tabpfn+RSF]        train=0.9813  test=0.7796
  [tabpfn+Cox]        train=0.9588  test=0.8356

Data saved → results/HURRAH/tabpfn/results_samplesize_HURRAH_tabpfn_seed789_data.txt

Dataset: HURRAH | Model: tabpfn | Seed: 789
======================================================================

Preprocess: -1
------------------------------------------------------------

  Sample size (requested):    100  |  actual mean: 100
    TRAIN tabpfn+DS-simple            → mean: 0.9640 | std: 0.0133 | min: 0.9456 | max: 0.9844
    TEST  tabpfn+DS-simple            → mean: 0.7451 | std: 0.0413 | min: 0.6635 | max: 0.7767
    TRAIN tabpfn+DS-vanilla           → mean: 0.9741 | std: 0.0065 | min: 0.9642 | max: 0.9844
    TEST  tabpfn+DS-vanilla           → mean: 0.7404 | std: 0.0400 | min: 0.6617 | max: 0.7678
    TRAIN tabpfn+RSF                  → mean: 0.9760 | std: 0.0109 | min: 0.9567 | max: 0.9896
    TEST  tabpfn+RSF                  → mean: 0.7430 | std: 0.0385 | min: 0.6684 | max: 0.7795
    TRAIN tabpfn+Cox                  → mean: 0.9922 | std: 0.0030 | min: 0.9881 | max: 0.9969
    TEST  tabpfn+Cox                  → mean: 0.7172 | std: 0.0346 | min: 0.6496 | max: 0.7474
    TRAIN DS-simple (base)            → mean: 0.9128 | std: 0.0293 | min: 0.8640 | max: 0.9451
    TEST  DS-simple (base)            → mean: 0.7036 | std: 0.0580 | min: 0.6090 | max: 0.7682
    TRAIN DS-vanilla (base)           → mean: 0.8239 | std: 0.0538 | min: 0.7298 | max: 0.8783
    TEST  DS-vanilla (base)           → mean: 0.6319 | std: 0.0487 | min: 0.5671 | max: 0.7016
    TRAIN RSF (base)                  → mean: 0.9816 | std: 0.0109 | min: 0.9642 | max: 0.9968
    TEST  RSF (base)                  → mean: 0.7280 | std: 0.0364 | min: 0.6745 | max: 0.7634
    TRAIN Cox (base)                  → mean: 0.9456 | std: 0.0212 | min: 0.9057 | max: 0.9646
    TEST  Cox (base)                  → mean: 0.7360 | std: 0.0527 | min: 0.6448 | max: 0.7782

  Sample size (requested):    500  |  actual mean: 500
    TRAIN tabpfn+DS-simple            → mean: 0.9532 | std: 0.0049 | min: 0.9483 | max: 0.9614
    TEST  tabpfn+DS-simple            → mean: 0.8140 | std: 0.0167 | min: 0.7940 | max: 0.8395
    TRAIN tabpfn+DS-vanilla           → mean: 0.9566 | std: 0.0040 | min: 0.9499 | max: 0.9621
    TEST  tabpfn+DS-vanilla           → mean: 0.8059 | std: 0.0203 | min: 0.7802 | max: 0.8390
    TRAIN tabpfn+RSF                  → mean: 0.9843 | std: 0.0036 | min: 0.9782 | max: 0.9893
    TEST  tabpfn+RSF                  → mean: 0.7826 | std: 0.0208 | min: 0.7470 | max: 0.8059
    TRAIN tabpfn+Cox                  → mean: 0.9654 | std: 0.0048 | min: 0.9596 | max: 0.9735
    TEST  tabpfn+Cox                  → mean: 0.6778 | std: 0.1077 | min: 0.5425 | max: 0.8162
    TRAIN DS-simple (base)            → mean: 0.8689 | std: 0.0144 | min: 0.8454 | max: 0.8847
    TEST  DS-simple (base)            → mean: 0.8069 | std: 0.0140 | min: 0.7883 | max: 0.8296
    TRAIN DS-vanilla (base)           → mean: 0.8620 | std: 0.0346 | min: 0.8062 | max: 0.9036
    TEST  DS-vanilla (base)           → mean: 0.7620 | std: 0.0376 | min: 0.6972 | max: 0.7965
    TRAIN RSF (base)                  → mean: 0.9580 | std: 0.0114 | min: 0.9469 | max: 0.9746
    TEST  RSF (base)                  → mean: 0.7896 | std: 0.0121 | min: 0.7749 | max: 0.8095
    TRAIN Cox (base)                  → mean: 0.8609 | std: 0.0113 | min: 0.8460 | max: 0.8778
    TEST  Cox (base)                  → mean: 0.8012 | std: 0.0195 | min: 0.7722 | max: 0.8318

  Sample size (requested):   1000  |  actual mean: 1000
    TRAIN tabpfn+DS-simple            → mean: 0.9498 | std: 0.0046 | min: 0.9420 | max: 0.9561
    TEST  tabpfn+DS-simple            → mean: 0.8309 | std: 0.0079 | min: 0.8251 | max: 0.8463
    TRAIN tabpfn+DS-vanilla           → mean: 0.9545 | std: 0.0043 | min: 0.9493 | max: 0.9616
    TEST  tabpfn+DS-vanilla           → mean: 0.8169 | std: 0.0142 | min: 0.7928 | max: 0.8293
    TRAIN tabpfn+RSF                  → mean: 0.9846 | std: 0.0017 | min: 0.9830 | max: 0.9877
    TEST  tabpfn+RSF                  → mean: 0.8129 | std: 0.0185 | min: 0.7801 | max: 0.8349
    TRAIN tabpfn+Cox                  → mean: 0.9608 | std: 0.0030 | min: 0.9560 | max: 0.9647
    TEST  tabpfn+Cox                  → mean: 0.7230 | std: 0.0968 | min: 0.5740 | max: 0.8248
    TRAIN DS-simple (base)            → mean: 0.8499 | std: 0.0091 | min: 0.8387 | max: 0.8635
    TEST  DS-simple (base)            → mean: 0.8265 | std: 0.0097 | min: 0.8191 | max: 0.8456
    TRAIN DS-vanilla (base)           → mean: 0.8565 | std: 0.0117 | min: 0.8340 | max: 0.8677
    TEST  DS-vanilla (base)           → mean: 0.8020 | std: 0.0063 | min: 0.7921 | max: 0.8085
    TRAIN RSF (base)                  → mean: 0.9570 | std: 0.0049 | min: 0.9526 | max: 0.9663
    TEST  RSF (base)                  → mean: 0.8136 | std: 0.0072 | min: 0.8005 | max: 0.8226
    TRAIN Cox (base)                  → mean: 0.8424 | std: 0.0097 | min: 0.8302 | max: 0.8551
    TEST  Cox (base)                  → mean: 0.8194 | std: 0.0133 | min: 0.8078 | max: 0.8443

  Sample size (requested):   2500  |  actual mean: 2500
    TRAIN tabpfn+DS-simple            → mean: 0.9501 | std: 0.0023 | min: 0.9455 | max: 0.9517
    TEST  tabpfn+DS-simple            → mean: 0.8359 | std: 0.0064 | min: 0.8246 | max: 0.8439
    TRAIN tabpfn+DS-vanilla           → mean: 0.9559 | std: 0.0054 | min: 0.9477 | max: 0.9632
    TEST  tabpfn+DS-vanilla           → mean: 0.8118 | std: 0.0227 | min: 0.7705 | max: 0.8331
    TRAIN tabpfn+RSF                  → mean: 0.9863 | std: 0.0025 | min: 0.9839 | max: 0.9912
    TEST  tabpfn+RSF                  → mean: 0.8308 | std: 0.0072 | min: 0.8200 | max: 0.8420
    TRAIN tabpfn+Cox                  → mean: 0.9584 | std: 0.0029 | min: 0.9559 | max: 0.9638
    TEST  tabpfn+Cox                  → mean: 0.7937 | std: 0.0240 | min: 0.7643 | max: 0.8196
    TRAIN DS-simple (base)            → mean: 0.8453 | std: 0.0075 | min: 0.8359 | max: 0.8536
    TEST  DS-simple (base)            → mean: 0.8298 | std: 0.0069 | min: 0.8227 | max: 0.8428
    TRAIN DS-vanilla (base)           → mean: 0.8602 | std: 0.0130 | min: 0.8374 | max: 0.8777
    TEST  DS-vanilla (base)           → mean: 0.8233 | std: 0.0048 | min: 0.8179 | max: 0.8309
    TRAIN RSF (base)                  → mean: 0.9500 | std: 0.0020 | min: 0.9468 | max: 0.9523
    TEST  RSF (base)                  → mean: 0.8338 | std: 0.0067 | min: 0.8239 | max: 0.8412
    TRAIN Cox (base)                  → mean: 0.8366 | std: 0.0066 | min: 0.8277 | max: 0.8443
    TEST  Cox (base)                  → mean: 0.8220 | std: 0.0117 | min: 0.8114 | max: 0.8448

  Sample size (requested):   5000  |  actual mean: 5000
    TRAIN tabpfn+DS-simple            → mean: 0.9523 | std: 0.0053 | min: 0.9465 | max: 0.9596
    TEST  tabpfn+DS-simple            → mean: 0.8352 | std: 0.0146 | min: 0.8102 | max: 0.8538
    TRAIN tabpfn+DS-vanilla           → mean: 0.9527 | std: 0.0007 | min: 0.9520 | max: 0.9539
    TEST  tabpfn+DS-vanilla           → mean: 0.8308 | std: 0.0171 | min: 0.7992 | max: 0.8493
    TRAIN tabpfn+RSF                  → mean: 0.9849 | std: 0.0010 | min: 0.9836 | max: 0.9863
    TEST  tabpfn+RSF                  → mean: 0.8353 | std: 0.0118 | min: 0.8163 | max: 0.8485
    TRAIN tabpfn+Cox                  → mean: 0.9557 | std: 0.0014 | min: 0.9539 | max: 0.9579
    TEST  tabpfn+Cox                  → mean: 0.8234 | std: 0.0159 | min: 0.8043 | max: 0.8418
    TRAIN DS-simple (base)            → mean: 0.8395 | std: 0.0052 | min: 0.8311 | max: 0.8452
    TEST  DS-simple (base)            → mean: 0.8347 | std: 0.0060 | min: 0.8294 | max: 0.8458
    TRAIN DS-vanilla (base)           → mean: 0.8473 | std: 0.0107 | min: 0.8331 | max: 0.8598
    TEST  DS-vanilla (base)           → mean: 0.8313 | std: 0.0098 | min: 0.8162 | max: 0.8451
    TRAIN RSF (base)                  → mean: 0.9398 | std: 0.0025 | min: 0.9351 | max: 0.9427
    TEST  RSF (base)                  → mean: 0.8432 | std: 0.0064 | min: 0.8330 | max: 0.8528
    TRAIN Cox (base)                  → mean: 0.8312 | std: 0.0046 | min: 0.8254 | max: 0.8352
    TEST  Cox (base)                  → mean: 0.8255 | std: 0.0114 | min: 0.8137 | max: 0.8471

  Sample size (requested):  10000  |  actual mean: 10000
    TRAIN tabpfn+DS-simple            → mean: 0.9535 | std: 0.0035 | min: 0.9511 | max: 0.9604
    TEST  tabpfn+DS-simple            → mean: 0.8408 | std: 0.0064 | min: 0.8332 | max: 0.8524
    TRAIN tabpfn+DS-vanilla           → mean: 0.9533 | std: 0.0008 | min: 0.9527 | max: 0.9549
    TEST  tabpfn+DS-vanilla           → mean: 0.8203 | std: 0.0171 | min: 0.7895 | max: 0.8369
    TRAIN tabpfn+RSF                  → mean: 0.9821 | std: 0.0009 | min: 0.9809 | max: 0.9836
    TEST  tabpfn+RSF                  → mean: 0.8315 | std: 0.0224 | min: 0.7887 | max: 0.8548
    TRAIN tabpfn+Cox                  → mean: 0.9552 | std: 0.0012 | min: 0.9537 | max: 0.9572
    TEST  tabpfn+Cox                  → mean: 0.8393 | std: 0.0057 | min: 0.8341 | max: 0.8499
    TRAIN DS-simple (base)            → mean: 0.7541 | std: 0.1579 | min: 0.4382 | max: 0.8349
    TEST  DS-simple (base)            → mean: 0.7512 | std: 0.1581 | min: 0.4357 | max: 0.8489
    TRAIN DS-vanilla (base)           → mean: 0.8414 | std: 0.0090 | min: 0.8292 | max: 0.8513
    TEST  DS-vanilla (base)           → mean: 0.8323 | std: 0.0128 | min: 0.8152 | max: 0.8490
    TRAIN RSF (base)                  → mean: 0.9271 | std: 0.0012 | min: 0.9254 | max: 0.9286
    TEST  RSF (base)                  → mean: 0.8488 | std: 0.0059 | min: 0.8399 | max: 0.8548
    TRAIN Cox (base)                  → mean: 0.8294 | std: 0.0013 | min: 0.8273 | max: 0.8313
    TEST  Cox (base)                  → mean: 0.8270 | std: 0.0109 | min: 0.8175 | max: 0.8482

  Sample size (requested):  15000  |  actual mean: 13566
    TRAIN tabpfn+DS-simple            → mean: 0.9605 | std: 0.0018 | min: 0.9581 | max: 0.9632
    TEST  tabpfn+DS-simple            → mean: 0.8418 | std: 0.0077 | min: 0.8333 | max: 0.8550
    TRAIN tabpfn+DS-vanilla           → mean: 0.9540 | std: 0.0013 | min: 0.9527 | max: 0.9563
    TEST  tabpfn+DS-vanilla           → mean: 0.7780 | std: 0.0801 | min: 0.6249 | max: 0.8359
    TRAIN tabpfn+RSF                  → mean: 0.9807 | std: 0.0005 | min: 0.9800 | max: 0.9815
    TEST  tabpfn+RSF                  → mean: 0.8333 | std: 0.0092 | min: 0.8223 | max: 0.8459
    TRAIN tabpfn+Cox                  → mean: 0.9545 | std: 0.0012 | min: 0.9534 | max: 0.9568
    TEST  tabpfn+Cox                  → mean: 0.8416 | std: 0.0071 | min: 0.8349 | max: 0.8547
    TRAIN DS-simple (base)            → mean: 0.8349 | std: 0.0015 | min: 0.8335 | max: 0.8374
    TEST  DS-simple (base)            → mean: 0.8326 | std: 0.0085 | min: 0.8268 | max: 0.8490
    TRAIN DS-vanilla (base)           → mean: 0.8557 | std: 0.0056 | min: 0.8480 | max: 0.8629
    TEST  DS-vanilla (base)           → mean: 0.8473 | std: 0.0086 | min: 0.8366 | max: 0.8620
    TRAIN RSF (base)                  → mean: 0.9200 | std: 0.0009 | min: 0.9192 | max: 0.9218
    TEST  RSF (base)                  → mean: 0.8512 | std: 0.0058 | min: 0.8435 | max: 0.8583
    TRAIN Cox (base)                  → mean: 0.8281 | std: 0.0020 | min: 0.8241 | max: 0.8299
    TEST  Cox (base)                  → mean: 0.8270 | std: 0.0103 | min: 0.8180 | max: 0.8468

Preprocess: NaN
------------------------------------------------------------

  Sample size (requested):    100  |  actual mean: 100
    TRAIN tabpfn+DS-simple            → mean: 0.9637 | std: 0.0160 | min: 0.9451 | max: 0.9844
    TEST  tabpfn+DS-simple            → mean: 0.7437 | std: 0.0441 | min: 0.6597 | max: 0.7905
    TRAIN tabpfn+DS-vanilla           → mean: 0.9681 | std: 0.0139 | min: 0.9465 | max: 0.9844
    TEST  tabpfn+DS-vanilla           → mean: 0.7348 | std: 0.0450 | min: 0.6495 | max: 0.7831
    TRAIN tabpfn+RSF                  → mean: 0.9781 | std: 0.0104 | min: 0.9605 | max: 0.9890
    TEST  tabpfn+RSF                  → mean: 0.7351 | std: 0.0388 | min: 0.6614 | max: 0.7745
    TRAIN tabpfn+Cox                  → mean: 0.9910 | std: 0.0043 | min: 0.9839 | max: 0.9958
    TEST  tabpfn+Cox                  → mean: 0.6474 | std: 0.1081 | min: 0.4559 | max: 0.7828

  Sample size (requested):    500  |  actual mean: 500
    TRAIN tabpfn+DS-simple            → mean: 0.9528 | std: 0.0039 | min: 0.9482 | max: 0.9577
    TEST  tabpfn+DS-simple            → mean: 0.8072 | std: 0.0170 | min: 0.7798 | max: 0.8317
    TRAIN tabpfn+DS-vanilla           → mean: 0.9559 | std: 0.0045 | min: 0.9502 | max: 0.9622
    TEST  tabpfn+DS-vanilla           → mean: 0.8020 | std: 0.0196 | min: 0.7751 | max: 0.8331
    TRAIN tabpfn+RSF                  → mean: 0.9843 | std: 0.0039 | min: 0.9786 | max: 0.9901
    TEST  tabpfn+RSF                  → mean: 0.7801 | std: 0.0273 | min: 0.7456 | max: 0.8082
    TRAIN tabpfn+Cox                  → mean: 0.9659 | std: 0.0068 | min: 0.9589 | max: 0.9777
    TEST  tabpfn+Cox                  → mean: 0.7085 | std: 0.1341 | min: 0.4425 | max: 0.8000

  Sample size (requested):   1000  |  actual mean: 1000
    TRAIN tabpfn+DS-simple            → mean: 0.9468 | std: 0.0037 | min: 0.9404 | max: 0.9506
    TEST  tabpfn+DS-simple            → mean: 0.8235 | std: 0.0096 | min: 0.8140 | max: 0.8416
    TRAIN tabpfn+DS-vanilla           → mean: 0.9540 | std: 0.0056 | min: 0.9446 | max: 0.9587
    TEST  tabpfn+DS-vanilla           → mean: 0.8133 | std: 0.0129 | min: 0.7933 | max: 0.8272
    TRAIN tabpfn+RSF                  → mean: 0.9867 | std: 0.0008 | min: 0.9853 | max: 0.9872
    TEST  tabpfn+RSF                  → mean: 0.7985 | std: 0.0225 | min: 0.7587 | max: 0.8285
    TRAIN tabpfn+Cox                  → mean: 0.9591 | std: 0.0031 | min: 0.9546 | max: 0.9626
    TEST  tabpfn+Cox                  → mean: 0.7127 | std: 0.0884 | min: 0.5491 | max: 0.8021

  Sample size (requested):   2500  |  actual mean: 2500
    TRAIN tabpfn+DS-simple            → mean: 0.9484 | std: 0.0031 | min: 0.9437 | max: 0.9519
    TEST  tabpfn+DS-simple            → mean: 0.8295 | std: 0.0088 | min: 0.8180 | max: 0.8447
    TRAIN tabpfn+DS-vanilla           → mean: 0.9522 | std: 0.0017 | min: 0.9491 | max: 0.9536
    TEST  tabpfn+DS-vanilla           → mean: 0.7861 | std: 0.0437 | min: 0.7192 | max: 0.8248
    TRAIN tabpfn+RSF                  → mean: 0.9858 | std: 0.0012 | min: 0.9845 | max: 0.9881
    TEST  tabpfn+RSF                  → mean: 0.8222 | std: 0.0066 | min: 0.8111 | max: 0.8302
    TRAIN tabpfn+Cox                  → mean: 0.9566 | std: 0.0017 | min: 0.9546 | max: 0.9596
    TEST  tabpfn+Cox                  → mean: 0.7464 | std: 0.0489 | min: 0.6722 | max: 0.8198

  Sample size (requested):   5000  |  actual mean: 5000
    TRAIN tabpfn+DS-simple            → mean: 0.9485 | std: 0.0021 | min: 0.9453 | max: 0.9511
    TEST  tabpfn+DS-simple            → mean: 0.8356 | std: 0.0062 | min: 0.8283 | max: 0.8468
    TRAIN tabpfn+DS-vanilla           → mean: 0.9548 | std: 0.0028 | min: 0.9506 | max: 0.9584
    TEST  tabpfn+DS-vanilla           → mean: 0.8195 | std: 0.0110 | min: 0.8061 | max: 0.8356
    TRAIN tabpfn+RSF                  → mean: 0.9842 | std: 0.0015 | min: 0.9823 | max: 0.9868
    TEST  tabpfn+RSF                  → mean: 0.8233 | std: 0.0073 | min: 0.8128 | max: 0.8350
    TRAIN tabpfn+Cox                  → mean: 0.9568 | std: 0.0018 | min: 0.9532 | max: 0.9580
    TEST  tabpfn+Cox                  → mean: 0.7911 | std: 0.0287 | min: 0.7411 | max: 0.8195

  Sample size (requested):  10000  |  actual mean: 10000
    TRAIN tabpfn+DS-simple            → mean: 0.9582 | std: 0.0026 | min: 0.9541 | max: 0.9617
    TEST  tabpfn+DS-simple            → mean: 0.8332 | std: 0.0092 | min: 0.8212 | max: 0.8450
    TRAIN tabpfn+DS-vanilla           → mean: 0.9533 | std: 0.0011 | min: 0.9520 | max: 0.9551
    TEST  tabpfn+DS-vanilla           → mean: 0.7324 | std: 0.1829 | min: 0.3668 | max: 0.8309
    TRAIN tabpfn+RSF                  → mean: 0.9824 | std: 0.0008 | min: 0.9815 | max: 0.9838
    TEST  tabpfn+RSF                  → mean: 0.7909 | std: 0.0160 | min: 0.7634 | max: 0.8059
    TRAIN tabpfn+Cox                  → mean: 0.9577 | std: 0.0009 | min: 0.9564 | max: 0.9586
    TEST  tabpfn+Cox                  → mean: 0.8309 | std: 0.0090 | min: 0.8182 | max: 0.8419

  Sample size (requested):  15000  |  actual mean: 13566
    TRAIN tabpfn+DS-simple            → mean: 0.9597 | std: 0.0007 | min: 0.9583 | max: 0.9604
    TEST  tabpfn+DS-simple            → mean: 0.8378 | std: 0.0068 | min: 0.8284 | max: 0.8448
    TRAIN tabpfn+DS-vanilla           → mean: 0.9543 | std: 0.0013 | min: 0.9527 | max: 0.9563
    TEST  tabpfn+DS-vanilla           → mean: 0.8112 | std: 0.0373 | min: 0.7381 | max: 0.8416
    TRAIN tabpfn+RSF                  → mean: 0.9812 | std: 0.0002 | min: 0.9809 | max: 0.9815
    TEST  tabpfn+RSF                  → mean: 0.7691 | std: 0.0288 | min: 0.7147 | max: 0.8006
    TRAIN tabpfn+Cox                  → mean: 0.9572 | std: 0.0012 | min: 0.9557 | max: 0.9588
    TEST  tabpfn+Cox                  → mean: 0.8365 | std: 0.0065 | min: 0.8294 | max: 0.8469
Text summary saved → results/HURRAH/tabpfn/results_samplesize_HURRAH_tabpfn_seed789.txt
