/scratch.hpc/luca.cotugno/Foundation_model_clinical_data/.venv/lib/python3.12/site-packages/torchtuples/tupletree.py:146: UserWarning: The given NumPy array is not writable, and PyTorch does not support non-writable tensors. This means writing to this tensor will result in undefined behavior. You may want to copy the array to protect its data or make it writable before converting it to a tensor. This type of warning will be suppressed for the rest of this program. (Triggered internally at /pytorch/torch/csrc/utils/tensor_numpy.cpp:213.)
  return torch.from_numpy(data)
/scratch.hpc/luca.cotugno/Foundation_model_clinical_data/.venv/lib/python3.12/site-packages/sklearn/utils/validation.py:2684: UserWarning: X has feature names, but RandomSurvivalForest was fitted without feature names
  warnings.warn(
/scratch.hpc/luca.cotugno/Foundation_model_clinical_data/.venv/lib/python3.12/site-packages/sklearn/utils/validation.py:2684: UserWarning: X has feature names, but RandomSurvivalForest was fitted without feature names
  warnings.warn(
/scratch.hpc/luca.cotugno/Foundation_model_clinical_data/.venv/lib/python3.12/site-packages/sklearn/utils/validation.py:2684: UserWarning: X has feature names, but RandomSurvivalForest was fitted without feature names
  warnings.warn(
/scratch.hpc/luca.cotugno/Foundation_model_clinical_data/.venv/lib/python3.12/site-packages/sklearn/utils/validation.py:2684: UserWarning: X has feature names, but RandomSurvivalForest was fitted without feature names
  warnings.warn(
/scratch.hpc/luca.cotugno/Foundation_model_clinical_data/.venv/lib/python3.12/site-packages/sklearn/utils/validation.py:2684: UserWarning: X has feature names, but RandomSurvivalForest was fitted without feature names
  warnings.warn(
/scratch.hpc/luca.cotugno/Foundation_model_clinical_data/.venv/lib/python3.12/site-packages/sklearn/utils/validation.py:2684: UserWarning: X has feature names, but RandomSurvivalForest was fitted without feature names
  warnings.warn(
/scratch.hpc/luca.cotugno/Foundation_model_clinical_data/.venv/lib/python3.12/site-packages/sklearn/utils/validation.py:2684: UserWarning: X has feature names, but RandomSurvivalForest was fitted without feature names
  warnings.warn(
/scratch.hpc/luca.cotugno/Foundation_model_clinical_data/.venv/lib/python3.12/site-packages/sklearn/utils/validation.py:2684: UserWarning: X has feature names, but RandomSurvivalForest was fitted without feature names
  warnings.warn(
/scratch.hpc/luca.cotugno/Foundation_model_clinical_data/.venv/lib/python3.12/site-packages/sklearn/utils/validation.py:2684: UserWarning: X has feature names, but RandomSurvivalForest was fitted without feature names
  warnings.warn(
/scratch.hpc/luca.cotugno/Foundation_model_clinical_data/.venv/lib/python3.12/site-packages/sklearn/utils/validation.py:2684: UserWarning: X has feature names, but RandomSurvivalForest was fitted without feature names
  warnings.warn(
STARTED  model=tabpfn  seed=456  tuning=False  shap=False


Preprocess: Replace NaN with -1
Loading existing folds from tmp/splits/OrmoniTirodei_seed456.pkl
X_train shape: (5161, 76), X_test shape: (1291, 76)
Generating TABPFN Embeddings...
Successfully generated embeddings with shape: (5161, 192)
0:	[0s / 0s],		train_loss: 3.5535,	val_loss: 6.2944
1:	[0s / 0s],		train_loss: 3.2530,	val_loss: 6.3727
2:	[0s / 0s],		train_loss: 3.2430,	val_loss: 6.3468
3:	[0s / 0s],		train_loss: 3.2040,	val_loss: 6.3265
4:	[0s / 0s],		train_loss: 3.2112,	val_loss: 6.2891
5:	[0s / 0s],		train_loss: 3.2049,	val_loss: 6.2910
6:	[0s / 0s],		train_loss: 3.2191,	val_loss: 6.2733
7:	[0s / 0s],		train_loss: 3.2134,	val_loss: 6.2711
8:	[0s / 0s],		train_loss: 3.2196,	val_loss: 6.3159
9:	[0s / 0s],		train_loss: 3.1878,	val_loss: 6.3093
10:	[0s / 0s],		train_loss: 3.1913,	val_loss: 6.3196
11:	[0s / 0s],		train_loss: 3.1954,	val_loss: 6.2974
12:	[0s / 0s],		train_loss: 3.2001,	val_loss: 6.2881
13:	[0s / 0s],		train_loss: 3.1909,	val_loss: 6.2697
14:	[0s / 0s],		train_loss: 3.1667,	val_loss: 6.3308
15:	[0s / 0s],		train_loss: 3.2062,	val_loss: 6.3517
16:	[0s / 0s],		train_loss: 3.1975,	val_loss: 6.3466
17:	[0s / 0s],		train_loss: 3.2037,	val_loss: 6.3440
18:	[0s / 0s],		train_loss: 3.2108,	val_loss: 6.3742
19:	[0s / 0s],		train_loss: 3.1907,	val_loss: 6.3223
20:	[0s / 0s],		train_loss: 3.2009,	val_loss: 6.3543
21:	[0s / 0s],		train_loss: 3.1836,	val_loss: 6.3245
22:	[0s / 0s],		train_loss: 3.1514,	val_loss: 6.3146
23:	[0s / 0s],		train_loss: 3.1886,	val_loss: 6.3242
24:	[0s / 1s],		train_loss: 3.1970,	val_loss: 6.3512
25:	[0s / 1s],		train_loss: 3.1942,	val_loss: 6.3640
26:	[0s / 1s],		train_loss: 3.2154,	val_loss: 6.3184
27:	[0s / 1s],		train_loss: 3.1865,	val_loss: 6.3000
28:	[0s / 1s],		train_loss: 3.1855,	val_loss: 6.3251
29:	[0s / 1s],		train_loss: 3.1894,	val_loss: 6.2896
30:	[0s / 1s],		train_loss: 3.1790,	val_loss: 6.3183
31:	[0s / 1s],		train_loss: 3.1938,	val_loss: 6.2847
32:	[0s / 1s],		train_loss: 3.1950,	val_loss: 6.3066
33:	[0s / 1s],		train_loss: 3.1712,	val_loss: 6.3273
C-index TRAIN: 0.9192
C-index TEST:  0.7956
0:	[0s / 0s],		train_loss: 3.4869,	val_loss: 6.8088
1:	[0s / 0s],		train_loss: 3.2810,	val_loss: 6.3619
2:	[0s / 0s],		train_loss: 3.2787,	val_loss: 6.4432
3:	[0s / 0s],		train_loss: 3.2521,	val_loss: 7.0665
4:	[0s / 0s],		train_loss: 3.2258,	val_loss: 9.4812
5:	[0s / 0s],		train_loss: 3.2493,	val_loss: 14.7948
6:	[0s / 0s],		train_loss: 3.2414,	val_loss: 15.6045
7:	[0s / 0s],		train_loss: 3.2281,	val_loss: 16.8296
8:	[0s / 0s],		train_loss: 3.2424,	val_loss: 16.8909
9:	[0s / 0s],		train_loss: 3.2178,	val_loss: 18.5801
10:	[0s / 0s],		train_loss: 3.2249,	val_loss: 19.5703
11:	[0s / 0s],		train_loss: 3.2230,	val_loss: 24.9117
12:	[0s / 0s],		train_loss: 3.2166,	val_loss: 24.9301
13:	[0s / 0s],		train_loss: 3.2098,	val_loss: 24.2064
14:	[0s / 0s],		train_loss: 3.2084,	val_loss: 23.8535
15:	[0s / 0s],		train_loss: 3.2178,	val_loss: 22.8279
16:	[0s / 0s],		train_loss: 3.1747,	val_loss: 23.3669
17:	[0s / 0s],		train_loss: 3.2007,	val_loss: 23.0054
18:	[0s / 0s],		train_loss: 3.1880,	val_loss: 24.5010
19:	[0s / 0s],		train_loss: 3.1723,	val_loss: 25.7827
20:	[0s / 1s],		train_loss: 3.1916,	val_loss: 26.1085
21:	[0s / 1s],		train_loss: 3.1802,	val_loss: 25.0833
C-index TRAIN: 0.9181
C-index TEST:  0.7780
  [ckpt] TABPFN RSF saved → checkpoints/tabpfn/OrmoniTirodei/-1/seed456/fold1/tabpfn_rsf.pkl
C-index train: 0.9599
C-index test:  0.7846
  Fitting TABPFN Cox (embedding)...
C-index train: 0.9207
C-index test:  0.7975
0:	[0s / 0s],		train_loss: 4.8075,	val_loss: 6.5584
1:	[0s / 0s],		train_loss: 4.5977,	val_loss: 6.4720
2:	[0s / 0s],		train_loss: 4.5265,	val_loss: 6.3709
3:	[0s / 0s],		train_loss: 4.4765,	val_loss: 6.3396
4:	[0s / 0s],		train_loss: 4.4878,	val_loss: 6.3072
5:	[0s / 0s],		train_loss: 4.4407,	val_loss: 6.3050
6:	[0s / 0s],		train_loss: 4.4227,	val_loss: 6.3033
7:	[0s / 0s],		train_loss: 4.4054,	val_loss: 6.3039
8:	[0s / 0s],		train_loss: 4.3752,	val_loss: 6.2789
9:	[0s / 0s],		train_loss: 4.3867,	val_loss: 6.3264
10:	[0s / 0s],		train_loss: 4.3723,	val_loss: 6.2884
11:	[0s / 0s],		train_loss: 4.3776,	val_loss: 6.3631
12:	[0s / 0s],		train_loss: 4.3948,	val_loss: 6.3092
13:	[0s / 0s],		train_loss: 4.4110,	val_loss: 6.3060
14:	[0s / 0s],		train_loss: 4.3461,	val_loss: 6.2769
15:	[0s / 0s],		train_loss: 4.3767,	val_loss: 6.2833
16:	[0s / 0s],		train_loss: 4.3773,	val_loss: 6.2658
17:	[0s / 0s],		train_loss: 4.3731,	val_loss: 6.2778
18:	[0s / 0s],		train_loss: 4.3594,	val_loss: 6.2640
19:	[0s / 0s],		train_loss: 4.3344,	val_loss: 6.2627
20:	[0s / 1s],		train_loss: 4.3537,	val_loss: 6.2773
21:	[0s / 1s],		train_loss: 4.3407,	val_loss: 6.2782
22:	[0s / 1s],		train_loss: 4.3989,	val_loss: 6.3046
23:	[0s / 1s],		train_loss: 4.3548,	val_loss: 6.2999
24:	[0s / 1s],		train_loss: 4.3584,	val_loss: 6.3482
25:	[0s / 1s],		train_loss: 4.3385,	val_loss: 6.2887
26:	[0s / 1s],		train_loss: 4.3381,	val_loss: 6.2957
27:	[0s / 1s],		train_loss: 4.3156,	val_loss: 6.2818
28:	[0s / 1s],		train_loss: 4.3413,	val_loss: 6.3158
29:	[0s / 1s],		train_loss: 4.3427,	val_loss: 6.2909
30:	[0s / 1s],		train_loss: 4.3273,	val_loss: 6.2775
31:	[0s / 1s],		train_loss: 4.3236,	val_loss: 6.2765
32:	[0s / 1s],		train_loss: 4.3268,	val_loss: 6.2852
33:	[0s / 1s],		train_loss: 4.3237,	val_loss: 6.3017
34:	[0s / 1s],		train_loss: 4.3218,	val_loss: 6.2733
35:	[0s / 1s],		train_loss: 4.3312,	val_loss: 6.2928
36:	[0s / 1s],		train_loss: 4.3391,	val_loss: 6.3000
37:	[0s / 1s],		train_loss: 4.3007,	val_loss: 6.2858
38:	[0s / 1s],		train_loss: 4.3356,	val_loss: 6.2850
39:	[0s / 1s],		train_loss: 4.3293,	val_loss: 6.2712
C-index TRAIN: 0.8038
C-index TEST:  0.7881
0:	[0s / 0s],		train_loss: 66.1433,	val_loss: 19.0596
1:	[0s / 0s],		train_loss: 13.7976,	val_loss: 14.0914
2:	[0s / 0s],		train_loss: 10.4228,	val_loss: 12.1576
3:	[0s / 0s],		train_loss: 9.3259,	val_loss: 10.4781
4:	[0s / 0s],		train_loss: 7.8185,	val_loss: 10.1256
5:	[0s / 0s],		train_loss: 8.4704,	val_loss: 11.1899
6:	[0s / 0s],		train_loss: 7.8467,	val_loss: 9.9375
7:	[0s / 0s],		train_loss: 6.6055,	val_loss: 8.5950
8:	[0s / 0s],		train_loss: 5.7914,	val_loss: 7.6329
9:	[0s / 0s],		train_loss: 5.5226,	val_loss: 9.2789
10:	[0s / 0s],		train_loss: 7.3759,	val_loss: 9.5843
11:	[0s / 0s],		train_loss: 6.3891,	val_loss: 9.2964
12:	[0s / 0s],		train_loss: 6.2430,	val_loss: 9.1317
13:	[0s / 0s],		train_loss: 6.4699,	val_loss: 9.1209
14:	[0s / 0s],		train_loss: 7.4733,	val_loss: 10.6329
15:	[0s / 0s],		train_loss: 6.9456,	val_loss: 8.6960
16:	[0s / 0s],		train_loss: 6.2321,	val_loss: 8.4745
17:	[0s / 0s],		train_loss: 6.1853,	val_loss: 7.4890
18:	[0s / 0s],		train_loss: 5.2592,	val_loss: 7.6282
19:	[0s / 0s],		train_loss: 5.2270,	val_loss: 8.9143
20:	[0s / 0s],		train_loss: 6.7431,	val_loss: 11.2667
21:	[0s / 0s],		train_loss: 7.0744,	val_loss: 10.1798
22:	[0s / 0s],		train_loss: 6.3420,	val_loss: 9.4813
23:	[0s / 0s],		train_loss: 6.1896,	val_loss: 9.1018
24:	[0s / 0s],		train_loss: 6.1423,	val_loss: 8.8982
25:	[0s / 0s],		train_loss: 5.6457,	val_loss: 8.4371
26:	[0s / 0s],		train_loss: 9.0512,	val_loss: 11.4331
27:	[0s / 0s],		train_loss: 7.8141,	val_loss: 9.9995
28:	[0s / 0s],		train_loss: 8.7974,	val_loss: 12.2246
29:	[0s / 0s],		train_loss: 9.1555,	val_loss: 10.6636
30:	[0s / 1s],		train_loss: 7.3374,	val_loss: 8.5712
31:	[0s / 1s],		train_loss: 5.5205,	val_loss: 7.1463
32:	[0s / 1s],		train_loss: 4.9856,	val_loss: 6.5718
33:	[0s / 1s],		train_loss: 4.5615,	val_loss: 6.7241
34:	[0s / 1s],		train_loss: 4.6666,	val_loss: 7.1259
35:	[0s / 1s],		train_loss: 4.7560,	val_loss: 6.8326
36:	[0s / 1s],		train_loss: 4.7185,	val_loss: 7.0446
37:	[0s / 1s],		train_loss: 6.0800,	val_loss: 10.6841
38:	[0s / 1s],		train_loss: 8.2057,	val_loss: 11.4212
39:	[0s / 1s],		train_loss: 6.9550,	val_loss: 9.5123
40:	[0s / 1s],		train_loss: 5.8430,	val_loss: 8.2905
41:	[0s / 1s],		train_loss: 5.6849,	val_loss: 7.7403
42:	[0s / 1s],		train_loss: 5.1499,	val_loss: 7.4617
43:	[0s / 1s],		train_loss: 5.2416,	val_loss: 7.3113
44:	[0s / 1s],		train_loss: 4.7851,	val_loss: 6.7611
45:	[0s / 1s],		train_loss: 4.9679,	val_loss: 7.2025
46:	[0s / 1s],		train_loss: 4.6716,	val_loss: 6.5000
47:	[0s / 1s],		train_loss: 4.4770,	val_loss: 6.4019
48:	[0s / 1s],		train_loss: 4.5641,	val_loss: 7.0063
49:	[0s / 1s],		train_loss: 5.4192,	val_loss: 8.3786
50:	[0s / 1s],		train_loss: 5.6849,	val_loss: 7.9691
51:	[0s / 1s],		train_loss: 5.5760,	val_loss: 7.2966
52:	[0s / 1s],		train_loss: 5.8611,	val_loss: 9.5455
53:	[0s / 1s],		train_loss: 6.5842,	val_loss: 8.4208
54:	[0s / 1s],		train_loss: 9.5433,	val_loss: 13.7269
55:	[0s / 1s],		train_loss: 10.0892,	val_loss: 11.6293
56:	[0s / 1s],		train_loss: 7.6963,	val_loss: 8.7486
57:	[0s / 1s],		train_loss: 9.1441,	val_loss: 13.9086
58:	[0s / 1s],		train_loss: 10.9367,	val_loss: 14.8727
59:	[0s / 1s],		train_loss: 12.5746,	val_loss: 14.4399
60:	[0s / 1s],		train_loss: 10.8907,	val_loss: 16.3608
61:	[0s / 1s],		train_loss: 11.5209,	val_loss: 13.9131
62:	[0s / 2s],		train_loss: 9.6934,	val_loss: 10.6717
63:	[0s / 2s],		train_loss: 6.4075,	val_loss: 8.4220
64:	[0s / 2s],		train_loss: 7.6545,	val_loss: 11.6876
65:	[0s / 2s],		train_loss: 9.4692,	val_loss: 13.9825
66:	[0s / 2s],		train_loss: 9.4073,	val_loss: 12.2766
67:	[0s / 2s],		train_loss: 7.9178,	val_loss: 10.1616
C-index TRAIN: 0.7961
C-index TEST:  0.7809
  [ckpt] RSF baseline saved → checkpoints/tabpfn/OrmoniTirodei/-1/seed456/fold1/rsf_baseline.pkl
C-index train: 0.9076
C-index test:  0.7915
  Fitting Cox baseline...
C-index train: 0.8023
C-index test:  0.7859
X_train shape: (5161, 76), X_test shape: (1291, 76)
Generating TABPFN Embeddings...
Successfully generated embeddings with shape: (5161, 192)
0:	[0s / 0s],		train_loss: 3.5846,	val_loss: 6.3231
1:	[0s / 0s],		train_loss: 3.2810,	val_loss: 6.4204
2:	[0s / 0s],		train_loss: 3.2615,	val_loss: 6.3350
3:	[0s / 0s],		train_loss: 3.2234,	val_loss: 6.2902
4:	[0s / 0s],		train_loss: 3.2497,	val_loss: 6.2898
5:	[0s / 0s],		train_loss: 3.2388,	val_loss: 6.3046
6:	[0s / 0s],		train_loss: 3.2415,	val_loss: 6.3065
7:	[0s / 0s],		train_loss: 3.2281,	val_loss: 6.2898
8:	[0s / 0s],		train_loss: 3.2514,	val_loss: 6.2896
9:	[0s / 0s],		train_loss: 3.2351,	val_loss: 6.3206
10:	[0s / 0s],		train_loss: 3.2209,	val_loss: 6.3616
11:	[0s / 0s],		train_loss: 3.2305,	val_loss: 6.3206
12:	[0s / 0s],		train_loss: 3.2173,	val_loss: 6.3345
13:	[0s / 0s],		train_loss: 3.2410,	val_loss: 6.3220
14:	[0s / 0s],		train_loss: 3.2356,	val_loss: 6.3054
15:	[0s / 0s],		train_loss: 3.2198,	val_loss: 6.3721
16:	[0s / 0s],		train_loss: 3.2323,	val_loss: 6.3178
17:	[0s / 0s],		train_loss: 3.2120,	val_loss: 6.3346
18:	[0s / 0s],		train_loss: 3.2268,	val_loss: 6.3939
19:	[0s / 0s],		train_loss: 3.2221,	val_loss: 6.3302
20:	[0s / 0s],		train_loss: 3.2147,	val_loss: 6.3255
21:	[0s / 0s],		train_loss: 3.2287,	val_loss: 6.3141
22:	[0s / 0s],		train_loss: 3.2109,	val_loss: 6.2940
23:	[0s / 0s],		train_loss: 3.2205,	val_loss: 6.2905
24:	[0s / 0s],		train_loss: 3.2261,	val_loss: 6.3436
25:	[0s / 0s],		train_loss: 3.2111,	val_loss: 6.3351
26:	[0s / 0s],		train_loss: 3.2283,	val_loss: 6.3178
27:	[0s / 0s],		train_loss: 3.2214,	val_loss: 6.3174
28:	[0s / 0s],		train_loss: 3.2075,	val_loss: 6.3931
C-index TRAIN: 0.9159
C-index TEST:  0.7866
0:	[0s / 0s],		train_loss: 3.5765,	val_loss: 6.3991
1:	[0s / 0s],		train_loss: 3.3189,	val_loss: 7.0280
2:	[0s / 0s],		train_loss: 3.2892,	val_loss: 11.2195
3:	[0s / 0s],		train_loss: 3.2890,	val_loss: 27.5497
4:	[0s / 0s],		train_loss: 3.2761,	val_loss: 65.9941
5:	[0s / 0s],		train_loss: 3.2842,	val_loss: 107.1381
6:	[0s / 0s],		train_loss: 3.2475,	val_loss: 132.8581
7:	[0s / 0s],		train_loss: 3.2526,	val_loss: 143.1984
8:	[0s / 0s],		train_loss: 3.2624,	val_loss: 133.4989
9:	[0s / 0s],		train_loss: 3.2372,	val_loss: 130.3558
10:	[0s / 0s],		train_loss: 3.2560,	val_loss: 128.9514
11:	[0s / 0s],		train_loss: 3.2454,	val_loss: 139.9968
12:	[0s / 0s],		train_loss: 3.2385,	val_loss: 134.9606
13:	[0s / 0s],		train_loss: 3.2457,	val_loss: 135.2864
14:	[0s / 0s],		train_loss: 3.2333,	val_loss: 140.4216
15:	[0s / 0s],		train_loss: 3.2375,	val_loss: 144.3149
16:	[0s / 0s],		train_loss: 3.2428,	val_loss: 150.0114
17:	[0s / 0s],		train_loss: 3.2213,	val_loss: 142.5882
18:	[0s / 0s],		train_loss: 3.2241,	val_loss: 148.1144
19:	[0s / 0s],		train_loss: 3.2097,	val_loss: 136.0163
20:	[0s / 0s],		train_loss: 3.2353,	val_loss: 143.4263
C-index TRAIN: 0.9120
C-index TEST:  0.7776
  [ckpt] TABPFN RSF saved → checkpoints/tabpfn/OrmoniTirodei/-1/seed456/fold2/tabpfn_rsf.pkl
C-index train: 0.9581
C-index test:  0.7715
  Fitting TABPFN Cox (embedding)...
C-index train: 0.9187
C-index test:  0.7871
0:	[0s / 0s],		train_loss: 4.9744,	val_loss: 6.6527
1:	[0s / 0s],		train_loss: 4.6548,	val_loss: 6.4232
2:	[0s / 0s],		train_loss: 4.4858,	val_loss: 6.3496
3:	[0s / 0s],		train_loss: 4.4452,	val_loss: 6.3204
4:	[0s / 0s],		train_loss: 4.4261,	val_loss: 6.3162
5:	[0s / 0s],		train_loss: 4.3987,	val_loss: 6.3218
6:	[0s / 0s],		train_loss: 4.3767,	val_loss: 6.3125
7:	[0s / 0s],		train_loss: 4.4271,	val_loss: 6.3197
8:	[0s / 0s],		train_loss: 4.3781,	val_loss: 6.3190
9:	[0s / 0s],		train_loss: 4.3761,	val_loss: 6.3090
10:	[0s / 0s],		train_loss: 4.3662,	val_loss: 6.2847
11:	[0s / 0s],		train_loss: 4.3741,	val_loss: 6.2887
12:	[0s / 0s],		train_loss: 4.3294,	val_loss: 6.2936
13:	[0s / 0s],		train_loss: 4.3763,	val_loss: 6.3121
14:	[0s / 0s],		train_loss: 4.3569,	val_loss: 6.3113
15:	[0s / 0s],		train_loss: 4.3906,	val_loss: 6.3096
16:	[0s / 0s],		train_loss: 4.3345,	val_loss: 6.2904
17:	[0s / 0s],		train_loss: 4.3439,	val_loss: 6.3046
18:	[0s / 0s],		train_loss: 4.3443,	val_loss: 6.3029
19:	[0s / 0s],		train_loss: 4.3794,	val_loss: 6.3030
20:	[0s / 1s],		train_loss: 4.3282,	val_loss: 6.2806
21:	[0s / 1s],		train_loss: 4.3597,	val_loss: 6.2753
22:	[0s / 1s],		train_loss: 4.3456,	val_loss: 6.3158
23:	[0s / 1s],		train_loss: 4.3844,	val_loss: 6.2952
24:	[0s / 1s],		train_loss: 4.3675,	val_loss: 6.2861
25:	[0s / 1s],		train_loss: 4.3601,	val_loss: 6.2892
26:	[0s / 1s],		train_loss: 4.3517,	val_loss: 6.2850
27:	[0s / 1s],		train_loss: 4.3528,	val_loss: 6.2842
28:	[0s / 1s],		train_loss: 4.3340,	val_loss: 6.2862
29:	[0s / 1s],		train_loss: 4.3491,	val_loss: 6.2910
30:	[0s / 1s],		train_loss: 4.3314,	val_loss: 6.2658
31:	[0s / 1s],		train_loss: 4.3202,	val_loss: 6.2772
32:	[0s / 1s],		train_loss: 4.3349,	val_loss: 6.2670
33:	[0s / 1s],		train_loss: 4.3232,	val_loss: 6.2880
34:	[0s / 1s],		train_loss: 4.3332,	val_loss: 6.2775
35:	[0s / 1s],		train_loss: 4.3068,	val_loss: 6.2886
36:	[0s / 1s],		train_loss: 4.3187,	val_loss: 6.2654
37:	[0s / 1s],		train_loss: 4.3230,	val_loss: 6.2816
38:	[0s / 1s],		train_loss: 4.2954,	val_loss: 6.2726
39:	[0s / 1s],		train_loss: 4.3338,	val_loss: 6.2766
40:	[0s / 1s],		train_loss: 4.3042,	val_loss: 6.3549
41:	[0s / 1s],		train_loss: 4.3075,	val_loss: 6.3127
42:	[0s / 2s],		train_loss: 4.3149,	val_loss: 6.2932
43:	[0s / 2s],		train_loss: 4.3044,	val_loss: 6.3013
44:	[0s / 2s],		train_loss: 4.3291,	val_loss: 6.2694
45:	[0s / 2s],		train_loss: 4.3097,	val_loss: 6.3086
46:	[0s / 2s],		train_loss: 4.2904,	val_loss: 6.2790
47:	[0s / 2s],		train_loss: 4.3265,	val_loss: 6.2623
48:	[0s / 2s],		train_loss: 4.3238,	val_loss: 6.2644
49:	[0s / 2s],		train_loss: 4.2848,	val_loss: 6.2777
50:	[0s / 2s],		train_loss: 4.2734,	val_loss: 6.2943
51:	[0s / 2s],		train_loss: 4.3253,	val_loss: 6.2977
52:	[0s / 2s],		train_loss: 4.2976,	val_loss: 6.2853
53:	[0s / 2s],		train_loss: 4.2943,	val_loss: 6.3060
54:	[0s / 2s],		train_loss: 4.2827,	val_loss: 6.3151
55:	[0s / 2s],		train_loss: 4.3057,	val_loss: 6.3135
56:	[0s / 2s],		train_loss: 4.2809,	val_loss: 6.2757
57:	[0s / 2s],		train_loss: 4.3003,	val_loss: 6.3178
58:	[0s / 2s],		train_loss: 4.3405,	val_loss: 8.2418
59:	[0s / 2s],		train_loss: 4.2844,	val_loss: 6.2933
60:	[0s / 2s],		train_loss: 4.3158,	val_loss: 6.2835
61:	[0s / 2s],		train_loss: 4.2968,	val_loss: 6.2711
62:	[0s / 2s],		train_loss: 4.3096,	val_loss: 6.2661
63:	[0s / 3s],		train_loss: 4.3251,	val_loss: 6.2511
64:	[0s / 3s],		train_loss: 4.3045,	val_loss: 6.2517
65:	[0s / 3s],		train_loss: 4.2987,	val_loss: 6.2781
66:	[0s / 3s],		train_loss: 4.2772,	val_loss: 6.2565
67:	[0s / 3s],		train_loss: 4.3101,	val_loss: 6.2678
68:	[0s / 3s],		train_loss: 4.2901,	val_loss: 6.2786
69:	[0s / 3s],		train_loss: 4.2979,	val_loss: 6.3137
70:	[0s / 3s],		train_loss: 4.2728,	val_loss: 6.2699
71:	[0s / 3s],		train_loss: 4.2823,	val_loss: 6.2893
72:	[0s / 3s],		train_loss: 4.2892,	val_loss: 6.2923
73:	[0s / 3s],		train_loss: 4.2846,	val_loss: 6.2956
74:	[0s / 3s],		train_loss: 4.2642,	val_loss: 6.2843
75:	[0s / 3s],		train_loss: 4.2568,	val_loss: 6.3111
76:	[0s / 3s],		train_loss: 4.3121,	val_loss: 6.3014
77:	[0s / 3s],		train_loss: 4.2560,	val_loss: 6.2620
78:	[0s / 3s],		train_loss: 4.2575,	val_loss: 6.3015
79:	[0s / 3s],		train_loss: 4.2595,	val_loss: 6.2899
80:	[0s / 3s],		train_loss: 4.2947,	val_loss: 6.3405
81:	[0s / 3s],		train_loss: 4.3090,	val_loss: 6.3014
82:	[0s / 3s],		train_loss: 4.2950,	val_loss: 6.2888
83:	[0s / 3s],		train_loss: 4.2603,	val_loss: 6.3037
C-index TRAIN: 0.8139
C-index TEST:  0.7792
0:	[0s / 0s],		train_loss: 202.5269,	val_loss: 68.0095
1:	[0s / 0s],		train_loss: 26.9325,	val_loss: 23.5408
2:	[0s / 0s],		train_loss: 16.2601,	val_loss: 15.2168
3:	[0s / 0s],		train_loss: 11.0589,	val_loss: 12.3349
4:	[0s / 0s],		train_loss: 9.5470,	val_loss: 10.7397
5:	[0s / 0s],		train_loss: 7.5495,	val_loss: 9.4928
6:	[0s / 0s],		train_loss: 6.2568,	val_loss: 8.6279
7:	[0s / 0s],		train_loss: 6.3395,	val_loss: 8.2262
8:	[0s / 0s],		train_loss: 5.8569,	val_loss: 7.7738
9:	[0s / 0s],		train_loss: 6.6914,	val_loss: 9.1135
10:	[0s / 0s],		train_loss: 6.6051,	val_loss: 8.1728
11:	[0s / 0s],		train_loss: 5.7134,	val_loss: 7.9978
12:	[0s / 0s],		train_loss: 7.0200,	val_loss: 10.1707
13:	[0s / 0s],		train_loss: 7.4489,	val_loss: 9.0932
14:	[0s / 0s],		train_loss: 6.0896,	val_loss: 7.6188
15:	[0s / 0s],		train_loss: 5.0279,	val_loss: 7.5449
16:	[0s / 0s],		train_loss: 6.1763,	val_loss: 9.4562
17:	[0s / 0s],		train_loss: 6.4291,	val_loss: 9.0008
18:	[0s / 0s],		train_loss: 6.0905,	val_loss: 8.2594
19:	[0s / 0s],		train_loss: 5.7376,	val_loss: 7.5893
20:	[0s / 0s],		train_loss: 4.8919,	val_loss: 6.8938
21:	[0s / 0s],		train_loss: 4.8678,	val_loss: 7.1369
22:	[0s / 0s],		train_loss: 4.8572,	val_loss: 6.4901
23:	[0s / 0s],		train_loss: 6.6408,	val_loss: 9.6786
24:	[0s / 0s],		train_loss: 7.3919,	val_loss: 8.4469
25:	[0s / 0s],		train_loss: 5.7473,	val_loss: 7.4024
26:	[0s / 0s],		train_loss: 6.3659,	val_loss: 8.1707
27:	[0s / 0s],		train_loss: 6.4498,	val_loss: 7.4694
28:	[0s / 0s],		train_loss: 5.3082,	val_loss: 6.9782
29:	[0s / 0s],		train_loss: 5.6510,	val_loss: 7.2354
30:	[0s / 1s],		train_loss: 5.1423,	val_loss: 10.4934
31:	[0s / 1s],		train_loss: 5.6353,	val_loss: 9.2732
32:	[0s / 1s],		train_loss: 7.8987,	val_loss: 10.2783
33:	[0s / 1s],		train_loss: 8.7644,	val_loss: 10.1080
34:	[0s / 1s],		train_loss: 6.7838,	val_loss: 7.8078
35:	[0s / 1s],		train_loss: 5.5207,	val_loss: 8.9443
36:	[0s / 1s],		train_loss: 7.8400,	val_loss: 14.2393
37:	[0s / 1s],		train_loss: 11.4764,	val_loss: 13.0357
38:	[0s / 1s],		train_loss: 9.4850,	val_loss: 11.2798
39:	[0s / 1s],		train_loss: 7.9827,	val_loss: 8.8673
40:	[0s / 1s],		train_loss: 7.2426,	val_loss: 10.5567
41:	[0s / 1s],		train_loss: 6.9815,	val_loss: 9.1649
42:	[0s / 1s],		train_loss: 6.2636,	val_loss: 8.4239
C-index TRAIN: 0.7876
C-index TEST:  0.7669
  [ckpt] RSF baseline saved → checkpoints/tabpfn/OrmoniTirodei/-1/seed456/fold2/rsf_baseline.pkl
C-index train: 0.9056
C-index test:  0.7835
  Fitting Cox baseline...
C-index train: 0.8021
C-index test:  0.7868
X_train shape: (5162, 76), X_test shape: (1290, 76)
Generating TABPFN Embeddings...
Successfully generated embeddings with shape: (5162, 192)
0:	[0s / 0s],		train_loss: 3.4859,	val_loss: 6.4045
1:	[0s / 0s],		train_loss: 3.2324,	val_loss: 6.5020
2:	[0s / 0s],		train_loss: 3.2378,	val_loss: 6.4717
3:	[0s / 0s],		train_loss: 3.2226,	val_loss: 6.4142
4:	[0s / 0s],		train_loss: 3.2236,	val_loss: 6.4225
5:	[0s / 0s],		train_loss: 3.2027,	val_loss: 6.3661
6:	[0s / 0s],		train_loss: 3.2072,	val_loss: 6.4052
7:	[0s / 0s],		train_loss: 3.2185,	val_loss: 6.3762
8:	[0s / 0s],		train_loss: 3.2055,	val_loss: 6.3884
9:	[0s / 0s],		train_loss: 3.2143,	val_loss: 6.4119
10:	[0s / 0s],		train_loss: 3.2071,	val_loss: 6.3834
11:	[0s / 0s],		train_loss: 3.2316,	val_loss: 6.4109
12:	[0s / 0s],		train_loss: 3.1933,	val_loss: 6.4196
13:	[0s / 0s],		train_loss: 3.1965,	val_loss: 6.4405
14:	[0s / 0s],		train_loss: 3.1893,	val_loss: 6.4592
15:	[0s / 0s],		train_loss: 3.2014,	val_loss: 6.4954
16:	[0s / 0s],		train_loss: 3.2143,	val_loss: 6.4282
17:	[0s / 0s],		train_loss: 3.1923,	val_loss: 6.4065
18:	[0s / 0s],		train_loss: 3.2050,	val_loss: 6.3882
19:	[0s / 0s],		train_loss: 3.1977,	val_loss: 6.4040
20:	[0s / 0s],		train_loss: 3.2084,	val_loss: 6.3919
21:	[0s / 0s],		train_loss: 3.2018,	val_loss: 6.3917
22:	[0s / 0s],		train_loss: 3.2028,	val_loss: 6.4093
23:	[0s / 0s],		train_loss: 3.1874,	val_loss: 6.3860
24:	[0s / 0s],		train_loss: 3.2089,	val_loss: 6.4268
25:	[0s / 0s],		train_loss: 3.2107,	val_loss: 6.4681
C-index TRAIN: 0.9184
C-index TEST:  0.7730
0:	[0s / 0s],		train_loss: 3.5103,	val_loss: 6.3021
1:	[0s / 0s],		train_loss: 3.2985,	val_loss: 6.4163
2:	[0s / 0s],		train_loss: 3.2700,	val_loss: 7.7071
3:	[0s / 0s],		train_loss: 3.2816,	val_loss: 13.4518
4:	[0s / 0s],		train_loss: 3.2723,	val_loss: 28.8143
5:	[0s / 0s],		train_loss: 3.2616,	val_loss: 58.0683
6:	[0s / 0s],		train_loss: 3.2588,	val_loss: 53.0026
7:	[0s / 0s],		train_loss: 3.2545,	val_loss: 51.9560
8:	[0s / 0s],		train_loss: 3.2399,	val_loss: 65.7748
9:	[0s / 0s],		train_loss: 3.2460,	val_loss: 111.2651
10:	[0s / 0s],		train_loss: 3.2493,	val_loss: 129.4369
11:	[0s / 0s],		train_loss: 3.2161,	val_loss: 108.1405
12:	[0s / 0s],		train_loss: 3.2233,	val_loss: 179.6227
13:	[0s / 0s],		train_loss: 3.2289,	val_loss: 110.8268
14:	[0s / 0s],		train_loss: 3.2205,	val_loss: 126.9874
15:	[0s / 0s],		train_loss: 3.2146,	val_loss: 102.2647
16:	[0s / 0s],		train_loss: 3.2164,	val_loss: 94.5697
17:	[0s / 0s],		train_loss: 3.2164,	val_loss: 88.0085
18:	[0s / 0s],		train_loss: 3.2092,	val_loss: 91.0434
19:	[0s / 0s],		train_loss: 3.2034,	val_loss: 86.1503
20:	[0s / 0s],		train_loss: 3.2053,	val_loss: 89.0239
C-index TRAIN: 0.9162
C-index TEST:  0.7503
  [ckpt] TABPFN RSF saved → checkpoints/tabpfn/OrmoniTirodei/-1/seed456/fold3/tabpfn_rsf.pkl
C-index train: 0.9594
C-index test:  0.7543
  Fitting TABPFN Cox (embedding)...
C-index train: 0.9198
C-index test:  0.7726
0:	[0s / 0s],		train_loss: 4.7733,	val_loss: 6.6990
1:	[0s / 0s],		train_loss: 4.5586,	val_loss: 6.3582
2:	[0s / 0s],		train_loss: 4.4887,	val_loss: 6.3420
3:	[0s / 0s],		train_loss: 4.4773,	val_loss: 6.3319
4:	[0s / 0s],		train_loss: 4.4199,	val_loss: 6.3366
5:	[0s / 0s],		train_loss: 4.4036,	val_loss: 6.2845
6:	[0s / 0s],		train_loss: 4.4145,	val_loss: 6.2907
7:	[0s / 0s],		train_loss: 4.3996,	val_loss: 6.2935
8:	[0s / 0s],		train_loss: 4.3948,	val_loss: 6.2859
9:	[0s / 0s],		train_loss: 4.3719,	val_loss: 6.2786
10:	[0s / 0s],		train_loss: 4.3819,	val_loss: 6.2837
11:	[0s / 0s],		train_loss: 4.3786,	val_loss: 6.2977
12:	[0s / 0s],		train_loss: 4.3505,	val_loss: 6.2688
13:	[0s / 0s],		train_loss: 4.3820,	val_loss: 6.2665
14:	[0s / 0s],		train_loss: 4.3416,	val_loss: 6.2867
15:	[0s / 0s],		train_loss: 4.3694,	val_loss: 6.3112
16:	[0s / 0s],		train_loss: 4.3388,	val_loss: 6.2628
17:	[0s / 0s],		train_loss: 4.3245,	val_loss: 6.2853
18:	[0s / 0s],		train_loss: 4.3477,	val_loss: 6.3700
19:	[0s / 0s],		train_loss: 4.3669,	val_loss: 6.3305
20:	[0s / 0s],		train_loss: 4.3432,	val_loss: 6.2716
21:	[0s / 1s],		train_loss: 4.3826,	val_loss: 6.3105
22:	[0s / 1s],		train_loss: 4.3516,	val_loss: 6.2773
23:	[0s / 1s],		train_loss: 4.3364,	val_loss: 6.2670
24:	[0s / 1s],		train_loss: 4.3232,	val_loss: 6.2648
25:	[0s / 1s],		train_loss: 4.3064,	val_loss: 6.2687
26:	[0s / 1s],		train_loss: 4.3425,	val_loss: 6.2648
27:	[0s / 1s],		train_loss: 4.3060,	val_loss: 6.2573
28:	[0s / 1s],		train_loss: 4.3575,	val_loss: 6.2810
29:	[0s / 1s],		train_loss: 4.3360,	val_loss: 6.2928
30:	[0s / 1s],		train_loss: 4.3418,	val_loss: 6.2706
31:	[0s / 1s],		train_loss: 4.3600,	val_loss: 6.2688
32:	[0s / 1s],		train_loss: 4.3103,	val_loss: 6.2591
33:	[0s / 1s],		train_loss: 4.3331,	val_loss: 6.2923
34:	[0s / 1s],		train_loss: 4.3076,	val_loss: 6.2742
35:	[0s / 1s],		train_loss: 4.3240,	val_loss: 6.3028
36:	[0s / 1s],		train_loss: 4.3203,	val_loss: 6.2897
37:	[0s / 1s],		train_loss: 4.3364,	val_loss: 6.2963
38:	[0s / 1s],		train_loss: 4.3139,	val_loss: 6.2772
39:	[0s / 1s],		train_loss: 4.3040,	val_loss: 6.2900
40:	[0s / 1s],		train_loss: 4.3278,	val_loss: 6.2686
41:	[0s / 1s],		train_loss: 4.3091,	val_loss: 6.2593
42:	[0s / 1s],		train_loss: 4.3298,	val_loss: 6.2706
43:	[0s / 2s],		train_loss: 4.2977,	val_loss: 6.2785
44:	[0s / 2s],		train_loss: 4.3187,	val_loss: 6.2600
45:	[0s / 2s],		train_loss: 4.3135,	val_loss: 6.2655
46:	[0s / 2s],		train_loss: 4.2908,	val_loss: 6.2650
47:	[0s / 2s],		train_loss: 4.3097,	val_loss: 6.2858
C-index TRAIN: 0.8079
C-index TEST:  0.7699
0:	[0s / 0s],		train_loss: 35.5559,	val_loss: 20.0667
1:	[0s / 0s],		train_loss: 14.0822,	val_loss: 17.0753
2:	[0s / 0s],		train_loss: 10.4888,	val_loss: 11.9877
3:	[0s / 0s],		train_loss: 8.5169,	val_loss: 9.4476
4:	[0s / 0s],		train_loss: 6.5824,	val_loss: 7.9395
5:	[0s / 0s],		train_loss: 5.5530,	val_loss: 7.9441
6:	[0s / 0s],		train_loss: 6.1576,	val_loss: 8.5423
7:	[0s / 0s],		train_loss: 6.3711,	val_loss: 8.7682
8:	[0s / 0s],		train_loss: 6.5005,	val_loss: 9.3025
9:	[0s / 0s],		train_loss: 6.1879,	val_loss: 8.8135
10:	[0s / 0s],		train_loss: 5.9455,	val_loss: 8.3008
11:	[0s / 0s],		train_loss: 5.7595,	val_loss: 8.3748
12:	[0s / 0s],		train_loss: 5.4243,	val_loss: 6.8144
13:	[0s / 0s],		train_loss: 4.8379,	val_loss: 7.9013
14:	[0s / 0s],		train_loss: 5.5419,	val_loss: 7.9751
15:	[0s / 0s],		train_loss: 5.4152,	val_loss: 7.3086
16:	[0s / 0s],		train_loss: 4.7586,	val_loss: 7.1852
17:	[0s / 0s],		train_loss: 5.6265,	val_loss: 8.5721
18:	[0s / 0s],		train_loss: 6.8334,	val_loss: 8.3752
19:	[0s / 0s],		train_loss: 6.0998,	val_loss: 7.1380
20:	[0s / 0s],		train_loss: 6.8427,	val_loss: 12.5284
21:	[0s / 0s],		train_loss: 9.7748,	val_loss: 11.7506
22:	[0s / 0s],		train_loss: 8.0010,	val_loss: 9.9090
23:	[0s / 0s],		train_loss: 6.8083,	val_loss: 9.4042
24:	[0s / 0s],		train_loss: 6.2952,	val_loss: 8.0955
25:	[0s / 0s],		train_loss: 5.5353,	val_loss: 7.5347
26:	[0s / 0s],		train_loss: 5.1676,	val_loss: 7.2722
27:	[0s / 0s],		train_loss: 4.8238,	val_loss: 6.8130
28:	[0s / 0s],		train_loss: 4.8448,	val_loss: 6.8797
29:	[0s / 0s],		train_loss: 4.5992,	val_loss: 6.8097
30:	[0s / 0s],		train_loss: 5.4079,	val_loss: 7.3988
31:	[0s / 1s],		train_loss: 4.9278,	val_loss: 8.8133
32:	[0s / 1s],		train_loss: 7.1131,	val_loss: 12.2568
33:	[0s / 1s],		train_loss: 10.1273,	val_loss: 13.0103
34:	[0s / 1s],		train_loss: 10.2262,	val_loss: 11.2044
35:	[0s / 1s],		train_loss: 7.5188,	val_loss: 9.4240
36:	[0s / 1s],		train_loss: 7.6620,	val_loss: 11.1341
37:	[0s / 1s],		train_loss: 7.2765,	val_loss: 9.6204
38:	[0s / 1s],		train_loss: 7.4518,	val_loss: 10.6704
39:	[0s / 1s],		train_loss: 7.0278,	val_loss: 8.9490
40:	[0s / 1s],		train_loss: 5.3719,	val_loss: 6.9760
41:	[0s / 1s],		train_loss: 8.1026,	val_loss: 13.7388
42:	[0s / 1s],		train_loss: 11.8810,	val_loss: 15.0232
43:	[0s / 1s],		train_loss: 11.0975,	val_loss: 15.1574
44:	[0s / 1s],		train_loss: 12.1745,	val_loss: 16.0692
45:	[0s / 1s],		train_loss: 11.4590,	val_loss: 14.4375
46:	[0s / 1s],		train_loss: 10.4460,	val_loss: 12.7330
47:	[0s / 1s],		train_loss: 8.0081,	val_loss: 9.9171
48:	[0s / 1s],		train_loss: 6.8022,	val_loss: 9.3513
49:	[0s / 1s],		train_loss: 6.3684,	val_loss: 8.0795
C-index TRAIN: 0.7856
C-index TEST:  0.7632
  [ckpt] RSF baseline saved → checkpoints/tabpfn/OrmoniTirodei/-1/seed456/fold3/rsf_baseline.pkl
C-index train: 0.9081
C-index test:  0.7820
  Fitting Cox baseline...
C-index train: 0.8041
C-index test:  0.7757
X_train shape: (5162, 76), X_test shape: (1290, 76)
Generating TABPFN Embeddings...
Successfully generated embeddings with shape: (5162, 192)
0:	[0s / 0s],		train_loss: 3.5327,	val_loss: 6.3336
1:	[0s / 0s],		train_loss: 3.2509,	val_loss: 6.3858
2:	[0s / 0s],		train_loss: 3.2354,	val_loss: 6.4150
3:	[0s / 0s],		train_loss: 3.2068,	val_loss: 6.3765
4:	[0s / 0s],		train_loss: 3.2287,	val_loss: 6.3591
5:	[0s / 0s],		train_loss: 3.2177,	val_loss: 6.3339
6:	[0s / 0s],		train_loss: 3.2056,	val_loss: 6.3412
7:	[0s / 0s],		train_loss: 3.2116,	val_loss: 6.3429
8:	[0s / 0s],		train_loss: 3.1987,	val_loss: 6.3404
9:	[0s / 0s],		train_loss: 3.2101,	val_loss: 6.3031
10:	[0s / 0s],		train_loss: 3.2048,	val_loss: 6.3033
11:	[0s / 0s],		train_loss: 3.2047,	val_loss: 6.3343
12:	[0s / 0s],		train_loss: 3.2094,	val_loss: 6.3104
13:	[0s / 0s],		train_loss: 3.2153,	val_loss: 6.3205
14:	[0s / 0s],		train_loss: 3.2227,	val_loss: 6.3203
15:	[0s / 0s],		train_loss: 3.2039,	val_loss: 6.3473
16:	[0s / 0s],		train_loss: 3.2009,	val_loss: 6.3503
17:	[0s / 0s],		train_loss: 3.1946,	val_loss: 6.3423
18:	[0s / 0s],		train_loss: 3.2098,	val_loss: 6.3716
19:	[0s / 0s],		train_loss: 3.1970,	val_loss: 6.4020
20:	[0s / 0s],		train_loss: 3.2014,	val_loss: 6.3596
21:	[0s / 0s],		train_loss: 3.1872,	val_loss: 6.3336
22:	[0s / 0s],		train_loss: 3.1857,	val_loss: 6.3653
23:	[0s / 0s],		train_loss: 3.1825,	val_loss: 6.3328
24:	[0s / 0s],		train_loss: 3.1980,	val_loss: 6.3497
25:	[0s / 0s],		train_loss: 3.2165,	val_loss: 6.3423
26:	[0s / 0s],		train_loss: 3.1792,	val_loss: 6.4277
27:	[0s / 0s],		train_loss: 3.1916,	val_loss: 6.3876
28:	[0s / 0s],		train_loss: 3.1602,	val_loss: 6.4093
29:	[0s / 0s],		train_loss: 3.1845,	val_loss: 6.3870
C-index TRAIN: 0.9183
C-index TEST:  0.8126
0:	[0s / 0s],		train_loss: 3.5444,	val_loss: 6.4669
1:	[0s / 0s],		train_loss: 3.3221,	val_loss: 6.3683
2:	[0s / 0s],		train_loss: 3.2859,	val_loss: 9.1128
3:	[0s / 0s],		train_loss: 3.2861,	val_loss: 13.4512
4:	[0s / 0s],		train_loss: 3.2393,	val_loss: 75.9581
5:	[0s / 0s],		train_loss: 3.2625,	val_loss: 20.1159
6:	[0s / 0s],		train_loss: 3.2546,	val_loss: 63.1412
7:	[0s / 0s],		train_loss: 3.2540,	val_loss: 50.6003
8:	[0s / 0s],		train_loss: 3.2083,	val_loss: 52.8346
9:	[0s / 0s],		train_loss: 3.2352,	val_loss: 24.7632
10:	[0s / 0s],		train_loss: 3.2305,	val_loss: 28.2893
11:	[0s / 0s],		train_loss: 3.2254,	val_loss: 29.8132
12:	[0s / 0s],		train_loss: 3.2133,	val_loss: 30.6897
13:	[0s / 0s],		train_loss: 3.2212,	val_loss: 29.7573
14:	[0s / 0s],		train_loss: 3.2313,	val_loss: 34.2826
15:	[0s / 0s],		train_loss: 3.2189,	val_loss: 30.3065
16:	[0s / 0s],		train_loss: 3.2180,	val_loss: 28.4044
17:	[0s / 0s],		train_loss: 3.2020,	val_loss: 31.2746
18:	[0s / 0s],		train_loss: 3.2173,	val_loss: 30.7453
19:	[0s / 0s],		train_loss: 3.2036,	val_loss: 31.1236
20:	[0s / 0s],		train_loss: 3.2273,	val_loss: 31.6150
21:	[0s / 1s],		train_loss: 3.2035,	val_loss: 32.4728
C-index TRAIN: 0.9160
C-index TEST:  0.7918
  [ckpt] TABPFN RSF saved → checkpoints/tabpfn/OrmoniTirodei/-1/seed456/fold4/tabpfn_rsf.pkl
C-index train: 0.9610
C-index test:  0.7972
  Fitting TABPFN Cox (embedding)...
C-index train: 0.9192
C-index test:  0.8130
0:	[0s / 0s],		train_loss: 4.9517,	val_loss: 6.6372
1:	[0s / 0s],		train_loss: 4.6355,	val_loss: 6.4285
2:	[0s / 0s],		train_loss: 4.4924,	val_loss: 6.3924
3:	[0s / 0s],		train_loss: 4.4913,	val_loss: 6.3145
4:	[0s / 0s],		train_loss: 4.4552,	val_loss: 6.3283
5:	[0s / 0s],		train_loss: 4.4790,	val_loss: 6.3039
6:	[0s / 0s],		train_loss: 4.4333,	val_loss: 6.2847
7:	[0s / 0s],		train_loss: 4.4552,	val_loss: 6.2906
8:	[0s / 0s],		train_loss: 4.4277,	val_loss: 6.7148
9:	[0s / 0s],		train_loss: 4.4267,	val_loss: 35.9035
10:	[0s / 0s],		train_loss: 4.4285,	val_loss: 27.5849
11:	[0s / 0s],		train_loss: 4.3984,	val_loss: 6.2743
12:	[0s / 0s],		train_loss: 4.3800,	val_loss: 6.2928
13:	[0s / 0s],		train_loss: 4.4057,	val_loss: 6.3054
14:	[0s / 0s],		train_loss: 4.3949,	val_loss: 6.2952
15:	[0s / 0s],		train_loss: 4.3936,	val_loss: 6.2831
16:	[0s / 0s],		train_loss: 4.3861,	val_loss: 6.2758
17:	[0s / 0s],		train_loss: 4.3914,	val_loss: 6.2804
18:	[0s / 0s],		train_loss: 4.3857,	val_loss: 6.2656
19:	[0s / 0s],		train_loss: 4.3921,	val_loss: 6.2829
20:	[0s / 0s],		train_loss: 4.3809,	val_loss: 6.3161
21:	[0s / 1s],		train_loss: 4.3684,	val_loss: 6.3271
22:	[0s / 1s],		train_loss: 4.3767,	val_loss: 6.2770
23:	[0s / 1s],		train_loss: 4.3688,	val_loss: 6.2569
24:	[0s / 1s],		train_loss: 4.3773,	val_loss: 6.2553
25:	[0s / 1s],		train_loss: 4.3940,	val_loss: 6.2590
26:	[0s / 1s],		train_loss: 4.3713,	val_loss: 6.2909
27:	[0s / 1s],		train_loss: 4.3580,	val_loss: 6.2719
28:	[0s / 1s],		train_loss: 4.3625,	val_loss: 6.2745
29:	[0s / 1s],		train_loss: 4.3484,	val_loss: 6.2853
30:	[0s / 1s],		train_loss: 4.3628,	val_loss: 6.2639
31:	[0s / 1s],		train_loss: 4.3568,	val_loss: 6.2684
32:	[0s / 1s],		train_loss: 4.3796,	val_loss: 6.2768
33:	[0s / 1s],		train_loss: 4.3565,	val_loss: 6.2926
34:	[0s / 1s],		train_loss: 4.3612,	val_loss: 6.2981
35:	[0s / 1s],		train_loss: 4.3749,	val_loss: 6.9890
36:	[0s / 1s],		train_loss: 4.3634,	val_loss: 6.2593
37:	[0s / 1s],		train_loss: 4.3388,	val_loss: 6.2692
38:	[0s / 1s],		train_loss: 4.3756,	val_loss: 6.2938
39:	[0s / 1s],		train_loss: 4.3473,	val_loss: 6.3084
40:	[0s / 1s],		train_loss: 4.3688,	val_loss: 6.2632
41:	[0s / 1s],		train_loss: 4.3520,	val_loss: 6.2665
42:	[0s / 2s],		train_loss: 4.3257,	val_loss: 6.2832
43:	[0s / 2s],		train_loss: 4.3720,	val_loss: 6.2864
44:	[0s / 2s],		train_loss: 4.3653,	val_loss: 6.2608
C-index TRAIN: 0.8000
C-index TEST:  0.8087
0:	[0s / 0s],		train_loss: 25.3814,	val_loss: 16.0850
1:	[0s / 0s],		train_loss: 13.8704,	val_loss: 12.4563
2:	[0s / 0s],		train_loss: 8.6574,	val_loss: 10.3902
3:	[0s / 0s],		train_loss: 7.3095,	val_loss: 9.6323
4:	[0s / 0s],		train_loss: 8.0884,	val_loss: 9.2216
5:	[0s / 0s],		train_loss: 6.8941,	val_loss: 7.8516
6:	[0s / 0s],		train_loss: 5.8619,	val_loss: 7.4464
7:	[0s / 0s],		train_loss: 5.1358,	val_loss: 7.2680
8:	[0s / 0s],		train_loss: 5.7412,	val_loss: 8.2519
9:	[0s / 0s],		train_loss: 5.8524,	val_loss: 6.8380
10:	[0s / 0s],		train_loss: 5.5528,	val_loss: 8.8071
11:	[0s / 0s],		train_loss: 6.1473,	val_loss: 8.3844
12:	[0s / 0s],		train_loss: 5.5947,	val_loss: 7.3330
13:	[0s / 0s],		train_loss: 4.8305,	val_loss: 6.4563
14:	[0s / 0s],		train_loss: 4.5824,	val_loss: 6.6818
15:	[0s / 0s],		train_loss: 4.6836,	val_loss: 7.0505
16:	[0s / 0s],		train_loss: 5.0013,	val_loss: 6.7365
17:	[0s / 0s],		train_loss: 4.6844,	val_loss: 6.7909
18:	[0s / 0s],		train_loss: 5.0394,	val_loss: 7.0512
19:	[0s / 0s],		train_loss: 5.5204,	val_loss: 7.3418
20:	[0s / 0s],		train_loss: 5.2320,	val_loss: 7.8384
21:	[0s / 0s],		train_loss: 5.5886,	val_loss: 8.7699
22:	[0s / 0s],		train_loss: 7.4643,	val_loss: 12.6202
23:	[0s / 0s],		train_loss: 9.4928,	val_loss: 12.3486
24:	[0s / 0s],		train_loss: 8.8264,	val_loss: 10.6874
25:	[0s / 0s],		train_loss: 7.2988,	val_loss: 9.2114
26:	[0s / 0s],		train_loss: 6.2627,	val_loss: 7.5155
27:	[0s / 1s],		train_loss: 5.1534,	val_loss: 7.5699
28:	[0s / 1s],		train_loss: 5.3006,	val_loss: 7.4463
29:	[0s / 1s],		train_loss: 4.9911,	val_loss: 7.3804
30:	[0s / 1s],		train_loss: 5.3952,	val_loss: 7.5173
31:	[0s / 1s],		train_loss: 5.6696,	val_loss: 7.3367
32:	[0s / 1s],		train_loss: 5.2323,	val_loss: 7.4412
33:	[0s / 1s],		train_loss: 6.1344,	val_loss: 9.0551
C-index TRAIN: 0.7773
C-index TEST:  0.7865
  [ckpt] RSF baseline saved → checkpoints/tabpfn/OrmoniTirodei/-1/seed456/fold4/rsf_baseline.pkl
C-index train: 0.9092
C-index test:  0.8109
  Fitting Cox baseline...
C-index train: 0.7969
C-index test:  0.8108
X_train shape: (5162, 76), X_test shape: (1290, 76)
Generating TABPFN Embeddings...
Successfully generated embeddings with shape: (5162, 192)
0:	[0s / 0s],		train_loss: 3.5124,	val_loss: 6.3663
1:	[0s / 0s],		train_loss: 3.2446,	val_loss: 6.4425
2:	[0s / 0s],		train_loss: 3.2420,	val_loss: 6.4172
3:	[0s / 0s],		train_loss: 3.2283,	val_loss: 6.3888
4:	[0s / 0s],		train_loss: 3.2156,	val_loss: 6.3889
5:	[0s / 0s],		train_loss: 3.2353,	val_loss: 6.4004
6:	[0s / 0s],		train_loss: 3.2211,	val_loss: 6.3990
7:	[0s / 0s],		train_loss: 3.2225,	val_loss: 6.4247
8:	[0s / 0s],		train_loss: 3.2203,	val_loss: 6.4395
9:	[0s / 0s],		train_loss: 3.2055,	val_loss: 6.4074
10:	[0s / 0s],		train_loss: 3.2188,	val_loss: 6.3915
11:	[0s / 0s],		train_loss: 3.2186,	val_loss: 6.4263
12:	[0s / 0s],		train_loss: 3.2108,	val_loss: 6.4611
13:	[0s / 0s],		train_loss: 3.2014,	val_loss: 6.4331
14:	[0s / 0s],		train_loss: 3.1963,	val_loss: 6.4698
15:	[0s / 0s],		train_loss: 3.2201,	val_loss: 6.4507
16:	[0s / 0s],		train_loss: 3.2003,	val_loss: 6.4654
17:	[0s / 0s],		train_loss: 3.1984,	val_loss: 6.4618
18:	[0s / 0s],		train_loss: 3.2088,	val_loss: 6.5408
19:	[0s / 0s],		train_loss: 3.2037,	val_loss: 6.5493
20:	[0s / 0s],		train_loss: 3.1974,	val_loss: 6.4976
C-index TRAIN: 0.9053
C-index TEST:  0.8083
0:	[0s / 0s],		train_loss: 3.4927,	val_loss: 6.7652
1:	[0s / 0s],		train_loss: 3.3032,	val_loss: 6.9668
2:	[0s / 0s],		train_loss: 3.2957,	val_loss: 13.6875
3:	[0s / 0s],		train_loss: 3.2979,	val_loss: 35.8405
4:	[0s / 0s],		train_loss: 3.2526,	val_loss: 132.4394
5:	[0s / 0s],		train_loss: 3.2674,	val_loss: 215.0439
6:	[0s / 0s],		train_loss: 3.2589,	val_loss: 196.5821
7:	[0s / 0s],		train_loss: 3.2549,	val_loss: 241.3954
8:	[0s / 0s],		train_loss: 3.2377,	val_loss: 305.1651
9:	[0s / 0s],		train_loss: 3.2352,	val_loss: 280.5540
10:	[0s / 0s],		train_loss: 3.2192,	val_loss: 293.2470
11:	[0s / 0s],		train_loss: 3.2315,	val_loss: 298.1159
12:	[0s / 0s],		train_loss: 3.2237,	val_loss: 342.0178
13:	[0s / 0s],		train_loss: 3.2162,	val_loss: 347.7394
14:	[0s / 0s],		train_loss: 3.2336,	val_loss: 327.2598
15:	[0s / 0s],		train_loss: 3.2421,	val_loss: 330.9723
16:	[0s / 0s],		train_loss: 3.2195,	val_loss: 359.0313
17:	[0s / 0s],		train_loss: 3.2207,	val_loss: 365.4219
18:	[0s / 0s],		train_loss: 3.2180,	val_loss: 341.0964
19:	[0s / 0s],		train_loss: 3.2487,	val_loss: 336.3390
20:	[0s / 0s],		train_loss: 3.2121,	val_loss: 345.6513
C-index TRAIN: 0.9147
C-index TEST:  0.8033
  [ckpt] TABPFN RSF saved → checkpoints/tabpfn/OrmoniTirodei/-1/seed456/fold5/tabpfn_rsf.pkl
C-index train: 0.9595
C-index test:  0.7944
  Fitting TABPFN Cox (embedding)...
C-index train: 0.9188
C-index test:  0.8098
0:	[0s / 0s],		train_loss: 4.7713,	val_loss: 6.4858
1:	[0s / 0s],		train_loss: 4.5592,	val_loss: 6.3435
2:	[0s / 0s],		train_loss: 4.4777,	val_loss: 6.3508
3:	[0s / 0s],		train_loss: 4.4436,	val_loss: 6.3199
4:	[0s / 0s],		train_loss: 4.4367,	val_loss: 6.3282
5:	[0s / 0s],		train_loss: 4.4496,	val_loss: 6.3037
6:	[0s / 0s],		train_loss: 4.4113,	val_loss: 6.3068
7:	[0s / 0s],		train_loss: 4.4055,	val_loss: 6.3003
8:	[0s / 0s],		train_loss: 4.4069,	val_loss: 6.2743
9:	[0s / 0s],		train_loss: 4.4244,	val_loss: 6.2805
10:	[0s / 0s],		train_loss: 4.4066,	val_loss: 6.3118
11:	[0s / 0s],		train_loss: 4.3852,	val_loss: 6.2643
12:	[0s / 0s],		train_loss: 4.3885,	val_loss: 6.2779
13:	[0s / 0s],		train_loss: 4.4010,	val_loss: 6.2759
14:	[0s / 0s],		train_loss: 4.3659,	val_loss: 6.2930
15:	[0s / 0s],		train_loss: 4.3785,	val_loss: 6.2759
16:	[0s / 0s],		train_loss: 4.3566,	val_loss: 6.2518
17:	[0s / 0s],		train_loss: 4.3746,	val_loss: 6.2852
18:	[0s / 0s],		train_loss: 4.3940,	val_loss: 6.2868
19:	[0s / 0s],		train_loss: 4.3567,	val_loss: 6.2904
20:	[0s / 0s],		train_loss: 4.3612,	val_loss: 6.2736
21:	[0s / 0s],		train_loss: 4.3491,	val_loss: 6.2878
22:	[0s / 1s],		train_loss: 4.3622,	val_loss: 6.2796
23:	[0s / 1s],		train_loss: 4.3984,	val_loss: 6.2921
24:	[0s / 1s],		train_loss: 4.3782,	val_loss: 6.2794
25:	[0s / 1s],		train_loss: 4.3865,	val_loss: 6.2862
26:	[0s / 1s],		train_loss: 4.3469,	val_loss: 6.2718
27:	[0s / 1s],		train_loss: 4.3750,	val_loss: 6.2802
28:	[0s / 1s],		train_loss: 4.3782,	val_loss: 6.2565
29:	[0s / 1s],		train_loss: 4.3430,	val_loss: 6.2491
30:	[0s / 1s],		train_loss: 4.3510,	val_loss: 6.2622
31:	[0s / 1s],		train_loss: 4.3358,	val_loss: 6.2844
32:	[0s / 1s],		train_loss: 4.3277,	val_loss: 6.2654
33:	[0s / 1s],		train_loss: 4.3311,	val_loss: 6.2943
34:	[0s / 1s],		train_loss: 4.3347,	val_loss: 6.2639
35:	[0s / 1s],		train_loss: 4.3517,	val_loss: 6.2765
36:	[0s / 1s],		train_loss: 4.3193,	val_loss: 6.2634
37:	[0s / 1s],		train_loss: 4.3501,	val_loss: 6.2589
38:	[0s / 1s],		train_loss: 4.3432,	val_loss: 6.2734
39:	[0s / 1s],		train_loss: 4.2998,	val_loss: 6.2642
40:	[0s / 1s],		train_loss: 4.3370,	val_loss: 6.2582
41:	[0s / 1s],		train_loss: 4.3216,	val_loss: 6.2687
42:	[0s / 2s],		train_loss: 4.3364,	val_loss: 6.2368
43:	[0s / 2s],		train_loss: 4.3231,	val_loss: 6.2782
44:	[0s / 2s],		train_loss: 4.3667,	val_loss: 6.2726
45:	[0s / 2s],		train_loss: 4.3266,	val_loss: 6.2574
46:	[0s / 2s],		train_loss: 4.3212,	val_loss: 6.2585
47:	[0s / 2s],		train_loss: 4.3101,	val_loss: 6.2665
48:	[0s / 2s],		train_loss: 4.3175,	val_loss: 6.2658
49:	[0s / 2s],		train_loss: 4.2801,	val_loss: 6.2533
50:	[0s / 2s],		train_loss: 4.3112,	val_loss: 6.2895
51:	[0s / 2s],		train_loss: 4.3441,	val_loss: 6.2868
52:	[0s / 2s],		train_loss: 4.3201,	val_loss: 6.2705
53:	[0s / 2s],		train_loss: 4.2873,	val_loss: 6.2834
54:	[0s / 2s],		train_loss: 4.3255,	val_loss: 6.2557
55:	[0s / 2s],		train_loss: 4.3225,	val_loss: 6.2749
56:	[0s / 2s],		train_loss: 4.2879,	val_loss: 6.3676
57:	[0s / 2s],		train_loss: 4.3395,	val_loss: 6.2654
58:	[0s / 2s],		train_loss: 4.3322,	val_loss: 6.2607
59:	[0s / 2s],		train_loss: 4.2964,	val_loss: 6.2726
60:	[0s / 2s],		train_loss: 4.3299,	val_loss: 6.2543
61:	[0s / 2s],		train_loss: 4.2985,	val_loss: 6.2558
62:	[0s / 2s],		train_loss: 4.3110,	val_loss: 6.2704
C-index TRAIN: 0.8069
C-index TEST:  0.8066
0:	[0s / 0s],		train_loss: 198.9396,	val_loss: 28.0993
1:	[0s / 0s],		train_loss: 21.1888,	val_loss: 15.5711
2:	[0s / 0s],		train_loss: 11.2013,	val_loss: 12.0556
3:	[0s / 0s],		train_loss: 8.4976,	val_loss: 10.2504
4:	[0s / 0s],		train_loss: 6.6711,	val_loss: 12.3954
5:	[0s / 0s],		train_loss: 6.5480,	val_loss: 8.9620
6:	[0s / 0s],		train_loss: 5.8641,	val_loss: 8.0043
7:	[0s / 0s],		train_loss: 5.3154,	val_loss: 7.6091
8:	[0s / 0s],		train_loss: 5.4308,	val_loss: 7.2286
9:	[0s / 0s],		train_loss: 4.8789,	val_loss: 6.6902
10:	[0s / 0s],		train_loss: 4.6593,	val_loss: 6.5295
11:	[0s / 0s],		train_loss: 4.5567,	val_loss: 6.4275
12:	[0s / 0s],		train_loss: 4.4385,	val_loss: 6.3944
13:	[0s / 0s],		train_loss: 4.6074,	val_loss: 6.6775
14:	[0s / 0s],		train_loss: 4.9530,	val_loss: 6.4133
15:	[0s / 0s],		train_loss: 5.8213,	val_loss: 8.7388
16:	[0s / 0s],		train_loss: 7.2264,	val_loss: 8.6978
17:	[0s / 0s],		train_loss: 6.1180,	val_loss: 7.2614
18:	[0s / 0s],		train_loss: 4.8899,	val_loss: 6.9070
19:	[0s / 0s],		train_loss: 4.7532,	val_loss: 6.6847
20:	[0s / 0s],		train_loss: 4.5702,	val_loss: 6.5659
21:	[0s / 0s],		train_loss: 4.6394,	val_loss: 6.5943
22:	[0s / 0s],		train_loss: 4.9165,	val_loss: 6.7222
23:	[0s / 0s],		train_loss: 4.9795,	val_loss: 6.8870
24:	[0s / 0s],		train_loss: 4.8872,	val_loss: 7.4826
25:	[0s / 0s],		train_loss: 4.6125,	val_loss: 6.3822
26:	[0s / 0s],		train_loss: 4.5465,	val_loss: 6.5430
27:	[0s / 0s],		train_loss: 4.5973,	val_loss: 6.6511
28:	[0s / 0s],		train_loss: 4.8744,	val_loss: 8.2625
29:	[0s / 0s],		train_loss: 7.7610,	val_loss: 14.7983
30:	[0s / 1s],		train_loss: 10.4263,	val_loss: 13.1052
31:	[0s / 1s],		train_loss: 9.2947,	val_loss: 9.5448
32:	[0s / 1s],		train_loss: 6.2959,	val_loss: 7.2640
33:	[0s / 1s],		train_loss: 4.8983,	val_loss: 6.7308
34:	[0s / 1s],		train_loss: 4.5863,	val_loss: 6.6017
35:	[0s / 1s],		train_loss: 5.3511,	val_loss: 7.6284
36:	[0s / 1s],		train_loss: 5.2010,	val_loss: 10.7327
37:	[0s / 1s],		train_loss: 7.6954,	val_loss: 8.9509
38:	[0s / 1s],		train_loss: 7.7517,	val_loss: 9.4999
39:	[0s / 1s],		train_loss: 6.8063,	val_loss: 8.0470
40:	[0s / 1s],		train_loss: 5.1075,	val_loss: 7.4365
41:	[0s / 1s],		train_loss: 4.9527,	val_loss: 7.3426
42:	[0s / 1s],		train_loss: 5.7799,	val_loss: 7.4945
43:	[0s / 1s],		train_loss: 5.0757,	val_loss: 6.5224
44:	[0s / 1s],		train_loss: 4.9368,	val_loss: 7.2078
45:	[0s / 1s],		train_loss: 5.1515,	val_loss: 6.6925
C-index TRAIN: 0.7921
C-index TEST:  0.8048
  [ckpt] RSF baseline saved → checkpoints/tabpfn/OrmoniTirodei/-1/seed456/fold5/rsf_baseline.pkl
C-index train: 0.9076
C-index test:  0.8039
  Fitting Cox baseline...
C-index train: 0.7976
C-index test:  0.8083


Preprocess: Keep NaN
Loading existing folds from tmp/splits/OrmoniTirodei_seed456.pkl
X_train shape: (5161, 76), X_test shape: (1291, 76)
Generating TABPFN Embeddings...
Successfully generated embeddings with shape: (5161, 192)
0:	[0s / 0s],		train_loss: 3.5583,	val_loss: 6.3116
1:	[0s / 0s],		train_loss: 3.2510,	val_loss: 6.3841
2:	[0s / 0s],		train_loss: 3.2492,	val_loss: 6.3267
3:	[0s / 0s],		train_loss: 3.2084,	val_loss: 6.3334
4:	[0s / 0s],		train_loss: 3.2203,	val_loss: 6.2755
5:	[0s / 0s],		train_loss: 3.2132,	val_loss: 6.2748
6:	[0s / 0s],		train_loss: 3.2253,	val_loss: 6.2707
7:	[0s / 0s],		train_loss: 3.2346,	val_loss: 6.2629
8:	[0s / 0s],		train_loss: 3.2302,	val_loss: 6.3228
9:	[0s / 0s],		train_loss: 3.2015,	val_loss: 6.3168
10:	[0s / 0s],		train_loss: 3.2103,	val_loss: 6.3126
11:	[0s / 0s],		train_loss: 3.2036,	val_loss: 6.2885
12:	[0s / 0s],		train_loss: 3.2160,	val_loss: 6.3017
13:	[0s / 0s],		train_loss: 3.2075,	val_loss: 6.2795
14:	[0s / 0s],		train_loss: 3.1815,	val_loss: 6.3323
15:	[0s / 0s],		train_loss: 3.2159,	val_loss: 6.3731
16:	[0s / 0s],		train_loss: 3.2101,	val_loss: 6.3813
17:	[0s / 0s],		train_loss: 3.2113,	val_loss: 6.3614
18:	[0s / 0s],		train_loss: 3.2099,	val_loss: 6.3884
19:	[0s / 0s],		train_loss: 3.2012,	val_loss: 6.3426
20:	[0s / 0s],		train_loss: 3.2047,	val_loss: 6.3980
21:	[0s / 0s],		train_loss: 3.1904,	val_loss: 6.3656
22:	[0s / 0s],		train_loss: 3.1692,	val_loss: 6.3609
23:	[0s / 0s],		train_loss: 3.1919,	val_loss: 6.3526
24:	[0s / 0s],		train_loss: 3.2044,	val_loss: 6.3763
25:	[0s / 0s],		train_loss: 3.2036,	val_loss: 6.4260
26:	[0s / 0s],		train_loss: 3.2143,	val_loss: 6.3342
27:	[0s / 0s],		train_loss: 3.1937,	val_loss: 6.3451
C-index TRAIN: 0.9190
C-index TEST:  0.7903
0:	[0s / 0s],		train_loss: 3.4874,	val_loss: 6.5305
1:	[0s / 0s],		train_loss: 3.2891,	val_loss: 6.3369
2:	[0s / 0s],		train_loss: 3.2912,	val_loss: 6.5129
3:	[0s / 0s],		train_loss: 3.2600,	val_loss: 6.7142
4:	[0s / 0s],		train_loss: 3.2375,	val_loss: 6.8108
5:	[0s / 0s],		train_loss: 3.2665,	val_loss: 8.6434
6:	[0s / 0s],		train_loss: 3.2517,	val_loss: 8.0838
7:	[0s / 0s],		train_loss: 3.2468,	val_loss: 7.8006
8:	[0s / 0s],		train_loss: 3.2524,	val_loss: 8.6705
9:	[0s / 0s],		train_loss: 3.2387,	val_loss: 8.0621
10:	[0s / 0s],		train_loss: 3.2358,	val_loss: 9.4771
11:	[0s / 0s],		train_loss: 3.2334,	val_loss: 11.3337
12:	[0s / 0s],		train_loss: 3.2378,	val_loss: 14.7618
13:	[0s / 0s],		train_loss: 3.2309,	val_loss: 17.3054
14:	[0s / 0s],		train_loss: 3.2227,	val_loss: 15.8130
15:	[0s / 0s],		train_loss: 3.2321,	val_loss: 14.9267
16:	[0s / 0s],		train_loss: 3.1869,	val_loss: 15.6513
17:	[0s / 0s],		train_loss: 3.2175,	val_loss: 17.0354
18:	[0s / 1s],		train_loss: 3.2101,	val_loss: 16.3836
19:	[0s / 1s],		train_loss: 3.1997,	val_loss: 16.6940
20:	[0s / 1s],		train_loss: 3.2191,	val_loss: 16.6587
21:	[0s / 1s],		train_loss: 3.2015,	val_loss: 16.6192
C-index TRAIN: 0.9177
C-index TEST:  0.7728
  [ckpt] TABPFN RSF saved → checkpoints/tabpfn/OrmoniTirodei/NaN/seed456/fold1/tabpfn_rsf.pkl
C-index train: 0.9585
C-index test:  0.7725
  Fitting TABPFN Cox (embedding)...
C-index train: 0.9207
C-index test:  0.7921
X_train shape: (5161, 76), X_test shape: (1291, 76)
Generating TABPFN Embeddings...
Successfully generated embeddings with shape: (5161, 192)
0:	[0s / 0s],		train_loss: 3.5879,	val_loss: 6.3559
1:	[0s / 0s],		train_loss: 3.2856,	val_loss: 6.4621
2:	[0s / 0s],		train_loss: 3.2734,	val_loss: 6.3592
3:	[0s / 0s],		train_loss: 3.2312,	val_loss: 6.3157
4:	[0s / 0s],		train_loss: 3.2565,	val_loss: 6.3100
5:	[0s / 0s],		train_loss: 3.2454,	val_loss: 6.3124
6:	[0s / 0s],		train_loss: 3.2437,	val_loss: 6.2950
7:	[0s / 0s],		train_loss: 3.2351,	val_loss: 6.2905
8:	[0s / 0s],		train_loss: 3.2573,	val_loss: 6.2888
9:	[0s / 0s],		train_loss: 3.2468,	val_loss: 6.3360
10:	[0s / 0s],		train_loss: 3.2273,	val_loss: 6.3834
11:	[0s / 0s],		train_loss: 3.2342,	val_loss: 6.3486
12:	[0s / 0s],		train_loss: 3.2171,	val_loss: 6.3669
13:	[0s / 0s],		train_loss: 3.2427,	val_loss: 6.3377
14:	[0s / 0s],		train_loss: 3.2358,	val_loss: 6.3586
15:	[0s / 0s],		train_loss: 3.2197,	val_loss: 6.4023
16:	[0s / 0s],		train_loss: 3.2301,	val_loss: 6.3413
17:	[0s / 0s],		train_loss: 3.2115,	val_loss: 6.3680
18:	[0s / 0s],		train_loss: 3.2221,	val_loss: 6.4008
19:	[0s / 0s],		train_loss: 3.2208,	val_loss: 6.3435
20:	[0s / 0s],		train_loss: 3.2101,	val_loss: 6.3843
21:	[0s / 0s],		train_loss: 3.2285,	val_loss: 6.3643
22:	[0s / 0s],		train_loss: 3.2133,	val_loss: 6.3457
23:	[0s / 0s],		train_loss: 3.2142,	val_loss: 6.3118
24:	[0s / 0s],		train_loss: 3.2243,	val_loss: 6.3644
25:	[0s / 0s],		train_loss: 3.2090,	val_loss: 6.3829
26:	[0s / 0s],		train_loss: 3.2208,	val_loss: 6.3700
27:	[0s / 0s],		train_loss: 3.2157,	val_loss: 6.3848
28:	[0s / 0s],		train_loss: 3.2015,	val_loss: 6.4752
C-index TRAIN: 0.9163
C-index TEST:  0.7870
0:	[0s / 0s],		train_loss: 3.5615,	val_loss: 6.5903
1:	[0s / 0s],		train_loss: 3.3489,	val_loss: 6.7778
2:	[0s / 0s],		train_loss: 3.3078,	val_loss: 9.9062
3:	[0s / 0s],		train_loss: 3.2968,	val_loss: 19.9527
4:	[0s / 0s],		train_loss: 3.2705,	val_loss: 44.8169
5:	[0s / 0s],		train_loss: 3.2899,	val_loss: 71.0133
6:	[0s / 0s],		train_loss: 3.2715,	val_loss: 83.9651
7:	[0s / 0s],		train_loss: 3.2685,	val_loss: 84.1030
8:	[0s / 0s],		train_loss: 3.2759,	val_loss: 92.4888
9:	[0s / 0s],		train_loss: 3.2513,	val_loss: 89.6485
10:	[0s / 0s],		train_loss: 3.2529,	val_loss: 85.5440
11:	[0s / 0s],		train_loss: 3.2516,	val_loss: 93.5850
12:	[0s / 0s],		train_loss: 3.2501,	val_loss: 91.9025
13:	[0s / 0s],		train_loss: 3.2485,	val_loss: 101.7130
14:	[0s / 0s],		train_loss: 3.2402,	val_loss: 111.1463
15:	[0s / 0s],		train_loss: 3.2405,	val_loss: 103.2764
16:	[0s / 0s],		train_loss: 3.2582,	val_loss: 100.0390
17:	[0s / 0s],		train_loss: 3.2143,	val_loss: 96.8051
18:	[0s / 0s],		train_loss: 3.2146,	val_loss: 98.6309
19:	[0s / 0s],		train_loss: 3.2107,	val_loss: 97.5204
20:	[0s / 0s],		train_loss: 3.2332,	val_loss: 101.8125
C-index TRAIN: 0.9079
C-index TEST:  0.7825
  [ckpt] TABPFN RSF saved → checkpoints/tabpfn/OrmoniTirodei/NaN/seed456/fold2/tabpfn_rsf.pkl
C-index train: 0.9563
C-index test:  0.7695
  Fitting TABPFN Cox (embedding)...
C-index train: 0.9187
C-index test:  0.7880
X_train shape: (5162, 76), X_test shape: (1290, 76)
Generating TABPFN Embeddings...
Successfully generated embeddings with shape: (5162, 192)
0:	[0s / 0s],		train_loss: 3.4925,	val_loss: 6.3628
1:	[0s / 0s],		train_loss: 3.2391,	val_loss: 6.4634
2:	[0s / 0s],		train_loss: 3.2345,	val_loss: 6.4024
3:	[0s / 0s],		train_loss: 3.2296,	val_loss: 6.3410
4:	[0s / 0s],		train_loss: 3.2304,	val_loss: 6.3558
5:	[0s / 0s],		train_loss: 3.2101,	val_loss: 6.3188
6:	[0s / 0s],		train_loss: 3.2102,	val_loss: 6.3586
7:	[0s / 0s],		train_loss: 3.2239,	val_loss: 6.3509
8:	[0s / 0s],		train_loss: 3.2073,	val_loss: 6.3451
9:	[0s / 0s],		train_loss: 3.2189,	val_loss: 6.3825
10:	[0s / 0s],		train_loss: 3.2128,	val_loss: 6.3443
11:	[0s / 0s],		train_loss: 3.2358,	val_loss: 6.3893
12:	[0s / 0s],		train_loss: 3.1975,	val_loss: 6.3912
13:	[0s / 0s],		train_loss: 3.2047,	val_loss: 6.4084
14:	[0s / 0s],		train_loss: 3.1921,	val_loss: 6.4520
15:	[0s / 0s],		train_loss: 3.2084,	val_loss: 6.5094
16:	[0s / 0s],		train_loss: 3.2160,	val_loss: 6.4156
17:	[0s / 0s],		train_loss: 3.1987,	val_loss: 6.4054
18:	[0s / 0s],		train_loss: 3.2126,	val_loss: 6.3972
19:	[0s / 0s],		train_loss: 3.2014,	val_loss: 6.4193
20:	[0s / 0s],		train_loss: 3.2120,	val_loss: 6.3948
21:	[0s / 0s],		train_loss: 3.2057,	val_loss: 6.4014
22:	[0s / 0s],		train_loss: 3.2016,	val_loss: 6.4539
23:	[0s / 0s],		train_loss: 3.1933,	val_loss: 6.4224
24:	[0s / 0s],		train_loss: 3.2077,	val_loss: 6.5005
25:	[0s / 0s],		train_loss: 3.2065,	val_loss: 6.5287
C-index TRAIN: 0.9183
C-index TEST:  0.7728
0:	[0s / 0s],		train_loss: 3.4885,	val_loss: 6.3343
1:	[0s / 0s],		train_loss: 3.3041,	val_loss: 6.5392
2:	[0s / 0s],		train_loss: 3.2875,	val_loss: 7.5498
3:	[0s / 0s],		train_loss: 3.2864,	val_loss: 11.9001
4:	[0s / 0s],		train_loss: 3.2732,	val_loss: 22.0818
5:	[0s / 0s],		train_loss: 3.2710,	val_loss: 36.8921
6:	[0s / 0s],		train_loss: 3.2583,	val_loss: 35.7215
7:	[0s / 0s],		train_loss: 3.2489,	val_loss: 34.8408
8:	[0s / 0s],		train_loss: 3.2314,	val_loss: 33.3959
9:	[0s / 0s],		train_loss: 3.2438,	val_loss: 38.2905
10:	[0s / 0s],		train_loss: 3.2531,	val_loss: 36.3070
11:	[0s / 0s],		train_loss: 3.2139,	val_loss: 36.4756
12:	[0s / 0s],		train_loss: 3.2390,	val_loss: 36.7135
13:	[0s / 0s],		train_loss: 3.2470,	val_loss: 35.5721
14:	[0s / 0s],		train_loss: 3.2259,	val_loss: 40.1462
15:	[0s / 0s],		train_loss: 3.2439,	val_loss: 41.3945
16:	[0s / 0s],		train_loss: 3.2172,	val_loss: 39.2435
17:	[0s / 0s],		train_loss: 3.2217,	val_loss: 38.2997
18:	[0s / 0s],		train_loss: 3.2213,	val_loss: 38.6333
19:	[0s / 0s],		train_loss: 3.2092,	val_loss: 38.7653
20:	[0s / 0s],		train_loss: 3.2132,	val_loss: 41.0656
C-index TRAIN: 0.9154
C-index TEST:  0.7495
  [ckpt] TABPFN RSF saved → checkpoints/tabpfn/OrmoniTirodei/NaN/seed456/fold3/tabpfn_rsf.pkl
C-index train: 0.9593
C-index test:  0.7594
  Fitting TABPFN Cox (embedding)...
C-index train: 0.9197
C-index test:  0.7724
X_train shape: (5162, 76), X_test shape: (1290, 76)
Generating TABPFN Embeddings...
Successfully generated embeddings with shape: (5162, 192)
0:	[0s / 0s],		train_loss: 3.5313,	val_loss: 6.3713
1:	[0s / 0s],		train_loss: 3.2436,	val_loss: 6.4009
2:	[0s / 0s],		train_loss: 3.2363,	val_loss: 6.4325
3:	[0s / 0s],		train_loss: 3.2070,	val_loss: 6.3888
4:	[0s / 0s],		train_loss: 3.2317,	val_loss: 6.3872
5:	[0s / 0s],		train_loss: 3.2215,	val_loss: 6.3675
6:	[0s / 0s],		train_loss: 3.2113,	val_loss: 6.3828
7:	[0s / 0s],		train_loss: 3.2148,	val_loss: 6.3700
8:	[0s / 0s],		train_loss: 3.1981,	val_loss: 6.3718
9:	[0s / 0s],		train_loss: 3.2198,	val_loss: 6.3362
10:	[0s / 0s],		train_loss: 3.2034,	val_loss: 6.3240
11:	[0s / 0s],		train_loss: 3.2074,	val_loss: 6.3676
12:	[0s / 0s],		train_loss: 3.2085,	val_loss: 6.3340
13:	[0s / 0s],		train_loss: 3.2174,	val_loss: 6.3399
14:	[0s / 0s],		train_loss: 3.2327,	val_loss: 6.3167
15:	[0s / 0s],		train_loss: 3.2120,	val_loss: 6.3858
16:	[0s / 0s],		train_loss: 3.2076,	val_loss: 6.3695
17:	[0s / 0s],		train_loss: 3.2041,	val_loss: 6.3674
18:	[0s / 0s],		train_loss: 3.2154,	val_loss: 6.3842
19:	[0s / 0s],		train_loss: 3.2020,	val_loss: 6.4326
20:	[0s / 0s],		train_loss: 3.2113,	val_loss: 6.3871
21:	[0s / 0s],		train_loss: 3.1999,	val_loss: 6.3657
22:	[0s / 0s],		train_loss: 3.1932,	val_loss: 6.3606
23:	[0s / 0s],		train_loss: 3.1781,	val_loss: 6.3436
24:	[0s / 0s],		train_loss: 3.1930,	val_loss: 6.3450
25:	[0s / 0s],		train_loss: 3.2190,	val_loss: 6.3590
26:	[0s / 0s],		train_loss: 3.1871,	val_loss: 6.4215
27:	[0s / 0s],		train_loss: 3.1924,	val_loss: 6.3435
28:	[0s / 0s],		train_loss: 3.1697,	val_loss: 6.3607
29:	[0s / 0s],		train_loss: 3.1914,	val_loss: 6.3468
30:	[0s / 0s],		train_loss: 3.1936,	val_loss: 6.3715
31:	[0s / 1s],		train_loss: 3.1871,	val_loss: 6.3375
32:	[0s / 1s],		train_loss: 3.1810,	val_loss: 6.3586
33:	[0s / 1s],		train_loss: 3.1862,	val_loss: 6.3579
34:	[0s / 1s],		train_loss: 3.1926,	val_loss: 6.3804
C-index TRAIN: 0.9181
C-index TEST:  0.8142
0:	[0s / 0s],		train_loss: 3.5675,	val_loss: 6.3231
1:	[0s / 0s],		train_loss: 3.3334,	val_loss: 6.5016
2:	[0s / 0s],		train_loss: 3.2977,	val_loss: 7.3508
3:	[0s / 0s],		train_loss: 3.2957,	val_loss: 13.8104
4:	[0s / 0s],		train_loss: 3.2582,	val_loss: 33.6814
5:	[0s / 0s],		train_loss: 3.2824,	val_loss: 63.0403
6:	[0s / 0s],		train_loss: 3.2688,	val_loss: 73.6741
7:	[0s / 0s],		train_loss: 3.2563,	val_loss: 73.3867
8:	[0s / 0s],		train_loss: 3.2202,	val_loss: 71.8856
9:	[0s / 0s],		train_loss: 3.2417,	val_loss: 79.0358
10:	[0s / 0s],		train_loss: 3.2380,	val_loss: 95.5544
11:	[0s / 0s],		train_loss: 3.2325,	val_loss: 92.1506
12:	[0s / 0s],		train_loss: 3.2251,	val_loss: 80.4291
13:	[0s / 0s],		train_loss: 3.2354,	val_loss: 78.5850
14:	[0s / 0s],		train_loss: 3.2381,	val_loss: 78.5442
15:	[0s / 0s],		train_loss: 3.2321,	val_loss: 78.3139
16:	[0s / 0s],		train_loss: 3.2314,	val_loss: 71.4082
17:	[0s / 0s],		train_loss: 3.2153,	val_loss: 79.3096
18:	[0s / 0s],		train_loss: 3.2238,	val_loss: 77.5352
19:	[0s / 0s],		train_loss: 3.2000,	val_loss: 70.8991
20:	[0s / 0s],		train_loss: 3.2199,	val_loss: 68.5579
C-index TRAIN: 0.9130
C-index TEST:  0.8049
  [ckpt] TABPFN RSF saved → checkpoints/tabpfn/OrmoniTirodei/NaN/seed456/fold4/tabpfn_rsf.pkl
C-index train: 0.9600
C-index test:  0.8046
  Fitting TABPFN Cox (embedding)...
C-index train: 0.9201
C-index test:  0.8154
X_train shape: (5162, 76), X_test shape: (1290, 76)
Generating TABPFN Embeddings...
Successfully generated embeddings with shape: (5162, 192)
0:	[0s / 0s],		train_loss: 3.5142,	val_loss: 6.3682
1:	[0s / 0s],		train_loss: 3.2468,	val_loss: 6.3947/scratch.hpc/luca.cotugno/Foundation_model_clinical_data/.venv/lib/python3.12/site-packages/sklearn/utils/validation.py:2684: UserWarning: X has feature names, but RandomSurvivalForest was fitted without feature names
  warnings.warn(
/scratch.hpc/luca.cotugno/Foundation_model_clinical_data/.venv/lib/python3.12/site-packages/sklearn/utils/validation.py:2684: UserWarning: X has feature names, but RandomSurvivalForest was fitted without feature names
  warnings.warn(
/scratch.hpc/luca.cotugno/Foundation_model_clinical_data/.venv/lib/python3.12/site-packages/sklearn/utils/validation.py:2684: UserWarning: X has feature names, but RandomSurvivalForest was fitted without feature names
  warnings.warn(
/scratch.hpc/luca.cotugno/Foundation_model_clinical_data/.venv/lib/python3.12/site-packages/sklearn/utils/validation.py:2684: UserWarning: X has feature names, but RandomSurvivalForest was fitted without feature names
  warnings.warn(
/scratch.hpc/luca.cotugno/Foundation_model_clinical_data/.venv/lib/python3.12/site-packages/pycox/models/cox.py:251: RuntimeWarning: overflow encountered in exp
  expg = np.exp(self.predict(input, batch_size, True, eval_, num_workers=num_workers)).reshape(1, -1)
/scratch.hpc/luca.cotugno/Foundation_model_clinical_data/.venv/lib/python3.12/site-packages/pycox/models/cox.py:252: RuntimeWarning: invalid value encountered in dot
  return pd.DataFrame(bch.values.reshape(-1, 1).dot(expg),
/scratch.hpc/luca.cotugno/Foundation_model_clinical_data/.venv/lib/python3.12/site-packages/sklearn/utils/validation.py:2684: UserWarning: X has feature names, but RandomSurvivalForest was fitted without feature names
  warnings.warn(
/scratch.hpc/luca.cotugno/Foundation_model_clinical_data/.venv/lib/python3.12/site-packages/sklearn/utils/validation.py:2684: UserWarning: X has feature names, but RandomSurvivalForest was fitted without feature names
  warnings.warn(
/scratch.hpc/luca.cotugno/Foundation_model_clinical_data/.venv/lib/python3.12/site-packages/sklearn/utils/validation.py:2684: UserWarning: X has feature names, but RandomSurvivalForest was fitted without feature names
  warnings.warn(
/scratch.hpc/luca.cotugno/Foundation_model_clinical_data/.venv/lib/python3.12/site-packages/sklearn/utils/validation.py:2684: UserWarning: X has feature names, but RandomSurvivalForest was fitted without feature names
  warnings.warn(
/scratch.hpc/luca.cotugno/Foundation_model_clinical_data/.venv/lib/python3.12/site-packages/sklearn/utils/validation.py:2684: UserWarning: X has feature names, but RandomSurvivalForest was fitted without feature names
  warnings.warn(
/scratch.hpc/luca.cotugno/Foundation_model_clinical_data/.venv/lib/python3.12/site-packages/sklearn/utils/validation.py:2684: UserWarning: X has feature names, but RandomSurvivalForest was fitted without feature names
  warnings.warn(

2:	[0s / 0s],		train_loss: 3.2422,	val_loss: 6.3760
3:	[0s / 0s],		train_loss: 3.2302,	val_loss: 6.3465
4:	[0s / 0s],		train_loss: 3.2154,	val_loss: 6.3343
5:	[0s / 0s],		train_loss: 3.2375,	val_loss: 6.3514
6:	[0s / 0s],		train_loss: 3.2301,	val_loss: 6.3401
7:	[0s / 0s],		train_loss: 3.2241,	val_loss: 6.3402
8:	[0s / 0s],		train_loss: 3.2246,	val_loss: 6.3397
9:	[0s / 0s],		train_loss: 3.2106,	val_loss: 6.3179
10:	[0s / 0s],		train_loss: 3.2188,	val_loss: 6.2988
11:	[0s / 0s],		train_loss: 3.2162,	val_loss: 6.3065
12:	[0s / 0s],		train_loss: 3.2152,	val_loss: 6.3243
13:	[0s / 0s],		train_loss: 3.2077,	val_loss: 6.3085
14:	[0s / 0s],		train_loss: 3.2026,	val_loss: 6.3393
15:	[0s / 0s],		train_loss: 3.2264,	val_loss: 6.3299
16:	[0s / 0s],		train_loss: 3.2106,	val_loss: 6.3072
17:	[0s / 0s],		train_loss: 3.2055,	val_loss: 6.3050
18:	[0s / 0s],		train_loss: 3.2117,	val_loss: 6.3555
19:	[0s / 0s],		train_loss: 3.2098,	val_loss: 6.3745
20:	[0s / 0s],		train_loss: 3.1964,	val_loss: 6.3123
21:	[0s / 0s],		train_loss: 3.2065,	val_loss: 6.3054
22:	[0s / 0s],		train_loss: 3.1964,	val_loss: 6.2799
23:	[0s / 0s],		train_loss: 3.2024,	val_loss: 6.3078
24:	[0s / 0s],		train_loss: 3.1778,	val_loss: 6.3389
25:	[0s / 0s],		train_loss: 3.2051,	val_loss: 6.3365
26:	[0s / 0s],		train_loss: 3.1810,	val_loss: 6.2851
27:	[0s / 0s],		train_loss: 3.1892,	val_loss: 6.2880
28:	[0s / 0s],		train_loss: 3.1800,	val_loss: 6.3049
29:	[0s / 0s],		train_loss: 3.2146,	val_loss: 6.3765
30:	[0s / 0s],		train_loss: 3.2203,	val_loss: 6.3632
31:	[0s / 1s],		train_loss: 3.1921,	val_loss: 6.2829
32:	[0s / 1s],		train_loss: 3.2035,	val_loss: 6.2620
33:	[0s / 1s],		train_loss: 3.2097,	val_loss: 6.3102
34:	[0s / 1s],		train_loss: 3.2029,	val_loss: 6.3082
35:	[0s / 1s],		train_loss: 3.1983,	val_loss: 6.3482
36:	[0s / 1s],		train_loss: 3.2263,	val_loss: 6.2853
37:	[0s / 1s],		train_loss: 3.1892,	val_loss: 6.2783
38:	[0s / 1s],		train_loss: 3.2103,	val_loss: 6.2814
39:	[0s / 1s],		train_loss: 3.1788,	val_loss: 6.2872
40:	[0s / 1s],		train_loss: 3.2203,	val_loss: 6.2795
41:	[0s / 1s],		train_loss: 3.1909,	val_loss: 6.2755
42:	[0s / 1s],		train_loss: 3.1979,	val_loss: 6.3280
43:	[0s / 1s],		train_loss: 3.1965,	val_loss: 6.2732
44:	[0s / 1s],		train_loss: 3.1802,	val_loss: 6.2754
45:	[0s / 1s],		train_loss: 3.1842,	val_loss: 6.2821
46:	[0s / 1s],		train_loss: 3.1847,	val_loss: 6.2684
47:	[0s / 1s],		train_loss: 3.1735,	val_loss: 6.3204
48:	[0s / 1s],		train_loss: 3.2010,	val_loss: 6.2649
49:	[0s / 1s],		train_loss: 3.1956,	val_loss: 6.2610
50:	[0s / 1s],		train_loss: 3.1840,	val_loss: 6.2793
51:	[0s / 1s],		train_loss: 3.1994,	val_loss: 6.2505
52:	[0s / 1s],		train_loss: 3.2050,	val_loss: 6.2546
53:	[0s / 1s],		train_loss: 3.1901,	val_loss: 6.2905
54:	[0s / 1s],		train_loss: 3.1996,	val_loss: 6.3120
55:	[0s / 1s],		train_loss: 3.1908,	val_loss: 6.2585
56:	[0s / 1s],		train_loss: 3.1779,	val_loss: 6.3021
57:	[0s / 1s],		train_loss: 3.1790,	val_loss: 6.2983
58:	[0s / 1s],		train_loss: 3.2009,	val_loss: 6.2777
59:	[0s / 1s],		train_loss: 3.1756,	val_loss: 6.2624
60:	[0s / 1s],		train_loss: 3.1765,	val_loss: 6.2598
61:	[0s / 1s],		train_loss: 3.1819,	val_loss: 6.2740
62:	[0s / 1s],		train_loss: 3.1841,	val_loss: 6.2884
63:	[0s / 2s],		train_loss: 3.1964,	val_loss: 6.2916
64:	[0s / 2s],		train_loss: 3.1982,	val_loss: 6.2570
65:	[0s / 2s],		train_loss: 3.1955,	val_loss: 6.2479
66:	[0s / 2s],		train_loss: 3.2003,	val_loss: 6.2514
67:	[0s / 2s],		train_loss: 3.1564,	val_loss: 6.2896
68:	[0s / 2s],		train_loss: 3.1977,	val_loss: 6.3031
69:	[0s / 2s],		train_loss: 3.1868,	val_loss: 6.2662
70:	[0s / 2s],		train_loss: 3.1917,	val_loss: 6.2800
71:	[0s / 2s],		train_loss: 3.1909,	val_loss: 6.2632
72:	[0s / 2s],		train_loss: 3.1882,	val_loss: 6.2590
73:	[0s / 2s],		train_loss: 3.1763,	val_loss: 6.2524
74:	[0s / 2s],		train_loss: 3.1993,	val_loss: 6.2566
75:	[0s / 2s],		train_loss: 3.1784,	val_loss: 6.2635
76:	[0s / 2s],		train_loss: 3.1897,	val_loss: 6.2625
77:	[0s / 2s],		train_loss: 3.1745,	val_loss: 6.2583
78:	[0s / 2s],		train_loss: 3.1917,	val_loss: 6.2548
79:	[0s / 2s],		train_loss: 3.1859,	val_loss: 6.2643
80:	[0s / 2s],		train_loss: 3.1780,	val_loss: 6.2542
81:	[0s / 2s],		train_loss: 3.1901,	val_loss: 6.2698
82:	[0s / 2s],		train_loss: 3.1853,	val_loss: 6.2612
83:	[0s / 2s],		train_loss: 3.1726,	val_loss: 6.2673
84:	[0s / 2s],		train_loss: 3.1722,	val_loss: 6.2812
85:	[0s / 2s],		train_loss: 3.2013,	val_loss: 6.2732
C-index TRAIN: 0.9174
C-index TEST:  0.8056
0:	[0s / 0s],		train_loss: 3.4975,	val_loss: 6.4834
1:	[0s / 0s],		train_loss: 3.3091,	val_loss: 6.6043
2:	[0s / 0s],		train_loss: 3.2958,	val_loss: 8.0561
3:	[0s / 0s],		train_loss: 3.3121,	val_loss: 20.2359
4:	[0s / 0s],		train_loss: 3.2626,	val_loss: 41.2848
5:	[0s / 0s],		train_loss: 3.2743,	val_loss: 40.1596
6:	[0s / 0s],		train_loss: 3.2722,	val_loss: 93.3746
7:	[0s / 0s],		train_loss: 3.2619,	val_loss: 98.4460
8:	[0s / 0s],		train_loss: 3.2416,	val_loss: 107.1068
9:	[0s / 0s],		train_loss: 3.2601,	val_loss: 104.9215
10:	[0s / 0s],		train_loss: 3.2380,	val_loss: 121.4497
11:	[0s / 0s],		train_loss: 3.2495,	val_loss: 120.4117
12:	[0s / 0s],		train_loss: 3.2362,	val_loss: 84.6650
13:	[0s / 0s],		train_loss: 3.2344,	val_loss: 89.5764
14:	[0s / 0s],		train_loss: 3.2396,	val_loss: 107.7722
15:	[0s / 0s],		train_loss: 3.2481,	val_loss: 105.1936
16:	[0s / 0s],		train_loss: 3.2240,	val_loss: 99.6367
17:	[0s / 0s],		train_loss: 3.2256,	val_loss: 106.2515
18:	[0s / 0s],		train_loss: 3.2230,	val_loss: 112.6910
19:	[0s / 0s],		train_loss: 3.2534,	val_loss: 116.6850
20:	[0s / 0s],		train_loss: 3.2145,	val_loss: 117.5473
C-index TRAIN: 0.9142
C-index TEST:  0.7877
  [ckpt] TABPFN RSF saved → checkpoints/tabpfn/OrmoniTirodei/NaN/seed456/fold5/tabpfn_rsf.pkl
C-index train: 0.9592
C-index test:  0.8000
  Fitting TABPFN Cox (embedding)...
C-index train: 0.9190
C-index test:  0.8095

  Preprocess: -1 | Seed: 456
  TABPFN Train Vanilla → mean: 0.915394 | std: 0.002024 | min: 0.911956 | max: 0.918069
  TABPFN Test Vanilla → mean: 0.780196 | std: 0.017761 | min: 0.750282 | max: 0.803341
  TABPFN Train Simple → mean: 0.915428 | std: 0.005179 | min: 0.905319 | max: 0.919221
  TABPFN Test Simple → mean: 0.795216 | std: 0.014438 | min: 0.772953 | max: 0.812609
  TABPFN Train RSF → mean: 0.959563 | std: 0.000920 | min: 0.958109 | max: 0.960970
  TABPFN Test RSF → mean: 0.780401 | std: 0.015840 | min: 0.754349 | max: 0.797202
  TABPFN Train Cox → mean: 0.919440 | std: 0.000738 | min: 0.918731 | max: 0.920686
  TABPFN Test Cox → mean: 0.795998 | std: 0.014912 | min: 0.772556 | max: 0.812993
  Train DeepSurv Vanilla → mean: 0.806502 | std: 0.004630 | min: 0.799952 | max: 0.813912
  Test DeepSurv Vanilla → mean: 0.790482 | std: 0.015147 | min: 0.769872 | max: 0.808685
  Train DeepSurv Simple → mean: 0.787735 | std: 0.006381 | min: 0.777283 | max: 0.796105
  Test DeepSurv Simple → mean: 0.780462 | std: 0.014894 | min: 0.763220 | max: 0.804776
  Train RSF  → mean: 0.907625 | std: 0.001142 | min: 0.905643 | max: 0.909154
  Test RSF   → mean: 0.794361 | std: 0.011321 | min: 0.782046 | max: 0.810875
  Train Cox  → mean: 0.800583 | std: 0.002834 | min: 0.796865 | max: 0.804097
  Test Cox   → mean: 0.793462 | std: 0.013693 | min: 0.775675 | max: 0.810762

  Preprocess: NaN | Seed: 456
  TABPFN Train Vanilla → mean: 0.913639 | std: 0.003272 | min: 0.907905 | max: 0.917737
  TABPFN Test Vanilla → mean: 0.779494 | std: 0.018256 | min: 0.749527 | max: 0.804941
  TABPFN Train Simple → mean: 0.917830 | std: 0.000913 | min: 0.916299 | max: 0.918976
  TABPFN Test Simple → mean: 0.793977 | std: 0.014512 | min: 0.772843 | max: 0.814190
  TABPFN Train RSF → mean: 0.958671 | std: 0.001265 | min: 0.956332 | max: 0.960005
  TABPFN Test RSF → mean: 0.781202 | std: 0.017846 | min: 0.759355 | max: 0.804630
  TABPFN Train Cox → mean: 0.919642 | std: 0.000702 | min: 0.918744 | max: 0.920695
  TABPFN Test Cox → mean: 0.795480 | std: 0.015442 | min: 0.772434 | max: 0.815415
Result saved in 'results/OrmoniTirodei/tabpfn/results_cv_OrmoniTirodei_tabpfn_seed456.txt'


Preprocess: Replace NaN with -1
Loading existing folds from tmp/splits/HURRAH_seed456.pkl
X_train shape: (13566, 61), X_test shape: (3392, 61)
Generating TABPFN Embeddings...
Successfully generated embeddings with shape: (13566, 192)
0:	[0s / 0s],		train_loss: 2.8878,	val_loss: 7.3694
1:	[0s / 0s],		train_loss: 2.6553,	val_loss: 7.1298
2:	[0s / 0s],		train_loss: 2.6430,	val_loss: 7.1413
3:	[0s / 0s],		train_loss: 2.6476,	val_loss: 7.2059
4:	[0s / 0s],		train_loss: 2.6320,	val_loss: 7.1420
5:	[0s / 0s],		train_loss: 2.6315,	val_loss: 7.2505
6:	[0s / 0s],		train_loss: 2.6174,	val_loss: 7.2268
7:	[0s / 0s],		train_loss: 2.6175,	val_loss: 7.1682
8:	[0s / 0s],		train_loss: 2.6153,	val_loss: 7.2556
9:	[0s / 0s],		train_loss: 2.6167,	val_loss: 7.2616
10:	[0s / 0s],		train_loss: 2.6167,	val_loss: 7.2062
11:	[0s / 0s],		train_loss: 2.6042,	val_loss: 7.3287
12:	[0s / 1s],		train_loss: 2.6049,	val_loss: 7.3757
13:	[0s / 1s],		train_loss: 2.6026,	val_loss: 7.5245
14:	[0s / 1s],		train_loss: 2.6024,	val_loss: 7.4281
15:	[0s / 1s],		train_loss: 2.5994,	val_loss: 7.6227
16:	[0s / 1s],		train_loss: 2.5921,	val_loss: 7.6896
17:	[0s / 1s],		train_loss: 2.6072,	val_loss: 7.5107
18:	[0s / 1s],		train_loss: 2.5838,	val_loss: 7.6205
19:	[0s / 1s],		train_loss: 2.5896,	val_loss: 7.5557
20:	[0s / 1s],		train_loss: 2.6024,	val_loss: 7.7380
21:	[0s / 1s],		train_loss: 2.5835,	val_loss: 7.7437
C-index TRAIN: 0.9584
C-index TEST:  0.8467
0:	[0s / 0s],		train_loss: 2.8881,	val_loss: 7.8642
1:	[0s / 0s],		train_loss: 2.7217,	val_loss: 13.6657
2:	[0s / 0s],		train_loss: 2.6967,	val_loss: 22.9161
3:	[0s / 0s],		train_loss: 2.6651,	val_loss: 24.9137
4:	[0s / 0s],		train_loss: 2.6550,	val_loss: 22.9994
5:	[0s / 0s],		train_loss: 2.6343,	val_loss: 26.5093
6:	[0s / 0s],		train_loss: 2.6313,	val_loss: 24.0954
7:	[0s / 0s],		train_loss: 2.6167,	val_loss: 22.6293
8:	[0s / 1s],		train_loss: 2.6277,	val_loss: 21.3782
9:	[0s / 1s],		train_loss: 2.6175,	val_loss: 22.3625
10:	[0s / 1s],		train_loss: 2.6045,	val_loss: 20.4599
11:	[0s / 1s],		train_loss: 2.6013,	val_loss: 22.6612
12:	[0s / 1s],		train_loss: 2.5791,	val_loss: 27.9509
13:	[0s / 1s],		train_loss: 2.6031,	val_loss: 21.5041
14:	[0s / 1s],		train_loss: 2.5563,	val_loss: 20.5255
15:	[0s / 1s],		train_loss: 2.6015,	val_loss: 18.0439
16:	[0s / 1s],		train_loss: 2.5789,	val_loss: 22.9961
17:	[0s / 2s],		train_loss: 2.5656,	val_loss: 55.7353
18:	[0s / 2s],		train_loss: 2.5534,	val_loss: 18.5297
19:	[0s / 2s],		train_loss: 2.5519,	val_loss: 21.7891
20:	[0s / 2s],		train_loss: 2.5471,	val_loss: 18.5380
C-index TRAIN: 0.9574
C-index TEST:  0.7785
  [ckpt] TABPFN RSF saved → checkpoints/tabpfn/HURRAH/-1/seed456/fold1/tabpfn_rsf.pkl
C-index train: 0.9798
C-index test:  0.8249
  Fitting TABPFN Cox (embedding)...
C-index train: 0.9582
C-index test:  0.8471
0:	[0s / 0s],		train_loss: 4.6333,	val_loss: 7.1605
1:	[0s / 0s],		train_loss: 4.4378,	val_loss: 7.1028
2:	[0s / 0s],		train_loss: 4.3668,	val_loss: 7.0937
3:	[0s / 0s],		train_loss: 4.3846,	val_loss: 7.1909
4:	[0s / 0s],		train_loss: 4.3442,	val_loss: 7.0886
5:	[0s / 0s],		train_loss: 4.3142,	val_loss: 7.0703
6:	[0s / 0s],		train_loss: 4.3321,	val_loss: 7.0953
7:	[0s / 0s],		train_loss: 4.3045,	val_loss: 7.0608
8:	[0s / 1s],		train_loss: 4.2988,	val_loss: 7.0329
9:	[0s / 1s],		train_loss: 4.3090,	val_loss: 7.0573
10:	[0s / 1s],		train_loss: 4.2836,	val_loss: 7.0223
11:	[0s / 1s],		train_loss: 4.2760,	val_loss: 7.0694
12:	[0s / 1s],		train_loss: 4.2892,	val_loss: 7.0539
13:	[0s / 1s],		train_loss: 4.2781,	val_loss: 7.0081
14:	[0s / 1s],		train_loss: 4.2553,	val_loss: 7.0353
15:	[0s / 1s],		train_loss: 4.2584,	val_loss: 7.0278
16:	[0s / 1s],		train_loss: 4.2605,	val_loss: 7.0351
17:	[0s / 2s],		train_loss: 4.2610,	val_loss: 7.0596
18:	[0s / 2s],		train_loss: 4.2665,	val_loss: 7.0272
19:	[0s / 2s],		train_loss: 4.2658,	val_loss: 7.0006
20:	[0s / 2s],		train_loss: 4.2493,	val_loss: 7.0081
21:	[0s / 2s],		train_loss: 4.2334,	val_loss: 6.9995
22:	[0s / 2s],		train_loss: 4.2341,	val_loss: 7.0438
23:	[0s / 2s],		train_loss: 4.2336,	val_loss: 7.0174
24:	[0s / 2s],		train_loss: 4.2444,	val_loss: 7.0162
25:	[0s / 2s],		train_loss: 4.2214,	val_loss: 7.0022
26:	[0s / 3s],		train_loss: 4.2248,	val_loss: 6.9815
27:	[0s / 3s],		train_loss: 4.2595,	val_loss: 7.0322
28:	[0s / 3s],		train_loss: 4.2599,	val_loss: 6.9975
29:	[0s / 3s],		train_loss: 4.2431,	val_loss: 6.9979
30:	[0s / 3s],		train_loss: 4.2276,	val_loss: 7.0580
31:	[0s / 3s],		train_loss: 4.2293,	val_loss: 6.9963
32:	[0s / 3s],		train_loss: 4.2302,	val_loss: 6.9866
33:	[0s / 3s],		train_loss: 4.2179,	val_loss: 7.0312
34:	[0s / 3s],		train_loss: 4.2343,	val_loss: 7.0014
35:	[0s / 4s],		train_loss: 4.2221,	val_loss: 7.0014
36:	[0s / 4s],		train_loss: 4.2305,	val_loss: 7.0049
37:	[0s / 4s],		train_loss: 4.2076,	val_loss: 6.9849
38:	[0s / 4s],		train_loss: 4.2396,	val_loss: 7.0884
39:	[0s / 4s],		train_loss: 4.2336,	val_loss: 7.0003
40:	[0s / 4s],		train_loss: 4.2253,	val_loss: 6.9940
41:	[0s / 4s],		train_loss: 4.2247,	val_loss: 6.9881
42:	[0s / 4s],		train_loss: 4.2095,	val_loss: 6.9998
43:	[0s / 4s],		train_loss: 4.2175,	val_loss: 6.9643
44:	[0s / 5s],		train_loss: 4.2158,	val_loss: 7.0055
45:	[0s / 5s],		train_loss: 4.2204,	val_loss: 7.0030
46:	[0s / 5s],		train_loss: 4.2204,	val_loss: 6.9679
47:	[0s / 5s],		train_loss: 4.2015,	val_loss: 7.0034
48:	[0s / 5s],		train_loss: 4.1956,	val_loss: 7.0048
49:	[0s / 5s],		train_loss: 4.2195,	val_loss: 6.9750
50:	[0s / 5s],		train_loss: 4.2032,	val_loss: 6.9725
51:	[0s / 5s],		train_loss: 4.2071,	val_loss: 6.9709
52:	[0s / 5s],		train_loss: 4.2179,	val_loss: 6.9882
53:	[0s / 6s],		train_loss: 4.2037,	val_loss: 6.9862
54:	[0s / 6s],		train_loss: 4.2192,	val_loss: 7.0083
55:	[0s / 6s],		train_loss: 4.1945,	val_loss: 7.0027
56:	[0s / 6s],		train_loss: 4.2120,	val_loss: 6.9505
57:	[0s / 6s],		train_loss: 4.2005,	val_loss: 6.9886
58:	[0s / 6s],		train_loss: 4.2211,	val_loss: 6.9690
59:	[0s / 6s],		train_loss: 4.2060,	val_loss: 6.9716
60:	[0s / 6s],		train_loss: 4.1914,	val_loss: 6.9691
61:	[0s / 6s],		train_loss: 4.1936,	val_loss: 6.9724
62:	[0s / 7s],		train_loss: 4.2052,	val_loss: 6.9587
63:	[0s / 7s],		train_loss: 4.1784,	val_loss: 6.9653
64:	[0s / 7s],		train_loss: 4.1774,	val_loss: 6.9857
65:	[0s / 7s],		train_loss: 4.1767,	val_loss: 6.9782
66:	[0s / 7s],		train_loss: 4.2220,	val_loss: 6.9864
67:	[0s / 7s],		train_loss: 4.1921,	val_loss: 7.0094
68:	[0s / 7s],		train_loss: 4.1835,	val_loss: 7.0158
69:	[0s / 7s],		train_loss: 4.1836,	val_loss: 7.0197
70:	[0s / 8s],		train_loss: 4.2081,	val_loss: 6.9617
71:	[0s / 8s],		train_loss: 4.1941,	val_loss: 7.0280
72:	[0s / 8s],		train_loss: 4.1981,	val_loss: 6.9759
73:	[0s / 8s],		train_loss: 4.1799,	val_loss: 7.0082
74:	[0s / 8s],		train_loss: 4.1866,	val_loss: 7.0011
75:	[0s / 8s],		train_loss: 4.1897,	val_loss: 6.9923
76:	[0s / 8s],		train_loss: 4.1860,	val_loss: 6.9673
C-index TRAIN: 0.8599
C-index TEST:  0.8486
0:	[0s / 0s],		train_loss: 9.3146,	val_loss: 7.4736
1:	[0s / 0s],		train_loss: 4.4499,	val_loss: 7.0995
2:	[0s / 0s],		train_loss: 4.3869,	val_loss: 7.0697
3:	[0s / 0s],		train_loss: 4.3698,	val_loss: 7.1333
4:	[0s / 0s],		train_loss: 4.3802,	val_loss: 7.1117
5:	[0s / 0s],		train_loss: 4.3799,	val_loss: 7.1840
6:	[0s / 0s],		train_loss: 4.4598,	val_loss: 7.1692
7:	[0s / 0s],		train_loss: 4.5179,	val_loss: 7.1578
8:	[0s / 0s],		train_loss: 4.4174,	val_loss: 7.1278
9:	[0s / 0s],		train_loss: 4.3908,	val_loss: 7.1116
10:	[0s / 1s],		train_loss: 4.4143,	val_loss: 7.1196
11:	[0s / 1s],		train_loss: 4.4142,	val_loss: 7.1038
12:	[0s / 1s],		train_loss: 4.3735,	val_loss: 7.2224
13:	[0s / 1s],		train_loss: 4.3778,	val_loss: 7.1253
14:	[0s / 1s],		train_loss: 4.4334,	val_loss: 7.2793
15:	[0s / 1s],		train_loss: 4.4355,	val_loss: 7.1919
16:	[0s / 1s],		train_loss: 4.4783,	val_loss: 7.5489
17:	[0s / 1s],		train_loss: 4.4792,	val_loss: 7.2642
18:	[0s / 1s],		train_loss: 4.4067,	val_loss: 7.1218
19:	[0s / 1s],		train_loss: 4.3632,	val_loss: 7.0456
20:	[0s / 1s],		train_loss: 4.4053,	val_loss: 7.1152
21:	[0s / 2s],		train_loss: 4.3635,	val_loss: 7.2465
22:	[0s / 2s],		train_loss: 4.5081,	val_loss: 7.1495
23:	[0s / 2s],		train_loss: 4.5333,	val_loss: 7.1135
24:	[0s / 2s],		train_loss: 4.4934,	val_loss: 7.2190
25:	[0s / 2s],		train_loss: 4.3965,	val_loss: 7.1896
26:	[0s / 2s],		train_loss: 4.5280,	val_loss: 7.3861
27:	[0s / 2s],		train_loss: 4.4067,	val_loss: 7.1131
28:	[0s / 2s],		train_loss: 4.4191,	val_loss: 7.2019
29:	[0s / 2s],		train_loss: 4.3921,	val_loss: 7.1672
30:	[0s / 2s],		train_loss: 4.4109,	val_loss: 7.1128
31:	[0s / 2s],		train_loss: 4.4658,	val_loss: 7.4747
32:	[0s / 3s],		train_loss: 4.5965,	val_loss: 7.3846
33:	[0s / 3s],		train_loss: 4.4677,	val_loss: 7.1739
34:	[0s / 3s],		train_loss: 4.4786,	val_loss: 7.2635
35:	[0s / 3s],		train_loss: 4.4355,	val_loss: 7.3160
36:	[0s / 3s],		train_loss: 4.3900,	val_loss: 7.2688
37:	[0s / 3s],		train_loss: 4.5670,	val_loss: 7.1154
38:	[0s / 3s],		train_loss: 4.3985,	val_loss: 7.1831
39:	[0s / 3s],		train_loss: 4.4103,	val_loss: 7.1272
C-index TRAIN: 0.8374
C-index TEST:  0.8308
  [ckpt] RSF baseline saved → checkpoints/tabpfn/HURRAH/-1/seed456/fold1/rsf_baseline.pkl
C-index train: 0.9428
C-index test:  0.8498
  Fitting Cox baseline...
C-index train: 0.8273
C-index test:  0.8267
X_train shape: (13566, 61), X_test shape: (3392, 61)
Generating TABPFN Embeddings...
Successfully generated embeddings with shape: (13566, 192)
0:	[0s / 0s],		train_loss: 2.9036,	val_loss: 7.3387
1:	[0s / 0s],		train_loss: 2.6658,	val_loss: 7.2782
2:	[0s / 0s],		train_loss: 2.6619,	val_loss: 7.2118
3:	[0s / 0s],		train_loss: 2.6456,	val_loss: 7.2390
4:	[0s / 0s],		train_loss: 2.6324,	val_loss: 7.3120
5:	[0s / 0s],		train_loss: 2.6300,	val_loss: 7.2894
6:	[0s / 0s],		train_loss: 2.6244,	val_loss: 7.2896
7:	[0s / 0s],		train_loss: 2.6184,	val_loss: 7.2795
8:	[0s / 0s],		train_loss: 2.6148,	val_loss: 7.2973
9:	[0s / 0s],		train_loss: 2.6089,	val_loss: 7.3867
10:	[0s / 0s],		train_loss: 2.6065,	val_loss: 7.3566
11:	[0s / 1s],		train_loss: 2.6106,	val_loss: 7.3796
12:	[0s / 1s],		train_loss: 2.6042,	val_loss: 7.4267
13:	[0s / 1s],		train_loss: 2.6020,	val_loss: 7.3434
14:	[0s / 1s],		train_loss: 2.6088,	val_loss: 7.2545
15:	[0s / 1s],		train_loss: 2.6079,	val_loss: 7.6816
16:	[0s / 1s],		train_loss: 2.6027,	val_loss: 7.5723
17:	[0s / 1s],		train_loss: 2.5959,	val_loss: 7.5499
18:	[0s / 1s],		train_loss: 2.5937,	val_loss: 7.5159
19:	[0s / 1s],		train_loss: 2.5949,	val_loss: 7.6466
20:	[0s / 1s],		train_loss: 2.6000,	val_loss: 7.5523
21:	[0s / 1s],		train_loss: 2.5863,	val_loss: 7.5711
22:	[0s / 2s],		train_loss: 2.5869,	val_loss: 7.5868
C-index TRAIN: 0.9579
C-index TEST:  0.8587
0:	[0s / 0s],		train_loss: 2.9797,	val_loss: 10.8351
1:	[0s / 0s],		train_loss: 2.7524,	val_loss: 143.4647
2:	[0s / 0s],		train_loss: 2.7352,	val_loss: 221.8580
3:	[0s / 0s],		train_loss: 2.7000,	val_loss: 249.4746
4:	[0s / 0s],		train_loss: 2.6817,	val_loss: 258.5962
5:	[0s / 0s],		train_loss: 2.6736,	val_loss: 210.7015
6:	[0s / 0s],		train_loss: 2.6531,	val_loss: 266.5109
7:	[0s / 1s],		train_loss: 2.6399,	val_loss: 264.5208
8:	[0s / 1s],		train_loss: 2.6517,	val_loss: 291.3841
9:	[0s / 1s],		train_loss: 2.6278,	val_loss: 323.4036
10:	[0s / 1s],		train_loss: 2.6280,	val_loss: 337.6730
11:	[0s / 1s],		train_loss: 2.6360,	val_loss: 314.6921
12:	[0s / 1s],		train_loss: 2.6060,	val_loss: 337.5132
13:	[0s / 1s],		train_loss: 2.6065,	val_loss: 285.2831
14:	[0s / 1s],		train_loss: 2.6219,	val_loss: 260.9410
15:	[0s / 1s],		train_loss: 2.5853,	val_loss: 228.2664
16:	[0s / 2s],		train_loss: 2.5833,	val_loss: 232.0000
17:	[0s / 2s],		train_loss: 2.5627,	val_loss: 215.5479
18:	[0s / 2s],		train_loss: 2.5806,	val_loss: 194.9287
19:	[0s / 2s],		train_loss: 2.5688,	val_loss: 207.3522
20:	[0s / 2s],		train_loss: 2.5939,	val_loss: 224.2749
C-index TRAIN: 0.9570
C-index TEST:  0.7618
  [ckpt] TABPFN RSF saved → checkpoints/tabpfn/HURRAH/-1/seed456/fold2/tabpfn_rsf.pkl
C-index train: 0.9793
C-index test:  0.8420
  Fitting TABPFN Cox (embedding)...
C-index train: 0.9594
C-index test:  0.8597
0:	[0s / 0s],		train_loss: 4.6457,	val_loss: 7.1680
1:	[0s / 0s],		train_loss: 4.4454,	val_loss: 7.1412
2:	[0s / 0s],		train_loss: 4.4082,	val_loss: 7.1776
3:	[0s / 0s],		train_loss: 4.3973,	val_loss: 7.1332
4:	[0s / 0s],		train_loss: 4.3733,	val_loss: 7.1047
5:	[0s / 0s],		train_loss: 4.3625,	val_loss: 7.1087
6:	[0s / 0s],		train_loss: 4.3427,	val_loss: 7.1749
7:	[0s / 0s],		train_loss: 4.3285,	val_loss: 7.0862
8:	[0s / 1s],		train_loss: 4.3109,	val_loss: 7.0639
9:	[0s / 1s],		train_loss: 4.3213,	val_loss: 7.0796
10:	[0s / 1s],		train_loss: 4.3165,	val_loss: 7.2393
11:	[0s / 1s],		train_loss: 4.2907,	val_loss: 7.3485
12:	[0s / 1s],		train_loss: 4.3122,	val_loss: 7.3721
13:	[0s / 1s],		train_loss: 4.3110,	val_loss: 7.2111
14:	[0s / 1s],		train_loss: 4.2901,	val_loss: 7.1500
15:	[0s / 1s],		train_loss: 4.2957,	val_loss: 7.1100
16:	[0s / 1s],		train_loss: 4.2900,	val_loss: 7.3561
17:	[0s / 2s],		train_loss: 4.2856,	val_loss: 7.0248
18:	[0s / 2s],		train_loss: 4.2801,	val_loss: 7.1146
19:	[0s / 2s],		train_loss: 4.2792,	val_loss: 7.0836
20:	[0s / 2s],		train_loss: 4.2672,	val_loss: 7.1801
21:	[0s / 2s],		train_loss: 4.2783,	val_loss: 7.0937
22:	[0s / 2s],		train_loss: 4.2802,	val_loss: 7.0299
23:	[0s / 2s],		train_loss: 4.2659,	val_loss: 7.0858
24:	[0s / 2s],		train_loss: 4.2695,	val_loss: 7.0879
25:	[0s / 3s],		train_loss: 4.2705,	val_loss: 7.1771
26:	[0s / 3s],		train_loss: 4.2736,	val_loss: 7.0848
27:	[0s / 3s],		train_loss: 4.2815,	val_loss: 7.3751
28:	[0s / 3s],		train_loss: 4.2576,	val_loss: 7.4684
29:	[0s / 3s],		train_loss: 4.2558,	val_loss: 7.1989
30:	[0s / 3s],		train_loss: 4.2691,	val_loss: 7.1538
31:	[0s / 3s],		train_loss: 4.2536,	val_loss: 7.5044
32:	[0s / 3s],		train_loss: 4.2571,	val_loss: 7.2784
33:	[0s / 4s],		train_loss: 4.2536,	val_loss: 7.2949
34:	[0s / 4s],		train_loss: 4.2459,	val_loss: 7.0860
35:	[0s / 4s],		train_loss: 4.2406,	val_loss: 7.0595
36:	[0s / 4s],		train_loss: 4.2369,	val_loss: 7.1809
37:	[0s / 4s],		train_loss: 4.2403,	val_loss: 7.3189
C-index TRAIN: 0.8454
C-index TEST:  0.8527
0:	[0s / 0s],		train_loss: 11.5245,	val_loss: 7.2422
1:	[0s / 0s],		train_loss: 4.4922,	val_loss: 7.1089
2:	[0s / 0s],		train_loss: 4.3875,	val_loss: 7.1327
3:	[0s / 0s],		train_loss: 4.3872,	val_loss: 7.1320
4:	[0s / 0s],		train_loss: 4.3917,	val_loss: 7.0462
5:	[0s / 0s],		train_loss: 4.4077,	val_loss: 7.0985
6:	[0s / 0s],		train_loss: 4.3998,	val_loss: 7.0543
7:	[0s / 0s],		train_loss: 4.4134,	val_loss: 7.0856
8:	[0s / 0s],		train_loss: 4.4085,	val_loss: 7.0574
9:	[0s / 0s],		train_loss: 4.3842,	val_loss: 7.1700
10:	[0s / 0s],		train_loss: 4.4277,	val_loss: 7.1261
11:	[0s / 0s],		train_loss: 4.4554,	val_loss: 7.1797
12:	[0s / 0s],		train_loss: 4.4935,	val_loss: 7.1404
13:	[0s / 1s],		train_loss: 4.3758,	val_loss: 7.2997
14:	[0s / 1s],		train_loss: 4.5160,	val_loss: 7.1480
15:	[0s / 1s],		train_loss: 4.4789,	val_loss: 7.2462
16:	[0s / 1s],		train_loss: 4.3824,	val_loss: 7.1016
17:	[0s / 1s],		train_loss: 4.3750,	val_loss: 7.0539
18:	[0s / 1s],		train_loss: 4.3706,	val_loss: 7.0911
19:	[0s / 1s],		train_loss: 4.4103,	val_loss: 7.1150
20:	[0s / 1s],		train_loss: 4.3740,	val_loss: 7.1163
21:	[0s / 1s],		train_loss: 4.4438,	val_loss: 7.2045
22:	[0s / 1s],		train_loss: 4.4073,	val_loss: 7.1139
23:	[0s / 1s],		train_loss: 4.4092,	val_loss: 7.1806
24:	[0s / 1s],		train_loss: 4.4786,	val_loss: 7.2101
C-index TRAIN: 0.8336
C-index TEST:  0.8488
  [ckpt] RSF baseline saved → checkpoints/tabpfn/HURRAH/-1/seed456/fold2/rsf_baseline.pkl
C-index train: 0.9419
C-index test:  0.8575
  Fitting Cox baseline...
C-index train: 0.8245
C-index test:  0.8422
X_train shape: (13566, 61), X_test shape: (3392, 61)
Generating TABPFN Embeddings...
Successfully generated embeddings with shape: (13566, 192)
0:	[0s / 0s],		train_loss: 2.8795,	val_loss: 7.4240
1:	[0s / 0s],		train_loss: 2.6674,	val_loss: 7.3351
2:	[0s / 0s],		train_loss: 2.6586,	val_loss: 7.2800
3:	[0s / 0s],		train_loss: 2.6554,	val_loss: 7.1863
4:	[0s / 0s],		train_loss: 2.6464,	val_loss: 7.3991
5:	[0s / 0s],		train_loss: 2.6625,	val_loss: 7.3155
6:	[0s / 0s],		train_loss: 2.6293,	val_loss: 7.2912
7:	[0s / 0s],		train_loss: 2.6270,	val_loss: 7.1580
8:	[0s / 0s],		train_loss: 2.6222,	val_loss: 7.2130
9:	[0s / 0s],		train_loss: 2.6286,	val_loss: 7.3644
10:	[0s / 0s],		train_loss: 2.6184,	val_loss: 7.3209
11:	[0s / 1s],		train_loss: 2.6264,	val_loss: 7.4016
12:	[0s / 1s],		train_loss: 2.6144,	val_loss: 7.4492
13:	[0s / 1s],		train_loss: 2.6184,	val_loss: 7.3898
14:	[0s / 1s],		train_loss: 2.6173,	val_loss: 7.2480
15:	[0s / 1s],		train_loss: 2.6079,	val_loss: 7.5012
16:	[0s / 1s],		train_loss: 2.6113,	val_loss: 7.4346
17:	[0s / 1s],		train_loss: 2.6144,	val_loss: 7.5512
18:	[0s / 1s],		train_loss: 2.6063,	val_loss: 7.4650
19:	[0s / 1s],		train_loss: 2.6039,	val_loss: 7.5556
20:	[0s / 1s],		train_loss: 2.6064,	val_loss: 7.5969
21:	[0s / 1s],		train_loss: 2.6042,	val_loss: 7.7124
22:	[0s / 1s],		train_loss: 2.6047,	val_loss: 7.8729
23:	[0s / 1s],		train_loss: 2.6145,	val_loss: 7.8718
24:	[0s / 2s],		train_loss: 2.5945,	val_loss: 7.7239
25:	[0s / 2s],		train_loss: 2.5961,	val_loss: 7.9813
26:	[0s / 2s],		train_loss: 2.5910,	val_loss: 8.1698
27:	[0s / 2s],		train_loss: 2.5997,	val_loss: 8.0885
C-index TRAIN: 0.9605
C-index TEST:  0.8426
0:	[0s / 0s],		train_loss: 2.9116,	val_loss: 13.1456
1:	[0s / 0s],		train_loss: 2.7708,	val_loss: 129.1148
2:	[0s / 0s],		train_loss: 2.7166,	val_loss: 204.7439
3:	[0s / 0s],		train_loss: 2.7104,	val_loss: 273.2246
4:	[0s / 0s],		train_loss: 2.6804,	val_loss: 254.6430
5:	[0s / 0s],		train_loss: 2.6679,	val_loss: 254.3535
6:	[0s / 0s],		train_loss: 2.6695,	val_loss: 245.5645
7:	[0s / 0s],		train_loss: 2.6490,	val_loss: 248.4684
8:	[0s / 1s],		train_loss: 2.6427,	val_loss: 308.2440
9:	[0s / 1s],		train_loss: 2.6301,	val_loss: 297.0664
10:	[0s / 1s],		train_loss: 2.6324,	val_loss: 270.3639
11:	[0s / 1s],		train_loss: 2.6093,	val_loss: 248.0899
12:	[0s / 1s],		train_loss: 2.6054,	val_loss: 251.2873
13:	[0s / 1s],		train_loss: 2.5991,	val_loss: 3282.5599
14:	[0s / 1s],		train_loss: 2.5842,	val_loss: 37556.9532
15:	[0s / 1s],		train_loss: 2.6435,	val_loss: 3173.5456
16:	[0s / 1s],		train_loss: 2.5774,	val_loss: 6163.0424
17:	[0s / 2s],		train_loss: 2.5636,	val_loss: 2144.2744
18:	[0s / 2s],		train_loss: 2.5668,	val_loss: 855.9816
19:	[0s / 2s],		train_loss: 2.5497,	val_loss: 540.0598
20:	[0s / 2s],		train_loss: 2.5710,	val_loss: 223.5911
C-index TRAIN: 0.9578
C-index TEST:  0.5902
  [ckpt] TABPFN RSF saved → checkpoints/tabpfn/HURRAH/-1/seed456/fold3/tabpfn_rsf.pkl
C-index train: 0.9796
C-index test:  0.8045
  Fitting TABPFN Cox (embedding)...
C-index train: 0.9587
C-index test:  0.8474
0:	[0s / 0s],		train_loss: 4.7605,	val_loss: 7.2463
1:	[0s / 0s],		train_loss: 4.4420,	val_loss: 7.1111
2:	[0s / 0s],		train_loss: 4.3811,	val_loss: 7.1781
3:	[0s / 0s],		train_loss: 4.3529,	val_loss: 7.0867
4:	[0s / 0s],		train_loss: 4.3458,	val_loss: 7.0968
5:	[0s / 0s],		train_loss: 4.3302,	val_loss: 7.3238
6:	[0s / 0s],		train_loss: 4.3331,	val_loss: 7.0425
7:	[0s / 0s],		train_loss: 4.3117,	val_loss: 7.0540
8:	[0s / 1s],		train_loss: 4.3023,	val_loss: 7.0600
9:	[0s / 1s],		train_loss: 4.3055,	val_loss: 7.1899
10:	[0s / 1s],		train_loss: 4.2871,	val_loss: 7.0120
11:	[0s / 1s],		train_loss: 4.2756,	val_loss: 7.0072
12:	[0s / 1s],		train_loss: 4.2601,	val_loss: 7.0398
13:	[0s / 1s],		train_loss: 4.2739,	val_loss: 7.0010
14:	[0s / 1s],		train_loss: 4.2588,	val_loss: 7.0196
15:	[0s / 1s],		train_loss: 4.2630,	val_loss: 7.0223
16:	[0s / 1s],		train_loss: 4.2636,	val_loss: 7.0472
17:	[0s / 2s],		train_loss: 4.2610,	val_loss: 7.0392
18:	[0s / 2s],		train_loss: 4.2641,	val_loss: 7.0495
19:	[0s / 2s],		train_loss: 4.2739,	val_loss: 7.0188
20:	[0s / 2s],		train_loss: 4.2470,	val_loss: 7.0104
21:	[0s / 2s],		train_loss: 4.2598,	val_loss: 7.0114
22:	[0s / 2s],		train_loss: 4.2553,	val_loss: 7.0214
23:	[0s / 2s],		train_loss: 4.2379,	val_loss: 7.0725
24:	[0s / 2s],		train_loss: 4.2574,	val_loss: 7.0067
25:	[0s / 2s],		train_loss: 4.2544,	val_loss: 7.0126
26:	[0s / 2s],		train_loss: 4.2523,	val_loss: 7.0923
27:	[0s / 3s],		train_loss: 4.2491,	val_loss: 6.9905
28:	[0s / 3s],		train_loss: 4.2283,	val_loss: 7.0063
29:	[0s / 3s],		train_loss: 4.2400,	val_loss: 7.0009
30:	[0s / 3s],		train_loss: 4.2309,	val_loss: 7.0276
31:	[0s / 3s],		train_loss: 4.2357,	val_loss: 6.9997
32:	[0s / 3s],		train_loss: 4.2258,	val_loss: 6.9832
33:	[0s / 3s],		train_loss: 4.2205,	val_loss: 7.0029
34:	[0s / 3s],		train_loss: 4.2286,	val_loss: 7.0378
35:	[0s / 3s],		train_loss: 4.2240,	val_loss: 7.0095
36:	[0s / 4s],		train_loss: 4.2165,	val_loss: 7.0052
37:	[0s / 4s],		train_loss: 4.2288,	val_loss: 6.9952
38:	[0s / 4s],		train_loss: 4.2230,	val_loss: 7.0038
39:	[0s / 4s],		train_loss: 4.2191,	val_loss: 7.0405
40:	[0s / 4s],		train_loss: 4.2050,	val_loss: 7.0513
41:	[0s / 4s],		train_loss: 4.2301,	val_loss: 6.9851
42:	[0s / 4s],		train_loss: 4.2311,	val_loss: 8.5881
43:	[0s / 4s],		train_loss: 4.2272,	val_loss: 6.9875
44:	[0s / 4s],		train_loss: 4.2007,	val_loss: 7.0066
45:	[0s / 5s],		train_loss: 4.2088,	val_loss: 6.9787
46:	[0s / 5s],		train_loss: 4.2044,	val_loss: 7.0345
47:	[0s / 5s],		train_loss: 4.1991,	val_loss: 6.9838
48:	[0s / 5s],		train_loss: 4.2219,	val_loss: 7.0655
49:	[0s / 5s],		train_loss: 4.2059,	val_loss: 6.9796
50:	[0s / 5s],		train_loss: 4.2196,	val_loss: 7.0052
51:	[0s / 5s],		train_loss: 4.2096,	val_loss: 6.9822
52:	[0s / 5s],		train_loss: 4.1930,	val_loss: 7.0297
53:	[0s / 5s],		train_loss: 4.2018,	val_loss: 7.0103
54:	[0s / 6s],		train_loss: 4.1995,	val_loss: 7.0585
55:	[0s / 6s],		train_loss: 4.1980,	val_loss: 7.0371
56:	[0s / 6s],		train_loss: 4.2007,	val_loss: 6.9710
57:	[0s / 6s],		train_loss: 4.2043,	val_loss: 7.0073
58:	[0s / 6s],		train_loss: 4.2113,	val_loss: 6.9801
59:	[0s / 6s],		train_loss: 4.1993,	val_loss: 6.9804
60:	[0s / 6s],		train_loss: 4.2016,	val_loss: 6.9998
61:	[0s / 6s],		train_loss: 4.1975,	val_loss: 6.9925
62:	[0s / 6s],		train_loss: 4.2003,	val_loss: 7.0479
63:	[0s / 6s],		train_loss: 4.1899,	val_loss: 6.9980
64:	[0s / 7s],		train_loss: 4.1787,	val_loss: 6.9821
65:	[0s / 7s],		train_loss: 4.1879,	val_loss: 6.9657
66:	[0s / 7s],		train_loss: 4.1829,	val_loss: 6.9884
67:	[0s / 7s],		train_loss: 4.1753,	val_loss: 6.9958
68:	[0s / 7s],		train_loss: 4.1700,	val_loss: 6.9959
69:	[0s / 7s],		train_loss: 4.1876,	val_loss: 6.9715
70:	[0s / 7s],		train_loss: 4.1873,	val_loss: 7.0033
71:	[0s / 7s],		train_loss: 4.1880,	val_loss: 7.0128
72:	[0s / 7s],		train_loss: 4.1734,	val_loss: 7.0560
73:	[0s / 8s],		train_loss: 4.1868,	val_loss: 7.0137
74:	[0s / 8s],		train_loss: 4.1816,	val_loss: 7.0099
75:	[0s / 8s],		train_loss: 4.1796,	val_loss: 6.9854
76:	[0s / 8s],		train_loss: 4.1788,	val_loss: 6.9960
77:	[0s / 8s],		train_loss: 4.1786,	val_loss: 7.1158
78:	[0s / 8s],		train_loss: 4.1596,	val_loss: 6.9801
79:	[0s / 8s],		train_loss: 4.1747,	val_loss: 7.0103
80:	[0s / 8s],		train_loss: 4.1707,	val_loss: 6.9940
81:	[0s / 8s],		train_loss: 4.1669,	val_loss: 7.0005
82:	[0s / 9s],		train_loss: 4.1607,	val_loss: 6.9786
83:	[0s / 9s],		train_loss: 4.1514,	val_loss: 6.9912
84:	[0s / 9s],		train_loss: 4.1763,	val_loss: 7.0789
85:	[0s / 9s],		train_loss: 4.1732,	val_loss: 6.9855
C-index TRAIN: 0.8630
C-index TEST:  0.8375
0:	[0s / 0s],		train_loss: 7.8990,	val_loss: 7.3352
1:	[0s / 0s],		train_loss: 4.4325,	val_loss: 7.1294
2:	[0s / 0s],		train_loss: 4.3744,	val_loss: 7.0813
3:	[0s / 0s],		train_loss: 4.3669,	val_loss: 7.1400
4:	[0s / 0s],		train_loss: 4.3613,	val_loss: 7.0466
5:	[0s / 0s],		train_loss: 4.3561,	val_loss: 7.2123
6:	[0s / 0s],		train_loss: 4.3739,	val_loss: 7.1902
7:	[0s / 0s],		train_loss: 4.4857,	val_loss: 7.1516
8:	[0s / 0s],		train_loss: 4.4338,	val_loss: 7.1124
9:	[0s / 0s],		train_loss: 4.3987,	val_loss: 7.1026
10:	[0s / 0s],		train_loss: 4.3980,	val_loss: 7.1421
11:	[0s / 0s],		train_loss: 4.3609,	val_loss: 7.1472
12:	[0s / 0s],		train_loss: 4.4341,	val_loss: 7.2080
13:	[0s / 1s],		train_loss: 4.4300,	val_loss: 7.6160
14:	[0s / 1s],		train_loss: 4.4109,	val_loss: 7.2314
15:	[0s / 1s],		train_loss: 4.4261,	val_loss: 7.1917
16:	[0s / 1s],		train_loss: 4.3953,	val_loss: 7.1436
17:	[0s / 1s],		train_loss: 4.4228,	val_loss: 7.1485
18:	[0s / 1s],		train_loss: 4.4907,	val_loss: 7.3162
19:	[0s / 1s],		train_loss: 4.5530,	val_loss: 7.2653
20:	[0s / 1s],		train_loss: 4.4237,	val_loss: 7.0769
21:	[0s / 1s],		train_loss: 4.4715,	val_loss: 7.4533
22:	[0s / 1s],		train_loss: 4.4769,	val_loss: 7.2271
23:	[0s / 1s],		train_loss: 4.4190,	val_loss: 7.2054
24:	[0s / 1s],		train_loss: 4.3814,	val_loss: 7.1610
C-index TRAIN: 0.8382
C-index TEST:  0.8328
  [ckpt] RSF baseline saved → checkpoints/tabpfn/HURRAH/-1/seed456/fold3/rsf_baseline.pkl
C-index train: 0.9416
C-index test:  0.8475
  Fitting Cox baseline...
C-index train: 0.8298
C-index test:  0.8233
X_train shape: (13567, 61), X_test shape: (3391, 61)
Generating TABPFN Embeddings...
Successfully generated embeddings with shape: (13567, 192)
0:	[0s / 0s],		train_loss: 2.8831,	val_loss: 7.5349
1:	[0s / 0s],		train_loss: 2.6887,	val_loss: 7.2896
2:	[0s / 0s],		train_loss: 2.6653,	val_loss: 7.2346
3:	[0s / 0s],		train_loss: 2.6553,	val_loss: 7.3331
4:	[0s / 0s],		train_loss: 2.6381,	val_loss: 7.3843
5:	[0s / 0s],		train_loss: 2.6381,	val_loss: 7.3706
6:	[0s / 0s],		train_loss: 2.6246,	val_loss: 7.2312
7:	[0s / 0s],		train_loss: 2.6326,	val_loss: 7.2915
8:	[0s / 0s],		train_loss: 2.6233,	val_loss: 7.2987
9:	[0s / 0s],		train_loss: 2.6118,	val_loss: 7.2893
10:	[0s / 0s],		train_loss: 2.6188,	val_loss: 7.3411
11:	[0s / 0s],		train_loss: 2.6173,	val_loss: 7.3442
12:	[0s / 1s],		train_loss: 2.6014,	val_loss: 7.3150
13:	[0s / 1s],		train_loss: 2.6185,	val_loss: 7.4665
14:	[0s / 1s],		train_loss: 2.6017,	val_loss: 7.4952
15:	[0s / 1s],		train_loss: 2.6016,	val_loss: 7.4229
16:	[0s / 1s],		train_loss: 2.5975,	val_loss: 7.3987
17:	[0s / 1s],		train_loss: 2.6091,	val_loss: 7.4447
18:	[0s / 1s],		train_loss: 2.6014,	val_loss: 7.4769
19:	[0s / 1s],		train_loss: 2.5899,	val_loss: 7.3759
20:	[0s / 1s],		train_loss: 2.6035,	val_loss: 7.4200
21:	[0s / 1s],		train_loss: 2.5926,	val_loss: 7.6177
22:	[0s / 1s],		train_loss: 2.5917,	val_loss: 7.5889
23:	[0s / 1s],		train_loss: 2.5954,	val_loss: 7.5019
24:	[0s / 1s],		train_loss: 2.5908,	val_loss: 7.4223
25:	[0s / 2s],		train_loss: 2.5897,	val_loss: 7.5690
26:	[0s / 2s],		train_loss: 2.5905,	val_loss: 7.4861
C-index TRAIN: 0.9593
C-index TEST:  0.8353
0:	[0s / 0s],		train_loss: 2.9654,	val_loss: 7.1489
1:	[0s / 0s],		train_loss: 2.7602,	val_loss: 18.8667
2:	[0s / 0s],		train_loss: 2.7251,	val_loss: 36.5246
3:	[0s / 0s],		train_loss: 2.7028,	val_loss: 43.4323
4:	[0s / 0s],		train_loss: 2.6691,	val_loss: 33.9088
5:	[0s / 0s],		train_loss: 2.6588,	val_loss: 46.3645
6:	[0s / 0s],		train_loss: 2.6546,	val_loss: 43.5588
7:	[0s / 0s],		train_loss: 2.6379,	val_loss: 42.8128
8:	[0s / 1s],		train_loss: 2.6445,	val_loss: 42.8393
9:	[0s / 1s],		train_loss: 2.6367,	val_loss: 42.0903
10:	[0s / 1s],		train_loss: 2.6306,	val_loss: 43.1806
11:	[0s / 1s],		train_loss: 2.6356,	val_loss: 36.3672
12:	[0s / 1s],		train_loss: 2.6300,	val_loss: 36.2637
13:	[0s / 1s],		train_loss: 2.6120,	val_loss: 41.1989
14:	[0s / 1s],		train_loss: 2.6325,	val_loss: 34.4198
15:	[0s / 1s],		train_loss: 2.6206,	val_loss: 90.4688
16:	[0s / 1s],		train_loss: 2.6271,	val_loss: 173.8191
17:	[0s / 2s],		train_loss: 2.6186,	val_loss: 104.0032
18:	[0s / 2s],		train_loss: 2.6085,	val_loss: 29.5038
19:	[0s / 2s],		train_loss: 2.6458,	val_loss: 28.8105
20:	[0s / 2s],		train_loss: 2.6059,	val_loss: 32.8418
C-index TRAIN: 0.9568
C-index TEST:  0.8408
  [ckpt] TABPFN RSF saved → checkpoints/tabpfn/HURRAH/-1/seed456/fold4/tabpfn_rsf.pkl
C-index train: 0.9797
C-index test:  0.8035
  Fitting TABPFN Cox (embedding)...
C-index train: 0.9582
C-index test:  0.8481
0:	[0s / 0s],		train_loss: 4.5631,	val_loss: 7.2573
1:	[0s / 0s],		train_loss: 4.4232,	val_loss: 7.0952
2:	[0s / 0s],		train_loss: 4.3795,	val_loss: 7.1332
3:	[0s / 0s],		train_loss: 4.3536,	val_loss: 7.0851
4:	[0s / 0s],		train_loss: 4.3316,	val_loss: 7.0471
5:	[0s / 0s],		train_loss: 4.3222,	val_loss: 7.0368
6:	[0s / 0s],		train_loss: 4.3209,	val_loss: 7.0562
7:	[0s / 0s],		train_loss: 4.3056,	val_loss: 7.0307
8:	[0s / 0s],		train_loss: 4.2966,	val_loss: 7.0631
9:	[0s / 1s],		train_loss: 4.3083,	val_loss: 7.0549
10:	[0s / 1s],		train_loss: 4.2776,	val_loss: 7.0551
11:	[0s / 1s],		train_loss: 4.2800,	val_loss: 7.0430
12:	[0s / 1s],		train_loss: 4.2877,	val_loss: 7.0167
13:	[0s / 1s],		train_loss: 4.2717,	val_loss: 7.0189
14:	[0s / 1s],		train_loss: 4.2802,	val_loss: 7.0460
15:	[0s / 1s],		train_loss: 4.2555,	val_loss: 7.0415
16:	[0s / 1s],		train_loss: 4.2600,	val_loss: 7.0091
17:	[0s / 1s],		train_loss: 4.2541,	val_loss: 7.0328
18:	[0s / 2s],		train_loss: 4.2418,	val_loss: 6.9914
19:	[0s / 2s],		train_loss: 4.2530,	val_loss: 7.0137
20:	[0s / 2s],		train_loss: 4.2456,	val_loss: 7.0511
21:	[0s / 2s],		train_loss: 4.2363,	val_loss: 6.9907
22:	[0s / 2s],		train_loss: 4.2267,	val_loss: 7.0033
23:	[0s / 2s],		train_loss: 4.2404,	val_loss: 7.0034
24:	[0s / 2s],		train_loss: 4.2251,	val_loss: 7.0233
25:	[0s / 2s],		train_loss: 4.2398,	val_loss: 7.0071
26:	[0s / 2s],		train_loss: 4.2440,	val_loss: 7.0190
27:	[0s / 3s],		train_loss: 4.2525,	val_loss: 7.0188
28:	[0s / 3s],		train_loss: 4.2335,	val_loss: 6.9786
29:	[0s / 3s],		train_loss: 4.2448,	val_loss: 7.0046
30:	[0s / 3s],		train_loss: 4.2267,	val_loss: 7.0054
31:	[0s / 3s],		train_loss: 4.2325,	val_loss: 7.0025
32:	[0s / 3s],		train_loss: 4.2262,	val_loss: 6.9966
33:	[0s / 3s],		train_loss: 4.2062,	val_loss: 7.0322
34:	[0s / 3s],		train_loss: 4.2180,	val_loss: 7.0115
35:	[0s / 3s],		train_loss: 4.2280,	val_loss: 7.0022
36:	[0s / 4s],		train_loss: 4.2268,	val_loss: 6.9942
37:	[0s / 4s],		train_loss: 4.2252,	val_loss: 7.0150
38:	[0s / 4s],		train_loss: 4.2255,	val_loss: 6.9909
39:	[0s / 4s],		train_loss: 4.2239,	val_loss: 7.0182
40:	[0s / 4s],		train_loss: 4.2214,	val_loss: 7.0008
41:	[0s / 4s],		train_loss: 4.2195,	val_loss: 6.9992
42:	[0s / 4s],		train_loss: 4.2091,	val_loss: 6.9622
43:	[0s / 4s],		train_loss: 4.2031,	val_loss: 6.9868
44:	[0s / 4s],		train_loss: 4.2158,	val_loss: 6.9872
45:	[0s / 4s],		train_loss: 4.1997,	val_loss: 6.9906
46:	[0s / 5s],		train_loss: 4.2273,	val_loss: 6.9773
47:	[0s / 5s],		train_loss: 4.2164,	val_loss: 7.0237
48:	[0s / 5s],		train_loss: 4.2219,	val_loss: 6.9999
49:	[0s / 5s],		train_loss: 4.2142,	val_loss: 6.9869
50:	[0s / 5s],		train_loss: 4.2184,	val_loss: 6.9874
51:	[0s / 5s],		train_loss: 4.2045,	val_loss: 6.9704
52:	[0s / 5s],		train_loss: 4.2165,	val_loss: 7.0034
53:	[0s / 5s],		train_loss: 4.2221,	val_loss: 7.0475
54:	[0s / 5s],		train_loss: 4.2221,	val_loss: 6.9831
55:	[0s / 6s],		train_loss: 4.2208,	val_loss: 6.9954
56:	[0s / 6s],		train_loss: 4.2210,	val_loss: 6.9728
57:	[0s / 6s],		train_loss: 4.2130,	val_loss: 7.0182
58:	[0s / 6s],		train_loss: 4.2093,	val_loss: 6.9924
59:	[0s / 6s],		train_loss: 4.1999,	val_loss: 6.9741
60:	[0s / 6s],		train_loss: 4.2095,	val_loss: 6.9857
61:	[0s / 6s],		train_loss: 4.2004,	val_loss: 7.0475
62:	[0s / 6s],		train_loss: 4.1927,	val_loss: 7.0009
C-index TRAIN: 0.8578
C-index TEST:  0.8426
0:	[0s / 0s],		train_loss: 7.4240,	val_loss: 7.3856
1:	[0s / 0s],		train_loss: 4.4885,	val_loss: 7.1456
2:	[0s / 0s],		train_loss: 4.3816,	val_loss: 7.0978
3:	[0s / 0s],		train_loss: 4.3926,	val_loss: 7.0905
4:	[0s / 0s],		train_loss: 4.3918,	val_loss: 7.1751
5:	[0s / 0s],		train_loss: 4.3985,	val_loss: 7.1112
6:	[0s / 0s],		train_loss: 4.3796,	val_loss: 7.0657
7:	[0s / 0s],		train_loss: 4.3780,	val_loss: 7.1765
8:	[0s / 0s],		train_loss: 4.3762,	val_loss: 7.2687
9:	[0s / 0s],		train_loss: 4.4191,	val_loss: 7.3736
10:	[0s / 0s],		train_loss: 4.4393,	val_loss: 7.0992
11:	[0s / 0s],		train_loss: 4.3803,	val_loss: 7.0751
12:	[0s / 0s],		train_loss: 4.3723,	val_loss: 7.0459
13:	[0s / 1s],		train_loss: 4.4380,	val_loss: 7.1493
14:	[0s / 1s],		train_loss: 4.4302,	val_loss: 7.2271
15:	[0s / 1s],		train_loss: 4.4582,	val_loss: 7.2926
16:	[0s / 1s],		train_loss: 4.4364,	val_loss: 7.1863
17:	[0s / 1s],		train_loss: 4.4623,	val_loss: 7.2769
18:	[0s / 1s],		train_loss: 4.4394,	val_loss: 7.2591
19:	[0s / 1s],		train_loss: 4.3917,	val_loss: 7.1383
20:	[0s / 1s],		train_loss: 4.5096,	val_loss: 7.6815
21:	[0s / 1s],		train_loss: 4.5714,	val_loss: 7.0613
22:	[0s / 1s],		train_loss: 4.3734,	val_loss: 7.3789
23:	[0s / 1s],		train_loss: 4.6242,	val_loss: 7.1627
24:	[0s / 1s],		train_loss: 4.3629,	val_loss: 7.1504
25:	[0s / 1s],		train_loss: 4.3993,	val_loss: 7.1317
26:	[0s / 1s],		train_loss: 4.3397,	val_loss: 7.2382
27:	[0s / 2s],		train_loss: 4.5471,	val_loss: 7.0993
28:	[0s / 2s],		train_loss: 4.4103,	val_loss: 7.1897
29:	[0s / 2s],		train_loss: 4.3836,	val_loss: 7.0894
30:	[0s / 2s],		train_loss: 4.3645,	val_loss: 7.2534
31:	[0s / 2s],		train_loss: 4.4450,	val_loss: 7.1335
32:	[0s / 2s],		train_loss: 4.3833,	val_loss: 7.1330
C-index TRAIN: 0.8418
C-index TEST:  0.8271
  [ckpt] RSF baseline saved → checkpoints/tabpfn/HURRAH/-1/seed456/fold4/rsf_baseline.pkl
C-index train: 0.9415
C-index test:  0.8447
  Fitting Cox baseline...
C-index train: 0.8313
C-index test:  0.8151
X_train shape: (13567, 61), X_test shape: (3391, 61)
Generating TABPFN Embeddings...
Successfully generated embeddings with shape: (13567, 192)
0:	[0s / 0s],		train_loss: 2.8897,	val_loss: 7.4538
1:	[0s / 0s],		train_loss: 2.7041,	val_loss: 7.2186
2:	[0s / 0s],		train_loss: 2.6803,	val_loss: 7.1587
3:	[0s / 0s],		train_loss: 2.6649,	val_loss: 7.1748
4:	[0s / 0s],		train_loss: 2.6556,	val_loss: 7.1688
5:	[0s / 0s],		train_loss: 2.6477,	val_loss: 7.2115
6:	[0s / 0s],		train_loss: 2.6535,	val_loss: 7.1357
7:	[0s / 0s],		train_loss: 2.6558,	val_loss: 7.1671
8:	[0s / 0s],		train_loss: 2.6401,	val_loss: 7.1652
9:	[0s / 0s],		train_loss: 2.6467,	val_loss: 7.2317
10:	[0s / 0s],		train_loss: 2.6461,	val_loss: 7.2891
11:	[0s / 0s],		train_loss: 2.6348,	val_loss: 7.3285
12:	[0s / 1s],		train_loss: 2.6303,	val_loss: 7.4433
13:	[0s / 1s],		train_loss: 2.6433,	val_loss: 7.4282
14:	[0s / 1s],		train_loss: 2.6285,	val_loss: 7.4247
15:	[0s / 1s],		train_loss: 2.6259,	val_loss: 7.4730
16:	[0s / 1s],		train_loss: 2.6266,	val_loss: 7.5394
17:	[0s / 1s],		train_loss: 2.6140,	val_loss: 7.4446
18:	[0s / 1s],		train_loss: 2.6295,	val_loss: 7.4000
19:	[0s / 1s],		train_loss: 2.6272,	val_loss: 7.4362
20:	[0s / 1s],		train_loss: 2.6316,	val_loss: 7.6380
21:	[0s / 1s],		train_loss: 2.6366,	val_loss: 7.5832
22:	[0s / 1s],		train_loss: 2.6210,	val_loss: 7.6632
23:	[0s / 1s],		train_loss: 2.6140,	val_loss: 7.7229
24:	[0s / 2s],		train_loss: 2.6103,	val_loss: 7.5496
25:	[0s / 2s],		train_loss: 2.6164,	val_loss: 7.6207
26:	[0s / 2s],		train_loss: 2.6108,	val_loss: 7.6968
C-index TRAIN: 0.9594
C-index TEST:  0.8431
0:	[0s / 0s],		train_loss: 2.9542,	val_loss: 19.8908
1:	[0s / 0s],		train_loss: 2.7795,	val_loss: 264.2747
2:	[0s / 0s],		train_loss: 2.7373,	val_loss: 420.3746
3:	[0s / 0s],		train_loss: 2.7184,	val_loss: 442.5676
4:	[0s / 0s],		train_loss: 2.7007,	val_loss: 480.7578
5:	[0s / 0s],		train_loss: 2.6837,	val_loss: 552.1446
6:	[0s / 0s],		train_loss: 2.6692,	val_loss: 435.0587
7:	[0s / 0s],		train_loss: 2.6553,	val_loss: 375.6124
8:	[0s / 0s],		train_loss: 2.6425,	val_loss: 555.7391
9:	[0s / 1s],		train_loss: 2.6565,	val_loss: 689.9749
10:	[0s / 1s],		train_loss: 2.6401,	val_loss: 557.8502
11:	[0s / 1s],		train_loss: 2.6363,	val_loss: 755.7261
12:	[0s / 1s],		train_loss: 2.6508,	val_loss: 1121.3480
13:	[0s / 1s],		train_loss: 2.6328,	val_loss: 811.8975
14:	[0s / 1s],		train_loss: 2.6070,	val_loss: 991.0749
15:	[0s / 1s],		train_loss: 2.6177,	val_loss: 1046.1658
16:	[0s / 1s],		train_loss: 2.5970,	val_loss: 638.9724
17:	[0s / 1s],		train_loss: 2.6015,	val_loss: 521.2116
18:	[0s / 2s],		train_loss: 2.5830,	val_loss: 535.5324
19:	[0s / 2s],		train_loss: 2.6020,	val_loss: 293.7056
20:	[0s / 2s],		train_loss: 2.5876,	val_loss: 261.1448
C-index TRAIN: 0.9536
C-index TEST:  0.5285
  [ckpt] TABPFN RSF saved → checkpoints/tabpfn/HURRAH/-1/seed456/fold5/tabpfn_rsf.pkl
C-index train: 0.9791
C-index test:  0.8107
  Fitting TABPFN Cox (embedding)...
C-index train: 0.9566
C-index test:  0.8511
0:	[0s / 0s],		train_loss: 4.6625,	val_loss: 7.4192
1:	[0s / 0s],		train_loss: 4.4189,	val_loss: 7.2259
2:	[0s / 0s],		train_loss: 4.4016,	val_loss: 7.1067
3:	[0s / 0s],		train_loss: 4.3414,	val_loss: 7.1066
4:	[0s / 0s],		train_loss: 4.3497,	val_loss: 30.7662
5:	[0s / 0s],		train_loss: 4.3116,	val_loss: 7.2312
6:	[0s / 0s],		train_loss: 4.3212,	val_loss: 7.1084
7:	[0s / 0s],		train_loss: 4.3060,	val_loss: 7.0425
8:	[0s / 1s],		train_loss: 4.2946,	val_loss: 7.0522
9:	[0s / 1s],		train_loss: 4.2820,	val_loss: 7.1068
10:	[0s / 1s],		train_loss: 4.2684,	val_loss: 7.0807
11:	[0s / 1s],		train_loss: 4.2812,	val_loss: 7.0732
12:	[0s / 1s],		train_loss: 4.2684,	val_loss: 7.2098
13:	[0s / 1s],		train_loss: 4.2723,	val_loss: 7.1606
14:	[0s / 1s],		train_loss: 4.2760,	val_loss: 7.0572
15:	[0s / 1s],		train_loss: 4.2661,	val_loss: 7.0493
16:	[0s / 1s],		train_loss: 4.2615,	val_loss: 7.0207
17:	[0s / 2s],		train_loss: 4.2567,	val_loss: 7.0448
18:	[0s / 2s],		train_loss: 4.2606,	val_loss: 7.1924
19:	[0s / 2s],		train_loss: 4.2506,	val_loss: 12.5381
20:	[0s / 2s],		train_loss: 4.2521,	val_loss: 7.0499
21:	[0s / 2s],		train_loss: 4.2513,	val_loss: 7.0452
22:	[0s / 2s],		train_loss: 4.2540,	val_loss: 7.1589
23:	[0s / 2s],		train_loss: 4.2474,	val_loss: 7.0267
24:	[0s / 2s],		train_loss: 4.2600,	val_loss: 7.0418
25:	[0s / 2s],		train_loss: 4.2519,	val_loss: 7.0483
26:	[0s / 3s],		train_loss: 4.2419,	val_loss: 7.5407
27:	[0s / 3s],		train_loss: 4.2419,	val_loss: 8.0222
28:	[0s / 3s],		train_loss: 4.2396,	val_loss: 7.0059
29:	[0s / 3s],		train_loss: 4.2340,	val_loss: 7.0396
30:	[0s / 3s],		train_loss: 4.2185,	val_loss: 7.0020
31:	[0s / 3s],		train_loss: 4.2382,	val_loss: 9.3771
32:	[0s / 3s],		train_loss: 4.2295,	val_loss: 7.3368
33:	[0s / 3s],		train_loss: 4.2155,	val_loss: 6.9825
34:	[0s / 4s],		train_loss: 4.2093,	val_loss: 7.0238
35:	[0s / 4s],		train_loss: 4.2109,	val_loss: 6.9918
36:	[0s / 4s],		train_loss: 4.2179,	val_loss: 6.9714
37:	[0s / 4s],		train_loss: 4.2294,	val_loss: 6.9956
38:	[0s / 4s],		train_loss: 4.2042,	val_loss: 7.2487
39:	[0s / 4s],		train_loss: 4.2211,	val_loss: 7.0958
40:	[0s / 4s],		train_loss: 4.2189,	val_loss: 7.0080
41:	[0s / 4s],		train_loss: 4.2068,	val_loss: 248.4654
42:	[0s / 5s],		train_loss: 4.2188,	val_loss: 191.0035
43:	[0s / 5s],		train_loss: 4.2276,	val_loss: 122.3149
44:	[0s / 5s],		train_loss: 4.2163,	val_loss: 7.0451
45:	[0s / 5s],		train_loss: 4.2188,	val_loss: 7.0532
46:	[0s / 5s],		train_loss: 4.2274,	val_loss: 7.1760
47:	[0s / 5s],		train_loss: 4.2127,	val_loss: 6.9939
48:	[0s / 5s],		train_loss: 4.2026,	val_loss: 7.0064
49:	[0s / 5s],		train_loss: 4.2128,	val_loss: 7.0948
50:	[0s / 5s],		train_loss: 4.1982,	val_loss: 8.1042
51:	[0s / 6s],		train_loss: 4.1947,	val_loss: 7.0808
52:	[0s / 6s],		train_loss: 4.1999,	val_loss: 7.0140
53:	[0s / 6s],		train_loss: 4.2051,	val_loss: 6.9649
54:	[0s / 6s],		train_loss: 4.2010,	val_loss: 7.0015
55:	[0s / 6s],		train_loss: 4.2133,	val_loss: 7.0187
56:	[0s / 6s],		train_loss: 4.1975,	val_loss: 7.0107
57:	[0s / 6s],		train_loss: 4.1933,	val_loss: 6.9698
58:	[0s / 6s],		train_loss: 4.2003,	val_loss: 6.9699
59:	[0s / 6s],		train_loss: 4.2036,	val_loss: 6.9785
60:	[0s / 7s],		train_loss: 4.1955,	val_loss: 7.0039
61:	[0s / 7s],		train_loss: 4.1967,	val_loss: 7.0110
62:	[0s / 7s],		train_loss: 4.1920,	val_loss: 6.9903
63:	[0s / 7s],		train_loss: 4.2059,	val_loss: 6.9583
64:	[0s / 7s],		train_loss: 4.1853,	val_loss: 7.0247
65:	[0s / 7s],		train_loss: 4.1987,	val_loss: 6.9594
66:	[0s / 7s],		train_loss: 4.1907,	val_loss: 6.9658
67:	[0s / 7s],		train_loss: 4.1743,	val_loss: 6.9998
68:	[0s / 7s],		train_loss: 4.1800,	val_loss: 6.9608
69:	[0s / 8s],		train_loss: 4.1903,	val_loss: 6.9984
70:	[0s / 8s],		train_loss: 4.1775,	val_loss: 6.9711
71:	[0s / 8s],		train_loss: 4.1919,	val_loss: 6.9686
72:	[0s / 8s],		train_loss: 4.1919,	val_loss: 6.9868
73:	[0s / 8s],		train_loss: 4.1811,	val_loss: 7.0004
74:	[0s / 8s],		train_loss: 4.1933,	val_loss: 6.9612
75:	[0s / 8s],		train_loss: 4.1769,	val_loss: 6.9531
76:	[0s / 8s],		train_loss: 4.1679,	val_loss: 6.9626
77:	[0s / 8s],		train_loss: 4.1718,	val_loss: 7.0116
78:	[0s / 9s],		train_loss: 4.1728,	val_loss: 8.0698
79:	[0s / 9s],		train_loss: 4.1756,	val_loss: 6.9937
80:	[0s / 9s],		train_loss: 4.1687,	val_loss: 6.9522
81:	[0s / 9s],		train_loss: 4.1770,	val_loss: 7.1071
82:	[0s / 9s],		train_loss: 4.1729,	val_loss: 6.9915
83:	[0s / 9s],		train_loss: 4.1806,	val_loss: 7.1637
84:	[0s / 9s],		train_loss: 4.1729,	val_loss: 7.3287
85:	[0s / 9s],		train_loss: 4.1656,	val_loss: 6.9685
86:	[0s / 9s],		train_loss: 4.1694,	val_loss: 7.0551
87:	[0s / 10s],		train_loss: 4.1699,	val_loss: 7.5443
88:	[0s / 10s],		train_loss: 4.1658,	val_loss: 6.9390
89:	[0s / 10s],		train_loss: 4.1681,	val_loss: 7.2695
90:	[0s / 10s],		train_loss: 4.1758,	val_loss: 6.9814
91:	[0s / 10s],		train_loss: 4.1579,	val_loss: 6.9594
92:	[0s / 10s],		train_loss: 4.1807,	val_loss: 7.0361
93:	[0s / 10s],		train_loss: 4.1691,	val_loss: 7.0325
94:	[0s / 10s],		train_loss: 4.1778,	val_loss: 6.9685
95:	[0s / 10s],		train_loss: 4.1769,	val_loss: 6.9455
96:	[0s / 11s],		train_loss: 4.1544,	val_loss: 6.9332
97:	[0s / 11s],		train_loss: 4.1666,	val_loss: 7.2958
98:	[0s / 11s],		train_loss: 4.1845,	val_loss: 7.8664
99:	[0s / 11s],		train_loss: 4.1735,	val_loss: 6.9766
C-index TRAIN: 0.8669
C-index TEST:  0.8511
0:	[0s / 0s],		train_loss: 12.2832,	val_loss: 7.6489
1:	[0s / 0s],		train_loss: 4.4850,	val_loss: 7.1496
2:	[0s / 0s],		train_loss: 4.3801,	val_loss: 7.1342
3:	[0s / 0s],		train_loss: 4.3296,	val_loss: 7.0636
4:	[0s / 0s],		train_loss: 4.3552,	val_loss: 7.0724
5:	[0s / 0s],		train_loss: 4.3550,	val_loss: 7.1393
6:	[0s / 0s],		train_loss: 4.3545,	val_loss: 7.0918
7:	[0s / 0s],		train_loss: 4.3485,	val_loss: 7.1353
8:	[0s / 0s],		train_loss: 4.3482,	val_loss: 7.1306
9:	[0s / 0s],		train_loss: 4.3829,	val_loss: 7.0669
10:	[0s / 0s],		train_loss: 4.3834,	val_loss: 7.1067
11:	[0s / 0s],		train_loss: 4.3804,	val_loss: 7.0699
12:	[0s / 0s],		train_loss: 4.3843,	val_loss: 7.1031
13:	[0s / 1s],		train_loss: 4.3738,	val_loss: 7.1923
14:	[0s / 1s],		train_loss: 4.3535,	val_loss: 7.1906
15:	[0s / 1s],		train_loss: 4.3835,	val_loss: 7.3472
16:	[0s / 1s],		train_loss: 4.4496,	val_loss: 7.2380
17:	[0s / 1s],		train_loss: 4.4190,	val_loss: 7.2294
18:	[0s / 1s],		train_loss: 4.4614,	val_loss: 7.3757
19:	[0s / 1s],		train_loss: 4.3728,	val_loss: 7.1160
20:	[0s / 1s],		train_loss: 4.3644,	val_loss: 7.1072
21:	[0s / 1s],		train_loss: 4.3695,	val_loss: 7.0841
22:	[0s / 1s],		train_loss: 4.4209,	val_loss: 7.1567
23:	[0s / 1s],		train_loss: 4.4659,	val_loss: 7.5918
C-index TRAIN: 0.8338
C-index TEST:  0.8282
  [ckpt] RSF baseline saved → checkpoints/tabpfn/HURRAH/-1/seed456/fold5/rsf_baseline.pkl
C-index train: 0.9420
C-index test:  0.8606
  Fitting Cox baseline...
C-index train: 0.8279
C-index test:  0.8236


Preprocess: Keep NaN
Loading existing folds from tmp/splits/HURRAH_seed456.pkl
X_train shape: (13566, 61), X_test shape: (3392, 61)
Generating TABPFN Embeddings...
Successfully generated embeddings with shape: (13566, 192)
0:	[0s / 0s],		train_loss: 2.8914,	val_loss: 7.3733
1:	[0s / 0s],		train_loss: 2.6564,	val_loss: 7.1539
2:	[0s / 0s],		train_loss: 2.6370,	val_loss: 7.2017
3:	[0s / 0s],		train_loss: 2.6426,	val_loss: 7.3824
4:	[0s / 0s],		train_loss: 2.6242,	val_loss: 7.2198
5:	[0s / 0s],		train_loss: 2.6195,	val_loss: 7.3019
6:	[0s / 0s],		train_loss: 2.6038,	val_loss: 7.3152
7:	[0s / 0s],		train_loss: 2.6027,	val_loss: 7.2053
8:	[0s / 0s],		train_loss: 2.6049,	val_loss: 7.3311
9:	[0s / 0s],		train_loss: 2.6088,	val_loss: 7.1861
10:	[0s / 0s],		train_loss: 2.6023,	val_loss: 7.2138
11:	[0s / 0s],		train_loss: 2.5972,	val_loss: 7.2279
12:	[0s / 1s],		train_loss: 2.5999,	val_loss: 7.3161
13:	[0s / 1s],		train_loss: 2.5936,	val_loss: 7.4533
14:	[0s / 1s],		train_loss: 2.5949,	val_loss: 7.2790
15:	[0s / 1s],		train_loss: 2.5890,	val_loss: 7.3503
16:	[0s / 1s],		train_loss: 2.5841,	val_loss: 7.4286
17:	[0s / 1s],		train_loss: 2.5945,	val_loss: 7.4582
18:	[0s / 1s],		train_loss: 2.5803,	val_loss: 7.4588
19:	[0s / 1s],		train_loss: 2.5832,	val_loss: 7.3331
20:	[0s / 1s],		train_loss: 2.5881,	val_loss: 7.4473
21:	[0s / 1s],		train_loss: 2.5691,	val_loss: 7.3712
C-index TRAIN: 0.9579
C-index TEST:  0.8451
0:	[0s / 0s],		train_loss: 2.8760,	val_loss: 12.5315
1:	[0s / 0s],		train_loss: 2.7232,	val_loss: 113.8156
2:	[0s / 0s],		train_loss: 2.6966,	val_loss: 175.8189
3:	[0s / 0s],		train_loss: 2.6694,	val_loss: 157.4346
4:	[0s / 0s],		train_loss: 2.6528,	val_loss: 158.3888
5:	[0s / 0s],		train_loss: 2.6324,	val_loss: 171.9087
6:	[0s / 0s],		train_loss: 2.6274,	val_loss: 181.5126
7:	[0s / 0s],		train_loss: 2.6188,	val_loss: 198.7644
8:	[0s / 1s],		train_loss: 2.6196,	val_loss: 183.3759
9:	[0s / 1s],		train_loss: 2.6105,	val_loss: 187.5384
10:	[0s / 1s],		train_loss: 2.6050,	val_loss: 184.7672
11:	[0s / 1s],		train_loss: 2.5962,	val_loss: 181.5546
12:	[0s / 1s],		train_loss: 2.5949,	val_loss: 208.7295
13:	[0s / 1s],		train_loss: 2.5988,	val_loss: 169.8178
14:	[0s / 1s],		train_loss: 2.5815,	val_loss: 190.7731
15:	[0s / 1s],		train_loss: 2.5898,	val_loss: 186.5710
16:	[0s / 1s],		train_loss: 2.5721,	val_loss: 152.9813
17:	[0s / 2s],		train_loss: 2.5665,	val_loss: 174.1249
18:	[0s / 2s],		train_loss: 2.5374,	val_loss: 162.1422
19:	[0s / 2s],		train_loss: 2.5586,	val_loss: 207.6762
20:	[0s / 2s],		train_loss: 2.6339,	val_loss: 5359.4495
C-index TRAIN: 0.9585
C-index TEST:  0.8359
  [ckpt] TABPFN RSF saved → checkpoints/tabpfn/HURRAH/NaN/seed456/fold1/tabpfn_rsf.pkl
C-index train: 0.9802
C-index test:  0.8113
  Fitting TABPFN Cox (embedding)...
C-index train: 0.9596
C-index test:  0.8441
X_train shape: (13566, 61), X_test shape: (3392, 61)
Generating TABPFN Embeddings...
Successfully generated embeddings with shape: (13566, 192)
0:	[0s / 0s],		train_loss: 2.9262,	val_loss: 7.2716
1:	[0s / 0s],		train_loss: 2.6874,	val_loss: 7.2010
2:	[0s / 0s],		train_loss: 2.6774,	val_loss: 7.1111
3:	[0s / 0s],		train_loss: 2.6567,	val_loss: 7.1587
4:	[0s / 0s],		train_loss: 2.6465,	val_loss: 7.2884
5:	[0s / 0s],		train_loss: 2.6426,	val_loss: 7.2506
6:	[0s / 0s],		train_loss: 2.6396,	val_loss: 7.2563
7:	[0s / 0s],		train_loss: 2.6307,	val_loss: 7.3124
8:	[0s / 0s],		train_loss: 2.6325,	val_loss: 7.1650
9:	[0s / 0s],		train_loss: 2.6322,	val_loss: 7.2701
10:	[0s / 0s],		train_loss: 2.6245,	val_loss: 7.2141
11:	[0s / 0s],		train_loss: 2.6396,	val_loss: 7.2746
12:	[0s / 0s],		train_loss: 2.6266,	val_loss: 7.3405
13:	[0s / 1s],		train_loss: 2.6206,	val_loss: 7.2478
14:	[0s / 1s],		train_loss: 2.6299,	val_loss: 7.2396
15:	[0s / 1s],		train_loss: 2.6238,	val_loss: 7.5786
16:	[0s / 1s],		train_loss: 2.6304,	val_loss: 7.5883
17:	[0s / 1s],		train_loss: 2.6214,	val_loss: 7.3889
18:	[0s / 1s],		train_loss: 2.6236,	val_loss: 7.3921
19:	[0s / 1s],		train_loss: 2.6179,	val_loss: 7.4872
20:	[0s / 1s],		train_loss: 2.6222,	val_loss: 7.4103
21:	[0s / 1s],		train_loss: 2.6196,	val_loss: 7.2951
22:	[0s / 1s],		train_loss: 2.6124,	val_loss: 7.3736
C-index TRAIN: 0.9568
C-index TEST:  0.8534
0:	[0s / 0s],		train_loss: 2.9348,	val_loss: 8.1613
1:	[0s / 0s],		train_loss: 2.7601,	val_loss: 44.4147
2:	[0s / 0s],		train_loss: 2.7334,	val_loss: 65.6957
3:	[0s / 0s],		train_loss: 2.7040,	val_loss: 66.8168
4:	[0s / 0s],		train_loss: 2.6854,	val_loss: 94.4686
5:	[0s / 0s],		train_loss: 2.6820,	val_loss: 89.8428
6:	[0s / 0s],		train_loss: 2.6588,	val_loss: 92.0153
7:	[0s / 0s],		train_loss: 2.6600,	val_loss: 83.1863
8:	[0s / 1s],		train_loss: 2.6648,	val_loss: 97.2920
9:	[0s / 1s],		train_loss: 2.6413,	val_loss: 97.4941
10:	[0s / 1s],		train_loss: 2.6508,	val_loss: 85.2593
11:	[0s / 1s],		train_loss: 2.6466,	val_loss: 86.1922
12:	[0s / 1s],		train_loss: 2.6349,	val_loss: 89.1139
13:	[0s / 1s],		train_loss: 2.6270,	val_loss: 86.0150
14:	[0s / 1s],		train_loss: 2.6523,	val_loss: 82.3183
15:	[0s / 1s],		train_loss: 2.6274,	val_loss: 80.2280
16:	[0s / 1s],		train_loss: 2.6316,	val_loss: 83.9197
17:	[0s / 2s],		train_loss: 2.6301,	val_loss: 73.5788
18:	[0s / 2s],		train_loss: 2.6344,	val_loss: 76.6387
19:	[0s / 2s],		train_loss: 2.6311,	val_loss: 69.8393
20:	[0s / 2s],		train_loss: 2.6204,	val_loss: 74.3757
C-index TRAIN: 0.9561
C-index TEST:  0.7246
  [ckpt] TABPFN RSF saved → checkpoints/tabpfn/HURRAH/NaN/seed456/fold2/tabpfn_rsf.pkl
C-index train: 0.9796
C-index test:  0.8200
  Fitting TABPFN Cox (embedding)...
C-index train: 0.9570
C-index test:  0.8546
X_train shape: (13566, 61), X_test shape: (3392, 61)
Generating TABPFN Embeddings...
Successfully generated embeddings with shape: (13566, 192)
0:	[0s / 0s],		train_loss: 2.8814,	val_loss: 7.3737
1:	[0s / 0s],		train_loss: 2.6695,	val_loss: 7.2477
2:	[0s / 0s],		train_loss: 2.6537,	val_loss: 7.2207
3:	[0s / 0s],		train_loss: 2.6471,	val_loss: 7.1675
4:	[0s / 0s],		train_loss: 2.6382,	val_loss: 7.3405
5:	[0s / 0s],		train_loss: 2.6469,	val_loss: 7.3259
6:	[0s / 0s],		train_loss: 2.6230,	val_loss: 7.2701
7:	[0s / 0s],		train_loss: 2.6234,	val_loss: 7.2077
8:	[0s / 0s],		train_loss: 2.6175,	val_loss: 7.2402
9:	[0s / 0s],		train_loss: 2.6169,	val_loss: 7.4253
10:	[0s / 0s],		train_loss: 2.6178,	val_loss: 7.2956
11:	[0s / 0s],		train_loss: 2.6167,	val_loss: 7.3121
12:	[0s / 0s],		train_loss: 2.6070,	val_loss: 7.4351
13:	[0s / 1s],		train_loss: 2.6114,	val_loss: 7.3011
14:	[0s / 1s],		train_loss: 2.6155,	val_loss: 7.2247
15:	[0s / 1s],		train_loss: 2.6023,	val_loss: 7.3743
16:	[0s / 1s],		train_loss: 2.6072,	val_loss: 7.2832
17:	[0s / 1s],		train_loss: 2.6069,	val_loss: 7.3670
18:	[0s / 1s],		train_loss: 2.6074,	val_loss: 7.3496
19:	[0s / 1s],		train_loss: 2.5992,	val_loss: 7.3406
20:	[0s / 1s],		train_loss: 2.5995,	val_loss: 7.2723
21:	[0s / 1s],		train_loss: 2.6020,	val_loss: 7.2722
22:	[0s / 1s],		train_loss: 2.5981,	val_loss: 7.3071
23:	[0s / 1s],		train_loss: 2.5999,	val_loss: 7.3280
C-index TRAIN: 0.9603
C-index TEST:  0.8431
0:	[0s / 0s],		train_loss: 2.9236,	val_loss: 13.9356
1:	[0s / 0s],		train_loss: 2.7655,	val_loss: 175.8002
2:	[0s / 0s],		train_loss: 2.7153,	val_loss: 292.4941
3:	[0s / 0s],		train_loss: 2.7064,	val_loss: 205.8761
4:	[0s / 0s],		train_loss: 2.6824,	val_loss: 257.8291
5:	[0s / 0s],		train_loss: 2.6618,	val_loss: 259.0814
6:	[0s / 0s],		train_loss: 2.6687,	val_loss: 247.2991
7:	[0s / 0s],		train_loss: 2.6475,	val_loss: 202.1330
8:	[0s / 0s],		train_loss: 2.6443,	val_loss: 243.0924
9:	[0s / 1s],		train_loss: 2.6433,	val_loss: 227.9626
10:	[0s / 1s],		train_loss: 2.6299,	val_loss: 201.5426
11:	[0s / 1s],		train_loss: 2.6355,	val_loss: 201.0762
12:	[0s / 1s],		train_loss: 2.6328,	val_loss: 189.4467
13:	[0s / 1s],		train_loss: 2.6173,	val_loss: 205.3573
14:	[0s / 1s],		train_loss: 2.6213,	val_loss: 169.0762
15:	[0s / 1s],		train_loss: 2.6209,	val_loss: 153.5963
16:	[0s / 1s],		train_loss: 2.6187,	val_loss: 190.3203
17:	[0s / 1s],		train_loss: 2.6219,	val_loss: 156.4424
18:	[0s / 2s],		train_loss: 2.6208,	val_loss: 162.0028
19:	[0s / 2s],		train_loss: 2.6204,	val_loss: 155.1782
20:	[0s / 2s],		train_loss: 2.6096,	val_loss: 150.2332
C-index TRAIN: 0.9577
C-index TEST:  0.6698
  [ckpt] TABPFN RSF saved → checkpoints/tabpfn/HURRAH/NaN/seed456/fold3/tabpfn_rsf.pkl
C-index train: 0.9796
C-index test:  0.8159
  Fitting TABPFN Cox (embedding)...
C-index train: 0.9594
C-index test:  0.8427
X_train shape: (13567, 61), X_test shape: (3391, 61)
Generating TABPFN Embeddings...
Successfully generated embeddings with shape: (13567, 192)
0:	[0s / 0s],		train_loss: 2.8926,	val_loss: 7.5280
1:	[0s / 0s],		train_loss: 2.6858,	val_loss: 7.3176
2:	[0s / 0s],		train_loss: 2.6674,	val_loss: 7.2202
3:	[0s / 0s],		train_loss: 2.6581,	val_loss: 7.3234
4:	[0s / 0s],		train_loss: 2.6382,	val_loss: 7.4252
5:	[0s / 0s],		train_loss: 2.6356,	val_loss: 7.4660
6:	[0s / 0s],		train_loss: 2.6294,	val_loss: 7.2795
7:	[0s / 0s],		train_loss: 2.6338,	val_loss: 7.3680
8:	[0s / 0s],		train_loss: 2.6294,	val_loss: 7.3230
9:	[0s / 0s],		train_loss: 2.6197,	val_loss: 7.3779
10:	[0s / 0s],		train_loss: 2.6267,	val_loss: 7.3874
11:	[0s / 0s],		train_loss: 2.6229,	val_loss: 7.4197
12:	[0s / 0s],		train_loss: 2.6153,	val_loss: 7.4766
13:	[0s / 1s],		train_loss: 2.6244,	val_loss: 7.6548
14:	[0s / 1s],		train_loss: 2.6063,	val_loss: 7.6580
15:	[0s / 1s],		train_loss: 2.6088,	val_loss: 7.5441
16:	[0s / 1s],		train_loss: 2.6063,	val_loss: 7.4718
17:	[0s / 1s],		train_loss: 2.6159,	val_loss: 7.3806
18:	[0s / 1s],		train_loss: 2.6085,	val_loss: 7.5155
19:	[0s / 1s],		train_loss: 2.6082,	val_loss: 7.5397
20:	[0s / 1s],		train_loss: 2.6051,	val_loss: 7.4780
21:	[0s / 1s],		train_loss: 2.5989,	val_loss: 7.6661
22:	[0s / 1s],		train_loss: 2.5965,	val_loss: 7.7067
C-index TRAIN: 0.9581
C-index TEST:  0.8473
0:	[0s / 0s],		train_loss: 2.9682,	val_loss: 7.3641
1:	[0s / 0s],		train_loss: 2.7631,	val_loss: 24.5716
2:	[0s / 0s],		train_loss: 2.7228,	val_loss: 43.0415
3:	[0s / 0s],		train_loss: 2.7129,	val_loss: 31.2548
4:	[0s / 0s],		train_loss: 2.6807,	val_loss: 46.9323
5:	[0s / 0s],		train_loss: 2.6652,	val_loss: 51.3431
6:	[0s / 0s],		train_loss: 2.6530,	val_loss: 56.6636
7:	[0s / 0s],		train_loss: 2.6515,	val_loss: 44.8010
8:	[0s / 0s],		train_loss: 2.6528,	val_loss: 50.5603
9:	[0s / 1s],		train_loss: 2.6367,	val_loss: 60.3694
10:	[0s / 1s],		train_loss: 2.6379,	val_loss: 58.4589
11:	[0s / 1s],		train_loss: 2.6403,	val_loss: 66.4450
12:	[0s / 1s],		train_loss: 2.6272,	val_loss: 62.2916
13:	[0s / 1s],		train_loss: 2.6163,	val_loss: 62.4660
14:	[0s / 1s],		train_loss: 2.6360,	val_loss: 63.8184
15:	[0s / 1s],		train_loss: 2.6295,	val_loss: 63.7182
16:	[0s / 1s],		train_loss: 2.6189,	val_loss: 54.3553
17:	[0s / 1s],		train_loss: 2.6195,	val_loss: 60.0111
18:	[0s / 2s],		train_loss: 2.6124,	val_loss: 60.0017
19:	[0s / 2s],		train_loss: 2.6312,	val_loss: 56.1524
20:	[0s / 2s],		train_loss: 2.6175,	val_loss: 50.4938
C-index TRAIN: 0.9573
C-index TEST:  0.8206
  [ckpt] TABPFN RSF saved → checkpoints/tabpfn/HURRAH/NaN/seed456/fold4/tabpfn_rsf.pkl
C-index train: 0.9794
C-index test:  0.8099
  Fitting TABPFN Cox (embedding)...
C-index train: 0.9580
C-index test:  0.8469
X_train shape: (13567, 61), X_test shape: (3391, 61)
Generating TABPFN Embeddings...
Successfully generated embeddings with shape: (13567, 192)
0:	[0s / 0s],		train_loss: 2.9019,	val_loss: 7.3757
1:	[0s / 0s],		train_loss: 2.7130,	val_loss: 7.2643
2:	[0s / 0s],		train_loss: 2.6809,	val_loss: 7.1570
3:	[0s / 0s],		train_loss: 2.6699,	val_loss: 7.2448
4:	[0s / 0s],		train_loss: 2.6588,	val_loss: 7.1576
5:	[0s / 0s],		train_loss: 2.6480,	val_loss: 7.3143
6:	[0s / 0s],		train_loss: 2.6520,	val_loss: 7.2545
7:	[0s / 0s],		train_loss: 2.6559,	val_loss: 7.2585
8:	[0s / 0s],		train_loss: 2.6386,	val_loss: 7.2615
9:	[0s / 0s],		train_loss: 2.6494,	val_loss: 7.1763
10:	[0s / 0s],		train_loss: 2.6501,	val_loss: 7.2131
11:	[0s / 0s],		train_loss: 2.6377,	val_loss: 7.3697
12:	[0s / 0s],		train_loss: 2.6362,	val_loss: 7.3832
13:	[0s / 1s],		train_loss: 2.6412,	val_loss: 7.3591
14:	[0s / 1s],		train_loss: 2.6248,	val_loss: 7.3913
15:	[0s / 1s],		train_loss: 2.6270,	val_loss: 7.3688
16:	[0s / 1s],		train_loss: 2.6236,	val_loss: 7.4634
17:	[0s / 1s],		train_loss: 2.6179,	val_loss: 7.3519
18:	[0s / 1s],		train_loss: 2.6248,	val_loss: 7.3724
19:	[0s / 1s],		train_loss: 2.6302,	val_loss: 7.3274
20:	[0s / 1s],		train_loss: 2.6273,	val_loss: 7.5845
21:	[0s / 1s],		train_loss: 2.6280,	val_loss: 7.4448
22:	[0s / 1s],		train_loss: 2.6163,	val_loss: 7.4586
C-index TRAIN: 0.9572
C-index TEST:  0.8520
0:	[0s / 0s],		train_loss: 2.9552,	val_loss: 11.5190
1:	[0s / 0s],		train_loss: 2.7829,	val_loss: 79.9906
2:	[0s / 0s],		train_loss: 2.7431,	val_loss: 168.9817
3:	[0s / 0s],		train_loss: 2.7201,	val_loss: 220.3194
4:	[0s / 0s],		train_loss: 2.6908,	val_loss: 247.8846
5:	[0s / 0s],		train_loss: 2.6773,	val_loss: 264.3394
6:	[0s / 0s],		train_loss: 2.6599,	val_loss: 253.4009
7:	[0s / 0s],		train_loss: 2.6449,	val_loss: 207.5150
8:	[0s / 1s],		train_loss: 2.6464,	val_loss: 191.8357
9:	[0s / 1s],		train_loss: 2.6435,	val_loss: 187.2254
10:	[0s / 1s],		train_loss: 2.6528,	val_loss: 186.8805
11:	[0s / 1s],		train_loss: 2.6438,	val_loss: 144.7451
12:	[0s / 1s],		train_loss: 2.6411,	val_loss: 159.4101
13:	[0s / 1s],		train_loss: 2.6387,	val_loss: 165.4783
14:	[0s / 1s],		train_loss: 2.6309,	val_loss: 171.5592
15:	[0s / 1s],		train_loss: 2.6499,	val_loss: 191.5615
16:	[0s / 1s],		train_loss: 2.6310,	val_loss: 196.6003
17:	[0s / 2s],		train_loss: 2.6322,	val_loss: 203.2461
18:	[0s / 2s],		train_loss: 2.6265,	val_loss: 201.2490
19:	[0s / 2s],		train_loss: 2.6234,	val_loss: 198.5444
20:	[0s / 2s],		train_loss: 2.6387,	val_loss: 190.8877
C-index TRAIN: 0.9537
C-index TEST:  0.7646
  [ckpt] TABPFN RSF saved → checkpoints/tabpfn/HURRAH/NaN/seed456/fold5/tabpfn_rsf.pkl
C-index train: 0.9796
C-index test:  0.7846
  Fitting TABPFN Cox (embedding)...
C-index train: 0.9569
C-index test:  0.8515

  Preprocess: -1 | Seed: 456
  TABPFN Train Vanilla → mean: 0.956543 | std: 0.001493 | min: 0.953631 | max: 0.957793
  TABPFN Test Vanilla → mean: 0.699955 | std: 0.119390 | min: 0.528488 | max: 0.840806
  TABPFN Train Simple → mean: 0.959093 | std: 0.000891 | min: 0.957905 | max: 0.960485
  TABPFN Test Simple → mean: 0.845266 | std: 0.007658 | min: 0.835312 | max: 0.858688
  TABPFN Train RSF → mean: 0.979476 | std: 0.000249 | min: 0.979099 | max: 0.979757
  TABPFN Test RSF → mean: 0.817117 | std: 0.014593 | min: 0.803478 | max: 0.841974
  TABPFN Train Cox → mean: 0.958219 | std: 0.000940 | min: 0.956563 | max: 0.959408
  TABPFN Test Cox → mean: 0.850670 | std: 0.004752 | min: 0.847064 | max: 0.859735
  Train DeepSurv Vanilla → mean: 0.858597 | std: 0.007254 | min: 0.845450 | max: 0.866872
  Test DeepSurv Vanilla → mean: 0.846506 | std: 0.005646 | min: 0.837533 | max: 0.852666
  Train DeepSurv Simple → mean: 0.836974 | std: 0.003072 | min: 0.833604 | max: 0.841843
  Test DeepSurv Simple → mean: 0.833547 | std: 0.007891 | min: 0.827083 | max: 0.848818
  Train RSF  → mean: 0.941957 | std: 0.000445 | min: 0.941489 | max: 0.942764
  Test RSF   → mean: 0.852011 | std: 0.006049 | min: 0.844664 | max: 0.860618
  Train Cox  → mean: 0.828158 | std: 0.002323 | min: 0.824469 | max: 0.831299
  Test Cox   → mean: 0.826174 | std: 0.008891 | min: 0.815081 | max: 0.842201

  Preprocess: NaN | Seed: 456
  TABPFN Train Vanilla → mean: 0.956681 | std: 0.001678 | min: 0.953702 | max: 0.958549
  TABPFN Test Vanilla → mean: 0.763094 | std: 0.061311 | min: 0.669837 | max: 0.835922
  TABPFN Train Simple → mean: 0.958062 | std: 0.001202 | min: 0.956822 | max: 0.960265
  TABPFN Test Simple → mean: 0.848170 | std: 0.003953 | min: 0.843079 | max: 0.853407
  TABPFN Train RSF → mean: 0.979665 | std: 0.000279 | min: 0.979409 | max: 0.980209
  TABPFN Test RSF → mean: 0.808338 | std: 0.012396 | min: 0.784597 | max: 0.820023
  TABPFN Train Cox → mean: 0.958164 | std: 0.001166 | min: 0.956852 | max: 0.959577
  TABPFN Test Cox → mean: 0.847989 | std: 0.004477 | min: 0.842731 | max: 0.854630
Result saved in 'results/HURRAH/tabpfn/results_cv_HURRAH_tabpfn_seed456.txt'
