/scratch.hpc/luca.cotugno/Foundation_model_clinical_data/src/tabicl/embedding.py:142: UserWarning: The given NumPy array is not writable, and PyTorch does not support non-writable tensors. This means writing to this tensor will result in undefined behavior. You may want to copy the array to protect its data or make it writable before converting it to a tensor. This type of warning will be suppressed for the rest of this program. (Triggered internally at /pytorch/torch/csrc/utils/tensor_numpy.cpp:213.)
  y_t = torch.from_numpy(y_ctx).long().unsqueeze(0).to(self.device)    # (1, ctx_size)
/scratch.hpc/luca.cotugno/Foundation_model_clinical_data/.venv/lib/python3.12/site-packages/sklearn/utils/validation.py:2684: UserWarning: X has feature names, but RandomSurvivalForest was fitted without feature names
  warnings.warn(
/scratch.hpc/luca.cotugno/Foundation_model_clinical_data/.venv/lib/python3.12/site-packages/sklearn/utils/validation.py:2684: UserWarning: X has feature names, but RandomSurvivalForest was fitted without feature names
  warnings.warn(
/scratch.hpc/luca.cotugno/Foundation_model_clinical_data/.venv/lib/python3.12/site-packages/sklearn/utils/validation.py:2684: UserWarning: X has feature names, but RandomSurvivalForest was fitted without feature names
  warnings.warn(
/scratch.hpc/luca.cotugno/Foundation_model_clinical_data/.venv/lib/python3.12/site-packages/sklearn/utils/validation.py:2684: UserWarning: X has feature names, but RandomSurvivalForest was fitted without feature names
  warnings.warn(
/scratch.hpc/luca.cotugno/Foundation_model_clinical_data/.venv/lib/python3.12/site-packages/sklearn/utils/validation.py:2684: UserWarning: X has feature names, but RandomSurvivalForest was fitted without feature names
  warnings.warn(
/scratch.hpc/luca.cotugno/Foundation_model_clinical_data/.venv/lib/python3.12/site-packages/sklearn/utils/validation.py:2684: UserWarning: X has feature names, but RandomSurvivalForest was fitted without feature names
  warnings.warn(
/scratch.hpc/luca.cotugno/Foundation_model_clinical_data/.venv/lib/python3.12/site-packages/sklearn/utils/validation.py:2684: UserWarning: X has feature names, but RandomSurvivalForest was fitted without feature names
  warnings.warn(
/scratch.hpc/luca.cotugno/Foundation_model_clinical_data/.venv/lib/python3.12/site-packages/sklearn/utils/validation.py:2684: UserWarning: X has feature names, but RandomSurvivalForest was fitted without feature names
  warnings.warn(
/scratch.hpc/luca.cotugno/Foundation_model_clinical_data/.venv/lib/python3.12/site-packages/sklearn/utils/validation.py:2684: UserWarning: X has feature names, but RandomSurvivalForest was fitted without feature names
  warnings.warn(
/scratch.hpc/luca.cotugno/Foundation_model_clinical_data/.venv/lib/python3.12/site-packages/sklearn/utils/validation.py:2684: UserWarning: X has feature names, but RandomSurvivalForest was fitted without feature names
  warnings.warn(
STARTED  model=tabicl  seed=123  tuning=False  shap=False


Preprocess: Replace NaN with -1
Loading existing folds from tmp/splits/OrmoniTirodei_seed123.pkl
X_train shape: (5161, 76), X_test shape: (1291, 76)
Generating TABICL Embeddings...
Warming up TabICL model (triggering checkpoint load)...
ARRIVATO QUI 1
Loading TabICL model checkpoint 'tabicl-classifier-v1.1-0506.ckpt'...
ARRIVATO QUI
Performing dummy prediction to ensure model is loaded...
Warming up TabICL model (triggering checkpoint load)...
ARRIVATO QUI 1
Loading TabICL model checkpoint 'tabicl-classifier-v1.1-0506.ckpt'...
ARRIVATO QUI
Performing dummy prediction to ensure model is loaded...
Successfully generated embeddings with shape: (5161, 512)
0:	[0s / 0s],		train_loss: 3.6030,	val_loss: 7.2479
1:	[0s / 0s],		train_loss: 3.3060,	val_loss: 6.7627
2:	[0s / 0s],		train_loss: 3.3017,	val_loss: 6.6611
3:	[0s / 0s],		train_loss: 3.2369,	val_loss: 6.6519
4:	[0s / 0s],		train_loss: 3.2421,	val_loss: 6.5781
5:	[0s / 0s],		train_loss: 3.2273,	val_loss: 6.5813
6:	[0s / 0s],		train_loss: 3.2190,	val_loss: 6.6280
7:	[0s / 0s],		train_loss: 3.2630,	val_loss: 6.6536
8:	[0s / 0s],		train_loss: 3.1911,	val_loss: 6.6144
9:	[0s / 0s],		train_loss: 3.1932,	val_loss: 6.6229
10:	[0s / 0s],		train_loss: 3.2169,	val_loss: 6.7019
11:	[0s / 0s],		train_loss: 3.2338,	val_loss: 6.8948
12:	[0s / 0s],		train_loss: 3.3689,	val_loss: 6.6453
13:	[0s / 0s],		train_loss: 3.2398,	val_loss: 6.6680
14:	[0s / 1s],		train_loss: 3.2087,	val_loss: 6.6455
15:	[0s / 1s],		train_loss: 3.1331,	val_loss: 6.8946
16:	[0s / 1s],		train_loss: 3.1798,	val_loss: 6.6487
17:	[0s / 1s],		train_loss: 3.1730,	val_loss: 6.6359
18:	[0s / 1s],		train_loss: 3.1354,	val_loss: 6.5953
19:	[0s / 1s],		train_loss: 3.1364,	val_loss: 6.6475
20:	[0s / 1s],		train_loss: 3.1309,	val_loss: 6.6490
21:	[0s / 1s],		train_loss: 3.1318,	val_loss: 6.8447
22:	[0s / 1s],		train_loss: 3.2461,	val_loss: 6.8238
23:	[0s / 1s],		train_loss: 3.1796,	val_loss: 6.7384
24:	[0s / 1s],		train_loss: 3.1154,	val_loss: 6.8046
C-index TRAIN: 0.9222
C-index TEST:  0.7302
0:	[0s / 0s],		train_loss: 3.5788,	val_loss: 6.6946
1:	[0s / 0s],		train_loss: 3.3559,	val_loss: 6.5689
2:	[0s / 0s],		train_loss: 3.2847,	val_loss: 6.5390
3:	[0s / 0s],		train_loss: 3.2657,	val_loss: 6.5619
4:	[0s / 0s],		train_loss: 3.2695,	val_loss: 6.5680
5:	[0s / 0s],		train_loss: 3.2307,	val_loss: 6.5636
6:	[0s / 0s],		train_loss: 3.2296,	val_loss: 6.6566
7:	[0s / 0s],		train_loss: 3.2172,	val_loss: 6.6350
8:	[0s / 0s],		train_loss: 3.2074,	val_loss: 6.6942
9:	[0s / 0s],		train_loss: 3.1959,	val_loss: 6.8605
10:	[0s / 0s],		train_loss: 3.1956,	val_loss: 6.6455
11:	[0s / 0s],		train_loss: 3.1784,	val_loss: 6.6667
12:	[0s / 0s],		train_loss: 3.1971,	val_loss: 6.6381
13:	[0s / 0s],		train_loss: 3.1981,	val_loss: 6.7381
14:	[0s / 0s],		train_loss: 3.1862,	val_loss: 6.8248
15:	[0s / 0s],		train_loss: 3.1466,	val_loss: 6.9472
16:	[0s / 0s],		train_loss: 3.1582,	val_loss: 6.7824
17:	[0s / 1s],		train_loss: 3.1553,	val_loss: 6.9365
18:	[0s / 1s],		train_loss: 3.1848,	val_loss: 7.0128
19:	[0s / 1s],		train_loss: 3.1443,	val_loss: 7.1565
20:	[0s / 1s],		train_loss: 3.1724,	val_loss: 6.9835
21:	[0s / 1s],		train_loss: 3.1600,	val_loss: 7.1603
22:	[0s / 1s],		train_loss: 3.1177,	val_loss: 7.3003
C-index TRAIN: 0.9199
C-index TEST:  0.7420
  [ckpt] TABICL RSF saved → checkpoints/tabicl/OrmoniTirodei/-1/seed123/fold1/tabicl_rsf.pkl
C-index train: 0.9650
C-index test:  0.7282
  Fitting TABICL Cox (embedding)...
C-index train: 0.9269
C-index test:  0.7440
0:	[0s / 0s],		train_loss: 5.0358,	val_loss: 6.6372
1:	[0s / 0s],		train_loss: 4.6330,	val_loss: 6.4162
2:	[0s / 0s],		train_loss: 4.4873,	val_loss: 6.3464
3:	[0s / 0s],		train_loss: 4.4526,	val_loss: 6.3288
4:	[0s / 0s],		train_loss: 4.4328,	val_loss: 6.3523
5:	[0s / 0s],		train_loss: 4.4403,	val_loss: 6.3080
6:	[0s / 0s],		train_loss: 4.4210,	val_loss: 6.3098
7:	[0s / 0s],		train_loss: 4.4521,	val_loss: 6.3063
8:	[0s / 0s],		train_loss: 4.4180,	val_loss: 6.2945
9:	[0s / 0s],		train_loss: 4.3846,	val_loss: 6.2903
10:	[0s / 0s],		train_loss: 4.4007,	val_loss: 6.3111
11:	[0s / 0s],		train_loss: 4.3840,	val_loss: 6.2846
12:	[0s / 0s],		train_loss: 4.3789,	val_loss: 6.3089
13:	[0s / 0s],		train_loss: 4.3616,	val_loss: 6.3097
14:	[0s / 0s],		train_loss: 4.3690,	val_loss: 6.2780
15:	[0s / 0s],		train_loss: 4.3874,	val_loss: 6.2912
16:	[0s / 0s],		train_loss: 4.3552,	val_loss: 6.2864
17:	[0s / 0s],		train_loss: 4.3646,	val_loss: 6.2640
18:	[0s / 0s],		train_loss: 4.3444,	val_loss: 6.2652
19:	[0s / 1s],		train_loss: 4.3719,	val_loss: 6.2832
20:	[0s / 1s],		train_loss: 4.3587,	val_loss: 6.2945
21:	[0s / 1s],		train_loss: 4.3892,	val_loss: 6.2938
22:	[0s / 1s],		train_loss: 4.3600,	val_loss: 6.2615
23:	[0s / 1s],		train_loss: 4.3402,	val_loss: 6.2650
24:	[0s / 1s],		train_loss: 4.3586,	val_loss: 6.2938
25:	[0s / 1s],		train_loss: 4.3613,	val_loss: 6.2851
26:	[0s / 1s],		train_loss: 4.3416,	val_loss: 6.2705
27:	[0s / 1s],		train_loss: 4.3479,	val_loss: 6.2816
28:	[0s / 1s],		train_loss: 4.3394,	val_loss: 6.2609
29:	[0s / 1s],		train_loss: 4.3426,	val_loss: 6.2772
30:	[0s / 1s],		train_loss: 4.3461,	val_loss: 6.2673
31:	[0s / 1s],		train_loss: 4.3284,	val_loss: 6.2642
32:	[0s / 1s],		train_loss: 4.3154,	val_loss: 6.2805
33:	[0s / 1s],		train_loss: 4.3372,	val_loss: 6.2723
34:	[0s / 1s],		train_loss: 4.3410,	val_loss: 6.2889
35:	[0s / 1s],		train_loss: 4.3267,	val_loss: 6.2780
36:	[0s / 1s],		train_loss: 4.3375,	val_loss: 6.2827
37:	[0s / 1s],		train_loss: 4.3257,	val_loss: 6.2848
38:	[0s / 1s],		train_loss: 4.3570,	val_loss: 6.2619
39:	[0s / 1s],		train_loss: 4.3685,	val_loss: 6.2861
40:	[0s / 1s],		train_loss: 4.3446,	val_loss: 6.2664
41:	[0s / 2s],		train_loss: 4.3302,	val_loss: 6.2782
42:	[0s / 2s],		train_loss: 4.3472,	val_loss: 6.2724
43:	[0s / 2s],		train_loss: 4.3395,	val_loss: 6.2769
44:	[0s / 2s],		train_loss: 4.2931,	val_loss: 6.3037
45:	[0s / 2s],		train_loss: 4.3156,	val_loss: 6.3087
46:	[0s / 2s],		train_loss: 4.3425,	val_loss: 6.2737
47:	[0s / 2s],		train_loss: 4.2797,	val_loss: 6.2771
48:	[0s / 2s],		train_loss: 4.3292,	val_loss: 6.2551
49:	[0s / 2s],		train_loss: 4.3175,	val_loss: 6.2649
50:	[0s / 2s],		train_loss: 4.3049,	val_loss: 6.2741
51:	[0s / 2s],		train_loss: 4.3009,	val_loss: 6.3031
52:	[0s / 2s],		train_loss: 4.3217,	val_loss: 6.2906
53:	[0s / 2s],		train_loss: 4.3096,	val_loss: 6.2625
54:	[0s / 2s],		train_loss: 4.2749,	val_loss: 6.2817
55:	[0s / 2s],		train_loss: 4.2898,	val_loss: 6.2629
56:	[0s / 2s],		train_loss: 4.2627,	val_loss: 6.2640
57:	[0s / 2s],		train_loss: 4.3307,	val_loss: 6.2847
58:	[0s / 2s],		train_loss: 4.2893,	val_loss: 6.2687
59:	[0s / 2s],		train_loss: 4.3041,	val_loss: 6.2943
60:	[0s / 2s],		train_loss: 4.3097,	val_loss: 6.3239
61:	[0s / 2s],		train_loss: 4.3296,	val_loss: 6.2587
62:	[0s / 3s],		train_loss: 4.2912,	val_loss: 6.3591
63:	[0s / 3s],		train_loss: 4.2830,	val_loss: 6.2835
64:	[0s / 3s],		train_loss: 4.2992,	val_loss: 6.2603
65:	[0s / 3s],		train_loss: 4.2907,	val_loss: 6.2937
66:	[0s / 3s],		train_loss: 4.2840,	val_loss: 6.2660
67:	[0s / 3s],		train_loss: 4.2872,	val_loss: 6.2715
68:	[0s / 3s],		train_loss: 4.2710,	val_loss: 6.3120
C-index TRAIN: 0.8093
C-index TEST:  0.7892
0:	[0s / 0s],		train_loss: 90.9410,	val_loss: 21.3757
1:	[0s / 0s],		train_loss: 12.7074,	val_loss: 13.9305
2:	[0s / 0s],		train_loss: 11.0691,	val_loss: 13.0523
3:	[0s / 0s],		train_loss: 10.6242,	val_loss: 12.7814
4:	[0s / 0s],		train_loss: 10.0391,	val_loss: 10.6192
5:	[0s / 0s],		train_loss: 6.8983,	val_loss: 8.8656
6:	[0s / 0s],		train_loss: 6.6640,	val_loss: 10.4894
7:	[0s / 0s],		train_loss: 7.6282,	val_loss: 10.0445
8:	[0s / 0s],		train_loss: 6.7395,	val_loss: 8.9974
9:	[0s / 0s],		train_loss: 5.8275,	val_loss: 8.2009
10:	[0s / 0s],		train_loss: 5.6498,	val_loss: 7.5395
11:	[0s / 0s],		train_loss: 4.9841,	val_loss: 7.0005
12:	[0s / 0s],		train_loss: 4.9025,	val_loss: 6.8879
13:	[0s / 0s],		train_loss: 4.5809,	val_loss: 6.6827
14:	[0s / 0s],		train_loss: 4.6977,	val_loss: 7.7856
15:	[0s / 0s],		train_loss: 6.0783,	val_loss: 8.6094
16:	[0s / 0s],		train_loss: 6.9713,	val_loss: 8.5225
17:	[0s / 0s],		train_loss: 6.3654,	val_loss: 7.6725
18:	[0s / 0s],		train_loss: 5.4138,	val_loss: 6.9273
19:	[0s / 0s],		train_loss: 4.7943,	val_loss: 7.0292
20:	[0s / 0s],		train_loss: 4.7920,	val_loss: 6.8269
21:	[0s / 0s],		train_loss: 4.9954,	val_loss: 7.7799
22:	[0s / 0s],		train_loss: 5.9709,	val_loss: 7.8407
23:	[0s / 0s],		train_loss: 4.9723,	val_loss: 7.0335
24:	[0s / 0s],		train_loss: 5.1919,	val_loss: 7.6887
25:	[0s / 0s],		train_loss: 6.1795,	val_loss: 9.1323
26:	[0s / 0s],		train_loss: 8.1654,	val_loss: 12.0381
27:	[0s / 0s],		train_loss: 7.9529,	val_loss: 10.8736
28:	[0s / 0s],		train_loss: 7.1080,	val_loss: 9.6798
29:	[0s / 1s],		train_loss: 7.5767,	val_loss: 10.2397
30:	[0s / 1s],		train_loss: 6.5252,	val_loss: 8.7872
31:	[0s / 1s],		train_loss: 6.5298,	val_loss: 11.3176
32:	[0s / 1s],		train_loss: 8.2751,	val_loss: 11.2545
33:	[0s / 1s],		train_loss: 7.1968,	val_loss: 9.3225
C-index TRAIN: 0.7735
C-index TEST:  0.7463
  [ckpt] RSF baseline saved → checkpoints/tabicl/OrmoniTirodei/-1/seed123/fold1/rsf_baseline.pkl
C-index train: 0.9083
C-index test:  0.7925
  Fitting Cox baseline...
C-index train: 0.8011
C-index test:  0.7873
X_train shape: (5161, 76), X_test shape: (1291, 76)
Generating TABICL Embeddings...
Warming up TabICL model (triggering checkpoint load)...
ARRIVATO QUI 1
Loading TabICL model checkpoint 'tabicl-classifier-v1.1-0506.ckpt'...
ARRIVATO QUI
Performing dummy prediction to ensure model is loaded...
Warming up TabICL model (triggering checkpoint load)...
ARRIVATO QUI 1
Loading TabICL model checkpoint 'tabicl-classifier-v1.1-0506.ckpt'...
ARRIVATO QUI
Performing dummy prediction to ensure model is loaded...
Successfully generated embeddings with shape: (5161, 512)
0:	[0s / 0s],		train_loss: 3.5109,	val_loss: 6.6252
1:	[0s / 0s],		train_loss: 3.3025,	val_loss: 6.5762
2:	[0s / 0s],		train_loss: 3.2948,	val_loss: 6.6645
3:	[0s / 0s],		train_loss: 3.3145,	val_loss: 6.5483
4:	[0s / 0s],		train_loss: 3.2466,	val_loss: 6.6509
5:	[0s / 0s],		train_loss: 3.2286,	val_loss: 6.8496
6:	[0s / 0s],		train_loss: 3.2246,	val_loss: 6.6205
7:	[0s / 0s],		train_loss: 3.1925,	val_loss: 6.9028
8:	[0s / 0s],		train_loss: 3.1811,	val_loss: 6.5887
9:	[0s / 0s],		train_loss: 3.2133,	val_loss: 6.6019
10:	[0s / 0s],		train_loss: 3.1770,	val_loss: 6.8147
11:	[0s / 0s],		train_loss: 3.1841,	val_loss: 6.8278
12:	[0s / 0s],		train_loss: 3.1565,	val_loss: 6.6695
13:	[0s / 0s],		train_loss: 3.1973,	val_loss: 6.7693
14:	[0s / 0s],		train_loss: 3.2175,	val_loss: 6.8449
15:	[0s / 0s],		train_loss: 3.2043,	val_loss: 6.9673
16:	[0s / 0s],		train_loss: 3.1650,	val_loss: 7.0883
17:	[0s / 0s],		train_loss: 3.1753,	val_loss: 6.9307
18:	[0s / 0s],		train_loss: 3.1872,	val_loss: 6.8100
19:	[0s / 0s],		train_loss: 3.1971,	val_loss: 6.7819
20:	[0s / 0s],		train_loss: 3.1714,	val_loss: 6.7737
21:	[0s / 0s],		train_loss: 3.2191,	val_loss: 6.8303
22:	[0s / 0s],		train_loss: 3.1707,	val_loss: 6.8913
23:	[0s / 0s],		train_loss: 3.1505,	val_loss: 6.9551
C-index TRAIN: 0.9196
C-index TEST:  0.7264
0:	[0s / 0s],		train_loss: 3.5192,	val_loss: 6.4622
1:	[0s / 0s],		train_loss: 3.2925,	val_loss: 6.5456
2:	[0s / 0s],		train_loss: 3.2783,	val_loss: 6.4654
3:	[0s / 0s],		train_loss: 3.2721,	val_loss: 6.4943
4:	[0s / 0s],		train_loss: 3.2344,	val_loss: 6.5575
5:	[0s / 0s],		train_loss: 3.2316,	val_loss: 6.5760
6:	[0s / 0s],		train_loss: 3.2314,	val_loss: 6.7832
7:	[0s / 0s],		train_loss: 3.2143,	val_loss: 6.8077
8:	[0s / 0s],		train_loss: 3.2036,	val_loss: 6.7542
9:	[0s / 0s],		train_loss: 3.2258,	val_loss: 6.5559
10:	[0s / 0s],		train_loss: 3.1945,	val_loss: 6.7958
11:	[0s / 0s],		train_loss: 3.2047,	val_loss: 6.5705
12:	[0s / 0s],		train_loss: 3.1455,	val_loss: 6.6402
13:	[0s / 0s],		train_loss: 3.1897,	val_loss: 6.7318
14:	[0s / 0s],		train_loss: 3.1622,	val_loss: 6.6465
15:	[0s / 0s],		train_loss: 3.1501,	val_loss: 6.7790
16:	[0s / 0s],		train_loss: 3.1798,	val_loss: 6.7012
17:	[0s / 0s],		train_loss: 3.1772,	val_loss: 6.6350
18:	[0s / 0s],		train_loss: 3.1708,	val_loss: 6.8134
19:	[0s / 1s],		train_loss: 3.1593,	val_loss: 6.7376
20:	[0s / 1s],		train_loss: 3.1468,	val_loss: 6.8252
C-index TRAIN: 0.9153
C-index TEST:  0.7554
  [ckpt] TABICL RSF saved → checkpoints/tabicl/OrmoniTirodei/-1/seed123/fold2/tabicl_rsf.pkl
C-index train: 0.9656
C-index test:  0.7418
  Fitting TABICL Cox (embedding)...
C-index train: 0.9263
C-index test:  0.7436
0:	[0s / 0s],		train_loss: 4.9026,	val_loss: 6.6663
1:	[0s / 0s],		train_loss: 4.6654,	val_loss: 6.4431
2:	[0s / 0s],		train_loss: 4.5198,	val_loss: 6.3610
3:	[0s / 0s],		train_loss: 4.5075,	val_loss: 6.3299
4:	[0s / 0s],		train_loss: 4.4831,	val_loss: 6.3495
5:	[0s / 0s],		train_loss: 4.4355,	val_loss: 6.3280
6:	[0s / 0s],		train_loss: 4.4446,	val_loss: 6.3029
7:	[0s / 0s],		train_loss: 4.4470,	val_loss: 6.3196
8:	[0s / 0s],		train_loss: 4.4394,	val_loss: 6.2966
9:	[0s / 0s],		train_loss: 4.4087,	val_loss: 6.2934
10:	[0s / 0s],		train_loss: 4.4210,	val_loss: 6.3084
11:	[0s / 0s],		train_loss: 4.4148,	val_loss: 6.2882
12:	[0s / 0s],		train_loss: 4.3706,	val_loss: 6.2774
13:	[0s / 0s],		train_loss: 4.3869,	val_loss: 6.3022
14:	[0s / 0s],		train_loss: 4.3992,	val_loss: 6.2880
15:	[0s / 0s],		train_loss: 4.3816,	val_loss: 6.2742
16:	[0s / 0s],		train_loss: 4.3868,	val_loss: 6.2993
17:	[0s / 0s],		train_loss: 4.4229,	val_loss: 6.2973
18:	[0s / 0s],		train_loss: 4.4240,	val_loss: 6.2575
19:	[0s / 1s],		train_loss: 4.3800,	val_loss: 6.3117
20:	[0s / 1s],		train_loss: 4.3708,	val_loss: 6.2684
21:	[0s / 1s],		train_loss: 4.3784,	val_loss: 6.2506
22:	[0s / 1s],		train_loss: 4.3636,	val_loss: 6.2466
23:	[0s / 1s],		train_loss: 4.3683,	val_loss: 6.2600
24:	[0s / 1s],		train_loss: 4.4113,	val_loss: 6.2711
25:	[0s / 1s],		train_loss: 4.3777,	val_loss: 6.2535
26:	[0s / 1s],		train_loss: 4.3667,	val_loss: 6.2687
27:	[0s / 1s],		train_loss: 4.3682,	val_loss: 6.2778
28:	[0s / 1s],		train_loss: 4.3552,	val_loss: 6.2601
29:	[0s / 1s],		train_loss: 4.3381,	val_loss: 6.2547
30:	[0s / 1s],		train_loss: 4.3434,	val_loss: 6.2593
31:	[0s / 1s],		train_loss: 4.3324,	val_loss: 6.2492
32:	[0s / 1s],		train_loss: 4.3283,	val_loss: 6.2582
33:	[0s / 1s],		train_loss: 4.3335,	val_loss: 6.2562
34:	[0s / 1s],		train_loss: 4.3123,	val_loss: 6.2490
35:	[0s / 1s],		train_loss: 4.3332,	val_loss: 6.2549
36:	[0s / 1s],		train_loss: 4.3409,	val_loss: 6.2715
37:	[0s / 1s],		train_loss: 4.3263,	val_loss: 6.2676
38:	[0s / 1s],		train_loss: 4.3308,	val_loss: 6.2721
39:	[0s / 2s],		train_loss: 4.3429,	val_loss: 6.2580
40:	[0s / 2s],		train_loss: 4.3172,	val_loss: 6.2489
41:	[0s / 2s],		train_loss: 4.3319,	val_loss: 6.2561
42:	[0s / 2s],		train_loss: 4.3232,	val_loss: 6.2613
C-index TRAIN: 0.8038
C-index TEST:  0.8003
0:	[0s / 0s],		train_loss: 67.3126,	val_loss: 18.8595
1:	[0s / 0s],		train_loss: 14.7409,	val_loss: 15.9678
2:	[0s / 0s],		train_loss: 12.5578,	val_loss: 12.7551
3:	[0s / 0s],		train_loss: 8.7477,	val_loss: 11.0320
4:	[0s / 0s],		train_loss: 8.1493,	val_loss: 11.1654
5:	[0s / 0s],		train_loss: 8.6097,	val_loss: 9.8082
6:	[0s / 0s],		train_loss: 7.0010,	val_loss: 8.8787
7:	[0s / 0s],		train_loss: 6.7331,	val_loss: 8.6126
8:	[0s / 0s],		train_loss: 6.4456,	val_loss: 8.9997
9:	[0s / 0s],		train_loss: 6.8832,	val_loss: 8.8464
10:	[0s / 0s],		train_loss: 5.9285,	val_loss: 7.6709
11:	[0s / 0s],		train_loss: 5.2737,	val_loss: 6.8179
12:	[0s / 0s],		train_loss: 5.0404,	val_loss: 6.6681
13:	[0s / 0s],		train_loss: 4.6195,	val_loss: 6.6821
14:	[0s / 0s],		train_loss: 4.5240,	val_loss: 6.4050
15:	[0s / 0s],		train_loss: 4.5778,	val_loss: 6.6742
16:	[0s / 0s],		train_loss: 5.1398,	val_loss: 6.9025
17:	[0s / 0s],		train_loss: 4.7907,	val_loss: 6.9880
18:	[0s / 0s],		train_loss: 5.5181,	val_loss: 8.5230
19:	[0s / 0s],		train_loss: 6.2738,	val_loss: 8.6521
20:	[0s / 0s],		train_loss: 6.8628,	val_loss: 8.6333
21:	[0s / 0s],		train_loss: 5.9480,	val_loss: 7.9810
22:	[0s / 0s],		train_loss: 6.0248,	val_loss: 7.0907
23:	[0s / 0s],		train_loss: 4.7792,	val_loss: 6.7677
24:	[0s / 0s],		train_loss: 4.8988,	val_loss: 6.6837
25:	[0s / 0s],		train_loss: 4.8846,	val_loss: 7.0298
26:	[0s / 0s],		train_loss: 5.2313,	val_loss: 6.9428
27:	[0s / 1s],		train_loss: 4.8708,	val_loss: 6.9116
28:	[0s / 1s],		train_loss: 4.6722,	val_loss: 6.5921
29:	[0s / 1s],		train_loss: 4.5892,	val_loss: 6.4334
30:	[0s / 1s],		train_loss: 4.6848,	val_loss: 7.1499
31:	[0s / 1s],		train_loss: 5.8516,	val_loss: 7.2581
32:	[0s / 1s],		train_loss: 4.7530,	val_loss: 7.2107
33:	[0s / 1s],		train_loss: 6.9773,	val_loss: 9.9560
34:	[0s / 1s],		train_loss: 7.2889,	val_loss: 8.2155
C-index TRAIN: 0.7903
C-index TEST:  0.7965
  [ckpt] RSF baseline saved → checkpoints/tabicl/OrmoniTirodei/-1/seed123/fold2/rsf_baseline.pkl
C-index train: 0.9092
C-index test:  0.7914
  Fitting Cox baseline...
C-index train: 0.8003
C-index test:  0.7982
X_train shape: (5162, 76), X_test shape: (1290, 76)
Generating TABICL Embeddings...
Warming up TabICL model (triggering checkpoint load)...
ARRIVATO QUI 1
Loading TabICL model checkpoint 'tabicl-classifier-v1.1-0506.ckpt'...
ARRIVATO QUI
Performing dummy prediction to ensure model is loaded...
Warming up TabICL model (triggering checkpoint load)...
ARRIVATO QUI 1
Loading TabICL model checkpoint 'tabicl-classifier-v1.1-0506.ckpt'...
ARRIVATO QUI
Performing dummy prediction to ensure model is loaded...
Successfully generated embeddings with shape: (5162, 512)
0:	[0s / 0s],		train_loss: 3.5425,	val_loss: 7.1376
1:	[0s / 0s],		train_loss: 3.2746,	val_loss: 6.5857
2:	[0s / 0s],		train_loss: 3.2772,	val_loss: 6.6145
3:	[0s / 0s],		train_loss: 3.2158,	val_loss: 6.5754
4:	[0s / 0s],		train_loss: 3.1789,	val_loss: 6.7427
5:	[0s / 0s],		train_loss: 3.2134,	val_loss: 6.7716
6:	[0s / 0s],		train_loss: 3.1828,	val_loss: 6.7293
7:	[0s / 0s],		train_loss: 3.1520,	val_loss: 6.6345
8:	[0s / 0s],		train_loss: 3.1559,	val_loss: 6.6107
9:	[0s / 0s],		train_loss: 3.1722,	val_loss: 6.6692
10:	[0s / 0s],		train_loss: 3.2105,	val_loss: 6.7346
11:	[0s / 0s],		train_loss: 3.2028,	val_loss: 6.9611
12:	[0s / 0s],		train_loss: 3.2796,	val_loss: 6.8294
13:	[0s / 0s],		train_loss: 3.1752,	val_loss: 6.8992
14:	[0s / 0s],		train_loss: 3.2135,	val_loss: 6.7183
15:	[0s / 0s],		train_loss: 3.1617,	val_loss: 6.7156
16:	[0s / 0s],		train_loss: 3.0912,	val_loss: 6.8330
17:	[0s / 0s],		train_loss: 3.1277,	val_loss: 7.0255
18:	[0s / 0s],		train_loss: 3.1383,	val_loss: 6.8075
19:	[0s / 0s],		train_loss: 3.2249,	val_loss: 6.7927
20:	[0s / 0s],		train_loss: 3.2286,	val_loss: 7.0026
21:	[0s / 1s],		train_loss: 3.1314,	val_loss: 6.7714
22:	[0s / 1s],		train_loss: 3.1087,	val_loss: 6.8270
23:	[0s / 1s],		train_loss: 3.1088,	val_loss: 6.9735
C-index TRAIN: 0.9241
C-index TEST:  0.7470
0:	[0s / 0s],		train_loss: 3.5642,	val_loss: 6.6397
1:	[0s / 0s],		train_loss: 3.2967,	val_loss: 6.4954
2:	[0s / 0s],		train_loss: 3.2467,	val_loss: 6.5462
3:	[0s / 0s],		train_loss: 3.2471,	val_loss: 6.6328
4:	[0s / 0s],		train_loss: 3.2459,	val_loss: 6.5539
5:	[0s / 0s],		train_loss: 3.2170,	val_loss: 6.6400
6:	[0s / 0s],		train_loss: 3.2066,	val_loss: 6.5635
7:	[0s / 0s],		train_loss: 3.1916,	val_loss: 6.7334
8:	[0s / 0s],		train_loss: 3.1931,	val_loss: 6.6499
9:	[0s / 0s],		train_loss: 3.1676,	val_loss: 6.6247
10:	[0s / 0s],		train_loss: 3.1856,	val_loss: 6.6617
11:	[0s / 0s],		train_loss: 3.1609,	val_loss: 6.6023
12:	[0s / 0s],		train_loss: 3.1433,	val_loss: 6.6942
13:	[0s / 0s],		train_loss: 3.1617,	val_loss: 6.7226
14:	[0s / 0s],		train_loss: 3.1662,	val_loss: 6.7119
15:	[0s / 1s],		train_loss: 3.1151,	val_loss: 6.8392
16:	[0s / 1s],		train_loss: 3.1725,	val_loss: 6.6316
17:	[0s / 1s],		train_loss: 3.1384,	val_loss: 6.8068
18:	[0s / 1s],		train_loss: 3.1314,	val_loss: 6.9919
19:	[0s / 1s],		train_loss: 3.1069,	val_loss: 7.0327
20:	[0s / 1s],		train_loss: 3.1320,	val_loss: 6.8473
21:	[0s / 1s],		train_loss: 3.1179,	val_loss: 6.8945
C-index TRAIN: 0.9220
C-index TEST:  0.7489
  [ckpt] TABICL RSF saved → checkpoints/tabicl/OrmoniTirodei/-1/seed123/fold3/tabicl_rsf.pkl
C-index train: 0.9664
C-index test:  0.7308
  Fitting TABICL Cox (embedding)...
C-index train: 0.9288
C-index test:  0.7418
0:	[0s / 0s],		train_loss: 5.0045,	val_loss: 6.7042
1:	[0s / 0s],		train_loss: 4.7224,	val_loss: 6.5111
2:	[0s / 0s],		train_loss: 4.5725,	val_loss: 6.3755
3:	[0s / 0s],		train_loss: 4.4713,	val_loss: 6.3091
4:	[0s / 0s],		train_loss: 4.4599,	val_loss: 6.3058
5:	[0s / 0s],		train_loss: 4.4250,	val_loss: 6.2934
6:	[0s / 0s],		train_loss: 4.3887,	val_loss: 6.3055
7:	[0s / 0s],		train_loss: 4.4055,	val_loss: 6.2875
8:	[0s / 0s],		train_loss: 4.3817,	val_loss: 6.2836
9:	[0s / 0s],		train_loss: 4.3585,	val_loss: 6.2852
10:	[0s / 0s],		train_loss: 4.3652,	val_loss: 6.2921
11:	[0s / 0s],		train_loss: 4.3716,	val_loss: 6.2857
12:	[0s / 0s],		train_loss: 4.3658,	val_loss: 6.2635
13:	[0s / 0s],		train_loss: 4.3663,	val_loss: 6.3017
14:	[0s / 0s],		train_loss: 4.3407,	val_loss: 6.2875
15:	[0s / 0s],		train_loss: 4.3328,	val_loss: 6.2861
16:	[0s / 0s],		train_loss: 4.3545,	val_loss: 6.2563
17:	[0s / 0s],		train_loss: 4.3548,	val_loss: 6.3101
18:	[0s / 0s],		train_loss: 4.3461,	val_loss: 6.2718
19:	[0s / 1s],		train_loss: 4.3498,	val_loss: 6.2708
20:	[0s / 1s],		train_loss: 4.3612,	val_loss: 6.2935
21:	[0s / 1s],		train_loss: 4.3464,	val_loss: 6.2906
22:	[0s / 1s],		train_loss: 4.3476,	val_loss: 6.2572
23:	[0s / 1s],		train_loss: 4.3044,	val_loss: 6.2838
24:	[0s / 1s],		train_loss: 4.3290,	val_loss: 6.2889
25:	[0s / 1s],		train_loss: 4.3474,	val_loss: 6.2665
26:	[0s / 1s],		train_loss: 4.3292,	val_loss: 6.2692
27:	[0s / 1s],		train_loss: 4.3506,	val_loss: 6.2757
28:	[0s / 1s],		train_loss: 4.3124,	val_loss: 6.2733
29:	[0s / 1s],		train_loss: 4.3114,	val_loss: 6.2607
30:	[0s / 1s],		train_loss: 4.3224,	val_loss: 6.2596
31:	[0s / 1s],		train_loss: 4.3139,	val_loss: 6.3044
32:	[0s / 1s],		train_loss: 4.3070,	val_loss: 6.3139
33:	[0s / 1s],		train_loss: 4.3334,	val_loss: 6.2820
34:	[0s / 1s],		train_loss: 4.3218,	val_loss: 6.2807
35:	[0s / 1s],		train_loss: 4.3206,	val_loss: 6.2609
36:	[0s / 1s],		train_loss: 4.3054,	val_loss: 6.2918
C-index TRAIN: 0.8047
C-index TEST:  0.7761
0:	[0s / 0s],		train_loss: 149.2795,	val_loss: 39.7266
1:	[0s / 0s],		train_loss: 17.1352,	val_loss: 22.6275
2:	[0s / 0s],		train_loss: 11.2259,	val_loss: 14.2591
3:	[0s / 0s],		train_loss: 10.4665,	val_loss: 12.6769
4:	[0s / 0s],		train_loss: 8.8140,	val_loss: 10.9324
5:	[0s / 0s],		train_loss: 7.0638,	val_loss: 9.8617
6:	[0s / 0s],		train_loss: 7.3534,	val_loss: 10.2399
7:	[0s / 0s],		train_loss: 7.8504,	val_loss: 9.9904
8:	[0s / 0s],		train_loss: 6.5675,	val_loss: 8.5447
9:	[0s / 0s],		train_loss: 5.7292,	val_loss: 7.6287
10:	[0s / 0s],		train_loss: 5.0224,	val_loss: 6.5498
11:	[0s / 0s],		train_loss: 4.4120,	val_loss: 6.3964
12:	[0s / 0s],		train_loss: 4.4646,	val_loss: 6.4270
13:	[0s / 0s],		train_loss: 4.5232,	val_loss: 6.9183
14:	[0s / 0s],		train_loss: 4.9345,	val_loss: 6.9098
15:	[0s / 0s],		train_loss: 4.8508,	val_loss: 6.9485
16:	[0s / 0s],		train_loss: 6.4110,	val_loss: 9.2522
17:	[0s / 0s],		train_loss: 6.4006,	val_loss: 8.5038
18:	[0s / 0s],		train_loss: 5.6600,	val_loss: 7.9779
19:	[0s / 0s],		train_loss: 5.6183,	val_loss: 8.0329
20:	[0s / 0s],		train_loss: 6.0643,	val_loss: 6.8026
21:	[0s / 0s],		train_loss: 5.1856,	val_loss: 7.9618
22:	[0s / 0s],		train_loss: 6.0840,	val_loss: 7.1312
23:	[0s / 0s],		train_loss: 4.7109,	val_loss: 6.9383
24:	[0s / 0s],		train_loss: 4.6189,	val_loss: 6.4594
25:	[0s / 0s],		train_loss: 4.8302,	val_loss: 8.3756
26:	[0s / 0s],		train_loss: 5.4834,	val_loss: 7.6579
27:	[0s / 0s],		train_loss: 5.0183,	val_loss: 7.3152
28:	[0s / 0s],		train_loss: 4.8937,	val_loss: 6.6094
29:	[0s / 1s],		train_loss: 4.9831,	val_loss: 8.0978
30:	[0s / 1s],		train_loss: 6.5142,	val_loss: 9.2574
31:	[0s / 1s],		train_loss: 6.6268,	val_loss: 9.4110
C-index TRAIN: 0.7951
C-index TEST:  0.7792
  [ckpt] RSF baseline saved → checkpoints/tabicl/OrmoniTirodei/-1/seed123/fold3/rsf_baseline.pkl
C-index train: 0.9105
C-index test:  0.7790
  Fitting Cox baseline...
C-index train: 0.8032
C-index test:  0.7835
X_train shape: (5162, 76), X_test shape: (1290, 76)
Generating TABICL Embeddings...
Warming up TabICL model (triggering checkpoint load)...
ARRIVATO QUI 1
Loading TabICL model checkpoint 'tabicl-classifier-v1.1-0506.ckpt'...
ARRIVATO QUI
Performing dummy prediction to ensure model is loaded...
Warming up TabICL model (triggering checkpoint load)...
ARRIVATO QUI 1
Loading TabICL model checkpoint 'tabicl-classifier-v1.1-0506.ckpt'...
ARRIVATO QUI
Performing dummy prediction to ensure model is loaded...
Successfully generated embeddings with shape: (5162, 512)
0:	[0s / 0s],		train_loss: 3.6349,	val_loss: 7.2181
1:	[0s / 0s],		train_loss: 3.2941,	val_loss: 6.6283
2:	[0s / 0s],		train_loss: 3.2425,	val_loss: 6.5542
3:	[0s / 0s],		train_loss: 3.2120,	val_loss: 6.5967
4:	[0s / 0s],		train_loss: 3.2312,	val_loss: 6.5529
5:	[0s / 0s],		train_loss: 3.1849,	val_loss: 6.7050
6:	[0s / 0s],		train_loss: 3.2341,	val_loss: 6.8453
7:	[0s / 0s],		train_loss: 3.2232,	val_loss: 6.5647
8:	[0s / 0s],		train_loss: 3.1869,	val_loss: 6.6657
9:	[0s / 0s],		train_loss: 3.1819,	val_loss: 6.6520
10:	[0s / 0s],		train_loss: 3.1979,	val_loss: 6.7410
11:	[0s / 0s],		train_loss: 3.3345,	val_loss: 6.7845
12:	[0s / 0s],		train_loss: 3.2392,	val_loss: 6.5732
13:	[0s / 0s],		train_loss: 3.1924,	val_loss: 6.7388
14:	[0s / 0s],		train_loss: 3.1722,	val_loss: 6.7323
15:	[0s / 0s],		train_loss: 3.2169,	val_loss: 6.6428
16:	[0s / 0s],		train_loss: 3.2013,	val_loss: 7.0524
17:	[0s / 0s],		train_loss: 3.2162,	val_loss: 6.7505
18:	[0s / 0s],		train_loss: 3.1778,	val_loss: 6.7256
19:	[0s / 0s],		train_loss: 3.1939,	val_loss: 6.6873
20:	[0s / 0s],		train_loss: 3.1400,	val_loss: 6.6978
21:	[0s / 0s],		train_loss: 3.1307,	val_loss: 6.8888
22:	[0s / 0s],		train_loss: 3.1220,	val_loss: 6.9272
23:	[0s / 0s],		train_loss: 3.1447,	val_loss: 6.7891
24:	[0s / 1s],		train_loss: 3.1141,	val_loss: 6.7707
C-index TRAIN: 0.9249
C-index TEST:  0.7506
0:	[0s / 0s],		train_loss: 3.4726,	val_loss: 6.6472
1:	[0s / 0s],		train_loss: 3.3039,	val_loss: 6.5641
2:	[0s / 0s],		train_loss: 3.2805,	val_loss: 6.5965
3:	[0s / 0s],		train_loss: 3.2364,	val_loss: 6.4946
4:	[0s / 0s],		train_loss: 3.2540,	val_loss: 6.5038
5:	[0s / 0s],		train_loss: 3.2465,	val_loss: 6.5834
6:	[0s / 0s],		train_loss: 3.2253,	val_loss: 6.6138
7:	[0s / 0s],		train_loss: 3.2034,	val_loss: 6.5444
8:	[0s / 0s],		train_loss: 3.2028,	val_loss: 6.5955
9:	[0s / 0s],		train_loss: 3.1809,	val_loss: 6.5453
10:	[0s / 0s],		train_loss: 3.2075,	val_loss: 6.7397
11:	[0s / 0s],		train_loss: 3.1581,	val_loss: 6.5831
12:	[0s / 0s],		train_loss: 3.1710,	val_loss: 6.6156
13:	[0s / 0s],		train_loss: 3.2037,	val_loss: 7.3363
14:	[0s / 0s],		train_loss: 3.1745,	val_loss: 6.6369
15:	[0s / 0s],		train_loss: 3.1513,	val_loss: 6.7148
16:	[0s / 0s],		train_loss: 3.1572,	val_loss: 6.7095
17:	[0s / 0s],		train_loss: 3.1906,	val_loss: 6.8323
18:	[0s / 1s],		train_loss: 3.1557,	val_loss: 6.9860
19:	[0s / 1s],		train_loss: 3.1328,	val_loss: 6.8658
20:	[0s / 1s],		train_loss: 3.1463,	val_loss: 6.9060
21:	[0s / 1s],		train_loss: 3.1411,	val_loss: 6.7420
22:	[0s / 1s],		train_loss: 3.1389,	val_loss: 6.9925
23:	[0s / 1s],		train_loss: 3.1398,	val_loss: 7.0095
C-index TRAIN: 0.9231
C-index TEST:  0.7527
  [ckpt] TABICL RSF saved → checkpoints/tabicl/OrmoniTirodei/-1/seed123/fold4/tabicl_rsf.pkl
C-index train: 0.9654
C-index test:  0.7525
  Fitting TABICL Cox (embedding)...
C-index train: 0.9276
C-index test:  0.7527
0:	[0s / 0s],		train_loss: 4.8997,	val_loss: 6.6412
1:	[0s / 0s],		train_loss: 4.6442,	val_loss: 6.4194
2:	[0s / 0s],		train_loss: 4.5305,	val_loss: 6.3484
3:	[0s / 0s],		train_loss: 4.4641,	val_loss: 6.3580
4:	[0s / 0s],		train_loss: 4.4478,	val_loss: 6.3283
5:	[0s / 0s],		train_loss: 4.4613,	val_loss: 6.3341
6:	[0s / 0s],		train_loss: 4.4096,	val_loss: 6.7163
7:	[0s / 0s],		train_loss: 4.4779,	val_loss: 16.9244
8:	[0s / 0s],		train_loss: 4.4325,	val_loss: 44.1717
9:	[0s / 0s],		train_loss: 4.4080,	val_loss: 162.5962
10:	[0s / 0s],		train_loss: 4.3845,	val_loss: 370.7578
11:	[0s / 0s],		train_loss: 4.3860,	val_loss: 1581.2124
12:	[0s / 0s],		train_loss: 4.4106,	val_loss: 1716.4580
13:	[0s / 0s],		train_loss: 4.3756,	val_loss: 1534.5449
14:	[0s / 0s],		train_loss: 4.4023,	val_loss: 1654.1096
15:	[0s / 0s],		train_loss: 4.3712,	val_loss: 1961.9559
16:	[0s / 0s],		train_loss: 4.3816,	val_loss: 2033.0512
17:	[0s / 0s],		train_loss: 4.3721,	val_loss: 2394.7980
18:	[0s / 0s],		train_loss: 4.3853,	val_loss: 1370.3178
19:	[0s / 1s],		train_loss: 4.3650,	val_loss: 1194.2840
20:	[0s / 1s],		train_loss: 4.3716,	val_loss: 1579.7796
21:	[0s / 1s],		train_loss: 4.3527,	val_loss: 1714.1536
22:	[0s / 1s],		train_loss: 4.3373,	val_loss: 2333.6963
23:	[0s / 1s],		train_loss: 4.3517,	val_loss: 1800.0579
24:	[0s / 1s],		train_loss: 4.3679,	val_loss: 2088.6512
C-index TRAIN: 0.7855
C-index TEST:  0.7830
0:	[0s / 0s],		train_loss: 32.2029,	val_loss: 19.2234
1:	[0s / 0s],		train_loss: 16.4123,	val_loss: 13.8222
2:	[0s / 0s],		train_loss: 9.5586,	val_loss: 11.9267
3:	[0s / 0s],		train_loss: 8.7411,	val_loss: 10.7108
4:	[0s / 0s],		train_loss: 7.3382,	val_loss: 9.7262
5:	[0s / 0s],		train_loss: 6.3273,	val_loss: 11.3988
6:	[0s / 0s],		train_loss: 7.1067,	val_loss: 8.7015
7:	[0s / 0s],		train_loss: 6.7948,	val_loss: 7.9037
8:	[0s / 0s],		train_loss: 5.6071,	val_loss: 6.8314
9:	[0s / 0s],		train_loss: 4.8144,	val_loss: 6.5663
10:	[0s / 0s],		train_loss: 4.5342,	val_loss: 6.7319
11:	[0s / 0s],		train_loss: 5.5653,	val_loss: 8.3062
12:	[0s / 0s],		train_loss: 5.8939,	val_loss: 8.0356
13:	[0s / 0s],		train_loss: 6.0211,	val_loss: 8.5632
14:	[0s / 0s],		train_loss: 5.7713,	val_loss: 8.7620
15:	[0s / 0s],		train_loss: 5.8386,	val_loss: 8.0687
16:	[0s / 0s],		train_loss: 5.2243,	val_loss: 7.2392
17:	[0s / 0s],		train_loss: 4.6720,	val_loss: 6.4704
18:	[0s / 0s],		train_loss: 4.6365,	val_loss: 7.1112
19:	[0s / 0s],		train_loss: 5.2104,	val_loss: 7.1999
20:	[0s / 0s],		train_loss: 5.1520,	val_loss: 7.0826
21:	[0s / 0s],		train_loss: 4.7308,	val_loss: 6.6843
22:	[0s / 0s],		train_loss: 4.7892,	val_loss: 6.9542
23:	[0s / 0s],		train_loss: 5.3599,	val_loss: 7.9845
24:	[0s / 0s],		train_loss: 5.3246,	val_loss: 7.0677
25:	[0s / 0s],		train_loss: 4.9441,	val_loss: 7.6373
26:	[0s / 0s],		train_loss: 6.0484,	val_loss: 7.8700
27:	[0s / 0s],		train_loss: 5.4391,	val_loss: 8.7132
28:	[0s / 0s],		train_loss: 5.5024,	val_loss: 7.3599
29:	[0s / 1s],		train_loss: 4.7310,	val_loss: 7.2069
30:	[0s / 1s],		train_loss: 5.0302,	val_loss: 7.0518
31:	[0s / 1s],		train_loss: 5.1833,	val_loss: 6.9535
32:	[0s / 1s],		train_loss: 5.6334,	val_loss: 7.7867
33:	[0s / 1s],		train_loss: 6.2071,	val_loss: 10.7860
34:	[0s / 1s],		train_loss: 10.8556,	val_loss: 13.2111
35:	[0s / 1s],		train_loss: 10.8905,	val_loss: 15.5402
36:	[0s / 1s],		train_loss: 10.1273,	val_loss: 14.4730
37:	[0s / 1s],		train_loss: 9.5377,	val_loss: 15.5015
C-index TRAIN: 0.7864
C-index TEST:  0.7859
  [ckpt] RSF baseline saved → checkpoints/tabicl/OrmoniTirodei/-1/seed123/fold4/rsf_baseline.pkl
C-index train: 0.9062
C-index test:  0.8080
  Fitting Cox baseline...
C-index train: 0.7981
C-index test:  0.8023
X_train shape: (5162, 76), X_test shape: (1290, 76)
Generating TABICL Embeddings...
Warming up TabICL model (triggering checkpoint load)...
ARRIVATO QUI 1
Loading TabICL model checkpoint 'tabicl-classifier-v1.1-0506.ckpt'...
ARRIVATO QUI
Performing dummy prediction to ensure model is loaded...
Warming up TabICL model (triggering checkpoint load)...
ARRIVATO QUI 1
Loading TabICL model checkpoint 'tabicl-classifier-v1.1-0506.ckpt'...
ARRIVATO QUI
Performing dummy prediction to ensure model is loaded...
Successfully generated embeddings with shape: (5162, 512)
0:	[0s / 0s],		train_loss: 3.5260,	val_loss: 6.6350
1:	[0s / 0s],		train_loss: 3.2745,	val_loss: 6.6000
2:	[0s / 0s],		train_loss: 3.2289,	val_loss: 6.5729
3:	[0s / 0s],		train_loss: 3.2464,	val_loss: 6.5516
4:	[0s / 0s],		train_loss: 3.2333,	val_loss: 6.5301
5:	[0s / 0s],		train_loss: 3.2118,	val_loss: 6.6722
6:	[0s / 0s],		train_loss: 3.2406,	val_loss: 6.8339
7:	[0s / 0s],		train_loss: 3.2815,	val_loss: 6.6907
8:	[0s / 0s],		train_loss: 3.1749,	val_loss: 6.6152
9:	[0s / 0s],		train_loss: 3.2360,	val_loss: 7.1239
10:	[0s / 0s],		train_loss: 3.2174,	val_loss: 6.6107
11:	[0s / 0s],		train_loss: 3.1974,	val_loss: 6.6716
12:	[0s / 0s],		train_loss: 3.1563,	val_loss: 6.6914
13:	[0s / 0s],		train_loss: 3.1681,	val_loss: 6.6772
14:	[0s / 0s],		train_loss: 3.1888,	val_loss: 6.6473
15:	[0s / 0s],		train_loss: 3.1749,	val_loss: 6.7168
16:	[0s / 0s],		train_loss: 3.2370,	val_loss: 6.8677
17:	[0s / 0s],		train_loss: 3.2050,	val_loss: 6.7349
18:	[0s / 0s],		train_loss: 3.2057,	val_loss: 6.7253
19:	[0s / 0s],		train_loss: 3.2055,	val_loss: 6.7705
20:	[0s / 0s],		train_loss: 3.2465,	val_loss: 6.7114
21:	[0s / 0s],		train_loss: 3.1964,	val_loss: 6.9987
22:	[0s / 0s],		train_loss: 3.2092,	val_loss: 6.8238
23:	[0s / 0s],		train_loss: 3.1557,	val_loss: 6.7510
24:	[0s / 0s],		train_loss: 3.1934,	val_loss: 6.8910
C-index TRAIN: 0.9239
C-index TEST:  0.7429
0:	[0s / 0s],		train_loss: 3.5293,	val_loss: 6.5150
1:	[0s / 0s],		train_loss: 3.3331,	val_loss: 6.5483
2:	[0s / 0s],		train_loss: 3.3245,	val_loss: 6.4730
3:	[0s / 0s],		train_loss: 3.2962,	val_loss: 6.4966
4:	[0s / 0s],		train_loss: 3.2402,	val_loss: 6.5945
5:	[0s / 0s],		train_loss: 3.2600,	val_loss: 6.5566
6:	[0s / 0s],		train_loss: 3.2295,	val_loss: 6.5866
7:	[0s / 0s],		train_loss: 3.2259,	val_loss: 6.5247
8:	[0s / 0s],		train_loss: 3.2011,	val_loss: 6.5805
9:	[0s / 0s],		train_loss: 3.2097,	val_loss: 6.5646
10:	[0s / 0s],		train_loss: 3.2131,	val_loss: 6.5068
11:	[0s / 0s],		train_loss: 3.2182,	val_loss: 6.6659
12:	[0s / 0s],		train_loss: 3.1969,	val_loss: 6.5794
13:	[0s / 0s],		train_loss: 3.1856,	val_loss: 6.6379
14:	[0s / 0s],		train_loss: 3.1871,	val_loss: 6.6164
15:	[0s / 0s],		train_loss: 3.1519,	val_loss: 6.6592
16:	[0s / 0s],		train_loss: 3.1774,	val_loss: 6.7222
17:	[0s / 0s],		train_loss: 3.1718,	val_loss: 6.6402
18:	[0s / 1s],		train_loss: 3.1542,	val_loss: 6.5299
19:	[0s / 1s],		train_loss: 3.1629,	val_loss: 6.7377
20:	[0s / 1s],		train_loss: 3.1453,	val_loss: 6.9762
21:	[0s / 1s],		train_loss: 3.1478,	val_loss: 6.7226
22:	[0s / 1s],		train_loss: 3.1321,	val_loss: 6.6880
C-index TRAIN: 0.9184
C-index TEST:  0.7614
  [ckpt] TABICL RSF saved → checkpoints/tabicl/OrmoniTirodei/-1/seed123/fold5/tabicl_rsf.pkl
C-index train: 0.9648
C-index test:  0.7361
  Fitting TABICL Cox (embedding)...
C-index train: 0.9259
C-index test:  0.7612
0:	[0s / 0s],		train_loss: 4.8367,	val_loss: 6.4973
1:	[0s / 0s],		train_loss: 4.5551,	val_loss: 6.3623
2:	[0s / 0s],		train_loss: 4.4979,	val_loss: 6.3575
3:	[0s / 0s],		train_loss: 4.4612,	val_loss: 6.3305
4:	[0s / 0s],		train_loss: 4.4176,	val_loss: 6.3100
5:	[0s / 0s],		train_loss: 4.4273,	val_loss: 6.3147
6:	[0s / 0s],		train_loss: 4.4147,	val_loss: 6.2877
7:	[0s / 0s],		train_loss: 4.4233,	val_loss: 6.2922
8:	[0s / 0s],		train_loss: 4.3834,	val_loss: 6.2980
9:	[0s / 0s],		train_loss: 4.3958,	val_loss: 6.2945
10:	[0s / 0s],		train_loss: 4.3830,	val_loss: 6.2732
11:	[0s / 0s],		train_loss: 4.4095,	val_loss: 6.2922
12:	[0s / 0s],		train_loss: 4.3767,	val_loss: 6.2723
13:	[0s / 0s],		train_loss: 4.3762,	val_loss: 6.2830
14:	[0s / 0s],		train_loss: 4.4097,	val_loss: 6.2577
15:	[0s / 0s],		train_loss: 4.3681,	val_loss: 6.2687
16:	[0s / 0s],		train_loss: 4.3450,	val_loss: 6.2653
17:	[0s / 0s],		train_loss: 4.3623,	val_loss: 6.2678
18:	[0s / 0s],		train_loss: 4.3352,	val_loss: 6.2635
19:	[0s / 0s],		train_loss: 4.3480,	val_loss: 6.2514
20:	[0s / 0s],		train_loss: 4.3376,	val_loss: 6.2708
21:	[0s / 1s],		train_loss: 4.3588,	val_loss: 6.3015
22:	[0s / 1s],		train_loss: 4.3852,	val_loss: 6.2642
23:	[0s / 1s],		train_loss: 4.3511,	val_loss: 6.2549
24:	[0s / 1s],		train_loss: 4.3400,	val_loss: 6.2426
25:	[0s / 1s],		train_loss: 4.3407,	val_loss: 6.3027
26:	[0s / 1s],		train_loss: 4.3417,	val_loss: 6.2519
27:	[0s / 1s],		train_loss: 4.3568,	val_loss: 6.2893
28:	[0s / 1s],		train_loss: 4.3495,	val_loss: 6.2562
29:	[0s / 1s],		train_loss: 4.3483,	val_loss: 6.2716
30:	[0s / 1s],		train_loss: 4.3579,	val_loss: 6.2810
31:	[0s / 1s],		train_loss: 4.3356,	val_loss: 6.2597
32:	[0s / 1s],		train_loss: 4.3221,	val_loss: 6.2834
33:	[0s / 1s],		train_loss: 4.3281,	val_loss: 6.2548
34:	[0s / 1s],		train_loss: 4.3149,	val_loss: 6.2644
35:	[0s / 1s],		train_loss: 4.3229,	val_loss: 6.2735
36:	[0s / 1s],		train_loss: 4.3344,	val_loss: 6.3112
37:	[0s / 1s],		train_loss: 4.3267,	val_loss: 6.2498
38:	[0s / 1s],		train_loss: 4.3393,	val_loss: 6.2572
39:	[0s / 1s],		train_loss: 4.2994,	val_loss: 6.2588
40:	[0s / 1s],		train_loss: 4.3303,	val_loss: 6.2657
41:	[0s / 1s],		train_loss: 4.3221,	val_loss: 6.2721
42:	[0s / 1s],		train_loss: 4.2879,	val_loss: 6.2729
43:	[0s / 2s],		train_loss: 4.3163,	val_loss: 6.2552
44:	[0s / 2s],		train_loss: 4.3162,	val_loss: 6.2706
C-index TRAIN: 0.8019
C-index TEST:  0.7972
0:	[0s / 0s],		train_loss: 229.6463,	val_loss: 41.7488
1:	[0s / 0s],		train_loss: 32.9996,	val_loss: 23.8576
2:	[0s / 0s],		train_loss: 14.6664,	val_loss: 15.3576
3:	[0s / 0s],		train_loss: 11.5454,	val_loss: 12.3793
4:	[0s / 0s],		train_loss: 9.0335,	val_loss: 10.6946
5:	[0s / 0s],		train_loss: 7.2376,	val_loss: 9.1782
6:	[0s / 0s],		train_loss: 7.3504,	val_loss: 9.2764
7:	[0s / 0s],		train_loss: 6.1032,	val_loss: 8.1701
8:	[0s / 0s],		train_loss: 6.1692,	val_loss: 7.9749
9:	[0s / 0s],		train_loss: 5.4557,	val_loss: 7.0762
10:	[0s / 0s],		train_loss: 4.9875,	val_loss: 6.8142
11:	[0s / 1s],		train_loss: 4.7221,	val_loss: 6.7423
12:	[0s / 1s],		train_loss: 4.6482,	val_loss: 6.6104
13:	[0s / 1s],		train_loss: 4.6256,	val_loss: 6.6913
14:	[0s / 1s],		train_loss: 4.5010,	val_loss: 6.4752
15:	[0s / 1s],		train_loss: 4.4335,	val_loss: 6.3853
16:	[0s / 1s],		train_loss: 4.4476,	val_loss: 6.4101
17:	[0s / 1s],		train_loss: 4.5493,	val_loss: 6.3991
18:	[0s / 1s],		train_loss: 4.6889,	val_loss: 6.4134
19:	[0s / 1s],		train_loss: 7.9128,	val_loss: 11.2073
20:	[0s / 1s],		train_loss: 9.8309,	val_loss: 10.4855
21:	[0s / 1s],		train_loss: 7.4551,	val_loss: 8.3006
22:	[0s / 1s],		train_loss: 5.6031,	val_loss: 8.2720
23:	[0s / 1s],		train_loss: 6.0870,	val_loss: 8.3951
24:	[0s / 1s],		train_loss: 5.4152,	val_loss: 7.6991
25:	[0s / 2s],		train_loss: 5.0679,	val_loss: 6.5834
26:	[0s / 2s],		train_loss: 4.4123,	val_loss: 6.4288
27:	[0s / 2s],		train_loss: 4.5495,	val_loss: 6.5424
28:	[0s / 2s],		train_loss: 4.5604,	val_loss: 6.6550
29:	[0s / 2s],		train_loss: 4.5639,	val_loss: 6.5343
30:	[0s / 2s],		train_loss: 4.5590,	val_loss: 6.6244
31:	[0s / 2s],		train_loss: 4.5488,	val_loss: 6.5541
32:	[0s / 2s],		train_loss: 5.4397,	val_loss: 8.3393
33:	[0s / 2s],		train_loss: 6.2568,	val_loss: 9.0728
34:	[0s / 2s],		train_loss: 5.8118,	val_loss: 7.5918
35:	[0s / 2s],		train_loss: 5.1625,	val_loss: 7.1723
C-index TRAIN: 0.7905
C-index TEST:  0.7899
  [ckpt] RSF baseline saved → checkpoints/tabicl/OrmoniTirodei/-1/seed123/fold5/rsf_baseline.pkl
C-index train: 0.9074
C-index test:  0.8052
  Fitting Cox baseline...
C-index train: 0.7999
C-index test:  0.8029


Preprocess: Keep NaN
Loading existing folds from tmp/splits/OrmoniTirodei_seed123.pkl
X_train shape: (5161, 76), X_test shape: (1291, 76)
Generating TABICL Embeddings...
Warming up TabICL model (triggering checkpoint load)...
ARRIVATO QUI 1
Loading TabICL model checkpoint 'tabicl-classifier-v1.1-0506.ckpt'...
ARRIVATO QUI
Performing dummy prediction to ensure model is loaded...
Warming up TabICL model (triggering checkpoint load)...
ARRIVATO QUI 1
Loading TabICL model checkpoint 'tabicl-classifier-v1.1-0506.ckpt'...
ARRIVATO QUI
Performing dummy prediction to ensure model is loaded...
Successfully generated embeddings with shape: (5161, 512)
0:	[0s / 0s],		train_loss: 3.6175,	val_loss: 6.7733
1:	[0s / 0s],		train_loss: 3.3834,	val_loss: 6.6355
2:	[0s / 0s],		train_loss: 3.2903,	val_loss: 6.5662
3:	[0s / 0s],		train_loss: 3.2229,	val_loss: 6.6424
4:	[0s / 0s],		train_loss: 3.2350,	val_loss: 6.6362
5:	[0s / 0s],		train_loss: 3.2328,	val_loss: 6.5739
6:	[0s / 0s],		train_loss: 3.2356,	val_loss: 6.9406
7:	[0s / 0s],		train_loss: 3.3323,	val_loss: 6.7578
8:	[0s / 0s],		train_loss: 3.2109,	val_loss: 6.6482
9:	[0s / 0s],		train_loss: 3.1962,	val_loss: 6.6102
10:	[0s / 0s],		train_loss: 3.2073,	val_loss: 6.9025
11:	[0s / 0s],		train_loss: 3.2368,	val_loss: 6.7613
12:	[0s / 0s],		train_loss: 3.3300,	val_loss: 6.6587
13:	[0s / 0s],		train_loss: 3.2561,	val_loss: 6.7881
14:	[0s / 0s],		train_loss: 3.2088,	val_loss: 6.6775
15:	[0s / 0s],		train_loss: 3.1615,	val_loss: 6.8249
16:	[0s / 0s],		train_loss: 3.2201,	val_loss: 6.6527
17:	[0s / 0s],		train_loss: 3.2379,	val_loss: 6.6223
18:	[0s / 0s],		train_loss: 3.1747,	val_loss: 6.6206
19:	[0s / 0s],		train_loss: 3.1672,	val_loss: 6.6163
20:	[0s / 0s],		train_loss: 3.1487,	val_loss: 6.6887
21:	[0s / 0s],		train_loss: 3.1328,	val_loss: 6.6695
22:	[0s / 0s],		train_loss: 3.2382,	val_loss: 6.8078
C-index TRAIN: 0.9170
C-index TEST:  0.7256
0:	[0s / 0s],		train_loss: 3.5696,	val_loss: 6.7500
1:	[0s / 0s],		train_loss: 3.3566,	val_loss: 6.5898
2:	[0s / 0s],		train_loss: 3.2858,	val_loss: 6.5593
3:	[0s / 0s],		train_loss: 3.2848,	val_loss: 6.5822
4:	[0s / 0s],		train_loss: 3.2752,	val_loss: 6.5430
5:	[0s / 0s],		train_loss: 3.2483,	val_loss: 6.5775
6:	[0s / 0s],		train_loss: 3.2453,	val_loss: 6.6140
7:	[0s / 0s],		train_loss: 3.2279,	val_loss: 6.5604
8:	[0s / 0s],		train_loss: 3.2217,	val_loss: 6.6174
9:	[0s / 0s],		train_loss: 3.2121,	val_loss: 6.6916
10:	[0s / 0s],		train_loss: 3.2172,	val_loss: 6.6713
11:	[0s / 0s],		train_loss: 3.2025,	val_loss: 6.6919
12:	[0s / 0s],		train_loss: 3.2100,	val_loss: 6.8510
13:	[0s / 0s],		train_loss: 3.2088,	val_loss: 6.8388
14:	[0s / 0s],		train_loss: 3.2063,	val_loss: 6.8641
15:	[0s / 0s],		train_loss: 3.1848,	val_loss: 6.9650
16:	[0s / 0s],		train_loss: 3.1780,	val_loss: 6.9044
17:	[0s / 0s],		train_loss: 3.1833,	val_loss: 6.7282
18:	[0s / 1s],		train_loss: 3.2020,	val_loss: 6.7173
19:	[0s / 1s],		train_loss: 3.1677,	val_loss: 6.8729
20:	[0s / 1s],		train_loss: 3.1836,	val_loss: 7.0831
21:	[0s / 1s],		train_loss: 3.1585,	val_loss: 7.1497
22:	[0s / 1s],		train_loss: 3.1940,	val_loss: 7.2586
23:	[0s / 1s],		train_loss: 3.1970,	val_loss: 7.2215
24:	[0s / 1s],		train_loss: 3.1562,	val_loss: 7.2432
C-index TRAIN: 0.9206
C-index TEST:  0.7371
  [ckpt] TABICL RSF saved → checkpoints/tabicl/OrmoniTirodei/NaN/seed123/fold1/tabicl_rsf.pkl
C-index train: 0.9636
C-index test:  0.7479
  Fitting TABICL Cox (embedding)...
C-index train: 0.9259
C-index test:  0.7408
X_train shape: (5161, 76), X_test shape: (1291, 76)
Generating TABICL Embeddings...
Warming up TabICL model (triggering checkpoint load)...
ARRIVATO QUI 1
Loading TabICL model checkpoint 'tabicl-classifier-v1.1-0506.ckpt'...
ARRIVATO QUI
Performing dummy prediction to ensure model is loaded...
Warming up TabICL model (triggering checkpoint load)...
ARRIVATO QUI 1
Loading TabICL model checkpoint 'tabicl-classifier-v1.1-0506.ckpt'...
ARRIVATO QUI
Performing dummy prediction to ensure model is loaded...
Successfully generated embeddings with shape: (5161, 512)
0:	[0s / 0s],		train_loss: 3.5093,	val_loss: 6.6067
1:	[0s / 0s],		train_loss: 3.3687,	val_loss: 6.6059
2:	[0s / 0s],		train_loss: 3.2968,	val_loss: 6.6039
3:	[0s / 0s],		train_loss: 3.3266,	val_loss: 6.6494
4:	[0s / 0s],		train_loss: 3.2979,	val_loss: 6.7436
5:	[0s / 0s],		train_loss: 3.2541,	val_loss: 6.7234
6:	[0s / 0s],		train_loss: 3.2706,	val_loss: 6.6106
7:	[0s / 0s],		train_loss: 3.2498,	val_loss: 6.5652
8:	[0s / 0s],		train_loss: 3.2440,	val_loss: 6.5430
9:	[0s / 0s],		train_loss: 3.2469,	val_loss: 6.6307
10:	[0s / 0s],		train_loss: 3.2202,	val_loss: 6.7569
11:	[0s / 0s],		train_loss: 3.2180,	val_loss: 6.5695
12:	[0s / 0s],		train_loss: 3.1800,	val_loss: 6.6014
13:	[0s / 0s],		train_loss: 3.2168,	val_loss: 6.6729
14:	[0s / 0s],		train_loss: 3.2311,	val_loss: 6.5470
15:	[0s / 0s],		train_loss: 3.2856,	val_loss: 6.7066
16:	[0s / 0s],		train_loss: 3.1786,	val_loss: 6.7432
17:	[0s / 0s],		train_loss: 3.2202,	val_loss: 6.6831
18:	[0s / 0s],		train_loss: 3.2199,	val_loss: 6.8377
19:	[0s / 0s],		train_loss: 3.2791,	val_loss: 6.7007
20:	[0s / 0s],		train_loss: 3.1975,	val_loss: 6.6517
21:	[0s / 0s],		train_loss: 3.2152,	val_loss: 6.7401
22:	[0s / 0s],		train_loss: 3.1850,	val_loss: 6.6815
23:	[0s / 1s],		train_loss: 3.1614,	val_loss: 6.7298
24:	[0s / 1s],		train_loss: 3.2647,	val_loss: 6.7297
25:	[0s / 1s],		train_loss: 3.2067,	val_loss: 6.7660
26:	[0s / 1s],		train_loss: 3.2702,	val_loss: 6.6454
27:	[0s / 1s],		train_loss: 3.2186,	val_loss: 6.7313
28:	[0s / 1s],		train_loss: 3.1865,	val_loss: 6.9579
C-index TRAIN: 0.9228
C-index TEST:  0.7435
0:	[0s / 0s],		train_loss: 3.5344,	val_loss: 6.5452
1:	[0s / 0s],		train_loss: 3.3142,	val_loss: 6.5566
2:	[0s / 0s],		train_loss: 3.3078,	val_loss: 6.5378
3:	[0s / 0s],		train_loss: 3.2852,	val_loss: 6.4968
4:	[0s / 0s],		train_loss: 3.2799,	val_loss: 6.5552
5:	[0s / 0s],		train_loss: 3.2596,	val_loss: 6.6679
6:	[0s / 0s],		train_loss: 3.2591,	val_loss: 6.5868
7:	[0s / 0s],		train_loss: 3.2408,	val_loss: 6.6724
8:	[0s / 0s],		train_loss: 3.2862,	val_loss: 6.5990
9:	[0s / 0s],		train_loss: 3.2576,	val_loss: 6.5811
10:	[0s / 0s],		train_loss: 3.2432,	val_loss: 6.6419
11:	[0s / 0s],		train_loss: 3.2245,	val_loss: 6.5960
12:	[0s / 0s],		train_loss: 3.1943,	val_loss: 6.5583
13:	[0s / 0s],		train_loss: 3.2280,	val_loss: 6.9307
14:	[0s / 0s],		train_loss: 3.2023,	val_loss: 6.6477
15:	[0s / 0s],		train_loss: 3.1774,	val_loss: 6.7489
16:	[0s / 0s],		train_loss: 3.2205,	val_loss: 6.8115
17:	[0s / 1s],		train_loss: 3.2133,	val_loss: 6.7544
18:	[0s / 1s],		train_loss: 3.2055,	val_loss: 6.9197
19:	[0s / 1s],		train_loss: 3.2117,	val_loss: 6.8224
20:	[0s / 1s],		train_loss: 3.1932,	val_loss: 6.8092
21:	[0s / 1s],		train_loss: 3.1818,	val_loss: 7.1260
22:	[0s / 1s],		train_loss: 3.2025,	val_loss: 7.2027
23:	[0s / 1s],		train_loss: 3.1864,	val_loss: 7.1186
C-index TRAIN: 0.9188
C-index TEST:  0.7595
  [ckpt] TABICL RSF saved → checkpoints/tabicl/OrmoniTirodei/NaN/seed123/fold2/tabicl_rsf.pkl
C-index train: 0.9642
C-index test:  0.7522
  Fitting TABICL Cox (embedding)...
C-index train: 0.9244
C-index test:  0.7543
X_train shape: (5162, 76), X_test shape: (1290, 76)
Generating TABICL Embeddings...
Warming up TabICL model (triggering checkpoint load)...
ARRIVATO QUI 1
Loading TabICL model checkpoint 'tabicl-classifier-v1.1-0506.ckpt'...
ARRIVATO QUI
Performing dummy prediction to ensure model is loaded...
Warming up TabICL model (triggering checkpoint load)...
ARRIVATO QUI 1
Loading TabICL model checkpoint 'tabicl-classifier-v1.1-0506.ckpt'...
ARRIVATO QUI
Performing dummy prediction to ensure model is loaded...
Successfully generated embeddings with shape: (5162, 512)
0:	[0s / 0s],		train_loss: 3.5369,	val_loss: 6.8376
1:	[0s / 0s],		train_loss: 3.3059,	val_loss: 6.5833
2:	[0s / 0s],		train_loss: 3.2726,	val_loss: 6.5578
3:	[0s / 0s],		train_loss: 3.2166,	val_loss: 6.5170
4:	[0s / 0s],		train_loss: 3.2149,	val_loss: 6.7924
5:	[0s / 0s],		train_loss: 3.2672,	val_loss: 6.7622
6:	[0s / 0s],		train_loss: 3.2070,	val_loss: 6.7694
7:	[0s / 0s],		train_loss: 3.2102,	val_loss: 6.5912
8:	[0s / 0s],		train_loss: 3.2455,	val_loss: 6.6330
9:	[0s / 0s],		train_loss: 3.1865,	val_loss: 6.8002
10:	[0s / 0s],		train_loss: 3.2169,	val_loss: 6.8561
11:	[0s / 0s],		train_loss: 3.1792,	val_loss: 6.7104
12:	[0s / 0s],		train_loss: 3.2205,	val_loss: 6.7362
13:	[0s / 0s],		train_loss: 3.2031,	val_loss: 6.8166
14:	[0s / 0s],		train_loss: 3.2142,	val_loss: 6.6481
15:	[0s / 0s],		train_loss: 3.1717,	val_loss: 6.9066
16:	[0s / 0s],		train_loss: 3.1539,	val_loss: 6.9844
17:	[0s / 0s],		train_loss: 3.2408,	val_loss: 6.9240
18:	[0s / 0s],		train_loss: 3.1998,	val_loss: 6.7366
19:	[0s / 0s],		train_loss: 3.2587,	val_loss: 6.7410
20:	[0s / 0s],		train_loss: 3.1791,	val_loss: 6.9874
21:	[0s / 0s],		train_loss: 3.1344,	val_loss: 6.7438
22:	[0s / 0s],		train_loss: 3.1465,	val_loss: 6.7283
23:	[0s / 0s],		train_loss: 3.1456,	val_loss: 6.6999
C-index TRAIN: 0.9237
C-index TEST:  0.7481
0:	[0s / 0s],		train_loss: 3.5502,	val_loss: 6.5893
1:	[0s / 0s],		train_loss: 3.2979,	val_loss: 6.5112
2:	[0s / 0s],		train_loss: 3.2510,	val_loss: 6.5972
3:	[0s / 0s],		train_loss: 3.2745,	val_loss: 6.6256
4:	[0s / 0s],		train_loss: 3.2517,	val_loss: 6.5987
5:	[0s / 0s],		train_loss: 3.2326,	val_loss: 6.7254
6:	[0s / 0s],		train_loss: 3.2456,	val_loss: 6.7097
7:	[0s / 0s],		train_loss: 3.2202,	val_loss: 6.8152
8:	[0s / 0s],		train_loss: 3.2094,	val_loss: 6.7444
9:	[0s / 0s],		train_loss: 3.1897,	val_loss: 6.8905
10:	[0s / 0s],		train_loss: 3.1817,	val_loss: 6.6652
11:	[0s / 0s],		train_loss: 3.1909,	val_loss: 6.7003
12:	[0s / 0s],		train_loss: 3.1757,	val_loss: 6.7153
13:	[0s / 0s],		train_loss: 3.1879,	val_loss: 6.7336
14:	[0s / 0s],		train_loss: 3.1708,	val_loss: 6.8118
15:	[0s / 0s],		train_loss: 3.1344,	val_loss: 6.8255
16:	[0s / 0s],		train_loss: 3.1719,	val_loss: 6.8288
17:	[0s / 0s],		train_loss: 3.1644,	val_loss: 6.8767
18:	[0s / 0s],		train_loss: 3.1567,	val_loss: 6.8255
19:	[0s / 1s],		train_loss: 3.1350,	val_loss: 7.1106
20:	[0s / 1s],		train_loss: 3.1362,	val_loss: 6.9346
21:	[0s / 1s],		train_loss: 3.1670,	val_loss: 7.1121
C-index TRAIN: 0.9193
C-index TEST:  0.7431
  [ckpt] TABICL RSF saved → checkpoints/tabicl/OrmoniTirodei/NaN/seed123/fold3/tabicl_rsf.pkl
C-index train: 0.9645
C-index test:  0.7385
  Fitting TABICL Cox (embedding)...
C-index train: 0.9264
C-index test:  0.7324
X_train shape: (5162, 76), X_test shape: (1290, 76)
Generating TABICL Embeddings...
Warming up TabICL model (triggering checkpoint load)...
ARRIVATO QUI 1
Loading TabICL model checkpoint 'tabicl-classifier-v1.1-0506.ckpt'...
ARRIVATO QUI
Performing dummy prediction to ensure model is loaded...
Warming up TabICL model (triggering checkpoint load)...
ARRIVATO QUI 1
Loading TabICL model checkpoint 'tabicl-classifier-v1.1-0506.ckpt'...
ARRIVATO QUI
Performing dummy prediction to ensure model is loaded...
Successfully generated embeddings with shape: (5162, 512)
0:	[0s / 0s],		train_loss: 3.5527,	val_loss: 6.9139
1:	[0s / 0s],		train_loss: 3.3149,	val_loss: 6.5977
2:	[0s / 0s],		train_loss: 3.2672,	val_loss: 6.5500
3:	[0s / 0s],		train_loss: 3.2192,	val_loss: 6.6169
4:	[0s / 0s],		train_loss: 3.2617,	val_loss: 6.6692
5:	[0s / 0s],		train_loss: 3.2678,	val_loss: 6.6617
6:	[0s / 0s],		train_loss: 3.2371,	val_loss: 6.6421
7:	[0s / 0s],		train_loss: 3.2307,	val_loss: 6.5908
8:	[0s / 0s],		train_loss: 3.2491,	val_loss: 6.6279
9:	[0s / 0s],		train_loss: 3.2399,	val_loss: 6.8276
10:	[0s / 0s],		train_loss: 3.2796,	val_loss: 6.7070
11:	[0s / 0s],		train_loss: 3.2783,	val_loss: 6.6398
12:	[0s / 0s],		train_loss: 3.2381,	val_loss: 6.6768
13:	[0s / 0s],		train_loss: 3.2308,	val_loss: 6.8067
14:	[0s / 0s],		train_loss: 3.2375,	val_loss: 6.6440
15:	[0s / 0s],		train_loss: 3.2002,	val_loss: 6.6512
16:	[0s / 0s],		train_loss: 3.2230,	val_loss: 6.8188
17:	[0s / 0s],		train_loss: 3.2252,	val_loss: 6.6482
18:	[0s / 0s],		train_loss: 3.1836,	val_loss: 6.7053
19:	[0s / 0s],		train_loss: 3.2196,	val_loss: 6.7461
20:	[0s / 0s],		train_loss: 3.2082,	val_loss: 6.6906
21:	[0s / 0s],		train_loss: 3.2120,	val_loss: 6.9004
22:	[0s / 0s],		train_loss: 3.1753,	val_loss: 7.1649
C-index TRAIN: 0.9162
C-index TEST:  0.7514
0:	[0s / 0s],		train_loss: 3.4723,	val_loss: 6.6434
1:	[0s / 0s],		train_loss: 3.3138,	val_loss: 6.5299
2:	[0s / 0s],		train_loss: 3.2958,	val_loss: 6.5777
3:	[0s / 0s],		train_loss: 3.2542,	val_loss: 6.5050
4:	[0s / 0s],		train_loss: 3.2771,	val_loss: 6.4910
5:	[0s / 0s],		train_loss: 3.2558,	val_loss: 6.5388
6:	[0s / 0s],		train_loss: 3.2590,	val_loss: 6.6343
7:	[0s / 0s],		train_loss: 3.2182,	val_loss: 6.5995
8:	[0s / 0s],		train_loss: 3.2260,	val_loss: 6.6576
9:	[0s / 0s],		train_loss: 3.2003,	val_loss: 6.6363
10:	[0s / 0s],		train_loss: 3.2361,	val_loss: 6.6347
11:	[0s / 0s],		train_loss: 3.2065,	val_loss: 6.7964
12:	[0s / 0s],		train_loss: 3.2102,	val_loss: 6.7215
13:	[0s / 0s],		train_loss: 3.2000,	val_loss: 6.7248
14:	[0s / 0s],		train_loss: 3.1953,	val_loss: 6.7193
15:	[0s / 0s],		train_loss: 3.1752,	val_loss: 6.6357
16:	[0s / 0s],		train_loss: 3.1938,	val_loss: 7.0069
17:	[0s / 0s],		train_loss: 3.2255,	val_loss: 6.8059
18:	[0s / 1s],		train_loss: 3.1996,	val_loss: 6.9182
19:	[0s / 1s],		train_loss: 3.1745,	val_loss: 6.8687
20:	[0s / 1s],		train_loss: 3.1800,	val_loss: 6.8258
21:	[0s / 1s],		train_loss: 3.1682,	val_loss: 6.7796
22:	[0s / 1s],		train_loss: 3.1812,	val_loss: 6.8559
23:	[0s / 1s],		train_loss: 3.1937,	val_loss: 6.7398
24:	[0s / 1s],		train_loss: 3.1618,	val_loss: 7.0455
C-index TRAIN: 0.9218
C-index TEST:  0.7606
  [ckpt] TABICL RSF saved → checkpoints/tabicl/OrmoniTirodei/NaN/seed123/fold4/tabicl_rsf.pkl
C-index train: 0.9627
C-index test:  0.7641
  Fitting TABICL Cox (embedding)...
C-index train: 0.9253
C-index test:  0.7547
X_train shape: (5162, 76), X_test shape: (1290, 76)
Generating TABICL Embeddings...
Warming up TabICL model (triggering checkpoint load)...
ARRIVATO QUI 1
Loading TabICL model checkpoint 'tabicl-classifier-v1.1-0506.ckpt'...
ARRIVATO QUI
Performing dummy prediction to ensure model is loaded...
Warming up TabICL model (triggering checkpoint load)...
ARRIVATO QUI 1
Loading TabICL model checkpoint 'tabicl-classifier-v1.1-0506.ckpt'...
ARRIVATO QUI
Performing dummy prediction to ensure model is loaded...
Successfully generated embeddings with shape: (5162, 512)
0:	[0s / 0s],		train_loss: 3.4986,	val_loss: 6.5942
1:	[0s / 0s],		train_loss: 3.3141,	val_loss: 6.6070
2:	[0s / 0s],		train_loss: 3.2973,	val_loss: 6.6028
3:	[0s / 0s],		train_loss: 3.2571,	val_loss: 6.5122
4:	[0s / 0s],		train_loss: 3.2507,	val_loss: 6.5416
5:	[0s / 0s],		train_loss: 3.2161,	val_loss: 6.7305
6:	[0s / 0s],		train_loss: 3.2798,	val_loss: 6.9363
7:	[0s / 0s],		train_loss: 3.2806,	val_loss: 6.6257
8:	[0s / 0s],		train_loss: 3.2219,	val_loss: 6.5934
9:	[0s / 0s],		train_loss: 3.2160,	val_loss: 6.8583
10:	[0s / 0s],		train_loss: 3.2032,	val_loss: 6.5882
11:	[0s / 0s],		train_loss: 3.2032,	val_loss: 6.6621
12:	[0s / 0s],		train_loss: 3.1967,	val_loss: 6.6392
13:	[0s / 0s],		train_loss: 3.1965,	val_loss: 6.7678
14:	[0s / 0s],		train_loss: 3.2488,	val_loss: 6.5754
15:	[0s / 0s],		train_loss: 3.2109,	val_loss: 6.6818
16:	[0s / 0s],		train_loss: 3.2228,	val_loss: 6.7946
17:	[0s / 0s],		train_loss: 3.1993,	val_loss: 6.6989
18:	[0s / 0s],		train_loss: 3.2365,	val_loss: 6.6454
19:	[0s / 0s],		train_loss: 3.2232,	val_loss: 6.7622
20:	[0s / 0s],		train_loss: 3.2522,	val_loss: 6.6632
21:	[0s / 0s],		train_loss: 3.2272,	val_loss: 6.9406
22:	[0s / 0s],		train_loss: 3.2541,	val_loss: 6.7182
23:	[0s / 0s],		train_loss: 3.1843,	val_loss: 6.7078
C-index TRAIN: 0.9216
C-index TEST:  0.7418
0:	[0s / 0s],		train_loss: 3.4946,	val_loss: 6.6314
1:	[0s / 0s],		train_loss: 3.3292,	val_loss: 6.5600
2:	[0s / 0s],		train_loss: 3.3330,	val_loss: 6.4936
3:	[0s / 0s],		train_loss: 3.3081,	val_loss: 6.4982
4:	[0s / 0s],		train_loss: 3.2723,	val_loss: 6.5509
5:	[0s / 0s],		train_loss: 3.2782,	val_loss: 6.6238
6:	[0s / 0s],		train_loss: 3.2530,	val_loss: 6.5456
7:	[0s / 0s],		train_loss: 3.2418,	val_loss: 6.6217
8:	[0s / 0s],		train_loss: 3.2355,	val_loss: 6.6511
9:	[0s / 0s],		train_loss: 3.2276,	val_loss: 6.4914
10:	[0s / 0s],		train_loss: 3.2388,	val_loss: 6.5424
11:	[0s / 0s],		train_loss: 3.2304,	val_loss: 6.7407
12:	[0s / 0s],		train_loss: 3.2191,	val_loss: 6.6874
13:	[0s / 0s],		train_loss: 3.2074,	val_loss: 6.5386
14:	[0s / 0s],		train_loss: 3.2137,	val_loss: 6.7099
15:	[0s / 0s],		train_loss: 3.1885,	val_loss: 6.6712
16:	[0s / 0s],		train_loss: 3.1790,	val_loss: 6.6005
17:	[0s / 0s],		train_loss: 3.2125,	val_loss: 7.1706
18:	[0s / 1s],		train_loss: 3.2040,	val_loss: 6.9271
19:	[0s / 1s],		train_loss: 3.2114,	val_loss: 6.8857
20:	[0s / 1s],		train_loss: 3.1885,	val_loss: 6.9883
21:	[0s / 1s],		train_loss: 3.1767,	val_loss: 6.8943
22:	[0s / 1s],		train_loss: 3.1487,	val_loss: 6.9625
23:	[0s / 1s],		train_loss: 3.1842,	val_loss: 7.2404
24:	[0s / 1s],		train_loss: 3.1511,	val_loss: 7.0992
25:	[0s / 1s],		train_loss: 3.1846,	val_loss: 7.2764
26:	[0s / 1s],		train_loss: 3.1706,	val_loss: 7.4775
27:	[0s / 1s],		train_loss: 3.1561,	val_loss: 7.4369
28:	[0s / 1s],		train_loss: 3.1897,	val_loss: 7.4572
29:	[0s / 1s],		train_loss: 3.2014,	val_loss: 7.2506
C-index TRAIN: 0.9233
C-index TEST:  0.7474
  [ckpt] TABICL RSF saved → checkpoints/tabicl/OrmoniTirodei/NaN/seed123/fold5/tabicl_rsf.pkl
C-index train: 0.9625
C-index test:  0.7362
  Fitting TABICL Cox (embedding)...
C-index train: 0.9236
C-index test:  0.7489

  Preprocess: -1 | Seed: 123
  TABICL Train Vanilla → mean: 0.919711 | std: 0.002757 | min: 0.915255 | max: 0.923060
  TABICL Test Vanilla → mean: 0.752098 | std: 0.006483 | min: 0.741996 | max: 0.761388
  TABICL Train Simple → mean: 0.922939 | std: 0.001870 | min: 0.919621 | max: 0.924861
  TABICL Test Simple → mean: 0.739396 | std: 0.009485 | min: 0.726363 | max: 0.750569
  TABICL Train RSF → mean: 0.965431 | std: 0.000555 | min: 0.964782 | max: 0.966372
  TABICL Test RSF → mean: 0.737877 | std: 0.008649 | min: 0.728224 | max: 0.752453
  TABICL Train Cox → mean: 0.927104 | std: 0.001026 | min: 0.925900 | max: 0.928828/scratch.hpc/luca.cotugno/Foundation_model_clinical_data/.venv/lib/python3.12/site-packages/sklearn/utils/validation.py:2684: UserWarning: X has feature names, but RandomSurvivalForest was fitted without feature names
  warnings.warn(
/scratch.hpc/luca.cotugno/Foundation_model_clinical_data/.venv/lib/python3.12/site-packages/sklearn/utils/validation.py:2684: UserWarning: X has feature names, but RandomSurvivalForest was fitted without feature names
  warnings.warn(
/scratch.hpc/luca.cotugno/Foundation_model_clinical_data/.venv/lib/python3.12/site-packages/sklearn/utils/validation.py:2684: UserWarning: X has feature names, but RandomSurvivalForest was fitted without feature names
  warnings.warn(
/scratch.hpc/luca.cotugno/Foundation_model_clinical_data/.venv/lib/python3.12/site-packages/sklearn/utils/validation.py:2684: UserWarning: X has feature names, but RandomSurvivalForest was fitted without feature names
  warnings.warn(
/scratch.hpc/luca.cotugno/Foundation_model_clinical_data/.venv/lib/python3.12/site-packages/sklearn/utils/validation.py:2684: UserWarning: X has feature names, but RandomSurvivalForest was fitted without feature names
  warnings.warn(
/scratch.hpc/luca.cotugno/Foundation_model_clinical_data/.venv/lib/python3.12/site-packages/sklearn/utils/validation.py:2684: UserWarning: X has feature names, but RandomSurvivalForest was fitted without feature names
  warnings.warn(
/scratch.hpc/luca.cotugno/Foundation_model_clinical_data/.venv/lib/python3.12/site-packages/sklearn/utils/validation.py:2684: UserWarning: X has feature names, but RandomSurvivalForest was fitted without feature names
  warnings.warn(
/scratch.hpc/luca.cotugno/Foundation_model_clinical_data/.venv/lib/python3.12/site-packages/sklearn/utils/validation.py:2684: UserWarning: X has feature names, but RandomSurvivalForest was fitted without feature names
  warnings.warn(
/scratch.hpc/luca.cotugno/Foundation_model_clinical_data/.venv/lib/python3.12/site-packages/pycox/models/cox.py:251: RuntimeWarning: overflow encountered in exp
  expg = np.exp(self.predict(input, batch_size, True, eval_, num_workers=num_workers)).reshape(1, -1)
/scratch.hpc/luca.cotugno/Foundation_model_clinical_data/.venv/lib/python3.12/site-packages/sklearn/utils/validation.py:2684: UserWarning: X has feature names, but RandomSurvivalForest was fitted without feature names
  warnings.warn(
/scratch.hpc/luca.cotugno/Foundation_model_clinical_data/.venv/lib/python3.12/site-packages/sklearn/utils/validation.py:2684: UserWarning: X has feature names, but RandomSurvivalForest was fitted without feature names
  warnings.warn(

  TABICL Test Cox → mean: 0.748638 | std: 0.007316 | min: 0.741785 | max: 0.761176
  Train DeepSurv Vanilla → mean: 0.801036 | std: 0.008155 | min: 0.785461 | max: 0.809271
  Test DeepSurv Vanilla → mean: 0.789167 | std: 0.008906 | min: 0.776092 | max: 0.800278
  Train DeepSurv Simple → mean: 0.787142 | std: 0.007361 | min: 0.773512 | max: 0.795133
  Test DeepSurv Simple → mean: 0.779597 | std: 0.017554 | min: 0.746331 | max: 0.796546
  Train RSF  → mean: 0.908326 | std: 0.001484 | min: 0.906208 | max: 0.910528
  Test RSF   → mean: 0.795231 | std: 0.010470 | min: 0.779000 | max: 0.807997
  Train Cox  → mean: 0.800512 | std: 0.001650 | min: 0.798134 | max: 0.803197
  Test Cox   → mean: 0.794854 | std: 0.007954 | min: 0.783536 | max: 0.802912

  Preprocess: NaN | Seed: 123
  TABICL Train Vanilla → mean: 0.920738 | std: 0.001629 | min: 0.918815 | max: 0.923271
  TABICL Test Vanilla → mean: 0.749536 | std: 0.009186 | min: 0.737122 | max: 0.760566
  TABICL Train Simple → mean: 0.920250 | std: 0.003068 | min: 0.916207 | max: 0.923685
  TABICL Test Simple → mean: 0.742083 | std: 0.008880 | min: 0.725648 | max: 0.751375
  TABICL Train RSF → mean: 0.963484 | std: 0.000799 | min: 0.962489 | max: 0.964471
  TABICL Test RSF → mean: 0.747782 | std: 0.010058 | min: 0.736206 | max: 0.764103
  TABICL Train Cox → mean: 0.925130 | std: 0.001029 | min: 0.923587 | max: 0.926446
  TABICL Test Cox → mean: 0.746219 | std: 0.008544 | min: 0.732413 | max: 0.754742
Result saved in 'results/OrmoniTirodei/tabicl/results_cv_OrmoniTirodei_tabicl_seed123.txt'


Preprocess: Replace NaN with -1
Loading existing folds from tmp/splits/HURRAH_seed123.pkl
X_train shape: (13566, 61), X_test shape: (3392, 61)
Generating TABICL Embeddings...
Warming up TabICL model (triggering checkpoint load)...
ARRIVATO QUI 1
Loading TabICL model checkpoint 'tabicl-classifier-v1.1-0506.ckpt'...
ARRIVATO QUI
Performing dummy prediction to ensure model is loaded...
Warming up TabICL model (triggering checkpoint load)...
ARRIVATO QUI 1
Loading TabICL model checkpoint 'tabicl-classifier-v1.1-0506.ckpt'...
ARRIVATO QUI
Performing dummy prediction to ensure model is loaded...
Successfully generated embeddings with shape: (13566, 512)
0:	[0s / 0s],		train_loss: 2.9050,	val_loss: 7.8428
1:	[0s / 0s],		train_loss: 2.6662,	val_loss: 7.9279
2:	[0s / 0s],		train_loss: 2.5751,	val_loss: 7.6612
3:	[0s / 0s],		train_loss: 2.5942,	val_loss: 7.7744
4:	[0s / 0s],		train_loss: 2.5547,	val_loss: 8.4856
5:	[0s / 0s],		train_loss: 2.5938,	val_loss: 8.1525
6:	[0s / 0s],		train_loss: 2.5891,	val_loss: 8.0536
7:	[0s / 0s],		train_loss: 2.6088,	val_loss: 8.1806
8:	[0s / 0s],		train_loss: 2.5772,	val_loss: 8.3802
9:	[0s / 0s],		train_loss: 2.5771,	val_loss: 7.8496
10:	[0s / 1s],		train_loss: 2.6538,	val_loss: 7.9467
11:	[0s / 1s],		train_loss: 2.6049,	val_loss: 8.5940
12:	[0s / 1s],		train_loss: 2.5733,	val_loss: 8.3937
13:	[0s / 1s],		train_loss: 2.5636,	val_loss: 8.1975
14:	[0s / 1s],		train_loss: 2.5325,	val_loss: 8.3576
15:	[0s / 1s],		train_loss: 2.5416,	val_loss: 8.5414
16:	[0s / 1s],		train_loss: 2.5199,	val_loss: 8.7529
17:	[0s / 1s],		train_loss: 2.5526,	val_loss: 8.3963
18:	[0s / 1s],		train_loss: 2.5194,	val_loss: 8.4520
19:	[0s / 1s],		train_loss: 2.5012,	val_loss: 9.2407
20:	[0s / 1s],		train_loss: 2.5026,	val_loss: 8.0331
21:	[0s / 1s],		train_loss: 2.5789,	val_loss: 7.9699
22:	[0s / 2s],		train_loss: 2.5594,	val_loss: 8.9769
C-index TRAIN: 0.9628
C-index TEST:  0.7685
0:	[0s / 0s],		train_loss: 2.8956,	val_loss: 7.5341
1:	[0s / 0s],		train_loss: 2.6866,	val_loss: 7.4841
2:	[0s / 0s],		train_loss: 2.6465,	val_loss: 7.7699
3:	[0s / 0s],		train_loss: 2.6364,	val_loss: 8.0246
4:	[0s / 0s],		train_loss: 2.5802,	val_loss: 7.6223
5:	[0s / 0s],		train_loss: 2.5389,	val_loss: 7.6574
6:	[0s / 0s],		train_loss: 2.5245,	val_loss: 7.9731
7:	[0s / 1s],		train_loss: 2.5230,	val_loss: 7.6507
8:	[0s / 1s],		train_loss: 2.5104,	val_loss: 7.9292
9:	[0s / 1s],		train_loss: 2.5136,	val_loss: 8.0782
10:	[0s / 1s],		train_loss: 2.5036,	val_loss: 7.7655
11:	[0s / 1s],		train_loss: 2.5050,	val_loss: 7.8685
12:	[0s / 1s],		train_loss: 2.5019,	val_loss: 8.2683
13:	[0s / 1s],		train_loss: 2.4781,	val_loss: 8.8882
14:	[0s / 1s],		train_loss: 2.4831,	val_loss: 8.4920
15:	[0s / 2s],		train_loss: 2.4888,	val_loss: 8.4656
16:	[0s / 2s],		train_loss: 2.4769,	val_loss: 8.0901
17:	[0s / 2s],		train_loss: 2.4724,	val_loss: 8.2296
18:	[0s / 2s],		train_loss: 2.4772,	val_loss: 8.4225
19:	[0s / 2s],		train_loss: 2.4700,	val_loss: 8.4996
20:	[0s / 2s],		train_loss: 2.4773,	val_loss: 7.7365
21:	[0s / 2s],		train_loss: 2.4705,	val_loss: 8.8025
C-index TRAIN: 0.9611
C-index TEST:  0.7538
  [ckpt] TABICL RSF saved → checkpoints/tabicl/HURRAH/-1/seed123/fold1/tabicl_rsf.pkl
C-index train: 0.9837
C-index test:  0.7397
  Fitting TABICL Cox (embedding)...
C-index train: 0.9650
C-index test:  0.7546
0:	[0s / 0s],		train_loss: 4.6221,	val_loss: 7.1423
1:	[0s / 0s],		train_loss: 4.4034,	val_loss: 7.1146
2:	[0s / 0s],		train_loss: 4.3809,	val_loss: 7.5198
3:	[0s / 0s],		train_loss: 4.3690,	val_loss: 7.0747
4:	[0s / 0s],		train_loss: 4.3361,	val_loss: 7.0974
5:	[0s / 0s],		train_loss: 4.3319,	val_loss: 7.0568
6:	[0s / 0s],		train_loss: 4.3128,	val_loss: 7.0482
7:	[0s / 0s],		train_loss: 4.3020,	val_loss: 7.0542
8:	[0s / 1s],		train_loss: 4.2915,	val_loss: 7.0401
9:	[0s / 1s],		train_loss: 4.2829,	val_loss: 7.1137
10:	[0s / 1s],		train_loss: 4.2785,	val_loss: 7.0212
11:	[0s / 1s],		train_loss: 4.2722,	val_loss: 7.0145
12:	[0s / 1s],		train_loss: 4.2713,	val_loss: 6.9875
13:	[0s / 1s],		train_loss: 4.2701,	val_loss: 7.2007
14:	[0s / 1s],		train_loss: 4.2651,	val_loss: 7.0428
15:	[0s / 1s],		train_loss: 4.2512,	val_loss: 7.0358
16:	[0s / 2s],		train_loss: 4.2706,	val_loss: 7.0131
17:	[0s / 2s],		train_loss: 4.2562,	val_loss: 6.9985
18:	[0s / 2s],		train_loss: 4.2589,	val_loss: 7.0099
19:	[0s / 2s],		train_loss: 4.2247,	val_loss: 6.9675
20:	[0s / 2s],		train_loss: 4.2370,	val_loss: 6.9906
21:	[0s / 2s],		train_loss: 4.2302,	val_loss: 6.9948
22:	[0s / 2s],		train_loss: 4.2071,	val_loss: 7.0521
23:	[0s / 2s],		train_loss: 4.2309,	val_loss: 7.0032
24:	[0s / 2s],		train_loss: 4.2022,	val_loss: 7.0671
25:	[0s / 3s],		train_loss: 4.2292,	val_loss: 6.9878
26:	[0s / 3s],		train_loss: 4.2248,	val_loss: 7.1689
27:	[0s / 3s],		train_loss: 4.2246,	val_loss: 7.0029
28:	[0s / 3s],		train_loss: 4.2206,	val_loss: 6.9780
29:	[0s / 3s],		train_loss: 4.2050,	val_loss: 6.9882
30:	[0s / 3s],		train_loss: 4.2036,	val_loss: 6.9568
31:	[0s / 3s],		train_loss: 4.2034,	val_loss: 6.9895
32:	[0s / 3s],		train_loss: 4.2162,	val_loss: 6.9988
33:	[0s / 4s],		train_loss: 4.2090,	val_loss: 7.0020
34:	[0s / 4s],		train_loss: 4.2006,	val_loss: 6.9667
35:	[0s / 4s],		train_loss: 4.2055,	val_loss: 6.9722
36:	[0s / 4s],		train_loss: 4.1950,	val_loss: 6.9964
37:	[0s / 4s],		train_loss: 4.2088,	val_loss: 6.9968
38:	[0s / 4s],		train_loss: 4.1984,	val_loss: 7.0093
39:	[0s / 4s],		train_loss: 4.2024,	val_loss: 6.9871
40:	[0s / 4s],		train_loss: 4.2039,	val_loss: 6.9943
41:	[0s / 4s],		train_loss: 4.1970,	val_loss: 6.9710
42:	[0s / 5s],		train_loss: 4.1807,	val_loss: 6.9799
43:	[0s / 5s],		train_loss: 4.1844,	val_loss: 6.9683
44:	[0s / 5s],		train_loss: 4.2023,	val_loss: 6.9954
45:	[0s / 5s],		train_loss: 4.1794,	val_loss: 7.0145
46:	[0s / 5s],		train_loss: 4.1905,	val_loss: 6.9719
47:	[0s / 5s],		train_loss: 4.1721,	val_loss: 6.9931
48:	[0s / 5s],		train_loss: 4.1957,	val_loss: 7.0675
49:	[0s / 5s],		train_loss: 4.2072,	val_loss: 6.9924
50:	[0s / 6s],		train_loss: 4.1899,	val_loss: 7.1018
C-index TRAIN: 0.8583
C-index TEST:  0.8444
0:	[0s / 0s],		train_loss: 9.0471,	val_loss: 7.2723
1:	[0s / 0s],		train_loss: 4.3993,	val_loss: 7.1077
2:	[0s / 0s],		train_loss: 4.3268,	val_loss: 7.0869
3:	[0s / 0s],		train_loss: 4.3867,	val_loss: 7.0886
4:	[0s / 0s],		train_loss: 4.3758,	val_loss: 7.0634
5:	[0s / 0s],		train_loss: 4.3733,	val_loss: 7.1846
6:	[0s / 0s],		train_loss: 4.4571,	val_loss: 7.1942
7:	[0s / 0s],		train_loss: 4.4142,	val_loss: 7.2110
8:	[0s / 0s],		train_loss: 4.3605,	val_loss: 7.0677
9:	[0s / 0s],		train_loss: 4.3692,	val_loss: 7.0975
10:	[0s / 0s],		train_loss: 4.3744,	val_loss: 7.1207
11:	[0s / 0s],		train_loss: 4.3909,	val_loss: 7.0809
12:	[0s / 1s],		train_loss: 4.3499,	val_loss: 7.0921
13:	[0s / 1s],		train_loss: 4.4132,	val_loss: 7.1255
14:	[0s / 1s],		train_loss: 4.4335,	val_loss: 7.1487
15:	[0s / 1s],		train_loss: 4.3840,	val_loss: 7.0747
16:	[0s / 1s],		train_loss: 4.3581,	val_loss: 7.0829
17:	[0s / 1s],		train_loss: 4.3922,	val_loss: 7.2482
18:	[0s / 1s],		train_loss: 4.4355,	val_loss: 7.2465
19:	[0s / 1s],		train_loss: 4.4467,	val_loss: 7.3960
20:	[0s / 1s],		train_loss: 4.3751,	val_loss: 7.1696
21:	[0s / 1s],		train_loss: 4.4848,	val_loss: 7.0807
22:	[0s / 1s],		train_loss: 4.4547,	val_loss: 7.2075
23:	[0s / 2s],		train_loss: 4.4309,	val_loss: 7.2819
24:	[0s / 2s],		train_loss: 4.4891,	val_loss: 7.2441
C-index TRAIN: 0.8370
C-index TEST:  0.8346
  [ckpt] RSF baseline saved → checkpoints/tabicl/HURRAH/-1/seed123/fold1/rsf_baseline.pkl
C-index train: 0.9425
C-index test:  0.8397
  Fitting Cox baseline...
C-index train: 0.8294
C-index test:  0.8222
X_train shape: (13566, 61), X_test shape: (3392, 61)
Generating TABICL Embeddings...
Warming up TabICL model (triggering checkpoint load)...
ARRIVATO QUI 1
Loading TabICL model checkpoint 'tabicl-classifier-v1.1-0506.ckpt'...
ARRIVATO QUI
Performing dummy prediction to ensure model is loaded...
Warming up TabICL model (triggering checkpoint load)...
ARRIVATO QUI 1
Loading TabICL model checkpoint 'tabicl-classifier-v1.1-0506.ckpt'...
ARRIVATO QUI
Performing dummy prediction to ensure model is loaded...
Successfully generated embeddings with shape: (13566, 512)
0:	[0s / 0s],		train_loss: 2.9832,	val_loss: 7.6927
1:	[0s / 0s],		train_loss: 2.6134,	val_loss: 7.6309
2:	[0s / 0s],		train_loss: 2.6003,	val_loss: 7.8713
3:	[0s / 0s],		train_loss: 2.5897,	val_loss: 8.1816
4:	[0s / 0s],		train_loss: 2.6062,	val_loss: 7.8183
5:	[0s / 0s],		train_loss: 2.6238,	val_loss: 7.7907
6:	[0s / 0s],		train_loss: 2.6386,	val_loss: 7.8136
7:	[0s / 0s],		train_loss: 2.5461,	val_loss: 7.9274
8:	[0s / 0s],		train_loss: 2.5407,	val_loss: 7.9902
9:	[0s / 0s],		train_loss: 2.5301,	val_loss: 7.8412
10:	[0s / 0s],		train_loss: 2.6051,	val_loss: 8.5115
11:	[0s / 1s],		train_loss: 2.6586,	val_loss: 8.5904
12:	[0s / 1s],		train_loss: 2.5894,	val_loss: 8.5507
13:	[0s / 1s],		train_loss: 2.5535,	val_loss: 8.0983
14:	[0s / 1s],		train_loss: 2.5807,	val_loss: 8.5067
15:	[0s / 1s],		train_loss: 2.5678,	val_loss: 8.3230
16:	[0s / 1s],		train_loss: 2.5913,	val_loss: 8.9148
17:	[0s / 1s],		train_loss: 2.5884,	val_loss: 7.8668
18:	[0s / 1s],		train_loss: 2.5249,	val_loss: 8.6993
19:	[0s / 1s],		train_loss: 2.5590,	val_loss: 8.2304
20:	[0s / 1s],		train_loss: 2.6006,	val_loss: 8.1926
21:	[0s / 1s],		train_loss: 2.5606,	val_loss: 8.2885
C-index TRAIN: 0.9644
C-index TEST:  0.7991
0:	[0s / 0s],		train_loss: 2.8886,	val_loss: 7.4869
1:	[0s / 0s],		train_loss: 2.7138,	val_loss: 7.7441
2:	[0s / 0s],		train_loss: 2.6532,	val_loss: 7.5547
3:	[0s / 0s],		train_loss: 2.6233,	val_loss: 7.4711
4:	[0s / 0s],		train_loss: 2.5963,	val_loss: 7.7538
5:	[0s / 0s],		train_loss: 2.5485,	val_loss: 7.6598
6:	[0s / 0s],		train_loss: 2.5324,	val_loss: 7.8492
7:	[0s / 1s],		train_loss: 2.5489,	val_loss: 8.2920
8:	[0s / 1s],		train_loss: 2.5333,	val_loss: 7.6260
9:	[0s / 1s],		train_loss: 2.5382,	val_loss: 7.5518
10:	[0s / 1s],		train_loss: 2.5127,	val_loss: 8.0702
11:	[0s / 1s],		train_loss: 2.5050,	val_loss: 7.7020
12:	[0s / 1s],		train_loss: 2.4989,	val_loss: 8.0287
13:	[0s / 1s],		train_loss: 2.5002,	val_loss: 7.9237
14:	[0s / 1s],		train_loss: 2.4950,	val_loss: 8.8396
15:	[0s / 2s],		train_loss: 2.4819,	val_loss: 8.1711
16:	[0s / 2s],		train_loss: 2.4717,	val_loss: 8.1037
17:	[0s / 2s],		train_loss: 2.4896,	val_loss: 8.1102
18:	[0s / 2s],		train_loss: 2.4863,	val_loss: 7.6475
19:	[0s / 2s],		train_loss: 2.4719,	val_loss: 8.0541
20:	[0s / 2s],		train_loss: 2.4895,	val_loss: 7.7610
21:	[0s / 2s],		train_loss: 2.4831,	val_loss: 8.1686
22:	[0s / 2s],		train_loss: 2.4894,	val_loss: 8.1958
23:	[0s / 3s],		train_loss: 2.4651,	val_loss: 8.2552
C-index TRAIN: 0.9624
C-index TEST:  0.7883
  [ckpt] TABICL RSF saved → checkpoints/tabicl/HURRAH/-1/seed123/fold2/tabicl_rsf.pkl
C-index train: 0.9833
C-index test:  0.7448
  Fitting TABICL Cox (embedding)...
C-index train: 0.9647
C-index test:  0.7748
0:	[0s / 0s],		train_loss: 4.6515,	val_loss: 7.2342
1:	[0s / 0s],		train_loss: 4.4436,	val_loss: 7.1331
2:	[0s / 0s],		train_loss: 4.4021,	val_loss: 7.0913
3:	[0s / 0s],		train_loss: 4.3754,	val_loss: 7.1026
4:	[0s / 0s],		train_loss: 4.3464,	val_loss: 7.0462
5:	[0s / 0s],		train_loss: 4.3340,	val_loss: 7.0860
6:	[0s / 0s],		train_loss: 4.3315,	val_loss: 7.0533
7:	[0s / 0s],		train_loss: 4.3297,	val_loss: 7.0505
8:	[0s / 1s],		train_loss: 4.3174,	val_loss: 7.0761
9:	[0s / 1s],		train_loss: 4.3184,	val_loss: 7.0711
10:	[0s / 1s],		train_loss: 4.3168,	val_loss: 7.0266
11:	[0s / 1s],		train_loss: 4.3004,	val_loss: 7.0626
12:	[0s / 1s],		train_loss: 4.3053,	val_loss: 7.0557
13:	[0s / 1s],		train_loss: 4.3014,	val_loss: 7.0270
14:	[0s / 1s],		train_loss: 4.2871,	val_loss: 7.0468
15:	[0s / 1s],		train_loss: 4.2817,	val_loss: 7.0451
16:	[0s / 1s],		train_loss: 4.2868,	val_loss: 7.0012
17:	[0s / 2s],		train_loss: 4.2934,	val_loss: 7.0286
18:	[0s / 2s],		train_loss: 4.2748,	val_loss: 7.0393
19:	[0s / 2s],		train_loss: 4.2852,	val_loss: 7.0385
20:	[0s / 2s],		train_loss: 4.2672,	val_loss: 7.0263
21:	[0s / 2s],		train_loss: 4.2818,	val_loss: 7.0105
22:	[0s / 2s],		train_loss: 4.2784,	val_loss: 7.0299
23:	[0s / 2s],		train_loss: 4.2548,	val_loss: 7.0531
24:	[0s / 2s],		train_loss: 4.2727,	val_loss: 7.0239
25:	[0s / 2s],		train_loss: 4.2550,	val_loss: 7.0117
26:	[0s / 3s],		train_loss: 4.2570,	val_loss: 7.0145
27:	[0s / 3s],		train_loss: 4.2602,	val_loss: 7.0043
28:	[0s / 3s],		train_loss: 4.2606,	val_loss: 7.0053
29:	[0s / 3s],		train_loss: 4.2563,	val_loss: 7.0091
30:	[0s / 3s],		train_loss: 4.2551,	val_loss: 6.9882
31:	[0s / 3s],		train_loss: 4.2581,	val_loss: 6.9948
32:	[0s / 3s],		train_loss: 4.2566,	val_loss: 7.0230
33:	[0s / 3s],		train_loss: 4.2519,	val_loss: 7.0272
34:	[0s / 3s],		train_loss: 4.2665,	val_loss: 7.0016
35:	[0s / 4s],		train_loss: 4.2572,	val_loss: 7.0035
36:	[0s / 4s],		train_loss: 4.2531,	val_loss: 7.0051
37:	[0s / 4s],		train_loss: 4.2445,	val_loss: 6.9910
38:	[0s / 4s],		train_loss: 4.2558,	val_loss: 7.0074
39:	[0s / 4s],		train_loss: 4.2352,	val_loss: 7.0127
40:	[0s / 4s],		train_loss: 4.2454,	val_loss: 7.0302
41:	[0s / 4s],		train_loss: 4.2443,	val_loss: 7.0194
42:	[0s / 4s],		train_loss: 4.2323,	val_loss: 6.9827
43:	[0s / 4s],		train_loss: 4.2292,	val_loss: 7.0031
44:	[0s / 5s],		train_loss: 4.2247,	val_loss: 7.0205
45:	[0s / 5s],		train_loss: 4.2378,	val_loss: 7.0540
46:	[0s / 5s],		train_loss: 4.2487,	val_loss: 7.0077
47:	[0s / 5s],		train_loss: 4.2412,	val_loss: 6.9920
48:	[0s / 5s],		train_loss: 4.2200,	val_loss: 7.0344
49:	[0s / 5s],		train_loss: 4.2307,	val_loss: 7.0183
50:	[0s / 5s],		train_loss: 4.2324,	val_loss: 7.0171
51:	[0s / 5s],		train_loss: 4.2154,	val_loss: 6.9891
52:	[0s / 6s],		train_loss: 4.2253,	val_loss: 6.9883
53:	[0s / 6s],		train_loss: 4.2151,	val_loss: 6.9801
54:	[0s / 6s],		train_loss: 4.2209,	val_loss: 7.0188
55:	[0s / 6s],		train_loss: 4.2141,	val_loss: 6.9930
56:	[0s / 6s],		train_loss: 4.2173,	val_loss: 6.9840
57:	[0s / 6s],		train_loss: 4.2131,	val_loss: 7.0118
58:	[0s / 6s],		train_loss: 4.2079,	val_loss: 7.0015
59:	[0s / 6s],		train_loss: 4.2449,	val_loss: 7.0224
60:	[0s / 6s],		train_loss: 4.2296,	val_loss: 6.9693
61:	[0s / 7s],		train_loss: 4.2225,	val_loss: 6.9852
62:	[0s / 7s],		train_loss: 4.2279,	val_loss: 7.0171
63:	[0s / 7s],		train_loss: 4.2230,	val_loss: 7.0140
64:	[0s / 7s],		train_loss: 4.2061,	val_loss: 6.9826
65:	[0s / 7s],		train_loss: 4.2151,	val_loss: 7.0742
66:	[0s / 7s],		train_loss: 4.2165,	val_loss: 7.0029
67:	[0s / 7s],		train_loss: 4.2099,	val_loss: 7.0022
68:	[0s / 7s],		train_loss: 4.2304,	val_loss: 7.0183
69:	[0s / 7s],		train_loss: 4.2194,	val_loss: 6.9958
70:	[0s / 8s],		train_loss: 4.2192,	val_loss: 7.0005
71:	[0s / 8s],		train_loss: 4.2090,	val_loss: 7.0463
72:	[0s / 8s],		train_loss: 4.2269,	val_loss: 6.9844
73:	[0s / 8s],		train_loss: 4.1919,	val_loss: 6.9860
74:	[0s / 8s],		train_loss: 4.2161,	val_loss: 7.0048
75:	[0s / 8s],		train_loss: 4.1976,	val_loss: 7.0137
76:	[0s / 8s],		train_loss: 4.2046,	val_loss: 6.9934
77:	[0s / 8s],		train_loss: 4.2064,	val_loss: 6.9803
78:	[0s / 8s],		train_loss: 4.1919,	val_loss: 7.0098
79:	[0s / 9s],		train_loss: 4.2043,	val_loss: 7.0096
80:	[0s / 9s],		train_loss: 4.2065,	val_loss: 7.0100
C-index TRAIN: 0.8585
C-index TEST:  0.8560
0:	[0s / 0s],		train_loss: 8.4138,	val_loss: 7.4745
1:	[0s / 0s],		train_loss: 4.4488,	val_loss: 7.1546
2:	[0s / 0s],		train_loss: 4.4143,	val_loss: 7.1150
3:	[0s / 0s],		train_loss: 4.5162,	val_loss: 7.4782
4:	[0s / 0s],		train_loss: 4.4920,	val_loss: 7.2434
5:	[0s / 0s],		train_loss: 4.4320,	val_loss: 7.1945
6:	[0s / 0s],		train_loss: 4.4940,	val_loss: 7.6174
7:	[0s / 0s],		train_loss: 4.5871,	val_loss: 7.2910
8:	[0s / 0s],		train_loss: 4.4878,	val_loss: 7.1039
9:	[0s / 0s],		train_loss: 4.3741,	val_loss: 7.0401
10:	[0s / 0s],		train_loss: 4.3609,	val_loss: 7.2205
11:	[0s / 0s],		train_loss: 4.4075,	val_loss: 7.1389
12:	[0s / 1s],		train_loss: 4.4167,	val_loss: 7.1455
13:	[0s / 1s],		train_loss: 4.4219,	val_loss: 7.1124
14:	[0s / 1s],		train_loss: 4.3753,	val_loss: 7.0742
15:	[0s / 1s],		train_loss: 4.4493,	val_loss: 7.1540
16:	[0s / 1s],		train_loss: 4.4358,	val_loss: 7.3676
17:	[0s / 1s],		train_loss: 4.4634,	val_loss: 7.5601
18:	[0s / 1s],		train_loss: 4.4371,	val_loss: 7.3070
19:	[0s / 1s],		train_loss: 4.4151,	val_loss: 7.3070
20:	[0s / 1s],		train_loss: 4.4111,	val_loss: 7.0919
21:	[0s / 1s],		train_loss: 4.3822,	val_loss: 7.0945
22:	[0s / 1s],		train_loss: 4.4453,	val_loss: 7.2004
23:	[0s / 1s],		train_loss: 4.4065,	val_loss: 7.1028
24:	[0s / 1s],		train_loss: 4.3718,	val_loss: 7.0990
25:	[0s / 2s],		train_loss: 4.4509,	val_loss: 7.2819
26:	[0s / 2s],		train_loss: 4.4089,	val_loss: 7.4301
27:	[0s / 2s],		train_loss: 4.4383,	val_loss: 7.1196
28:	[0s / 2s],		train_loss: 4.3712,	val_loss: 7.1291
29:	[0s / 2s],		train_loss: 4.4191,	val_loss: 7.1153
C-index TRAIN: 0.8393
C-index TEST:  0.8411
  [ckpt] RSF baseline saved → checkpoints/tabicl/HURRAH/-1/seed123/fold2/rsf_baseline.pkl
C-index train: 0.9412
C-index test:  0.8596
  Fitting Cox baseline...
C-index train: 0.8262
C-index test:  0.8348
X_train shape: (13566, 61), X_test shape: (3392, 61)
Generating TABICL Embeddings...
Warming up TabICL model (triggering checkpoint load)...
ARRIVATO QUI 1
Loading TabICL model checkpoint 'tabicl-classifier-v1.1-0506.ckpt'...
ARRIVATO QUI
Performing dummy prediction to ensure model is loaded...
Warming up TabICL model (triggering checkpoint load)...
ARRIVATO QUI 1
Loading TabICL model checkpoint 'tabicl-classifier-v1.1-0506.ckpt'...
ARRIVATO QUI
Performing dummy prediction to ensure model is loaded...
Successfully generated embeddings with shape: (13566, 512)
0:	[0s / 0s],		train_loss: 2.8515,	val_loss: 7.9846
1:	[0s / 0s],		train_loss: 2.6304,	val_loss: 7.5740
2:	[0s / 0s],		train_loss: 2.6016,	val_loss: 7.9967
3:	[0s / 0s],		train_loss: 2.5612,	val_loss: 8.3380
4:	[0s / 0s],		train_loss: 2.6847,	val_loss: 8.1289
5:	[0s / 0s],		train_loss: 2.6688,	val_loss: 7.8608
6:	[0s / 0s],		train_loss: 2.6784,	val_loss: 7.7799
7:	[0s / 0s],		train_loss: 2.5897,	val_loss: 8.1756
8:	[0s / 0s],		train_loss: 2.5651,	val_loss: 7.9282
9:	[0s / 0s],		train_loss: 2.5707,	val_loss: 8.7878
10:	[0s / 0s],		train_loss: 2.6254,	val_loss: 7.9712
11:	[0s / 1s],		train_loss: 2.6015,	val_loss: 9.1945
12:	[0s / 1s],		train_loss: 2.6068,	val_loss: 9.5935
13:	[0s / 1s],		train_loss: 2.7244,	val_loss: 8.7213
14:	[0s / 1s],		train_loss: 2.5894,	val_loss: 9.0151
15:	[0s / 1s],		train_loss: 2.5863,	val_loss: 8.8723
16:	[0s / 1s],		train_loss: 2.5762,	val_loss: 8.1793
17:	[0s / 1s],		train_loss: 2.5324,	val_loss: 8.6913
18:	[0s / 1s],		train_loss: 2.5679,	val_loss: 8.0685
19:	[0s / 1s],		train_loss: 2.5338,	val_loss: 8.6133
20:	[0s / 1s],		train_loss: 2.5647,	val_loss: 8.2221
21:	[0s / 1s],		train_loss: 2.5410,	val_loss: 8.6974
C-index TRAIN: 0.9629
C-index TEST:  0.8108
0:	[0s / 0s],		train_loss: 2.9315,	val_loss: 7.3543
1:	[0s / 0s],		train_loss: 2.7081,	val_loss: 7.7274
2:	[0s / 0s],		train_loss: 2.6714,	val_loss: 7.8000
3:	[0s / 0s],		train_loss: 2.6139,	val_loss: 7.4315
4:	[0s / 0s],		train_loss: 2.5835,	val_loss: 7.8089
5:	[0s / 0s],		train_loss: 2.5610,	val_loss: 7.6069
6:	[0s / 0s],		train_loss: 2.5406,	val_loss: 7.6577
7:	[0s / 0s],		train_loss: 2.5467,	val_loss: 7.8070
8:	[0s / 1s],		train_loss: 2.5272,	val_loss: 7.5378
9:	[0s / 1s],		train_loss: 2.5108,	val_loss: 7.8449
10:	[0s / 1s],		train_loss: 2.5265,	val_loss: 7.9025
11:	[0s / 1s],		train_loss: 2.5050,	val_loss: 7.9974
12:	[0s / 1s],		train_loss: 2.5087,	val_loss: 7.9998
13:	[0s / 1s],		train_loss: 2.4821,	val_loss: 8.1237
14:	[0s / 1s],		train_loss: 2.4937,	val_loss: 8.2126
15:	[0s / 1s],		train_loss: 2.5088,	val_loss: 7.9308
16:	[0s / 2s],		train_loss: 2.4877,	val_loss: 7.8541
17:	[0s / 2s],		train_loss: 2.4822,	val_loss: 8.1362
18:	[0s / 2s],		train_loss: 2.4821,	val_loss: 7.8202
19:	[0s / 2s],		train_loss: 2.4665,	val_loss: 8.5994
20:	[0s / 2s],		train_loss: 2.4927,	val_loss: 7.8529
C-index TRAIN: 0.9615
C-index TEST:  0.7962
  [ckpt] TABICL RSF saved → checkpoints/tabicl/HURRAH/-1/seed123/fold3/tabicl_rsf.pkl
C-index train: 0.9838
C-index test:  0.7440
  Fitting TABICL Cox (embedding)...
C-index train: 0.9644
C-index test:  0.7760
0:	[0s / 0s],		train_loss: 4.6597,	val_loss: 7.1995
1:	[0s / 0s],		train_loss: 4.4318,	val_loss: 7.0731
2:	[0s / 0s],		train_loss: 4.3716,	val_loss: 7.0665
3:	[0s / 0s],		train_loss: 4.3402,	val_loss: 7.0911
4:	[0s / 0s],		train_loss: 4.3378,	val_loss: 7.0697
5:	[0s / 0s],		train_loss: 4.3342,	val_loss: 7.0997
6:	[0s / 0s],		train_loss: 4.3293,	val_loss: 7.0379
7:	[0s / 0s],		train_loss: 4.3148,	val_loss: 7.0359
8:	[0s / 1s],		train_loss: 4.2913,	val_loss: 7.0209
9:	[0s / 1s],		train_loss: 4.3047,	val_loss: 7.0466
10:	[0s / 1s],		train_loss: 4.2975,	val_loss: 7.0435
11:	[0s / 1s],		train_loss: 4.2965,	val_loss: 7.0078
12:	[0s / 1s],		train_loss: 4.2814,	val_loss: 7.0543
13:	[0s / 1s],		train_loss: 4.2683,	val_loss: 7.0233
14:	[0s / 1s],		train_loss: 4.2815,	val_loss: 7.0589
15:	[0s / 1s],		train_loss: 4.2655,	val_loss: 7.0402
16:	[0s / 1s],		train_loss: 4.2816,	val_loss: 7.0076
17:	[0s / 2s],		train_loss: 4.2619,	val_loss: 7.0482
18:	[0s / 2s],		train_loss: 4.2614,	val_loss: 7.0193
19:	[0s / 2s],		train_loss: 4.2568,	val_loss: 7.0221
20:	[0s / 2s],		train_loss: 4.2528,	val_loss: 7.0219
21:	[0s / 2s],		train_loss: 4.2529,	val_loss: 7.0290
22:	[0s / 2s],		train_loss: 4.2549,	val_loss: 7.0177
23:	[0s / 2s],		train_loss: 4.2500,	val_loss: 7.0287
24:	[0s / 2s],		train_loss: 4.2441,	val_loss: 6.9981
25:	[0s / 2s],		train_loss: 4.2434,	val_loss: 6.9948
26:	[0s / 3s],		train_loss: 4.2547,	val_loss: 7.0243
27:	[0s / 3s],		train_loss: 4.2444,	val_loss: 6.9897
28:	[0s / 3s],		train_loss: 4.2426,	val_loss: 6.9940
29:	[0s / 3s],		train_loss: 4.2169,	val_loss: 7.0057
30:	[0s / 3s],		train_loss: 4.2465,	val_loss: 6.9874
31:	[0s / 3s],		train_loss: 4.2383,	val_loss: 7.0114
32:	[0s / 3s],		train_loss: 4.2387,	val_loss: 6.9920
33:	[0s / 3s],		train_loss: 4.2275,	val_loss: 6.9946
34:	[0s / 3s],		train_loss: 4.2241,	val_loss: 7.0182
35:	[0s / 4s],		train_loss: 4.2416,	val_loss: 7.0131
36:	[0s / 4s],		train_loss: 4.2253,	val_loss: 7.0415
37:	[0s / 4s],		train_loss: 4.2178,	val_loss: 6.9932
38:	[0s / 4s],		train_loss: 4.2318,	val_loss: 7.0092
39:	[0s / 4s],		train_loss: 4.2359,	val_loss: 6.9792
40:	[0s / 4s],		train_loss: 4.2307,	val_loss: 6.9992
41:	[0s / 4s],		train_loss: 4.2232,	val_loss: 6.9919
42:	[0s / 4s],		train_loss: 4.2082,	val_loss: 6.9868
43:	[0s / 4s],		train_loss: 4.2103,	val_loss: 7.0221
44:	[0s / 5s],		train_loss: 4.2211,	val_loss: 6.9810
45:	[0s / 5s],		train_loss: 4.2224,	val_loss: 6.9727
46:	[0s / 5s],		train_loss: 4.2099,	val_loss: 6.9969
47:	[0s / 5s],		train_loss: 4.1934,	val_loss: 6.9569
48:	[0s / 5s],		train_loss: 4.2233,	val_loss: 6.9888
49:	[0s / 5s],		train_loss: 4.2091,	val_loss: 6.9916
50:	[0s / 5s],		train_loss: 4.2107,	val_loss: 6.9900
51:	[0s / 5s],		train_loss: 4.2078,	val_loss: 6.9893
52:	[0s / 5s],		train_loss: 4.2114,	val_loss: 7.0085
53:	[0s / 6s],		train_loss: 4.2036,	val_loss: 6.9770
54:	[0s / 6s],		train_loss: 4.2104,	val_loss: 6.9983
55:	[0s / 6s],		train_loss: 4.2134,	val_loss: 6.9720
56:	[0s / 6s],		train_loss: 4.1973,	val_loss: 6.9932
57:	[0s / 6s],		train_loss: 4.2016,	val_loss: 6.9784
58:	[0s / 6s],		train_loss: 4.1927,	val_loss: 6.9879
59:	[0s / 6s],		train_loss: 4.2173,	val_loss: 6.9968
60:	[0s / 6s],		train_loss: 4.2108,	val_loss: 6.9906
61:	[0s / 6s],		train_loss: 4.2043,	val_loss: 6.9892
62:	[0s / 7s],		train_loss: 4.1959,	val_loss: 7.0031
63:	[0s / 7s],		train_loss: 4.2054,	val_loss: 6.9974
64:	[0s / 7s],		train_loss: 4.1860,	val_loss: 6.9866
65:	[0s / 7s],		train_loss: 4.1970,	val_loss: 6.9742
66:	[0s / 7s],		train_loss: 4.1923,	val_loss: 6.9854
67:	[0s / 7s],		train_loss: 4.2065,	val_loss: 6.9686
C-index TRAIN: 0.8611
C-index TEST:  0.8451
0:	[0s / 0s],		train_loss: 8.6683,	val_loss: 7.3961
1:	[0s / 0s],		train_loss: 4.5628,	val_loss: 7.1465
2:	[0s / 0s],		train_loss: 4.4469,	val_loss: 7.1115
3:	[0s / 0s],		train_loss: 4.3682,	val_loss: 7.1008
4:	[0s / 0s],		train_loss: 4.3702,	val_loss: 7.1058
5:	[0s / 0s],		train_loss: 4.3427,	val_loss: 7.1569
6:	[0s / 0s],		train_loss: 4.3719,	val_loss: 7.1391
7:	[0s / 0s],		train_loss: 4.3883,	val_loss: 7.1573
8:	[0s / 0s],		train_loss: 4.3708,	val_loss: 7.1161
9:	[0s / 0s],		train_loss: 4.4088,	val_loss: 7.1902
10:	[0s / 0s],		train_loss: 4.4334,	val_loss: 7.2220
11:	[0s / 1s],		train_loss: 4.5374,	val_loss: 7.1695
12:	[0s / 1s],		train_loss: 4.3690,	val_loss: 7.1081
13:	[0s / 1s],		train_loss: 4.3903,	val_loss: 7.3492
14:	[0s / 1s],		train_loss: 4.4268,	val_loss: 7.1137
15:	[0s / 1s],		train_loss: 4.4294,	val_loss: 7.1677
16:	[0s / 1s],		train_loss: 4.4268,	val_loss: 7.3309
17:	[0s / 1s],		train_loss: 4.3823,	val_loss: 7.0421
18:	[0s / 1s],		train_loss: 4.3649,	val_loss: 7.1581
19:	[0s / 1s],		train_loss: 4.3693,	val_loss: 7.0777
20:	[0s / 1s],		train_loss: 4.3977,	val_loss: 7.0992
21:	[0s / 1s],		train_loss: 4.3658,	val_loss: 7.1976
22:	[0s / 1s],		train_loss: 4.3779,	val_loss: 7.1103
23:	[0s / 2s],		train_loss: 4.4940,	val_loss: 7.6285
24:	[0s / 2s],		train_loss: 4.4405,	val_loss: 7.1587
25:	[0s / 2s],		train_loss: 4.4106,	val_loss: 7.2097
26:	[0s / 2s],		train_loss: 4.5510,	val_loss: 7.2318
27:	[0s / 2s],		train_loss: 4.4958,	val_loss: 7.1281
28:	[0s / 2s],		train_loss: 4.4003,	val_loss: 7.3631
29:	[0s / 2s],		train_loss: 4.3697,	val_loss: 7.0864
30:	[0s / 2s],		train_loss: 4.5025,	val_loss: 7.2785
31:	[0s / 2s],		train_loss: 4.3971,	val_loss: 7.1925
32:	[0s / 2s],		train_loss: 4.5300,	val_loss: 7.1235
33:	[0s / 2s],		train_loss: 4.4506,	val_loss: 7.5227
34:	[0s / 2s],		train_loss: 4.4447,	val_loss: 7.1553
35:	[0s / 3s],		train_loss: 4.4465,	val_loss: 7.3048
36:	[0s / 3s],		train_loss: 4.4505,	val_loss: 7.1867
37:	[0s / 3s],		train_loss: 4.4128,	val_loss: 7.1163
C-index TRAIN: 0.8404
C-index TEST:  0.8372
  [ckpt] RSF baseline saved → checkpoints/tabicl/HURRAH/-1/seed123/fold3/rsf_baseline.pkl
C-index train: 0.9412
C-index test:  0.8558
  Fitting Cox baseline...
C-index train: 0.8279
C-index test:  0.8287
X_train shape: (13567, 61), X_test shape: (3391, 61)
Generating TABICL Embeddings...
Warming up TabICL model (triggering checkpoint load)...
ARRIVATO QUI 1
Loading TabICL model checkpoint 'tabicl-classifier-v1.1-0506.ckpt'...
ARRIVATO QUI
Performing dummy prediction to ensure model is loaded...
Warming up TabICL model (triggering checkpoint load)...
ARRIVATO QUI 1
Loading TabICL model checkpoint 'tabicl-classifier-v1.1-0506.ckpt'...
ARRIVATO QUI
Performing dummy prediction to ensure model is loaded...
Successfully generated embeddings with shape: (13567, 512)
0:	[0s / 0s],		train_loss: 2.8726,	val_loss: 8.0602
1:	[0s / 0s],		train_loss: 2.6435,	val_loss: 7.7494
2:	[0s / 0s],		train_loss: 2.6259,	val_loss: 7.7788
3:	[0s / 0s],		train_loss: 2.6670,	val_loss: 7.6504
4:	[0s / 0s],		train_loss: 2.6364,	val_loss: 8.0479
5:	[0s / 0s],		train_loss: 2.6130,	val_loss: 8.7352
6:	[0s / 0s],		train_loss: 2.6827,	val_loss: 8.1802
7:	[0s / 0s],		train_loss: 2.5872,	val_loss: 7.7991
8:	[0s / 0s],		train_loss: 2.6159,	val_loss: 8.0093
9:	[0s / 0s],		train_loss: 2.5730,	val_loss: 8.3648
10:	[0s / 1s],		train_loss: 2.6018,	val_loss: 8.3358
11:	[0s / 1s],		train_loss: 2.5749,	val_loss: 8.7018
12:	[0s / 1s],		train_loss: 2.6026,	val_loss: 7.9836
13:	[0s / 1s],		train_loss: 2.5811,	val_loss: 8.6419
14:	[0s / 1s],		train_loss: 2.5968,	val_loss: 8.3401
15:	[0s / 1s],		train_loss: 2.5486,	val_loss: 8.2430
16:	[0s / 1s],		train_loss: 2.6086,	val_loss: 8.7773
17:	[0s / 1s],		train_loss: 2.5705,	val_loss: 8.8363
18:	[0s / 1s],		train_loss: 2.5835,	val_loss: 8.3270
19:	[0s / 1s],		train_loss: 2.5535,	val_loss: 9.0505
20:	[0s / 2s],		train_loss: 2.5994,	val_loss: 8.7680
21:	[0s / 2s],		train_loss: 2.5879,	val_loss: 8.4908
22:	[0s / 2s],		train_loss: 2.5723,	val_loss: 8.4358
23:	[0s / 2s],		train_loss: 2.7325,	val_loss: 9.1156
C-index TRAIN: 0.9583
C-index TEST:  0.7971
0:	[0s / 0s],		train_loss: 2.9059,	val_loss: 7.8195
1:	[0s / 0s],		train_loss: 2.7025,	val_loss: 8.2176
2:	[0s / 0s],		train_loss: 2.6766,	val_loss: 7.7235
3:	[0s / 0s],		train_loss: 2.6360,	val_loss: 7.7110
4:	[0s / 0s],		train_loss: 2.6047,	val_loss: 7.9140
5:	[0s / 0s],		train_loss: 2.5722,	val_loss: 7.8516
6:	[0s / 0s],		train_loss: 2.5696,	val_loss: 8.6070
7:	[0s / 1s],		train_loss: 2.5285,	val_loss: 8.3920
8:	[0s / 1s],		train_loss: 2.5342,	val_loss: 8.1601
9:	[0s / 1s],		train_loss: 2.5426,	val_loss: 8.1682
10:	[0s / 1s],		train_loss: 2.5252,	val_loss: 7.7523
11:	[0s / 1s],		train_loss: 2.5108,	val_loss: 8.0243
12:	[0s / 1s],		train_loss: 2.5051,	val_loss: 8.0618
13:	[0s / 1s],		train_loss: 2.5139,	val_loss: 7.8672
14:	[0s / 2s],		train_loss: 2.5179,	val_loss: 7.9300
15:	[0s / 2s],		train_loss: 2.5217,	val_loss: 7.7725
16:	[0s / 2s],		train_loss: 2.4998,	val_loss: 8.2356
17:	[0s / 2s],		train_loss: 2.4911,	val_loss: 7.9539
18:	[0s / 2s],		train_loss: 2.4979,	val_loss: 7.9742
19:	[0s / 2s],		train_loss: 2.5121,	val_loss: 8.3135
20:	[0s / 2s],		train_loss: 2.5036,	val_loss: 9.2885
21:	[0s / 3s],		train_loss: 2.4969,	val_loss: 8.2413
22:	[0s / 3s],		train_loss: 2.4806,	val_loss: 8.4937
23:	[0s / 3s],		train_loss: 2.4915,	val_loss: 8.9645
C-index TRAIN: 0.9631
C-index TEST:  0.7639
  [ckpt] TABICL RSF saved → checkpoints/tabicl/HURRAH/-1/seed123/fold4/tabicl_rsf.pkl
C-index train: 0.9838
C-index test:  0.7163
  Fitting TABICL Cox (embedding)...
C-index train: 0.9638
C-index test:  0.7614
0:	[0s / 0s],		train_loss: 4.6254,	val_loss: 7.2250
1:	[0s / 0s],		train_loss: 4.4247,	val_loss: 7.1113
2:	[0s / 0s],		train_loss: 4.3634,	val_loss: 7.0933
3:	[0s / 0s],		train_loss: 4.3573,	val_loss: 7.2218
4:	[0s / 0s],		train_loss: 4.3461,	val_loss: 7.0591
5:	[0s / 0s],		train_loss: 4.3334,	val_loss: 11.6809
6:	[0s / 0s],		train_loss: 4.3023,	val_loss: 7.0492
7:	[0s / 0s],		train_loss: 4.2931,	val_loss: 9.1259
8:	[0s / 1s],		train_loss: 4.2746,	val_loss: 10.6371
9:	[0s / 1s],		train_loss: 4.2879,	val_loss: 7.0310
10:	[0s / 1s],		train_loss: 4.2793,	val_loss: 7.0410
11:	[0s / 1s],		train_loss: 4.2623,	val_loss: 7.0229
12:	[0s / 1s],		train_loss: 4.2615,	val_loss: 7.0417
13:	[0s / 1s],		train_loss: 4.2752,	val_loss: 7.0200
14:	[0s / 1s],		train_loss: 4.2446,	val_loss: 7.0091
15:	[0s / 1s],		train_loss: 4.2354,	val_loss: 7.0376
16:	[0s / 2s],		train_loss: 4.2363,	val_loss: 7.0359
17:	[0s / 2s],		train_loss: 4.2436,	val_loss: 7.0026
18:	[0s / 2s],		train_loss: 4.2430,	val_loss: 6.9985
19:	[0s / 2s],		train_loss: 4.2402,	val_loss: 7.0074
20:	[0s / 2s],		train_loss: 4.2337,	val_loss: 7.0822
21:	[0s / 2s],		train_loss: 4.2534,	val_loss: 7.0249
22:	[0s / 2s],		train_loss: 4.2184,	val_loss: 7.0184
23:	[0s / 2s],		train_loss: 4.2192,	val_loss: 7.0238
24:	[0s / 2s],		train_loss: 4.2288,	val_loss: 6.9975
25:	[0s / 3s],		train_loss: 4.2297,	val_loss: 6.9918
26:	[0s / 3s],		train_loss: 4.2137,	val_loss: 7.0233
27:	[0s / 3s],		train_loss: 4.2083,	val_loss: 6.9971
28:	[0s / 3s],		train_loss: 4.2268,	val_loss: 7.0114
29:	[0s / 3s],		train_loss: 4.2053,	val_loss: 7.0070
30:	[0s / 3s],		train_loss: 4.2034,	val_loss: 6.9862
31:	[0s / 3s],		train_loss: 4.2103,	val_loss: 7.0184
32:	[0s / 3s],		train_loss: 4.2042,	val_loss: 7.0143
33:	[0s / 3s],		train_loss: 4.2093,	val_loss: 6.9857
34:	[0s / 4s],		train_loss: 4.2004,	val_loss: 7.0300
35:	[0s / 4s],		train_loss: 4.2092,	val_loss: 7.0171
36:	[0s / 4s],		train_loss: 4.2278,	val_loss: 7.0132
37:	[0s / 4s],		train_loss: 4.2168,	val_loss: 7.0498
38:	[0s / 4s],		train_loss: 4.2093,	val_loss: 6.9865
39:	[0s / 4s],		train_loss: 4.1953,	val_loss: 6.9894
40:	[0s / 4s],		train_loss: 4.2049,	val_loss: 6.9941
41:	[0s / 4s],		train_loss: 4.1921,	val_loss: 7.0097
42:	[0s / 5s],		train_loss: 4.1932,	val_loss: 6.9768
43:	[0s / 5s],		train_loss: 4.1939,	val_loss: 7.0049
44:	[0s / 5s],		train_loss: 4.1989,	val_loss: 6.9952
45:	[0s / 5s],		train_loss: 4.2117,	val_loss: 7.0144
46:	[0s / 5s],		train_loss: 4.1979,	val_loss: 7.0381
47:	[0s / 5s],		train_loss: 4.2126,	val_loss: 7.0045
48:	[0s / 5s],		train_loss: 4.1868,	val_loss: 7.0111
49:	[0s / 5s],		train_loss: 4.1975,	val_loss: 7.0064
50:	[0s / 6s],		train_loss: 4.1886,	val_loss: 7.0008
51:	[0s / 6s],		train_loss: 4.1937,	val_loss: 6.9941
52:	[0s / 6s],		train_loss: 4.1928,	val_loss: 7.0144
53:	[0s / 6s],		train_loss: 4.2088,	val_loss: 7.0020
54:	[0s / 6s],		train_loss: 4.1652,	val_loss: 6.9788
55:	[0s / 6s],		train_loss: 4.1872,	val_loss: 7.0432
56:	[0s / 6s],		train_loss: 4.1966,	val_loss: 6.9931
57:	[0s / 6s],		train_loss: 4.1668,	val_loss: 7.0386
58:	[0s / 7s],		train_loss: 4.1580,	val_loss: 7.0206
59:	[0s / 7s],		train_loss: 4.1668,	val_loss: 7.0061
60:	[0s / 7s],		train_loss: 4.1928,	val_loss: 6.9845
61:	[0s / 7s],		train_loss: 4.1711,	val_loss: 6.9851
62:	[0s / 7s],		train_loss: 4.1870,	val_loss: 7.0077
C-index TRAIN: 0.8594
C-index TEST:  0.8399
0:	[0s / 0s],		train_loss: 7.2672,	val_loss: 7.2668
1:	[0s / 0s],		train_loss: 4.4282,	val_loss: 7.1151
2:	[0s / 0s],		train_loss: 4.3877,	val_loss: 7.0973
3:	[0s / 0s],		train_loss: 4.3705,	val_loss: 7.2082
4:	[0s / 0s],		train_loss: 4.3856,	val_loss: 7.1392
5:	[0s / 0s],		train_loss: 4.3686,	val_loss: 7.1599
6:	[0s / 0s],		train_loss: 4.3700,	val_loss: 7.1429
7:	[0s / 0s],		train_loss: 4.5773,	val_loss: 8.2930
8:	[0s / 0s],		train_loss: 4.7084,	val_loss: 7.4801
9:	[0s / 0s],		train_loss: 4.4688,	val_loss: 7.1562
10:	[0s / 0s],		train_loss: 4.3637,	val_loss: 7.1599
11:	[0s / 1s],		train_loss: 4.3381,	val_loss: 7.1569
12:	[0s / 1s],		train_loss: 4.4197,	val_loss: 7.4839
13:	[0s / 1s],		train_loss: 4.4457,	val_loss: 7.2341
14:	[0s / 1s],		train_loss: 4.4485,	val_loss: 7.1100
15:	[0s / 1s],		train_loss: 4.3752,	val_loss: 7.1438
16:	[0s / 1s],		train_loss: 4.3966,	val_loss: 7.2035
17:	[0s / 1s],		train_loss: 4.4240,	val_loss: 7.1947
18:	[0s / 1s],		train_loss: 4.3713,	val_loss: 7.1074
19:	[0s / 1s],		train_loss: 4.4285,	val_loss: 7.2290
20:	[0s / 1s],		train_loss: 4.3801,	val_loss: 7.2292
21:	[0s / 1s],		train_loss: 4.4367,	val_loss: 7.2484
22:	[0s / 1s],		train_loss: 4.3995,	val_loss: 7.1475
C-index TRAIN: 0.8298
C-index TEST:  0.8185
  [ckpt] RSF baseline saved → checkpoints/tabicl/HURRAH/-1/seed123/fold4/rsf_baseline.pkl
C-index train: 0.9407
C-index test:  0.8419
  Fitting Cox baseline...
C-index train: 0.8299
C-index test:  0.8156
X_train shape: (13567, 61), X_test shape: (3391, 61)
Generating TABICL Embeddings...
Warming up TabICL model (triggering checkpoint load)...
ARRIVATO QUI 1
Loading TabICL model checkpoint 'tabicl-classifier-v1.1-0506.ckpt'...
ARRIVATO QUI
Performing dummy prediction to ensure model is loaded...
Warming up TabICL model (triggering checkpoint load)...
ARRIVATO QUI 1
Loading TabICL model checkpoint 'tabicl-classifier-v1.1-0506.ckpt'...
ARRIVATO QUI
Performing dummy prediction to ensure model is loaded...
Successfully generated embeddings with shape: (13567, 512)
0:	[0s / 0s],		train_loss: 2.8728,	val_loss: 7.6018
1:	[0s / 0s],		train_loss: 2.5914,	val_loss: 7.9227
2:	[0s / 0s],		train_loss: 2.6000,	val_loss: 7.7631
3:	[0s / 0s],		train_loss: 2.5840,	val_loss: 8.8329
4:	[0s / 0s],		train_loss: 2.6016,	val_loss: 8.3461
5:	[0s / 0s],		train_loss: 2.5629,	val_loss: 8.0735
6:	[0s / 0s],		train_loss: 2.6073,	val_loss: 8.3163
7:	[0s / 0s],		train_loss: 2.5442,	val_loss: 8.4688
8:	[0s / 0s],		train_loss: 2.5662,	val_loss: 7.8397
9:	[0s / 0s],		train_loss: 2.5725,	val_loss: 8.0719
10:	[0s / 1s],		train_loss: 2.5901,	val_loss: 8.3197
11:	[0s / 1s],		train_loss: 2.5833,	val_loss: 9.3369
12:	[0s / 1s],		train_loss: 2.6054,	val_loss: 8.4348
13:	[0s / 1s],		train_loss: 2.5353,	val_loss: 8.1080
14:	[0s / 1s],		train_loss: 2.5568,	val_loss: 8.8547
15:	[0s / 1s],		train_loss: 2.5710,	val_loss: 8.7743
16:	[0s / 1s],		train_loss: 2.5624,	val_loss: 9.5019
17:	[0s / 1s],		train_loss: 2.5735,	val_loss: 8.7890
18:	[0s / 1s],		train_loss: 2.5829,	val_loss: 7.8735
19:	[0s / 1s],		train_loss: 2.5343,	val_loss: 8.2263
20:	[0s / 2s],		train_loss: 2.5901,	val_loss: 7.7661
C-index TRAIN: 0.9613
C-index TEST:  0.8087
0:	[0s / 0s],		train_loss: 2.8970,	val_loss: 7.8710
1:	[0s / 0s],		train_loss: 2.6959,	val_loss: 8.0113
2:	[0s / 0s],		train_loss: 2.6637,	val_loss: 8.1094
3:	[0s / 0s],		train_loss: 2.6076,	val_loss: 8.1617
4:	[0s / 0s],		train_loss: 2.5983,	val_loss: 8.9140
5:	[0s / 0s],		train_loss: 2.5709,	val_loss: 8.2011
6:	[0s / 0s],		train_loss: 2.5437,	val_loss: 7.6544
7:	[0s / 1s],		train_loss: 2.5515,	val_loss: 7.9181
8:	[0s / 1s],		train_loss: 2.5219,	val_loss: 8.5061
9:	[0s / 1s],		train_loss: 2.5050,	val_loss: 8.0943
10:	[0s / 1s],		train_loss: 2.5335,	val_loss: 7.9176
11:	[0s / 1s],		train_loss: 2.5009,	val_loss: 8.9687
12:	[0s / 1s],		train_loss: 2.5160,	val_loss: 8.0018
13:	[0s / 1s],		train_loss: 2.4996,	val_loss: 9.2748
14:	[0s / 1s],		train_loss: 2.5087,	val_loss: 9.1850
15:	[0s / 2s],		train_loss: 2.5017,	val_loss: 8.3377
16:	[0s / 2s],		train_loss: 2.4767,	val_loss: 8.8976
17:	[0s / 2s],		train_loss: 2.4865,	val_loss: 7.9360
18:	[0s / 2s],		train_loss: 2.4678,	val_loss: 9.1865
19:	[0s / 2s],		train_loss: 2.4725,	val_loss: 8.2203
20:	[0s / 2s],		train_loss: 2.4865,	val_loss: 9.0296
21:	[0s / 2s],		train_loss: 2.4899,	val_loss: 9.6831
22:	[0s / 3s],		train_loss: 2.4707,	val_loss: 8.5859
23:	[0s / 3s],		train_loss: 2.4755,	val_loss: 8.4259
24:	[0s / 3s],		train_loss: 2.4713,	val_loss: 8.4267
25:	[0s / 3s],		train_loss: 2.4644,	val_loss: 8.1017
26:	[0s / 3s],		train_loss: 2.4644,	val_loss: 8.5573
C-index TRAIN: 0.9649
C-index TEST:  0.7793
  [ckpt] TABICL RSF saved → checkpoints/tabicl/HURRAH/-1/seed123/fold5/tabicl_rsf.pkl
C-index train: 0.9830
C-index test:  0.7740
  Fitting TABICL Cox (embedding)...
C-index train: 0.9641
C-index test:  0.7759
0:	[0s / 0s],		train_loss: 4.7588,	val_loss: 7.2275
1:	[0s / 0s],		train_loss: 4.4376,	val_loss: 7.3944
2:	[0s / 0s],		train_loss: 4.3807,	val_loss: 7.3781
3:	[0s / 0s],		train_loss: 4.3685,	val_loss: 7.8182
4:	[0s / 0s],		train_loss: 4.3295,	val_loss: 7.9625
5:	[0s / 0s],		train_loss: 4.3277,	val_loss: 7.9401
6:	[0s / 0s],		train_loss: 4.3067,	val_loss: 7.8866
7:	[0s / 1s],		train_loss: 4.3127,	val_loss: 7.2125
8:	[0s / 1s],		train_loss: 4.3109,	val_loss: 157.5070
9:	[0s / 1s],		train_loss: 4.3005,	val_loss: 7.1102
10:	[0s / 1s],		train_loss: 4.3025,	val_loss: 165.2454
11:	[0s / 1s],		train_loss: 4.2906,	val_loss: 7.2608
12:	[0s / 1s],		train_loss: 4.2851,	val_loss: 7.2045
13:	[0s / 1s],		train_loss: 4.2925,	val_loss: 7.2926
14:	[0s / 1s],		train_loss: 4.2660,	val_loss: 7.3640
15:	[0s / 1s],		train_loss: 4.2592,	val_loss: 57.5941
16:	[0s / 2s],		train_loss: 4.2658,	val_loss: 229.8908
17:	[0s / 2s],		train_loss: 4.3083,	val_loss: 7.3461
18:	[0s / 2s],		train_loss: 4.2963,	val_loss: 7.2586
19:	[0s / 2s],		train_loss: 4.2708,	val_loss: 7.0186
20:	[0s / 2s],		train_loss: 4.2641,	val_loss: 218.4635
21:	[0s / 2s],		train_loss: 4.2604,	val_loss: 176.1173
22:	[0s / 2s],		train_loss: 4.2588,	val_loss: 157.9982
23:	[0s / 2s],		train_loss: 4.2496,	val_loss: 8.6474
24:	[0s / 3s],		train_loss: 4.2457,	val_loss: 7.0251
25:	[0s / 3s],		train_loss: 4.2598,	val_loss: 169.8005
26:	[0s / 3s],		train_loss: 4.2339,	val_loss: 219.1924
27:	[0s / 3s],		train_loss: 4.2564,	val_loss: 300.7588
28:	[0s / 3s],		train_loss: 4.2317,	val_loss: 143.9152
29:	[0s / 3s],		train_loss: 4.2463,	val_loss: 123.8000
30:	[0s / 3s],		train_loss: 4.2550,	val_loss: 7.3222
31:	[0s / 3s],		train_loss: 4.2221,	val_loss: 6.9852
32:	[0s / 3s],		train_loss: 4.2310,	val_loss: 6.9996
33:	[0s / 4s],		train_loss: 4.2225,	val_loss: 112.2402
34:	[0s / 4s],		train_loss: 4.2242,	val_loss: 125.4090
35:	[0s / 4s],		train_loss: 4.2519,	val_loss: 182.8457
36:	[0s / 4s],		train_loss: 4.2147,	val_loss: 70.3052
37:	[0s / 4s],		train_loss: 4.2202,	val_loss: 87.3409
38:	[0s / 4s],		train_loss: 4.2045,	val_loss: 26.5185
39:	[0s / 4s],		train_loss: 4.2195,	val_loss: 44.1066
40:	[0s / 4s],		train_loss: 4.2208,	val_loss: 6.9881
41:	[0s / 4s],		train_loss: 4.2289,	val_loss: 62.4176
42:	[0s / 5s],		train_loss: 4.2154,	val_loss: 55.8529
43:	[0s / 5s],		train_loss: 4.2080,	val_loss: 12.1119
44:	[0s / 5s],		train_loss: 4.2085,	val_loss: 7.0723
45:	[0s / 5s],		train_loss: 4.1945,	val_loss: 7.3158
46:	[0s / 5s],		train_loss: 4.1933,	val_loss: 7.0506
47:	[0s / 5s],		train_loss: 4.2205,	val_loss: 6.9856
48:	[0s / 5s],		train_loss: 4.2083,	val_loss: 88.8800
49:	[0s / 5s],		train_loss: 4.1901,	val_loss: 263.1408
50:	[0s / 5s],		train_loss: 4.2155,	val_loss: 335.3229
51:	[0s / 6s],		train_loss: 4.2129,	val_loss: 237.6841
C-index TRAIN: 0.8544
C-index TEST:  0.8528
0:	[0s / 0s],		train_loss: 8.0016,	val_loss: 7.7874
1:	[0s / 0s],		train_loss: 4.4920,	val_loss: 7.1266
2:	[0s / 0s],		train_loss: 4.3775,	val_loss: 7.1496
3:	[0s / 0s],		train_loss: 4.3905,	val_loss: 7.1026
4:	[0s / 0s],		train_loss: 4.3998,	val_loss: 7.1616
5:	[0s / 0s],		train_loss: 4.4023,	val_loss: 7.1023
6:	[0s / 0s],		train_loss: 4.3876,	val_loss: 7.1119
7:	[0s / 0s],		train_loss: 4.3944,	val_loss: 7.0396
8:	[0s / 0s],		train_loss: 4.4735,	val_loss: 7.1781
9:	[0s / 0s],		train_loss: 4.4831,	val_loss: 7.3034
10:	[0s / 0s],		train_loss: 4.4006,	val_loss: 7.1760
11:	[0s / 1s],		train_loss: 4.3992,	val_loss: 7.0784
12:	[0s / 1s],		train_loss: 4.4094,	val_loss: 7.1154
13:	[0s / 1s],		train_loss: 4.4119,	val_loss: 7.2298
14:	[0s / 1s],		train_loss: 4.4738,	val_loss: 7.1466
15:	[0s / 1s],		train_loss: 4.5772,	val_loss: 7.1449
16:	[0s / 1s],		train_loss: 4.4816,	val_loss: 7.2020
17:	[0s / 1s],		train_loss: 4.5099,	val_loss: 7.2503
18:	[0s / 1s],		train_loss: 4.4601,	val_loss: 7.2155
19:	[0s / 1s],		train_loss: 4.4774,	val_loss: 7.1303
20:	[0s / 1s],		train_loss: 4.3716,	val_loss: 7.2139
21:	[0s / 1s],		train_loss: 4.4193,	val_loss: 7.1277
22:	[0s / 1s],		train_loss: 4.4652,	val_loss: 7.2844
23:	[0s / 2s],		train_loss: 4.3818,	val_loss: 7.3138
24:	[0s / 2s],		train_loss: 4.4138,	val_loss: 7.1324
25:	[0s / 2s],		train_loss: 4.4641,	val_loss: 7.1745
26:	[0s / 2s],		train_loss: 4.3839,	val_loss: 7.1742
27:	[0s / 2s],		train_loss: 4.4665,	val_loss: 7.1419
C-index TRAIN: 0.8350
C-index TEST:  0.8447
  [ckpt] RSF baseline saved → checkpoints/tabicl/HURRAH/-1/seed123/fold5/rsf_baseline.pkl
C-index train: 0.9415
C-index test:  0.8599
  Fitting Cox baseline...
C-index train: 0.8272
C-index test:  0.8304


Preprocess: Keep NaN
Loading existing folds from tmp/splits/HURRAH_seed123.pkl
X_train shape: (13566, 61), X_test shape: (3392, 61)
Generating TABICL Embeddings...
Warming up TabICL model (triggering checkpoint load)...
ARRIVATO QUI 1
Loading TabICL model checkpoint 'tabicl-classifier-v1.1-0506.ckpt'...
ARRIVATO QUI
Performing dummy prediction to ensure model is loaded...
Warming up TabICL model (triggering checkpoint load)...
ARRIVATO QUI 1
Loading TabICL model checkpoint 'tabicl-classifier-v1.1-0506.ckpt'...
ARRIVATO QUI
Performing dummy prediction to ensure model is loaded...
Successfully generated embeddings with shape: (13566, 512)
0:	[0s / 0s],		train_loss: 2.8742,	val_loss: 7.7486
1:	[0s / 0s],		train_loss: 2.6295,	val_loss: 8.2747
2:	[0s / 0s],		train_loss: 2.6077,	val_loss: 8.2587
3:	[0s / 0s],		train_loss: 2.5713,	val_loss: 8.1191
4:	[0s / 0s],		train_loss: 2.5538,	val_loss: 8.3130
5:	[0s / 0s],		train_loss: 2.5904,	val_loss: 8.8773
6:	[0s / 0s],		train_loss: 2.5718,	val_loss: 8.3182
7:	[0s / 0s],		train_loss: 2.5469,	val_loss: 8.1135
8:	[0s / 0s],		train_loss: 2.5710,	val_loss: 9.0025
9:	[0s / 0s],		train_loss: 2.6139,	val_loss: 8.2000
10:	[0s / 1s],		train_loss: 2.6349,	val_loss: 8.5627
11:	[0s / 1s],		train_loss: 2.6115,	val_loss: 9.2817
12:	[0s / 1s],		train_loss: 2.5552,	val_loss: 8.4824
13:	[0s / 1s],		train_loss: 2.5454,	val_loss: 8.2324
14:	[0s / 1s],		train_loss: 2.5566,	val_loss: 9.3247
15:	[0s / 1s],		train_loss: 2.5980,	val_loss: 9.0106
16:	[0s / 1s],		train_loss: 2.5837,	val_loss: 8.0670
17:	[0s / 1s],		train_loss: 2.5472,	val_loss: 8.2851
18:	[0s / 1s],		train_loss: 2.5509,	val_loss: 8.1028
19:	[0s / 1s],		train_loss: 2.5606,	val_loss: 9.1565
20:	[0s / 2s],		train_loss: 2.5424,	val_loss: 8.5617
C-index TRAIN: 0.9610
C-index TEST:  0.7662
0:	[0s / 0s],		train_loss: 2.8769,	val_loss: 7.5309
1:	[0s / 0s],		train_loss: 2.6601,	val_loss: 7.5978
2:	[0s / 0s],		train_loss: 2.6699,	val_loss: 7.8643
3:	[0s / 0s],		train_loss: 2.6380,	val_loss: 7.9643
4:	[0s / 0s],		train_loss: 2.6117,	val_loss: 8.1442
5:	[0s / 0s],		train_loss: 2.5564,	val_loss: 7.7601
6:	[0s / 0s],		train_loss: 2.5462,	val_loss: 8.2302
7:	[0s / 1s],		train_loss: 2.5382,	val_loss: 7.8662
8:	[0s / 1s],		train_loss: 2.5157,	val_loss: 8.0983
9:	[0s / 1s],		train_loss: 2.5153,	val_loss: 7.9359
10:	[0s / 1s],		train_loss: 2.5063,	val_loss: 8.0299
11:	[0s / 1s],		train_loss: 2.5055,	val_loss: 7.7208
12:	[0s / 1s],		train_loss: 2.4939,	val_loss: 8.4035
13:	[0s / 1s],		train_loss: 2.4806,	val_loss: 8.8236
14:	[0s / 1s],		train_loss: 2.4882,	val_loss: 8.6172
15:	[0s / 2s],		train_loss: 2.4875,	val_loss: 8.0860
16:	[0s / 2s],		train_loss: 2.4871,	val_loss: 8.1192
17:	[0s / 2s],		train_loss: 2.4667,	val_loss: 8.3252
18:	[0s / 2s],		train_loss: 2.4770,	val_loss: 8.4078
19:	[0s / 2s],		train_loss: 2.4740,	val_loss: 8.1814
20:	[0s / 2s],		train_loss: 2.4782,	val_loss: 8.3153
C-index TRAIN: 0.9619
C-index TEST:  0.7405
  [ckpt] TABICL RSF saved → checkpoints/tabicl/HURRAH/NaN/seed123/fold1/tabicl_rsf.pkl
C-index train: 0.9826
C-index test:  0.7154
  Fitting TABICL Cox (embedding)...
C-index train: 0.9639
C-index test:  0.7195
X_train shape: (13566, 61), X_test shape: (3392, 61)
Generating TABICL Embeddings...
Warming up TabICL model (triggering checkpoint load)...
ARRIVATO QUI 1
Loading TabICL model checkpoint 'tabicl-classifier-v1.1-0506.ckpt'...
ARRIVATO QUI
Performing dummy prediction to ensure model is loaded...
Warming up TabICL model (triggering checkpoint load)...
ARRIVATO QUI 1
Loading TabICL model checkpoint 'tabicl-classifier-v1.1-0506.ckpt'...
ARRIVATO QUI
Performing dummy prediction to ensure model is loaded...
Successfully generated embeddings with shape: (13566, 512)
0:	[0s / 0s],		train_loss: 2.9937,	val_loss: 7.4945
1:	[0s / 0s],		train_loss: 2.5894,	val_loss: 7.7925
2:	[0s / 0s],		train_loss: 2.6062,	val_loss: 8.4598
3:	[0s / 0s],		train_loss: 2.6697,	val_loss: 8.2612
4:	[0s / 0s],		train_loss: 2.6794,	val_loss: 7.5530
5:	[0s / 0s],		train_loss: 2.5793,	val_loss: 7.6681
6:	[0s / 0s],		train_loss: 2.6469,	val_loss: 7.6469
7:	[0s / 0s],		train_loss: 2.5699,	val_loss: 8.0696
8:	[0s / 0s],		train_loss: 2.5933,	val_loss: 7.8158
9:	[0s / 0s],		train_loss: 2.5962,	val_loss: 8.0130
10:	[0s / 1s],		train_loss: 2.5709,	val_loss: 8.7971
11:	[0s / 1s],		train_loss: 2.6515,	val_loss: 8.7736
12:	[0s / 1s],		train_loss: 2.5306,	val_loss: 8.6753
13:	[0s / 1s],		train_loss: 2.5476,	val_loss: 8.0043
14:	[0s / 1s],		train_loss: 2.5453,	val_loss: 8.6975
15:	[0s / 1s],		train_loss: 2.5644,	val_loss: 8.2825
16:	[0s / 1s],		train_loss: 2.5701,	val_loss: 8.3336
17:	[0s / 1s],		train_loss: 2.5349,	val_loss: 7.5713
18:	[0s / 1s],		train_loss: 2.5349,	val_loss: 8.5408
19:	[0s / 1s],		train_loss: 2.5804,	val_loss: 8.0114
20:	[0s / 2s],		train_loss: 2.6701,	val_loss: 8.5557
C-index TRAIN: 0.9594
C-index TEST:  0.7832
0:	[0s / 0s],		train_loss: 2.8678,	val_loss: 7.6733
1:	[0s / 0s],		train_loss: 2.6968,	val_loss: 7.7938
2:	[0s / 0s],		train_loss: 2.6379,	val_loss: 7.6327
3:	[0s / 0s],		train_loss: 2.6213,	val_loss: 7.7151
4:	[0s / 0s],		train_loss: 2.5630,	val_loss: 7.9458
5:	[0s / 0s],		train_loss: 2.5499,	val_loss: 7.6179
6:	[0s / 0s],		train_loss: 2.5328,	val_loss: 8.0097
7:	[0s / 1s],		train_loss: 2.5331,	val_loss: 7.8143
8:	[0s / 1s],		train_loss: 2.5398,	val_loss: 8.2280
9:	[0s / 1s],		train_loss: 2.5259,	val_loss: 7.9018
10:	[0s / 1s],		train_loss: 2.5160,	val_loss: 8.1879
11:	[0s / 1s],		train_loss: 2.5161,	val_loss: 7.9139
12:	[0s / 1s],		train_loss: 2.5196,	val_loss: 7.7778
13:	[0s / 1s],		train_loss: 2.4953,	val_loss: 7.8529
14:	[0s / 2s],		train_loss: 2.5056,	val_loss: 8.0156
15:	[0s / 2s],		train_loss: 2.4942,	val_loss: 7.9232
16:	[0s / 2s],		train_loss: 2.4887,	val_loss: 8.1333
17:	[0s / 2s],		train_loss: 2.4911,	val_loss: 7.9900
18:	[0s / 2s],		train_loss: 2.4881,	val_loss: 8.4687
19:	[0s / 2s],		train_loss: 2.4932,	val_loss: 8.3071
20:	[0s / 2s],		train_loss: 2.5081,	val_loss: 8.4551
21:	[0s / 2s],		train_loss: 2.4898,	val_loss: 8.2559
22:	[0s / 3s],		train_loss: 2.4850,	val_loss: 7.9394
23:	[0s / 3s],		train_loss: 2.4803,	val_loss: 8.5695
24:	[0s / 3s],		train_loss: 2.4803,	val_loss: 8.8643
25:	[0s / 3s],		train_loss: 2.4736,	val_loss: 7.8739
C-index TRAIN: 0.9640
C-index TEST:  0.7798
  [ckpt] TABICL RSF saved → checkpoints/tabicl/HURRAH/NaN/seed123/fold2/tabicl_rsf.pkl
C-index train: 0.9823
C-index test:  0.7034
  Fitting TABICL Cox (embedding)...
C-index train: 0.9636
C-index test:  0.7506
X_train shape: (13566, 61), X_test shape: (3392, 61)
Generating TABICL Embeddings...
Warming up TabICL model (triggering checkpoint load)...
ARRIVATO QUI 1
Loading TabICL model checkpoint 'tabicl-classifier-v1.1-0506.ckpt'...
ARRIVATO QUI
Performing dummy prediction to ensure model is loaded...
Warming up TabICL model (triggering checkpoint load)...
ARRIVATO QUI 1
Loading TabICL model checkpoint 'tabicl-classifier-v1.1-0506.ckpt'...
ARRIVATO QUI
Performing dummy prediction to ensure model is loaded...
Successfully generated embeddings with shape: (13566, 512)
0:	[0s / 0s],		train_loss: 2.8899,	val_loss: 7.6974
1:	[0s / 0s],		train_loss: 2.6577,	val_loss: 7.8095
2:	[0s / 0s],		train_loss: 2.6136,	val_loss: 7.7607
3:	[0s / 0s],		train_loss: 2.6006,	val_loss: 8.2791
4:	[0s / 0s],		train_loss: 2.5887,	val_loss: 7.8771
5:	[0s / 0s],		train_loss: 2.6411,	val_loss: 7.9303
6:	[0s / 0s],		train_loss: 2.6272,	val_loss: 8.0231
7:	[0s / 0s],		train_loss: 2.5733,	val_loss: 9.0284
8:	[0s / 0s],		train_loss: 2.6038,	val_loss: 7.8180
9:	[0s / 1s],		train_loss: 2.5956,	val_loss: 8.3998
10:	[0s / 1s],		train_loss: 2.6153,	val_loss: 8.1715
11:	[0s / 1s],		train_loss: 2.6348,	val_loss: 8.2687
12:	[0s / 1s],		train_loss: 2.6019,	val_loss: 9.5793
13:	[0s / 1s],		train_loss: 2.7325,	val_loss: 7.8668
14:	[0s / 1s],		train_loss: 2.5539,	val_loss: 8.2729
15:	[0s / 1s],		train_loss: 2.6271,	val_loss: 7.9077
16:	[0s / 1s],		train_loss: 2.5536,	val_loss: 7.9804
17:	[0s / 1s],		train_loss: 2.5330,	val_loss: 7.6924
18:	[0s / 1s],		train_loss: 2.5344,	val_loss: 7.7144
19:	[0s / 2s],		train_loss: 2.5813,	val_loss: 8.0945
20:	[0s / 2s],		train_loss: 2.5780,	val_loss: 7.9533
21:	[0s / 2s],		train_loss: 2.5524,	val_loss: 8.0557
22:	[0s / 2s],		train_loss: 2.5431,	val_loss: 7.7758
23:	[0s / 2s],		train_loss: 2.5403,	val_loss: 8.2109
24:	[0s / 2s],		train_loss: 2.5826,	val_loss: 8.8508
25:	[0s / 2s],		train_loss: 2.5976,	val_loss: 8.5074
26:	[0s / 2s],		train_loss: 2.6221,	val_loss: 8.5708
27:	[0s / 2s],		train_loss: 2.5649,	val_loss: 8.4409
28:	[0s / 3s],		train_loss: 2.5967,	val_loss: 8.2937
29:	[0s / 3s],		train_loss: 2.5483,	val_loss: 7.9953
30:	[0s / 3s],		train_loss: 2.5326,	val_loss: 8.0203
31:	[0s / 3s],		train_loss: 2.5655,	val_loss: 8.1990
32:	[0s / 3s],		train_loss: 2.6062,	val_loss: 7.9452
33:	[0s / 3s],		train_loss: 2.6276,	val_loss: 8.7771
34:	[0s / 3s],		train_loss: 2.5469,	val_loss: 8.2412
35:	[0s / 3s],		train_loss: 2.5897,	val_loss: 7.8585
36:	[0s / 3s],		train_loss: 2.5953,	val_loss: 8.0364
37:	[0s / 3s],		train_loss: 2.5596,	val_loss: 8.9698
C-index TRAIN: 0.9657
C-index TEST:  0.7522
0:	[0s / 0s],		train_loss: 2.9418,	val_loss: 7.4230
1:	[0s / 0s],		train_loss: 2.7017,	val_loss: 8.0541
2:	[0s / 0s],		train_loss: 2.6662,	val_loss: 7.6253
3:	[0s / 0s],		train_loss: 2.6131,	val_loss: 7.4663
4:	[0s / 0s],		train_loss: 2.6348,	val_loss: 7.9198
5:	[0s / 0s],		train_loss: 2.5880,	val_loss: 8.4008
6:	[0s / 1s],		train_loss: 2.6048,	val_loss: 7.7035
7:	[0s / 1s],		train_loss: 2.5631,	val_loss: 8.0259
8:	[0s / 1s],		train_loss: 2.5555,	val_loss: 7.8108
9:	[0s / 1s],		train_loss: 2.5311,	val_loss: 7.9610
10:	[0s / 1s],		train_loss: 2.5320,	val_loss: 7.9164
11:	[0s / 1s],		train_loss: 2.5244,	val_loss: 8.1241
12:	[0s / 1s],		train_loss: 2.5284,	val_loss: 7.9204
13:	[0s / 1s],		train_loss: 2.5096,	val_loss: 8.0540
14:	[0s / 2s],		train_loss: 2.5212,	val_loss: 8.9510
15:	[0s / 2s],		train_loss: 2.5232,	val_loss: 8.0076
16:	[0s / 2s],		train_loss: 2.5045,	val_loss: 8.3339
17:	[0s / 2s],		train_loss: 2.4886,	val_loss: 8.0903
18:	[0s / 2s],		train_loss: 2.4917,	val_loss: 8.3583
19:	[0s / 2s],		train_loss: 2.4918,	val_loss: 8.3914
20:	[0s / 2s],		train_loss: 2.5052,	val_loss: 8.4508
C-index TRAIN: 0.9590
C-index TEST:  0.7691
  [ckpt] TABICL RSF saved → checkpoints/tabicl/HURRAH/NaN/seed123/fold3/tabicl_rsf.pkl
C-index train: 0.9831
C-index test:  0.7288
  Fitting TABICL Cox (embedding)...
C-index train: 0.9633
C-index test:  0.7424
X_train shape: (13567, 61), X_test shape: (3391, 61)
Generating TABICL Embeddings...
Warming up TabICL model (triggering checkpoint load)...
ARRIVATO QUI 1
Loading TabICL model checkpoint 'tabicl-classifier-v1.1-0506.ckpt'...
ARRIVATO QUI
Performing dummy prediction to ensure model is loaded...
Warming up TabICL model (triggering checkpoint load)...
ARRIVATO QUI 1
Loading TabICL model checkpoint 'tabicl-classifier-v1.1-0506.ckpt'...
ARRIVATO QUI
Performing dummy prediction to ensure model is loaded...
Successfully generated embeddings with shape: (13567, 512)
0:	[0s / 0s],		train_loss: 2.8471,	val_loss: 7.6664
1:	[0s / 0s],		train_loss: 2.6863,	val_loss: 7.7688
2:	[0s / 0s],		train_loss: 2.6376,	val_loss: 8.0389
3:	[0s / 0s],		train_loss: 2.6175,	val_loss: 7.4866
4:	[0s / 0s],		train_loss: 2.6229,	val_loss: 7.4539
5:	[0s / 0s],		train_loss: 2.6114,	val_loss: 8.8568
6:	[0s / 0s],		train_loss: 2.6681,	val_loss: 8.1344
7:	[0s / 0s],		train_loss: 2.6001,	val_loss: 8.0201
8:	[0s / 0s],		train_loss: 2.6209,	val_loss: 8.1624
9:	[0s / 0s],		train_loss: 2.5792,	val_loss: 8.2691
10:	[0s / 1s],		train_loss: 2.5759,	val_loss: 8.1212
11:	[0s / 1s],		train_loss: 2.5766,	val_loss: 7.7281
12:	[0s / 1s],		train_loss: 2.5684,	val_loss: 8.1051
13:	[0s / 1s],		train_loss: 2.5996,	val_loss: 8.7486
14:	[0s / 1s],		train_loss: 2.5743,	val_loss: 8.8548
15:	[0s / 1s],		train_loss: 2.5541,	val_loss: 8.0412
16:	[0s / 1s],		train_loss: 2.5564,	val_loss: 8.9396
17:	[0s / 1s],		train_loss: 2.5834,	val_loss: 8.5821
18:	[0s / 1s],		train_loss: 2.6398,	val_loss: 8.3864
19:	[0s / 1s],		train_loss: 2.5397,	val_loss: 8.4580
20:	[0s / 1s],		train_loss: 2.5681,	val_loss: 8.5063
21:	[0s / 2s],		train_loss: 2.5533,	val_loss: 8.0077
22:	[0s / 2s],		train_loss: 2.5878,	val_loss: 7.8929
23:	[0s / 2s],		train_loss: 2.6317,	val_loss: 8.6448
24:	[0s / 2s],		train_loss: 2.6106,	val_loss: 9.0033
C-index TRAIN: 0.9605
C-index TEST:  0.7904
0:	[0s / 0s],		train_loss: 2.8447,	val_loss: 7.6739
1:	[0s / 0s],		train_loss: 2.6968,	val_loss: 7.8395
2:	[0s / 0s],		train_loss: 2.6563,	val_loss: 7.6923
3:	[0s / 0s],		train_loss: 2.6276,	val_loss: 7.5774
4:	[0s / 0s],		train_loss: 2.5927,	val_loss: 7.7746
5:	[0s / 0s],		train_loss: 2.5634,	val_loss: 7.8245
6:	[0s / 0s],		train_loss: 2.5559,	val_loss: 8.6854
7:	[0s / 1s],		train_loss: 2.5351,	val_loss: 8.5797
8:	[0s / 1s],		train_loss: 2.5390,	val_loss: 7.9319
9:	[0s / 1s],		train_loss: 2.5418,	val_loss: 8.0225
10:	[0s / 1s],		train_loss: 2.5337,	val_loss: 8.1847
11:	[0s / 1s],		train_loss: 2.5363,	val_loss: 8.3119
12:	[0s / 1s],		train_loss: 2.5268,	val_loss: 8.7469
13:	[0s / 1s],		train_loss: 2.5184,	val_loss: 8.5714
14:	[0s / 1s],		train_loss: 2.5272,	val_loss: 8.2668
15:	[0s / 2s],		train_loss: 2.5102,	val_loss: 8.1541
16:	[0s / 2s],		train_loss: 2.5111,	val_loss: 8.0858
17:	[0s / 2s],		train_loss: 2.5082,	val_loss: 8.2589
18:	[0s / 2s],		train_loss: 2.5113,	val_loss: 8.5946
19:	[0s / 2s],		train_loss: 2.5025,	val_loss: 8.7871
20:	[0s / 2s],		train_loss: 2.5147,	val_loss: 8.7659
21:	[0s / 2s],		train_loss: 2.4946,	val_loss: 9.0678
22:	[0s / 2s],		train_loss: 2.4987,	val_loss: 8.5358
23:	[0s / 3s],		train_loss: 2.4975,	val_loss: 9.5322
C-index TRAIN: 0.9623
C-index TEST:  0.7631
  [ckpt] TABICL RSF saved → checkpoints/tabicl/HURRAH/NaN/seed123/fold4/tabicl_rsf.pkl
C-index train: 0.9827
C-index test:  0.7090
  Fitting TABICL Cox (embedding)...
C-index train: 0.9624
C-index test:  0.7334
X_train shape: (13567, 61), X_test shape: (3391, 61)
Generating TABICL Embeddings...
Warming up TabICL model (triggering checkpoint load)...
ARRIVATO QUI 1
Loading TabICL model checkpoint 'tabicl-classifier-v1.1-0506.ckpt'...
ARRIVATO QUI
Performing dummy prediction to ensure model is loaded...
Warming up TabICL model (triggering checkpoint load)...
ARRIVATO QUI 1
Loading TabICL model checkpoint 'tabicl-classifier-v1.1-0506.ckpt'...
ARRIVATO QUI
Performing dummy prediction to ensure model is loaded...
Successfully generated embeddings with shape: (13567, 512)
0:	[0s / 0s],		train_loss: 2.8145,	val_loss: 7.7302
1:	[0s / 0s],		train_loss: 2.6483,	val_loss: 7.7274
2:	[0s / 0s],		train_loss: 2.6247,	val_loss: 7.9834
3:	[0s / 0s],		train_loss: 2.6270,	val_loss: 8.9609
4:	[0s / 0s],		train_loss: 2.6462,	val_loss: 7.9231
5:	[0s / 0s],		train_loss: 2.6046,	val_loss: 7.8739
6:	[0s / 0s],		train_loss: 2.6061,	val_loss: 8.1652
7:	[0s / 0s],		train_loss: 2.5885,	val_loss: 8.4986
8:	[0s / 0s],		train_loss: 2.6077,	val_loss: 8.2090
9:	[0s / 0s],		train_loss: 2.6358,	val_loss: 7.7699
10:	[0s / 0s],		train_loss: 2.6322,	val_loss: 7.8053
11:	[0s / 1s],		train_loss: 2.6340,	val_loss: 8.5629
12:	[0s / 1s],		train_loss: 2.6183,	val_loss: 8.9206
13:	[0s / 1s],		train_loss: 2.5609,	val_loss: 7.9786
14:	[0s / 1s],		train_loss: 2.6118,	val_loss: 8.0324
15:	[0s / 1s],		train_loss: 2.5604,	val_loss: 7.9355
16:	[0s / 1s],		train_loss: 2.5817,	val_loss: 8.1331
17:	[0s / 1s],		train_loss: 2.5429,	val_loss: 8.2093
18:	[0s / 1s],		train_loss: 2.5775,	val_loss: 8.3382
19:	[0s / 1s],		train_loss: 2.5380,	val_loss: 8.0034
20:	[0s / 1s],		train_loss: 2.5600,	val_loss: 8.1107
21:	[0s / 1s],		train_loss: 2.5545,	val_loss: 8.1549
C-index TRAIN: 0.9606
C-index TEST:  0.7861
0:	[0s / 0s],		train_loss: 2.8769,	val_loss: 7.9957
1:	[0s / 0s],		train_loss: 2.6799,	val_loss: 8.1208
2:	[0s / 0s],		train_loss: 2.6391,	val_loss: 8.2025
3:	[0s / 0s],		train_loss: 2.5971,	val_loss: 7.9474
4:	[0s / 0s],		train_loss: 2.5892,	val_loss: 8.7057
5:	[0s / 0s],		train_loss: 2.5773,	val_loss: 8.3223
6:	[0s / 0s],		train_loss: 2.5441,	val_loss: 8.6157
7:	[0s / 1s],		train_loss: 2.5613,	val_loss: 8.0240
8:	[0s / 1s],		train_loss: 2.5369,	val_loss: 8.3800
9:	[0s / 1s],		train_loss: 2.5146,	val_loss: 8.5854
10:	[0s / 1s],		train_loss: 2.5347,	val_loss: 7.6057
11:	[0s / 1s],		train_loss: 2.5189,	val_loss: 8.1499
12:	[0s / 1s],		train_loss: 2.5100,	val_loss: 8.2350
13:	[0s / 1s],		train_loss: 2.4973,	val_loss: 7.9552
14:	[0s / 1s],		train_loss: 2.5156,	val_loss: 8.1917
15:	[0s / 2s],		train_loss: 2.5209,	val_loss: 7.6068
16:	[0s / 2s],		train_loss: 2.4919,	val_loss: 8.8339
17:	[0s / 2s],		train_loss: 2.5036,	val_loss: 7.8116
18:	[0s / 2s],		train_loss: 2.4807,	val_loss: 8.4634
19:	[0s / 2s],		train_loss: 2.4980,	val_loss: 8.1757
20:	[0s / 2s],		train_loss: 2.4951,	val_loss: 7.9003
21:	[0s / 2s],		train_loss: 2.4996,	val_loss: 8.9192
22:	[0s / 2s],		train_loss: 2.4726,	val_loss: 8.2294
23:	[0s / 3s],		train_loss: 2.4844,	val_loss: 7.9032
24:	[0s / 3s],		train_loss: 2.4911,	val_loss: 7.9446
25:	[0s / 3s],		train_loss: 2.4839,	val_loss: 7.8879
26:	[0s / 3s],		train_loss: 2.4804,	val_loss: 8.2007
27:	[0s / 3s],		train_loss: 2.4779,	val_loss: 8.4063
28:	[0s / 3s],		train_loss: 2.4734,	val_loss: 8.1722
29:	[0s / 3s],		train_loss: 2.4666,	val_loss: 8.7078
30:	[0s / 4s],		train_loss: 2.4643,	val_loss: 8.5015
C-index TRAIN: 0.9646
C-index TEST:  0.7870
  [ckpt] TABICL RSF saved → checkpoints/tabicl/HURRAH/NaN/seed123/fold5/tabicl_rsf.pkl
C-index train: 0.9822
C-index test:  0.7349
  Fitting TABICL Cox (embedding)...
C-index train: 0.9634
C-index test:  0.7474

  Preprocess: -1 | Seed: 123
  TABICL Train Vanilla → mean: 0.962610 | std: 0.001329 | min: 0.961146 | max: 0.964878
  TABICL Test Vanilla → mean: 0.776325 | std: 0.015549 | min: 0.753839 | max: 0.796248
  TABICL Train Simple → mean: 0.961933 | std: 0.002044 | min: 0.958344 | max: 0.964361
  TABICL Test Simple → mean: 0.796838 | std: 0.015145 | min: 0.768464 | max: 0.810834
  TABICL Train RSF → mean: 0.983504 | std: 0.000323 | min: 0.982986 | max: 0.983813
  TABICL Test RSF → mean: 0.743767 | std: 0.018387 | min: 0.716267 | max: 0.774043
  TABICL Train Cox → mean: 0.964410 | std: 0.000420 | min: 0.963814 | max: 0.965032
  TABICL Test Cox → mean: 0.768528 | std: 0.008901 | min: 0.754561 | max: 0.776049
  Train DeepSurv Vanilla → mean: 0.858324 | std: 0.002212 | min: 0.854352 | max: 0.861067
  Test DeepSurv Vanilla → mean: 0.847639 | std: 0.005883 | min: 0.839887 | max: 0.855978
  Train DeepSurv Simple → mean: 0.836306 | std: 0.003739 | min: 0.829847 | max: 0.840438
  Test DeepSurv Simple → mean: 0.835246 | std: 0.009029 | min: 0.818540 | max: 0.844712
  Train RSF  → mean: 0.941442 | std: 0.000613 | min: 0.940661 | max: 0.942530
  Test RSF   → mean: 0.851352 | std: 0.008787 | min: 0.839676 | max: 0.859853
  Train Cox  → mean: 0.828128 | std: 0.001359 | min: 0.826234 | max: 0.829897
  Test Cox   → mean: 0.826363 | std: 0.006724 | min: 0.815616 | max: 0.834793

  Preprocess: NaN | Seed: 123
  TABICL Train Vanilla → mean: 0.962360 | std: 0.001972 | min: 0.958992 | max: 0.964632
  TABICL Test Vanilla → mean: 0.767906 | std: 0.016017 | min: 0.740484 | max: 0.786988
  TABICL Train Simple → mean: 0.961447 | std: 0.002207 | min: 0.959396 | max: 0.965733
  TABICL Test Simple → mean: 0.775612 | std: 0.014316 | min: 0.752167 | max: 0.790365
  TABICL Train RSF → mean: 0.982581 | std: 0.000338 | min: 0.982184 | max: 0.983130
  TABICL Test RSF → mean: 0.718304 | std: 0.011855 | min: 0.703397 | max: 0.734873
  TABICL Train Cox → mean: 0.963355 | std: 0.000498 | min: 0.962448 | max: 0.963928
  TABICL Test Cox → mean: 0.738643 | std: 0.011213 | min: 0.719453 | max: 0.750591
Result saved in 'results/HURRAH/tabicl/results_cv_HURRAH_tabicl_seed123.txt'
