ENV CHECKPOINT PATH: 
DEFAULT PATH: /scratch.hpc/luca.cotugno/Foundation_model_clinical_data/src/models_diff/tabdpt1_1.pth
ENV CHECKPOINT PATH: 
DEFAULT PATH: /scratch.hpc/luca.cotugno/Foundation_model_clinical_data/src/models_diff/tabdpt1_1.pth
/scratch.hpc/luca.cotugno/Foundation_model_clinical_data/.venv/lib/python3.12/site-packages/torchtuples/tupletree.py:146: UserWarning: The given NumPy array is not writable, and PyTorch does not support non-writable tensors. This means writing to this tensor will result in undefined behavior. You may want to copy the array to protect its data or make it writable before converting it to a tensor. This type of warning will be suppressed for the rest of this program. (Triggered internally at /pytorch/torch/csrc/utils/tensor_numpy.cpp:213.)
  return torch.from_numpy(data)
ENV CHECKPOINT PATH: 
DEFAULT PATH: /scratch.hpc/luca.cotugno/Foundation_model_clinical_data/src/models_diff/tabdpt1_1.pth
ENV CHECKPOINT PATH: 
DEFAULT PATH: /scratch.hpc/luca.cotugno/Foundation_model_clinical_data/src/models_diff/tabdpt1_1.pth
ENV CHECKPOINT PATH: 
DEFAULT PATH: /scratch.hpc/luca.cotugno/Foundation_model_clinical_data/src/models_diff/tabdpt1_1.pth
ENV CHECKPOINT PATH: 
DEFAULT PATH: /scratch.hpc/luca.cotugno/Foundation_model_clinical_data/src/models_diff/tabdpt1_1.pth
ENV CHECKPOINT PATH: 
DEFAULT PATH: /scratch.hpc/luca.cotugno/Foundation_model_clinical_data/src/models_diff/tabdpt1_1.pth
ENV CHECKPOINT PATH: 
DEFAULT PATH: /scratch.hpc/luca.cotugno/Foundation_model_clinical_data/src/models_diff/tabdpt1_1.pth
ENV CHECKPOINT PATH: 
DEFAULT PATH: /scratch.hpc/luca.cotugno/Foundation_model_clinical_data/src/models_diff/tabdpt1_1.pth
ENV CHECKPOINT PATH: 
DEFAULT PATH: /scratch.hpc/luca.cotugno/Foundation_model_clinical_data/src/models_diff/tabdpt1_1.pth
ENV CHECKPOINT PATH: 
DEFAULT PATH: /scratch.hpc/luca.cotugno/Foundation_model_clinical_data/src/models_diff/tabdpt1_1.pth
ENV CHECKPOINT PATH: 
DEFAULT PATH: /scratch.hpc/luca.cotugno/Foundation_model_clinical_data/src/models_diff/tabdpt1_1.pth
ENV CHECKPOINT PATH: 
DEFAULT PATH: /scratch.hpc/luca.cotugno/Foundation_model_clinical_data/src/models_diff/tabdpt1_1.pth
ENV CHECKPOINT PATH: 
DEFAULT PATH: /scratch.hpc/luca.cotugno/Foundation_model_clinical_data/src/models_diff/tabdpt1_1.pth
ENV CHECKPOINT PATH: 
DEFAULT PATH: /scratch.hpc/luca.cotugno/Foundation_model_clinical_data/src/models_diff/tabdpt1_1.pth
ENV CHECKPOINT PATH: 
DEFAULT PATH: /scratch.hpc/luca.cotugno/Foundation_model_clinical_data/src/models_diff/tabdpt1_1.pth
ENV CHECKPOINT PATH: 
DEFAULT PATH: /scratch.hpc/luca.cotugno/Foundation_model_clinical_data/src/models_diff/tabdpt1_1.pth
ENV CHECKPOINT PATH: 
DEFAULT PATH: /scratch.hpc/luca.cotugno/Foundation_model_clinical_data/src/models_diff/tabdpt1_1.pth
ENV CHECKPOINT PATH: 
DEFAULT PATH: /scratch.hpc/luca.cotugno/Foundation_model_clinical_data/src/models_diff/tabdpt1_1.pth
ENV CHECKPOINT PATH: 
DEFAULT PATH: /scratch.hpc/luca.cotugno/Foundation_model_clinical_data/src/models_diff/tabdpt1_1.pth
ENV CHECKPOINT PATH: 
DEFAULT PATH: /scratch.hpc/luca.cotugno/Foundation_model_clinical_data/src/models_diff/tabdpt1_1.pth
ENV CHECKPOINT PATH: 
DEFAULT PATH: /scratch.hpc/luca.cotugno/Foundation_model_clinical_data/src/models_diff/tabdpt1_1.pth
STARTED  model=tabdpt  seed=123  tuning=False  shap=False


Preprocess: Replace NaN with -1
Loading existing folds from tmp/splits/OrmoniTirodei_seed123.pkl
X_train shape: (5161, 76), X_test shape: (1291, 76)
Generating TABDPT Embeddings...
<class 'dict'>
Loaded TabDPTModel from checkpoint.
<class 'dict'>
Loaded TabDPTModel from checkpoint.
Successfully generated embeddings with shape: (5161, 768)
0:	[0s / 0s],		train_loss: 5.7197,	val_loss: 7.1224
1:	[0s / 0s],		train_loss: 4.7894,	val_loss: 6.6087
2:	[0s / 0s],		train_loss: 4.9690,	val_loss: 6.7249
3:	[0s / 0s],		train_loss: 4.6459,	val_loss: 6.6749
4:	[0s / 0s],		train_loss: 4.5952,	val_loss: 6.4493
5:	[0s / 0s],		train_loss: 4.4255,	val_loss: 6.5542
6:	[0s / 0s],		train_loss: 4.4102,	val_loss: 6.5298
7:	[0s / 0s],		train_loss: 4.5406,	val_loss: 6.4719
8:	[0s / 0s],		train_loss: 4.5496,	val_loss: 7.1492
9:	[0s / 0s],		train_loss: 4.5275,	val_loss: 6.6002
10:	[0s / 0s],		train_loss: 4.4155,	val_loss: 6.8134
11:	[0s / 0s],		train_loss: 4.4510,	val_loss: 6.6492
12:	[0s / 0s],		train_loss: 4.4890,	val_loss: 6.5089
13:	[0s / 0s],		train_loss: 4.3786,	val_loss: 6.7579
14:	[0s / 1s],		train_loss: 4.5366,	val_loss: 6.5159
15:	[0s / 1s],		train_loss: 4.4534,	val_loss: 6.6926
16:	[0s / 1s],		train_loss: 4.8160,	val_loss: 6.5591
17:	[0s / 1s],		train_loss: 4.6994,	val_loss: 7.0393
18:	[0s / 1s],		train_loss: 4.6525,	val_loss: 6.7793
19:	[0s / 1s],		train_loss: 4.5058,	val_loss: 6.7120
20:	[0s / 1s],		train_loss: 4.4881,	val_loss: 6.5856
21:	[0s / 1s],		train_loss: 4.4140,	val_loss: 6.5457
22:	[0s / 1s],		train_loss: 4.4453,	val_loss: 6.8827
23:	[0s / 1s],		train_loss: 4.3719,	val_loss: 6.6510
24:	[0s / 1s],		train_loss: 4.7124,	val_loss: 6.9575
C-index TRAIN: 0.7881
C-index TEST:  0.7464
0:	[0s / 0s],		train_loss: 4.6218,	val_loss: 6.4384
1:	[0s / 0s],		train_loss: 4.4415,	val_loss: 6.4681
2:	[0s / 0s],		train_loss: 4.3715,	val_loss: 6.4463
3:	[0s / 0s],		train_loss: 4.3763,	val_loss: 6.4165
4:	[0s / 0s],		train_loss: 4.3318,	val_loss: 6.3985
5:	[0s / 0s],		train_loss: 4.3090,	val_loss: 12.5663
6:	[0s / 0s],		train_loss: 4.2993,	val_loss: 7.5198
7:	[0s / 0s],		train_loss: 4.2941,	val_loss: 8.6017
8:	[0s / 0s],		train_loss: 4.3108,	val_loss: 6.4049
9:	[0s / 0s],		train_loss: 4.2728,	val_loss: 6.6524
10:	[0s / 0s],		train_loss: 4.2743,	val_loss: 19.9343
11:	[0s / 0s],		train_loss: 4.2866,	val_loss: 42.2266
12:	[0s / 0s],		train_loss: 4.2652,	val_loss: 50.5384
13:	[0s / 0s],		train_loss: 4.2221,	val_loss: 51.9328
14:	[0s / 0s],		train_loss: 4.2214,	val_loss: 48.6776
15:	[0s / 0s],		train_loss: 4.2574,	val_loss: 50.9229
16:	[0s / 0s],		train_loss: 4.1932,	val_loss: 66.3217
17:	[0s / 1s],		train_loss: 4.2220,	val_loss: 53.7063
18:	[0s / 1s],		train_loss: 4.2141,	val_loss: 57.6170
19:	[0s / 1s],		train_loss: 4.1935,	val_loss: 52.0468
20:	[0s / 1s],		train_loss: 4.1840,	val_loss: 52.1536
21:	[0s / 1s],		train_loss: 4.1683,	val_loss: 74.3084
22:	[0s / 1s],		train_loss: 4.1709,	val_loss: 74.5302
23:	[0s / 1s],		train_loss: 4.1384,	val_loss: 55.0084
24:	[0s / 1s],		train_loss: 4.1514,	val_loss: 49.6654
C-index TRAIN: 0.8090
C-index TEST:  0.7716
  [ckpt] TABDPT RSF saved → checkpoints/tabdpt/OrmoniTirodei/-1/seed123/fold1/tabdpt_rsf.pkl
C-index train: 0.9198
C-index test:  0.7730
  Fitting TABDPT Cox (embedding)...
C-index train: 0.8098
C-index test:  0.7713
0:	[0s / 0s],		train_loss: 5.0358,	val_loss: 6.6372
1:	[0s / 0s],		train_loss: 4.6330,	val_loss: 6.4162
2:	[0s / 0s],		train_loss: 4.4873,	val_loss: 6.3464
3:	[0s / 0s],		train_loss: 4.4526,	val_loss: 6.3288
4:	[0s / 0s],		train_loss: 4.4328,	val_loss: 6.3523
5:	[0s / 0s],		train_loss: 4.4403,	val_loss: 6.3080
6:	[0s / 0s],		train_loss: 4.4210,	val_loss: 6.3098
7:	[0s / 0s],		train_loss: 4.4521,	val_loss: 6.3063
8:	[0s / 0s],		train_loss: 4.4180,	val_loss: 6.2945
9:	[0s / 0s],		train_loss: 4.3846,	val_loss: 6.2903
10:	[0s / 0s],		train_loss: 4.4007,	val_loss: 6.3111
11:	[0s / 0s],		train_loss: 4.3840,	val_loss: 6.2846
12:	[0s / 0s],		train_loss: 4.3789,	val_loss: 6.3089
13:	[0s / 0s],		train_loss: 4.3616,	val_loss: 6.3097
14:	[0s / 1s],		train_loss: 4.3690,	val_loss: 6.2780
15:	[0s / 1s],		train_loss: 4.3874,	val_loss: 6.2912
16:	[0s / 1s],		train_loss: 4.3552,	val_loss: 6.2864
17:	[0s / 1s],		train_loss: 4.3646,	val_loss: 6.2640
18:	[0s / 1s],		train_loss: 4.3444,	val_loss: 6.2652
19:	[0s / 1s],		train_loss: 4.3719,	val_loss: 6.2832
20:	[0s / 1s],		train_loss: 4.3587,	val_loss: 6.2945
21:	[0s / 1s],		train_loss: 4.3892,	val_loss: 6.2938
22:	[0s / 1s],		train_loss: 4.3600,	val_loss: 6.2615
23:	[0s / 1s],		train_loss: 4.3402,	val_loss: 6.2650
24:	[0s / 1s],		train_loss: 4.3586,	val_loss: 6.2938
25:	[0s / 1s],		train_loss: 4.3613,	val_loss: 6.2851
26:	[0s / 1s],		train_loss: 4.3416,	val_loss: 6.2705
27:	[0s / 1s],		train_loss: 4.3479,	val_loss: 6.2816
28:	[0s / 1s],		train_loss: 4.3394,	val_loss: 6.2609
29:	[0s / 1s],		train_loss: 4.3426,	val_loss: 6.2772
30:	[0s / 1s],		train_loss: 4.3461,	val_loss: 6.2673
31:	[0s / 1s],		train_loss: 4.3284,	val_loss: 6.2642
32:	[0s / 1s],		train_loss: 4.3154,	val_loss: 6.2805
33:	[0s / 2s],		train_loss: 4.3372,	val_loss: 6.2723
34:	[0s / 2s],		train_loss: 4.3410,	val_loss: 6.2889
35:	[0s / 2s],		train_loss: 4.3267,	val_loss: 6.2780
36:	[0s / 2s],		train_loss: 4.3375,	val_loss: 6.2827
37:	[0s / 2s],		train_loss: 4.3257,	val_loss: 6.2848
38:	[0s / 2s],		train_loss: 4.3570,	val_loss: 6.2619
39:	[0s / 2s],		train_loss: 4.3685,	val_loss: 6.2861
40:	[0s / 2s],		train_loss: 4.3446,	val_loss: 6.2664
41:	[0s / 2s],		train_loss: 4.3302,	val_loss: 6.2782
42:	[0s / 2s],		train_loss: 4.3472,	val_loss: 6.2724
43:	[0s / 2s],		train_loss: 4.3395,	val_loss: 6.2769
44:	[0s / 2s],		train_loss: 4.2931,	val_loss: 6.3037
45:	[0s / 2s],		train_loss: 4.3156,	val_loss: 6.3087
46:	[0s / 2s],		train_loss: 4.3425,	val_loss: 6.2737
47:	[0s / 2s],		train_loss: 4.2797,	val_loss: 6.2771
48:	[0s / 2s],		train_loss: 4.3292,	val_loss: 6.2551
49:	[0s / 2s],		train_loss: 4.3175,	val_loss: 6.2649
50:	[0s / 2s],		train_loss: 4.3049,	val_loss: 6.2741
51:	[0s / 2s],		train_loss: 4.3009,	val_loss: 6.3031
52:	[0s / 2s],		train_loss: 4.3217,	val_loss: 6.2906
53:	[0s / 3s],		train_loss: 4.3096,	val_loss: 6.2625
54:	[0s / 3s],		train_loss: 4.2749,	val_loss: 6.2817
55:	[0s / 3s],		train_loss: 4.2898,	val_loss: 6.2629
56:	[0s / 3s],		train_loss: 4.2627,	val_loss: 6.2640
57:	[0s / 3s],		train_loss: 4.3307,	val_loss: 6.2847
58:	[0s / 3s],		train_loss: 4.2893,	val_loss: 6.2687
59:	[0s / 3s],		train_loss: 4.3041,	val_loss: 6.2943
60:	[0s / 3s],		train_loss: 4.3097,	val_loss: 6.3239
61:	[0s / 3s],		train_loss: 4.3296,	val_loss: 6.2587
62:	[0s / 3s],		train_loss: 4.2912,	val_loss: 6.3591
63:	[0s / 3s],		train_loss: 4.2830,	val_loss: 6.2835
64:	[0s / 3s],		train_loss: 4.2992,	val_loss: 6.2603
65:	[0s / 3s],		train_loss: 4.2907,	val_loss: 6.2937
66:	[0s / 3s],		train_loss: 4.2840,	val_loss: 6.2660
67:	[0s / 3s],		train_loss: 4.2872,	val_loss: 6.2715
68:	[0s / 3s],		train_loss: 4.2710,	val_loss: 6.3120
C-index TRAIN: 0.8093
C-index TEST:  0.7892
0:	[0s / 0s],		train_loss: 90.9410,	val_loss: 21.3757
1:	[0s / 0s],		train_loss: 12.7074,	val_loss: 13.9305
2:	[0s / 0s],		train_loss: 11.0691,	val_loss: 13.0523
3:	[0s / 0s],		train_loss: 10.6242,	val_loss: 12.7814
4:	[0s / 0s],		train_loss: 10.0391,	val_loss: 10.6192
5:	[0s / 0s],		train_loss: 6.8983,	val_loss: 8.8656
6:	[0s / 0s],		train_loss: 6.6640,	val_loss: 10.4894
7:	[0s / 0s],		train_loss: 7.6282,	val_loss: 10.0445
8:	[0s / 0s],		train_loss: 6.7395,	val_loss: 8.9974
9:	[0s / 0s],		train_loss: 5.8275,	val_loss: 8.2009
10:	[0s / 0s],		train_loss: 5.6498,	val_loss: 7.5395
11:	[0s / 0s],		train_loss: 4.9841,	val_loss: 7.0005
12:	[0s / 0s],		train_loss: 4.9025,	val_loss: 6.8879
13:	[0s / 0s],		train_loss: 4.5809,	val_loss: 6.6827
14:	[0s / 0s],		train_loss: 4.6977,	val_loss: 7.7856
15:	[0s / 0s],		train_loss: 6.0783,	val_loss: 8.6094
16:	[0s / 0s],		train_loss: 6.9713,	val_loss: 8.5225
17:	[0s / 0s],		train_loss: 6.3654,	val_loss: 7.6725
18:	[0s / 0s],		train_loss: 5.4138,	val_loss: 6.9273
19:	[0s / 0s],		train_loss: 4.7943,	val_loss: 7.0292
20:	[0s / 0s],		train_loss: 4.7920,	val_loss: 6.8269
21:	[0s / 0s],		train_loss: 4.9954,	val_loss: 7.7799
22:	[0s / 0s],		train_loss: 5.9709,	val_loss: 7.8407
23:	[0s / 0s],		train_loss: 4.9723,	val_loss: 7.0335
24:	[0s / 0s],		train_loss: 5.1919,	val_loss: 7.6887
25:	[0s / 0s],		train_loss: 6.1795,	val_loss: 9.1323
26:	[0s / 0s],		train_loss: 8.1654,	val_loss: 12.0381
27:	[0s / 0s],		train_loss: 7.9529,	val_loss: 10.8736
28:	[0s / 0s],		train_loss: 7.1080,	val_loss: 9.6798
29:	[0s / 1s],		train_loss: 7.5767,	val_loss: 10.2397
30:	[0s / 1s],		train_loss: 6.5252,	val_loss: 8.7872
31:	[0s / 1s],		train_loss: 6.5298,	val_loss: 11.3176
32:	[0s / 1s],		train_loss: 8.2751,	val_loss: 11.2545
33:	[0s / 1s],		train_loss: 7.1968,	val_loss: 9.3225
C-index TRAIN: 0.7735
C-index TEST:  0.7463
  [ckpt] RSF baseline saved → checkpoints/tabdpt/OrmoniTirodei/-1/seed123/fold1/rsf_baseline.pkl
C-index train: 0.9083
C-index test:  0.7925
  Fitting Cox baseline...
C-index train: 0.8011
C-index test:  0.7873
X_train shape: (5161, 76), X_test shape: (1291, 76)
Generating TABDPT Embeddings...
<class 'dict'>
Loaded TabDPTModel from checkpoint.
<class 'dict'>
Loaded TabDPTModel from checkpoint.
Successfully generated embeddings with shape: (5161, 768)
0:	[0s / 0s],		train_loss: 5.3215,	val_loss: 6.8815
1:	[0s / 0s],		train_loss: 4.7085,	val_loss: 6.7183
2:	[0s / 0s],		train_loss: 4.6805,	val_loss: 6.4939
3:	[0s / 0s],		train_loss: 4.5574,	val_loss: 6.5643
4:	[0s / 0s],		train_loss: 4.5746,	val_loss: 6.7420
5:	[0s / 0s],		train_loss: 4.5400,	val_loss: 6.7582
6:	[0s / 0s],		train_loss: 4.8596,	val_loss: 7.1618
7:	[0s / 0s],		train_loss: 5.0514,	val_loss: 6.5874
8:	[0s / 0s],		train_loss: 4.5040,	val_loss: 6.5682
9:	[0s / 0s],		train_loss: 4.4470,	val_loss: 6.6198
10:	[0s / 0s],		train_loss: 4.3692,	val_loss: 6.5458
11:	[0s / 0s],		train_loss: 4.3518,	val_loss: 6.5967
12:	[0s / 0s],		train_loss: 4.3834,	val_loss: 6.6645
13:	[0s / 0s],		train_loss: 4.3427,	val_loss: 6.7598
14:	[0s / 0s],		train_loss: 4.3814,	val_loss: 6.8407
15:	[0s / 0s],		train_loss: 4.6244,	val_loss: 6.9286
16:	[0s / 0s],		train_loss: 4.5033,	val_loss: 6.7031
17:	[0s / 0s],		train_loss: 4.4685,	val_loss: 6.9928
18:	[0s / 0s],		train_loss: 4.6388,	val_loss: 6.6528
19:	[0s / 0s],		train_loss: 4.4898,	val_loss: 6.5908
20:	[0s / 0s],		train_loss: 4.4247,	val_loss: 6.7630
21:	[0s / 0s],		train_loss: 4.5347,	val_loss: 6.7736
22:	[0s / 0s],		train_loss: 4.4123,	val_loss: 6.8846
C-index TRAIN: 0.7801
C-index TEST:  0.7497
0:	[0s / 0s],		train_loss: 4.5884,	val_loss: 6.3856
1:	[0s / 0s],		train_loss: 4.4247,	val_loss: 6.3894
2:	[0s / 0s],		train_loss: 4.3945,	val_loss: 6.3576
3:	[0s / 0s],		train_loss: 4.3594,	val_loss: 6.3266
4:	[0s / 0s],		train_loss: 4.3301,	val_loss: 6.3144
5:	[0s / 0s],		train_loss: 4.3247,	val_loss: 6.4009
6:	[0s / 0s],		train_loss: 4.3090,	val_loss: 6.4390
7:	[0s / 0s],		train_loss: 4.2980,	val_loss: 6.3746
8:	[0s / 0s],		train_loss: 4.2812,	val_loss: 6.4238
9:	[0s / 0s],		train_loss: 4.3144,	val_loss: 6.4169
10:	[0s / 0s],		train_loss: 4.3012,	val_loss: 6.4349
11:	[0s / 0s],		train_loss: 4.2546,	val_loss: 6.3970
12:	[0s / 0s],		train_loss: 4.2403,	val_loss: 6.4409
13:	[0s / 0s],		train_loss: 4.2744,	val_loss: 6.5266
14:	[0s / 0s],		train_loss: 4.2245,	val_loss: 6.5513
15:	[0s / 0s],		train_loss: 4.2393,	val_loss: 6.5160
16:	[0s / 1s],		train_loss: 4.2517,	val_loss: 6.4376
17:	[0s / 1s],		train_loss: 4.2292,	val_loss: 6.5040
18:	[0s / 1s],		train_loss: 4.1560,	val_loss: 6.5140
19:	[0s / 1s],		train_loss: 4.1919,	val_loss: 6.5126
20:	[0s / 1s],		train_loss: 4.1477,	val_loss: 6.6364
21:	[0s / 1s],		train_loss: 4.1402,	val_loss: 6.6312
22:	[0s / 1s],		train_loss: 4.1294,	val_loss: 6.5745
23:	[0s / 1s],		train_loss: 4.1378,	val_loss: 6.5137
24:	[0s / 1s],		train_loss: 4.0926,	val_loss: 6.6370
C-index TRAIN: 0.8101
C-index TEST:  0.7801
  [ckpt] TABDPT RSF saved → checkpoints/tabdpt/OrmoniTirodei/-1/seed123/fold2/tabdpt_rsf.pkl
C-index train: 0.9197
C-index test:  0.7632
  Fitting TABDPT Cox (embedding)...
C-index train: 0.8133
C-index test:  0.7755
0:	[0s / 0s],		train_loss: 4.9026,	val_loss: 6.6663
1:	[0s / 0s],		train_loss: 4.6654,	val_loss: 6.4431
2:	[0s / 0s],		train_loss: 4.5198,	val_loss: 6.3610
3:	[0s / 0s],		train_loss: 4.5075,	val_loss: 6.3299
4:	[0s / 0s],		train_loss: 4.4831,	val_loss: 6.3495
5:	[0s / 0s],		train_loss: 4.4355,	val_loss: 6.3280
6:	[0s / 0s],		train_loss: 4.4446,	val_loss: 6.3029
7:	[0s / 0s],		train_loss: 4.4470,	val_loss: 6.3196
8:	[0s / 0s],		train_loss: 4.4394,	val_loss: 6.2966
9:	[0s / 0s],		train_loss: 4.4087,	val_loss: 6.2934
10:	[0s / 0s],		train_loss: 4.4210,	val_loss: 6.3084
11:	[0s / 0s],		train_loss: 4.4148,	val_loss: 6.2882
12:	[0s / 0s],		train_loss: 4.3706,	val_loss: 6.2774
13:	[0s / 0s],		train_loss: 4.3869,	val_loss: 6.3022
14:	[0s / 0s],		train_loss: 4.3992,	val_loss: 6.2880
15:	[0s / 0s],		train_loss: 4.3816,	val_loss: 6.2742
16:	[0s / 1s],		train_loss: 4.3868,	val_loss: 6.2993
17:	[0s / 1s],		train_loss: 4.4229,	val_loss: 6.2973
18:	[0s / 1s],		train_loss: 4.4240,	val_loss: 6.2575
19:	[0s / 1s],		train_loss: 4.3800,	val_loss: 6.3117
20:	[0s / 1s],		train_loss: 4.3708,	val_loss: 6.2684
21:	[0s / 1s],		train_loss: 4.3784,	val_loss: 6.2506
22:	[0s / 1s],		train_loss: 4.3636,	val_loss: 6.2466
23:	[0s / 1s],		train_loss: 4.3683,	val_loss: 6.2600
24:	[0s / 1s],		train_loss: 4.4113,	val_loss: 6.2711
25:	[0s / 1s],		train_loss: 4.3777,	val_loss: 6.2535
26:	[0s / 1s],		train_loss: 4.3667,	val_loss: 6.2687
27:	[0s / 1s],		train_loss: 4.3682,	val_loss: 6.2778
28:	[0s / 1s],		train_loss: 4.3552,	val_loss: 6.2601
29:	[0s / 1s],		train_loss: 4.3381,	val_loss: 6.2547
30:	[0s / 1s],		train_loss: 4.3434,	val_loss: 6.2593
31:	[0s / 1s],		train_loss: 4.3324,	val_loss: 6.2492
32:	[0s / 1s],		train_loss: 4.3283,	val_loss: 6.2582
33:	[0s / 1s],		train_loss: 4.3335,	val_loss: 6.2562
34:	[0s / 1s],		train_loss: 4.3123,	val_loss: 6.2490
35:	[0s / 1s],		train_loss: 4.3332,	val_loss: 6.2549
36:	[0s / 2s],		train_loss: 4.3409,	val_loss: 6.2715
37:	[0s / 2s],		train_loss: 4.3263,	val_loss: 6.2676
38:	[0s / 2s],		train_loss: 4.3308,	val_loss: 6.2721
39:	[0s / 2s],		train_loss: 4.3429,	val_loss: 6.2580
40:	[0s / 2s],		train_loss: 4.3172,	val_loss: 6.2489
41:	[0s / 2s],		train_loss: 4.3319,	val_loss: 6.2561
42:	[0s / 2s],		train_loss: 4.3232,	val_loss: 6.2613
C-index TRAIN: 0.8038
C-index TEST:  0.8003
0:	[0s / 0s],		train_loss: 67.3126,	val_loss: 18.8595
1:	[0s / 0s],		train_loss: 14.7409,	val_loss: 15.9678
2:	[0s / 0s],		train_loss: 12.5578,	val_loss: 12.7551
3:	[0s / 0s],		train_loss: 8.7477,	val_loss: 11.0320
4:	[0s / 0s],		train_loss: 8.1493,	val_loss: 11.1654
5:	[0s / 0s],		train_loss: 8.6097,	val_loss: 9.8082
6:	[0s / 0s],		train_loss: 7.0010,	val_loss: 8.8787
7:	[0s / 0s],		train_loss: 6.7331,	val_loss: 8.6126
8:	[0s / 0s],		train_loss: 6.4456,	val_loss: 8.9997
9:	[0s / 0s],		train_loss: 6.8832,	val_loss: 8.8464
10:	[0s / 0s],		train_loss: 5.9285,	val_loss: 7.6709
11:	[0s / 0s],		train_loss: 5.2737,	val_loss: 6.8179
12:	[0s / 0s],		train_loss: 5.0404,	val_loss: 6.6681
13:	[0s / 0s],		train_loss: 4.6195,	val_loss: 6.6821
14:	[0s / 0s],		train_loss: 4.5240,	val_loss: 6.4050
15:	[0s / 0s],		train_loss: 4.5778,	val_loss: 6.6742
16:	[0s / 0s],		train_loss: 5.1398,	val_loss: 6.9025
17:	[0s / 0s],		train_loss: 4.7907,	val_loss: 6.9880
18:	[0s / 0s],		train_loss: 5.5181,	val_loss: 8.5230
19:	[0s / 1s],		train_loss: 6.2738,	val_loss: 8.6521
20:	[0s / 1s],		train_loss: 6.8628,	val_loss: 8.6333
21:	[0s / 1s],		train_loss: 5.9480,	val_loss: 7.9810
22:	[0s / 1s],		train_loss: 6.0248,	val_loss: 7.0907
23:	[0s / 1s],		train_loss: 4.7792,	val_loss: 6.7677
24:	[0s / 1s],		train_loss: 4.8988,	val_loss: 6.6837
25:	[0s / 1s],		train_loss: 4.8846,	val_loss: 7.0298
26:	[0s / 1s],		train_loss: 5.2313,	val_loss: 6.9428
27:	[0s / 1s],		train_loss: 4.8708,	val_loss: 6.9116
28:	[0s / 1s],		train_loss: 4.6722,	val_loss: 6.5921
29:	[0s / 1s],		train_loss: 4.5892,	val_loss: 6.4334
30:	[0s / 1s],		train_loss: 4.6848,	val_loss: 7.1499
31:	[0s / 1s],		train_loss: 5.8516,	val_loss: 7.2581
32:	[0s / 1s],		train_loss: 4.7530,	val_loss: 7.2107
33:	[0s / 1s],		train_loss: 6.9773,	val_loss: 9.9560
34:	[0s / 1s],		train_loss: 7.2889,	val_loss: 8.2155
C-index TRAIN: 0.7903
C-index TEST:  0.7965
  [ckpt] RSF baseline saved → checkpoints/tabdpt/OrmoniTirodei/-1/seed123/fold2/rsf_baseline.pkl
C-index train: 0.9092
C-index test:  0.7914
  Fitting Cox baseline...
C-index train: 0.8003
C-index test:  0.7982
X_train shape: (5162, 76), X_test shape: (1290, 76)
Generating TABDPT Embeddings...
<class 'dict'>
Loaded TabDPTModel from checkpoint.
<class 'dict'>
Loaded TabDPTModel from checkpoint.
Successfully generated embeddings with shape: (5162, 768)
0:	[0s / 0s],		train_loss: 5.3505,	val_loss: 6.5990
1:	[0s / 0s],		train_loss: 4.6007,	val_loss: 6.4209
2:	[0s / 0s],		train_loss: 4.5740,	val_loss: 6.5828
3:	[0s / 0s],		train_loss: 4.4895,	val_loss: 6.6345
4:	[0s / 0s],		train_loss: 4.4702,	val_loss: 6.4694
5:	[0s / 0s],		train_loss: 4.4378,	val_loss: 6.8724
6:	[0s / 0s],		train_loss: 4.7677,	val_loss: 6.7956
7:	[0s / 0s],		train_loss: 4.8228,	val_loss: 6.8521
8:	[0s / 0s],		train_loss: 4.5577,	val_loss: 6.6158
9:	[0s / 0s],		train_loss: 4.6161,	val_loss: 7.0496
10:	[0s / 0s],		train_loss: 4.5575,	val_loss: 6.6838
11:	[0s / 0s],		train_loss: 4.4349,	val_loss: 6.5646
12:	[0s / 0s],		train_loss: 4.4409,	val_loss: 6.6335
13:	[0s / 0s],		train_loss: 4.4113,	val_loss: 6.7103
14:	[0s / 0s],		train_loss: 4.4507,	val_loss: 6.7170
15:	[0s / 0s],		train_loss: 4.5403,	val_loss: 6.8821
16:	[0s / 0s],		train_loss: 4.5461,	val_loss: 6.7161
17:	[0s / 0s],		train_loss: 4.3887,	val_loss: 6.6687
18:	[0s / 0s],		train_loss: 4.3703,	val_loss: 6.6597
19:	[0s / 0s],		train_loss: 4.4818,	val_loss: 6.7306
20:	[0s / 0s],		train_loss: 4.5798,	val_loss: 6.8587
21:	[0s / 1s],		train_loss: 4.6657,	val_loss: 7.1674
C-index TRAIN: 0.7868
C-index TEST:  0.7537
0:	[0s / 0s],		train_loss: 4.6057,	val_loss: 6.3851
1:	[0s / 0s],		train_loss: 4.3759,	val_loss: 6.3437
2:	[0s / 0s],		train_loss: 4.3641,	val_loss: 6.3250
3:	[0s / 0s],		train_loss: 4.3345,	val_loss: 6.3639
4:	[0s / 0s],		train_loss: 4.3256,	val_loss: 6.3379
5:	[0s / 0s],		train_loss: 4.2855,	val_loss: 6.3645
6:	[0s / 0s],		train_loss: 4.2702,	val_loss: 6.3606
7:	[0s / 0s],		train_loss: 4.3017,	val_loss: 6.3366
8:	[0s / 0s],		train_loss: 4.3120,	val_loss: 6.4181
9:	[0s / 0s],		train_loss: 4.2526,	val_loss: 6.3798
10:	[0s / 0s],		train_loss: 4.2400,	val_loss: 6.3496
11:	[0s / 0s],		train_loss: 4.2102,	val_loss: 6.4519
12:	[0s / 0s],		train_loss: 4.2167,	val_loss: 6.4291
13:	[0s / 0s],		train_loss: 4.1984,	val_loss: 6.4872
14:	[0s / 0s],		train_loss: 4.2018,	val_loss: 6.4464
15:	[0s / 0s],		train_loss: 4.1970,	val_loss: 6.4531
16:	[0s / 1s],		train_loss: 4.1926,	val_loss: 6.5796
17:	[0s / 1s],		train_loss: 4.1606,	val_loss: 6.6008
18:	[0s / 1s],		train_loss: 4.1799,	val_loss: 6.4518
19:	[0s / 1s],		train_loss: 4.1530,	val_loss: 6.5611
20:	[0s / 1s],		train_loss: 4.1457,	val_loss: 6.5619
21:	[0s / 1s],		train_loss: 4.0917,	val_loss: 6.5374
22:	[0s / 1s],		train_loss: 4.1267,	val_loss: 6.5166
C-index TRAIN: 0.8115
C-index TEST:  0.7628
  [ckpt] TABDPT RSF saved → checkpoints/tabdpt/OrmoniTirodei/-1/seed123/fold3/tabdpt_rsf.pkl
C-index train: 0.9243
C-index test:  0.7691
  Fitting TABDPT Cox (embedding)...
C-index train: 0.8168
C-index test:  0.7651
0:	[0s / 0s],		train_loss: 5.0045,	val_loss: 6.7042
1:	[0s / 0s],		train_loss: 4.7224,	val_loss: 6.5111
2:	[0s / 0s],		train_loss: 4.5725,	val_loss: 6.3755
3:	[0s / 0s],		train_loss: 4.4713,	val_loss: 6.3091
4:	[0s / 0s],		train_loss: 4.4599,	val_loss: 6.3058
5:	[0s / 0s],		train_loss: 4.4250,	val_loss: 6.2934
6:	[0s / 0s],		train_loss: 4.3887,	val_loss: 6.3055
7:	[0s / 0s],		train_loss: 4.4055,	val_loss: 6.2875
8:	[0s / 0s],		train_loss: 4.3817,	val_loss: 6.2836
9:	[0s / 0s],		train_loss: 4.3585,	val_loss: 6.2852
10:	[0s / 0s],		train_loss: 4.3652,	val_loss: 6.2921
11:	[0s / 0s],		train_loss: 4.3716,	val_loss: 6.2857
12:	[0s / 0s],		train_loss: 4.3658,	val_loss: 6.2635
13:	[0s / 0s],		train_loss: 4.3663,	val_loss: 6.3017
14:	[0s / 0s],		train_loss: 4.3407,	val_loss: 6.2875
15:	[0s / 0s],		train_loss: 4.3328,	val_loss: 6.2861
16:	[0s / 0s],		train_loss: 4.3545,	val_loss: 6.2563
17:	[0s / 0s],		train_loss: 4.3548,	val_loss: 6.3101
18:	[0s / 0s],		train_loss: 4.3461,	val_loss: 6.2718
19:	[0s / 1s],		train_loss: 4.3498,	val_loss: 6.2708
20:	[0s / 1s],		train_loss: 4.3612,	val_loss: 6.2935
21:	[0s / 1s],		train_loss: 4.3464,	val_loss: 6.2906
22:	[0s / 1s],		train_loss: 4.3476,	val_loss: 6.2572
23:	[0s / 1s],		train_loss: 4.3044,	val_loss: 6.2838
24:	[0s / 1s],		train_loss: 4.3290,	val_loss: 6.2889
25:	[0s / 1s],		train_loss: 4.3474,	val_loss: 6.2665
26:	[0s / 1s],		train_loss: 4.3292,	val_loss: 6.2692
27:	[0s / 1s],		train_loss: 4.3506,	val_loss: 6.2757
28:	[0s / 1s],		train_loss: 4.3124,	val_loss: 6.2733
29:	[0s / 1s],		train_loss: 4.3114,	val_loss: 6.2607
30:	[0s / 1s],		train_loss: 4.3224,	val_loss: 6.2596
31:	[0s / 1s],		train_loss: 4.3139,	val_loss: 6.3044
32:	[0s / 1s],		train_loss: 4.3070,	val_loss: 6.3139
33:	[0s / 1s],		train_loss: 4.3334,	val_loss: 6.2820
34:	[0s / 1s],		train_loss: 4.3218,	val_loss: 6.2807
35:	[0s / 1s],		train_loss: 4.3206,	val_loss: 6.2609
36:	[0s / 1s],		train_loss: 4.3054,	val_loss: 6.2918
C-index TRAIN: 0.8047
C-index TEST:  0.7761
0:	[0s / 0s],		train_loss: 149.2795,	val_loss: 39.7266
1:	[0s / 0s],		train_loss: 17.1352,	val_loss: 22.6275
2:	[0s / 0s],		train_loss: 11.2259,	val_loss: 14.2591
3:	[0s / 0s],		train_loss: 10.4665,	val_loss: 12.6769
4:	[0s / 0s],		train_loss: 8.8140,	val_loss: 10.9324
5:	[0s / 0s],		train_loss: 7.0638,	val_loss: 9.8617
6:	[0s / 0s],		train_loss: 7.3534,	val_loss: 10.2399
7:	[0s / 0s],		train_loss: 7.8504,	val_loss: 9.9904
8:	[0s / 0s],		train_loss: 6.5675,	val_loss: 8.5447
9:	[0s / 0s],		train_loss: 5.7292,	val_loss: 7.6287
10:	[0s / 0s],		train_loss: 5.0224,	val_loss: 6.5498
11:	[0s / 0s],		train_loss: 4.4120,	val_loss: 6.3964
12:	[0s / 0s],		train_loss: 4.4646,	val_loss: 6.4270
13:	[0s / 0s],		train_loss: 4.5232,	val_loss: 6.9183
14:	[0s / 0s],		train_loss: 4.9345,	val_loss: 6.9098
15:	[0s / 0s],		train_loss: 4.8508,	val_loss: 6.9485
16:	[0s / 0s],		train_loss: 6.4110,	val_loss: 9.2522
17:	[0s / 0s],		train_loss: 6.4006,	val_loss: 8.5038
18:	[0s / 0s],		train_loss: 5.6600,	val_loss: 7.9779
19:	[0s / 0s],		train_loss: 5.6183,	val_loss: 8.0329
20:	[0s / 0s],		train_loss: 6.0643,	val_loss: 6.8026
21:	[0s / 0s],		train_loss: 5.1856,	val_loss: 7.9618
22:	[0s / 0s],		train_loss: 6.0840,	val_loss: 7.1312
23:	[0s / 0s],		train_loss: 4.7109,	val_loss: 6.9383
24:	[0s / 0s],		train_loss: 4.6189,	val_loss: 6.4594
25:	[0s / 0s],		train_loss: 4.8302,	val_loss: 8.3756
26:	[0s / 0s],		train_loss: 5.4834,	val_loss: 7.6579
27:	[0s / 1s],		train_loss: 5.0183,	val_loss: 7.3152
28:	[0s / 1s],		train_loss: 4.8937,	val_loss: 6.6094
29:	[0s / 1s],		train_loss: 4.9831,	val_loss: 8.0978
30:	[0s / 1s],		train_loss: 6.5142,	val_loss: 9.2574
31:	[0s / 1s],		train_loss: 6.6268,	val_loss: 9.4110
C-index TRAIN: 0.7951
C-index TEST:  0.7792
  [ckpt] RSF baseline saved → checkpoints/tabdpt/OrmoniTirodei/-1/seed123/fold3/rsf_baseline.pkl
C-index train: 0.9105
C-index test:  0.7790
  Fitting Cox baseline...
C-index train: 0.8032
C-index test:  0.7835
X_train shape: (5162, 76), X_test shape: (1290, 76)
Generating TABDPT Embeddings...
<class 'dict'>
Loaded TabDPTModel from checkpoint.
<class 'dict'>
Loaded TabDPTModel from checkpoint.
Successfully generated embeddings with shape: (5162, 768)
0:	[0s / 0s],		train_loss: 5.6031,	val_loss: 6.8880
1:	[0s / 0s],		train_loss: 4.8680,	val_loss: 6.8004
2:	[0s / 0s],		train_loss: 4.6646,	val_loss: 6.7684
3:	[0s / 0s],		train_loss: 4.6200,	val_loss: 6.8387
4:	[0s / 0s],		train_loss: 4.6772,	val_loss: 6.8483
5:	[0s / 0s],		train_loss: 4.6409,	val_loss: 6.7025
6:	[0s / 0s],		train_loss: 4.5890,	val_loss: 6.4582
7:	[0s / 0s],		train_loss: 4.8136,	val_loss: 6.5456
8:	[0s / 0s],		train_loss: 4.5743,	val_loss: 6.8131
9:	[0s / 0s],		train_loss: 4.6690,	val_loss: 6.6207
10:	[0s / 0s],		train_loss: 4.4903,	val_loss: 6.5835
11:	[0s / 0s],		train_loss: 5.2151,	val_loss: 6.6952
12:	[0s / 0s],		train_loss: 4.6139,	val_loss: 7.0169
13:	[0s / 0s],		train_loss: 4.5976,	val_loss: 6.8367
14:	[0s / 0s],		train_loss: 4.4765,	val_loss: 6.6369
15:	[0s / 0s],		train_loss: 4.4239,	val_loss: 6.7439
16:	[0s / 0s],		train_loss: 4.3639,	val_loss: 6.7466
17:	[0s / 0s],		train_loss: 4.3702,	val_loss: 6.5438
18:	[0s / 0s],		train_loss: 4.4697,	val_loss: 6.6975
19:	[0s / 0s],		train_loss: 4.5195,	val_loss: 6.7822
20:	[0s / 0s],		train_loss: 4.6533,	val_loss: 6.7599
21:	[0s / 0s],		train_loss: 4.3850,	val_loss: 6.7485
22:	[0s / 0s],		train_loss: 4.5902,	val_loss: 7.0481
23:	[0s / 0s],		train_loss: 4.5865,	val_loss: 6.7287
24:	[0s / 0s],		train_loss: 5.7880,	val_loss: 7.3465
25:	[0s / 1s],		train_loss: 5.0686,	val_loss: 6.8364
26:	[0s / 1s],		train_loss: 4.4830,	val_loss: 6.8653
C-index TRAIN: 0.7982
C-index TEST:  0.7831
0:	[0s / 0s],		train_loss: 4.5409,	val_loss: 6.3680
1:	[0s / 0s],		train_loss: 4.4215,	val_loss: 6.3618
2:	[0s / 0s],		train_loss: 4.3821,	val_loss: 6.3829
3:	[0s / 0s],		train_loss: 4.3541,	val_loss: 6.3934
4:	[0s / 0s],		train_loss: 4.3501,	val_loss: 6.4459
5:	[0s / 0s],		train_loss: 4.3253,	val_loss: 6.3770
6:	[0s / 0s],		train_loss: 4.3139,	val_loss: 6.4244
7:	[0s / 0s],		train_loss: 4.2860,	val_loss: 6.4818
8:	[0s / 0s],		train_loss: 4.2807,	val_loss: 6.4453
9:	[0s / 0s],		train_loss: 4.2816,	val_loss: 6.4394
10:	[0s / 0s],		train_loss: 4.2336,	val_loss: 6.4623
11:	[0s / 0s],		train_loss: 4.2554,	val_loss: 6.4336
12:	[0s / 0s],		train_loss: 4.2372,	val_loss: 6.4224
13:	[0s / 0s],		train_loss: 4.2265,	val_loss: 6.4372
14:	[0s / 0s],		train_loss: 4.2133,	val_loss: 6.5342
15:	[0s / 0s],		train_loss: 4.2114,	val_loss: 6.5473
16:	[0s / 0s],		train_loss: 4.1844,	val_loss: 6.4817
17:	[0s / 1s],		train_loss: 4.1810,	val_loss: 6.6044
18:	[0s / 1s],		train_loss: 4.1776,	val_loss: 6.5425
19:	[0s / 1s],		train_loss: 4.1437,	val_loss: 6.5224
20:	[0s / 1s],		train_loss: 4.1540,	val_loss: 6.5402
21:	[0s / 1s],		train_loss: 4.1259,	val_loss: 6.7154
C-index TRAIN: 0.7976
C-index TEST:  0.7876
  [ckpt] TABDPT RSF saved → checkpoints/tabdpt/OrmoniTirodei/-1/seed123/fold4/tabdpt_rsf.pkl
C-index train: 0.9187
C-index test:  0.7865
  Fitting TABDPT Cox (embedding)...
C-index train: 0.8083
C-index test:  0.7803
0:	[0s / 0s],		train_loss: 4.8997,	val_loss: 6.6412
1:	[0s / 0s],		train_loss: 4.6442,	val_loss: 6.4194
2:	[0s / 0s],		train_loss: 4.5305,	val_loss: 6.3484
3:	[0s / 0s],		train_loss: 4.4641,	val_loss: 6.3580
4:	[0s / 0s],		train_loss: 4.4478,	val_loss: 6.3283
5:	[0s / 0s],		train_loss: 4.4613,	val_loss: 6.3341
6:	[0s / 0s],		train_loss: 4.4096,	val_loss: 6.7163
7:	[0s / 0s],		train_loss: 4.4779,	val_loss: 16.9244
8:	[0s / 0s],		train_loss: 4.4325,	val_loss: 44.1717
9:	[0s / 0s],		train_loss: 4.4080,	val_loss: 162.5962
10:	[0s / 0s],		train_loss: 4.3845,	val_loss: 370.7578
11:	[0s / 0s],		train_loss: 4.3860,	val_loss: 1581.2124
12:	[0s / 0s],		train_loss: 4.4106,	val_loss: 1716.4580
13:	[0s / 0s],		train_loss: 4.3756,	val_loss: 1534.5449
14:	[0s / 0s],		train_loss: 4.4023,	val_loss: 1654.1096
15:	[0s / 0s],		train_loss: 4.3712,	val_loss: 1961.9559
16:	[0s / 0s],		train_loss: 4.3816,	val_loss: 2033.0512
17:	[0s / 0s],		train_loss: 4.3721,	val_loss: 2394.7980
18:	[0s / 0s],		train_loss: 4.3853,	val_loss: 1370.3178
19:	[0s / 1s],		train_loss: 4.3650,	val_loss: 1194.2840
20:	[0s / 1s],		train_loss: 4.3716,	val_loss: 1579.7796
21:	[0s / 1s],		train_loss: 4.3527,	val_loss: 1714.1536
22:	[0s / 1s],		train_loss: 4.3373,	val_loss: 2333.6963
23:	[0s / 1s],		train_loss: 4.3517,	val_loss: 1800.0579
24:	[0s / 1s],		train_loss: 4.3679,	val_loss: 2088.6512
C-index TRAIN: 0.7855
C-index TEST:  0.7830
0:	[0s / 0s],		train_loss: 32.2029,	val_loss: 19.2234
1:	[0s / 0s],		train_loss: 16.4123,	val_loss: 13.8222
2:	[0s / 0s],		train_loss: 9.5586,	val_loss: 11.9267
3:	[0s / 0s],		train_loss: 8.7411,	val_loss: 10.7108
4:	[0s / 0s],		train_loss: 7.3382,	val_loss: 9.7262
5:	[0s / 0s],		train_loss: 6.3273,	val_loss: 11.3988
6:	[0s / 0s],		train_loss: 7.1067,	val_loss: 8.7015
7:	[0s / 0s],		train_loss: 6.7948,	val_loss: 7.9037
8:	[0s / 0s],		train_loss: 5.6071,	val_loss: 6.8314
9:	[0s / 0s],		train_loss: 4.8144,	val_loss: 6.5663
10:	[0s / 0s],		train_loss: 4.5342,	val_loss: 6.7319
11:	[0s / 0s],		train_loss: 5.5653,	val_loss: 8.3062
12:	[0s / 0s],		train_loss: 5.8939,	val_loss: 8.0356
13:	[0s / 0s],		train_loss: 6.0211,	val_loss: 8.5632
14:	[0s / 0s],		train_loss: 5.7713,	val_loss: 8.7620
15:	[0s / 0s],		train_loss: 5.8386,	val_loss: 8.0687
16:	[0s / 0s],		train_loss: 5.2243,	val_loss: 7.2392
17:	[0s / 0s],		train_loss: 4.6720,	val_loss: 6.4704
18:	[0s / 0s],		train_loss: 4.6365,	val_loss: 7.1112
19:	[0s / 0s],		train_loss: 5.2104,	val_loss: 7.1999
20:	[0s / 0s],		train_loss: 5.1520,	val_loss: 7.0826
21:	[0s / 0s],		train_loss: 4.7308,	val_loss: 6.6843
22:	[0s / 0s],		train_loss: 4.7892,	val_loss: 6.9542
23:	[0s / 0s],		train_loss: 5.3599,	val_loss: 7.9845
24:	[0s / 0s],		train_loss: 5.3246,	val_loss: 7.0677
25:	[0s / 1s],		train_loss: 4.9441,	val_loss: 7.6373
26:	[0s / 1s],		train_loss: 6.0484,	val_loss: 7.8700
27:	[0s / 1s],		train_loss: 5.4391,	val_loss: 8.7132
28:	[0s / 1s],		train_loss: 5.5024,	val_loss: 7.3599
29:	[0s / 1s],		train_loss: 4.7310,	val_loss: 7.2069
30:	[0s / 1s],		train_loss: 5.0302,	val_loss: 7.0518
31:	[0s / 1s],		train_loss: 5.1833,	val_loss: 6.9535
32:	[0s / 1s],		train_loss: 5.6334,	val_loss: 7.7867
33:	[0s / 1s],		train_loss: 6.2071,	val_loss: 10.7860
34:	[0s / 1s],		train_loss: 10.8556,	val_loss: 13.2111
35:	[0s / 1s],		train_loss: 10.8905,	val_loss: 15.5402
36:	[0s / 1s],		train_loss: 10.1273,	val_loss: 14.4730
37:	[0s / 1s],		train_loss: 9.5377,	val_loss: 15.5015
C-index TRAIN: 0.7864
C-index TEST:  0.7859
  [ckpt] RSF baseline saved → checkpoints/tabdpt/OrmoniTirodei/-1/seed123/fold4/rsf_baseline.pkl
C-index train: 0.9062
C-index test:  0.8080
  Fitting Cox baseline...
C-index train: 0.7981
C-index test:  0.8023
X_train shape: (5162, 76), X_test shape: (1290, 76)
Generating TABDPT Embeddings...
<class 'dict'>
Loaded TabDPTModel from checkpoint.
<class 'dict'>
Loaded TabDPTModel from checkpoint.
Successfully generated embeddings with shape: (5162, 768)
0:	[0s / 0s],		train_loss: 5.5519,	val_loss: 6.5981
1:	[0s / 0s],		train_loss: 4.6537,	val_loss: 7.0885
2:	[0s / 0s],		train_loss: 4.5783,	val_loss: 6.5942
3:	[0s / 0s],		train_loss: 4.5921,	val_loss: 6.5655
4:	[0s / 0s],		train_loss: 4.5002,	val_loss: 6.7840
5:	[0s / 0s],		train_loss: 4.4038,	val_loss: 6.5310
6:	[0s / 0s],		train_loss: 4.5965,	val_loss: 6.6363
7:	[0s / 0s],		train_loss: 4.4414,	val_loss: 6.7003
8:	[0s / 0s],		train_loss: 4.4363,	val_loss: 6.7708
9:	[0s / 0s],		train_loss: 4.6642,	val_loss: 6.7480
10:	[0s / 0s],		train_loss: 4.5309,	val_loss: 6.9265
11:	[0s / 0s],		train_loss: 4.6401,	val_loss: 6.6063
12:	[0s / 0s],		train_loss: 4.6336,	val_loss: 6.7369
13:	[0s / 0s],		train_loss: 4.5498,	val_loss: 6.8422
14:	[0s / 0s],		train_loss: 4.7630,	val_loss: 6.7903
15:	[0s / 0s],		train_loss: 4.5343,	val_loss: 6.6280
16:	[0s / 0s],		train_loss: 4.4998,	val_loss: 6.8322
17:	[0s / 0s],		train_loss: 4.5669,	val_loss: 6.7493
18:	[0s / 0s],		train_loss: 4.4694,	val_loss: 7.0112
19:	[0s / 0s],		train_loss: 4.8474,	val_loss: 6.8406
20:	[0s / 0s],		train_loss: 4.5563,	val_loss: 6.9903
21:	[0s / 0s],		train_loss: 4.6979,	val_loss: 7.1333
22:	[0s / 0s],		train_loss: 4.7667,	val_loss: 7.0630
23:	[0s / 1s],		train_loss: 5.0677,	val_loss: 6.9785
24:	[0s / 1s],		train_loss: 4.6398,	val_loss: 6.8290
25:	[0s / 1s],		train_loss: 4.4129,	val_loss: 6.6960
C-index TRAIN: 0.8037
C-index TEST:  0.7716
0:	[0s / 0s],		train_loss: 4.5436,	val_loss: 6.3636
1:	[0s / 0s],		train_loss: 4.4167,	val_loss: 6.3427
2:	[0s / 0s],		train_loss: 4.3435,	val_loss: 6.3633
3:	[0s / 0s],		train_loss: 4.3229,	val_loss: 6.3539
4:	[0s / 0s],		train_loss: 4.3086,	val_loss: 6.4162
5:	[0s / 0s],		train_loss: 4.3018,	val_loss: 6.3635
6:	[0s / 0s],		train_loss: 4.2481,	val_loss: 6.4522
7:	[0s / 0s],		train_loss: 4.2797,	val_loss: 6.3651
8:	[0s / 0s],		train_loss: 4.2436,	val_loss: 6.4274
9:	[0s / 0s],		train_loss: 4.2080,	val_loss: 6.4083
10:	[0s / 0s],		train_loss: 4.2131,	val_loss: 6.4277
11:	[0s / 0s],		train_loss: 4.2227,	val_loss: 6.4391
12:	[0s / 0s],		train_loss: 4.1539,	val_loss: 6.4936
13:	[0s / 0s],		train_loss: 4.2050,	val_loss: 6.4440
14:	[0s / 0s],		train_loss: 4.1647,	val_loss: 6.4695
15:	[0s / 0s],		train_loss: 4.1119,	val_loss: 6.6090
16:	[0s / 0s],		train_loss: 4.0911,	val_loss: 6.5554
17:	[0s / 0s],		train_loss: 4.1063,	val_loss: 6.5335
18:	[0s / 1s],		train_loss: 4.1234,	val_loss: 6.4996
19:	[0s / 1s],		train_loss: 4.1378,	val_loss: 6.5611
20:	[0s / 1s],		train_loss: 4.1238,	val_loss: 6.6583
21:	[0s / 1s],		train_loss: 4.1003,	val_loss: 6.7403
C-index TRAIN: 0.7978
C-index TEST:  0.7862
  [ckpt] TABDPT RSF saved → checkpoints/tabdpt/OrmoniTirodei/-1/seed123/fold5/tabdpt_rsf.pkl
C-index train: 0.9202
C-index test:  0.7709
  [surv] Saved → survival_predictions/tabdpt/OrmoniTirodei/-1/seed123/fold5/tabdpt_rsf.pkl
  Fitting TABDPT Cox (embedding)...
C-index train: 0.8135
C-index test:  0.7748
  [surv] Saved → survival_predictions/tabdpt/OrmoniTirodei/-1/seed123/fold5/tabdpt_cox.pkl
0:	[0s / 0s],		train_loss: 4.8367,	val_loss: 6.4973
1:	[0s / 0s],		train_loss: 4.5551,	val_loss: 6.3623
2:	[0s / 0s],		train_loss: 4.4979,	val_loss: 6.3575
3:	[0s / 0s],		train_loss: 4.4612,	val_loss: 6.3305
4:	[0s / 0s],		train_loss: 4.4176,	val_loss: 6.3100
5:	[0s / 0s],		train_loss: 4.4273,	val_loss: 6.3147
6:	[0s / 0s],		train_loss: 4.4147,	val_loss: 6.2877
7:	[0s / 0s],		train_loss: 4.4233,	val_loss: 6.2922
8:	[0s / 0s],		train_loss: 4.3834,	val_loss: 6.2980
9:	[0s / 0s],		train_loss: 4.3958,	val_loss: 6.2945
10:	[0s / 0s],		train_loss: 4.3830,	val_loss: 6.2732
11:	[0s / 0s],		train_loss: 4.4095,	val_loss: 6.2922
12:	[0s / 0s],		train_loss: 4.3767,	val_loss: 6.2723
13:	[0s / 0s],		train_loss: 4.3762,	val_loss: 6.2830
14:	[0s / 0s],		train_loss: 4.4097,	val_loss: 6.2577
15:	[0s / 0s],		train_loss: 4.3681,	val_loss: 6.2687
16:	[0s / 0s],		train_loss: 4.3450,	val_loss: 6.2653
17:	[0s / 0s],		train_loss: 4.3623,	val_loss: 6.2678
18:	[0s / 1s],		train_loss: 4.3352,	val_loss: 6.2635
19:	[0s / 1s],		train_loss: 4.3480,	val_loss: 6.2514
20:	[0s / 1s],		train_loss: 4.3376,	val_loss: 6.2708
21:	[0s / 1s],		train_loss: 4.3588,	val_loss: 6.3015
22:	[0s / 1s],		train_loss: 4.3852,	val_loss: 6.2642
23:	[0s / 1s],		train_loss: 4.3511,	val_loss: 6.2549
24:	[0s / 1s],		train_loss: 4.3400,	val_loss: 6.2426
25:	[0s / 1s],		train_loss: 4.3407,	val_loss: 6.3027
26:	[0s / 1s],		train_loss: 4.3417,	val_loss: 6.2519
27:	[0s / 1s],		train_loss: 4.3568,	val_loss: 6.2893
28:	[0s / 1s],		train_loss: 4.3495,	val_loss: 6.2562
29:	[0s / 1s],		train_loss: 4.3483,	val_loss: 6.2716
30:	[0s / 1s],		train_loss: 4.3579,	val_loss: 6.2810
31:	[0s / 1s],		train_loss: 4.3356,	val_loss: 6.2597
32:	[0s / 1s],		train_loss: 4.3221,	val_loss: 6.2834
33:	[0s / 1s],		train_loss: 4.3281,	val_loss: 6.2548
34:	[0s / 1s],		train_loss: 4.3149,	val_loss: 6.2644
35:	[0s / 1s],		train_loss: 4.3229,	val_loss: 6.2735
36:	[0s / 1s],		train_loss: 4.3344,	val_loss: 6.3112
37:	[0s / 1s],		train_loss: 4.3267,	val_loss: 6.2498
38:	[0s / 2s],		train_loss: 4.3393,	val_loss: 6.2572
39:	[0s / 2s],		train_loss: 4.2994,	val_loss: 6.2588
40:	[0s / 2s],		train_loss: 4.3303,	val_loss: 6.2657
41:	[0s / 2s],		train_loss: 4.3221,	val_loss: 6.2721
42:	[0s / 2s],		train_loss: 4.2879,	val_loss: 6.2729
43:	[0s / 2s],		train_loss: 4.3163,	val_loss: 6.2552
44:	[0s / 2s],		train_loss: 4.3162,	val_loss: 6.2706
C-index TRAIN: 0.8019
C-index TEST:  0.7972
  [surv] Saved → survival_predictions/tabdpt/OrmoniTirodei/-1/seed123/fold5/deepsurv_vanilla.pkl
0:	[0s / 0s],		train_loss: 229.6463,	val_loss: 41.7488
1:	[0s / 0s],		train_loss: 32.9996,	val_loss: 23.8576
2:	[0s / 0s],		train_loss: 14.6664,	val_loss: 15.3576
3:	[0s / 0s],		train_loss: 11.5454,	val_loss: 12.3793
4:	[0s / 0s],		train_loss: 9.0335,	val_loss: 10.6946
5:	[0s / 0s],		train_loss: 7.2376,	val_loss: 9.1782
6:	[0s / 0s],		train_loss: 7.3504,	val_loss: 9.2764
7:	[0s / 0s],		train_loss: 6.1032,	val_loss: 8.1701
8:	[0s / 0s],		train_loss: 6.1692,	val_loss: 7.9749
9:	[0s / 0s],		train_loss: 5.4557,	val_loss: 7.0762
10:	[0s / 0s],		train_loss: 4.9875,	val_loss: 6.8142
11:	[0s / 0s],		train_loss: 4.7221,	val_loss: 6.7423
12:	[0s / 0s],		train_loss: 4.6482,	val_loss: 6.6104
13:	[0s / 0s],		train_loss: 4.6256,	val_loss: 6.6913
14:	[0s / 0s],		train_loss: 4.5010,	val_loss: 6.4752
15:	[0s / 0s],		train_loss: 4.4335,	val_loss: 6.3853
16:	[0s / 0s],		train_loss: 4.4476,	val_loss: 6.4101
17:	[0s / 0s],		train_loss: 4.5493,	val_loss: 6.3991
18:	[0s / 0s],		train_loss: 4.6889,	val_loss: 6.4134
19:	[0s / 0s],		train_loss: 7.9128,	val_loss: 11.2073
20:	[0s / 0s],		train_loss: 9.8309,	val_loss: 10.4855
21:	[0s / 0s],		train_loss: 7.4551,	val_loss: 8.3006
22:	[0s / 0s],		train_loss: 5.6031,	val_loss: 8.2720
23:	[0s / 0s],		train_loss: 6.0870,	val_loss: 8.3951
24:	[0s / 0s],		train_loss: 5.4152,	val_loss: 7.6991
25:	[0s / 1s],		train_loss: 5.0679,	val_loss: 6.5834
26:	[0s / 1s],		train_loss: 4.4123,	val_loss: 6.4288
27:	[0s / 1s],		train_loss: 4.5495,	val_loss: 6.5424
28:	[0s / 1s],		train_loss: 4.5604,	val_loss: 6.6550
29:	[0s / 1s],		train_loss: 4.5639,	val_loss: 6.5343
30:	[0s / 1s],		train_loss: 4.5590,	val_loss: 6.6244
31:	[0s / 1s],		train_loss: 4.5488,	val_loss: 6.5541
32:	[0s / 1s],		train_loss: 5.4397,	val_loss: 8.3393
33:	[0s / 1s],		train_loss: 6.2568,	val_loss: 9.0728
34:	[0s / 1s],		train_loss: 5.8118,	val_loss: 7.5918
35:	[0s / 1s],		train_loss: 5.1625,	val_loss: 7.1723
C-index TRAIN: 0.7905
C-index TEST:  0.7899
  [surv] Saved → survival_predictions/tabdpt/OrmoniTirodei/-1/seed123/fold5/deepsurv_simple.pkl
  [ckpt] RSF baseline saved → checkpoints/tabdpt/OrmoniTirodei/-1/seed123/fold5/rsf_baseline.pkl
C-index train: 0.9074
C-index test:  0.8052
  [surv] Saved → survival_predictions/tabdpt/OrmoniTirodei/-1/seed123/fold5/rsf.pkl
  Fitting Cox baseline...
C-index train: 0.7999
C-index test:  0.8029
  [surv] Saved → survival_predictions/tabdpt/OrmoniTirodei/-1/seed123/fold5/cox.pkl


Preprocess: Keep NaN
Loading existing folds from tmp/splits/OrmoniTirodei_seed123.pkl
X_train shape: (5161, 76), X_test shape: (1291, 76)
Generating TABDPT Embeddings...
<class 'dict'>
Loaded TabDPTModel from checkpoint.
<class 'dict'>
Loaded TabDPTModel from checkpoint.
Successfully generated embeddings with shape: (5161, 768)
0:	[0s / 0s],		train_loss: 5.4364,	val_loss: 6.9736
1:	[0s / 0s],		train_loss: 4.6037,	val_loss: 6.5354
2:	[0s / 0s],		train_loss: 4.4771,	val_loss: 6.6925
3:	[0s / 0s],		train_loss: 4.5894,	val_loss: 6.5346
4:	[0s / 0s],		train_loss: 4.4515,	val_loss: 6.4287
5:	[0s / 0s],		train_loss: 4.3773,	val_loss: 6.5769
6:	[0s / 0s],		train_loss: 4.4122,	val_loss: 6.6161
7:	[0s / 0s],		train_loss: 4.4805,	val_loss: 6.6561
8:	[0s / 0s],		train_loss: 4.4906,	val_loss: 6.7268
9:	[0s / 0s],		train_loss: 4.7328,	val_loss: 6.5976
10:	[0s / 0s],		train_loss: 4.5816,	val_loss: 6.8617
11:	[0s / 0s],		train_loss: 4.4522,	val_loss: 6.6374
12:	[0s / 0s],		train_loss: 4.5149,	val_loss: 6.4792
13:	[0s / 0s],		train_loss: 4.3921,	val_loss: 6.7603
14:	[0s / 0s],		train_loss: 4.4626,	val_loss: 6.5579
15:	[0s / 0s],		train_loss: 4.3556,	val_loss: 6.5128
16:	[0s / 0s],		train_loss: 4.3899,	val_loss: 6.4764
17:	[0s / 0s],		train_loss: 4.3645,	val_loss: 6.8594
18:	[0s / 0s],		train_loss: 4.9823,	val_loss: 7.1733
19:	[0s / 0s],		train_loss: 4.6481,	val_loss: 6.7961
20:	[0s / 0s],		train_loss: 4.7395,	val_loss: 6.7260
21:	[0s / 0s],		train_loss: 4.4541,	val_loss: 6.5276
22:	[0s / 0s],		train_loss: 4.3412,	val_loss: 6.5611
23:	[0s / 0s],		train_loss: 4.4149,	val_loss: 6.5727
24:	[0s / 0s],		train_loss: 4.4535,	val_loss: 6.5787
C-index TRAIN: 0.7919
C-index TEST:  0.7538
  [surv] Saved → survival_predictions/tabdpt/OrmoniTirodei/NaN/seed123/fold1/tabdpt_deepsurv_simple.pkl
0:	[0s / 0s],		train_loss: 4.5761,	val_loss: 6.4104
1:	[0s / 0s],		train_loss: 4.4040,	val_loss: 6.3895
2:	[0s / 0s],		train_loss: 4.3529,	val_loss: 6.3935
3:	[0s / 0s],		train_loss: 4.3536,	val_loss: 6.4491
4:	[0s / 0s],		train_loss: 4.3141,	val_loss: 14.9349
5:	[0s / 0s],		train_loss: 4.2735,	val_loss: 20.2999
6:	[0s / 0s],		train_loss: 4.2712,	val_loss: 17.6067
7:	[0s / 0s],		train_loss: 4.2731,	val_loss: 23.0428
8:	[0s / 0s],		train_loss: 4.3024,	val_loss: 18.4001
9:	[0s / 0s],		train_loss: 4.2451,	val_loss: 14.8778
10:	[0s / 0s],		train_loss: 4.2348,	val_loss: 22.5844
11:	[0s / 0s],		train_loss: 4.2291,	val_loss: 22.8266
12:	[0s / 0s],		train_loss: 4.2138,	val_loss: 38.8104
13:	[0s / 0s],		train_loss: 4.1765,	val_loss: 37.9126
14:	[0s / 0s],		train_loss: 4.1647,	val_loss: 36.6814
15:	[0s / 0s],		train_loss: 4.1810,	val_loss: 33.8749
16:	[0s / 0s],		train_loss: 4.1686,	val_loss: 25.0490
17:	[0s / 1s],		train_loss: 4.1691,	val_loss: 40.6074
18:	[0s / 1s],		train_loss: 4.1654,	val_loss: 33.4553
19:	[0s / 1s],		train_loss: 4.1624,	val_loss: 24.1705
20:	[0s / 1s],		train_loss: 4.1284,	val_loss: 23.4839
21:	[0s / 1s],		train_loss: 4.0816,	val_loss: 43.1913
C-index TRAIN: 0.8023
C-index TEST:  0.7642
  [surv] Saved → survival_predictions/tabdpt/OrmoniTirodei/NaN/seed123/fold1/tabdpt_deepsurv_vanilla.pkl
  [ckpt] TABDPT RSF saved → checkpoints/tabdpt/OrmoniTirodei/NaN/seed123/fold1/tabdpt_rsf.pkl
C-index train: 0.9222
C-index test:  0.7682
  [surv] Saved → survival_predictions/tabdpt/OrmoniTirodei/NaN/seed123/fold1/tabdpt_rsf.pkl
  Fitting TABDPT Cox (embedding)...
C-index train: 0.8129
C-index test:  0.7647
  [surv] Saved → survival_predictions/tabdpt/OrmoniTirodei/NaN/seed123/fold1/tabdpt_cox.pkl
X_train shape: (5161, 76), X_test shape: (1291, 76)
Generating TABDPT Embeddings...
<class 'dict'>
Loaded TabDPTModel from checkpoint.
<class 'dict'>
Loaded TabDPTModel from checkpoint.
Successfully generated embeddings with shape: (5161, 768)
0:	[0s / 0s],		train_loss: 5.0743,	val_loss: 6.5690
1:	[0s / 0s],		train_loss: 4.8707,	val_loss: 6.4670
2:	[0s / 0s],		train_loss: 4.5800,	val_loss: 6.5448
3:	[0s / 0s],		train_loss: 4.4813,	val_loss: 6.5403
4:	[0s / 0s],		train_loss: 4.5609,	val_loss: 6.6114
5:	[0s / 0s],		train_loss: 4.6171,	val_loss: 6.6586
6:	[0s / 0s],		train_loss: 4.4700,	val_loss: 6.7327
7:	[0s / 0s],		train_loss: 4.4749,	val_loss: 6.6519
8:	[0s / 0s],		train_loss: 4.4225,	val_loss: 6.5644
9:	[0s / 0s],		train_loss: 4.5109,	val_loss: 6.8029
10:	[0s / 0s],		train_loss: 4.6882,	val_loss: 6.6312
11:	[0s / 0s],		train_loss: 4.4733,	val_loss: 6.7337
12:	[0s / 0s],		train_loss: 4.4627,	val_loss: 6.6605
13:	[0s / 0s],		train_loss: 4.3459,	val_loss: 6.6472
14:	[0s / 0s],		train_loss: 4.4444,	val_loss: 6.5737
15:	[0s / 0s],		train_loss: 4.7461,	val_loss: 7.0066
16:	[0s / 0s],		train_loss: 4.4787,	val_loss: 6.5912
17:	[0s / 0s],		train_loss: 4.5526,	val_loss: 6.8743
18:	[0s / 0s],		train_loss: 4.5331,	val_loss: 6.7020
19:	[0s / 0s],		train_loss: 4.4718,	val_loss: 6.5985
20:	[0s / 0s],		train_loss: 4.5668,	val_loss: 6.8510
21:	[0s / 0s],		train_loss: 4.4335,	val_loss: 6.6753
C-index TRAIN: 0.7619
C-index TEST:  0.7643
  [surv] Saved → survival_predictions/tabdpt/OrmoniTirodei/NaN/seed123/fold2/tabdpt_deepsurv_simple.pkl
0:	[0s / 0s],		train_loss: 4.5737,	val_loss: 6.3769
1:	[0s / 0s],		train_loss: 4.4159,	val_loss: 6.3617
2:	[0s / 0s],		train_loss: 4.3794,	val_loss: 6.3700
3:	[0s / 0s],		train_loss: 4.3508,	val_loss: 6.3305
4:	[0s / 0s],		train_loss: 4.3209,	val_loss: 6.3041
5:	[0s / 0s],		train_loss: 4.3133,	val_loss: 6.3628
6:	[0s / 0s],		train_loss: 4.3013,	val_loss: 6.3433
7:	[0s / 0s],		train_loss: 4.3072,	val_loss: 6.3042
8:	[0s / 0s],		train_loss: 4.2726,	val_loss: 6.3586
9:	[0s / 0s],		train_loss: 4.2676,	val_loss: 6.3756
10:	[0s / 0s],		train_loss: 4.2447,	val_loss: 6.3594
11:	[0s / 0s],		train_loss: 4.2522,	val_loss: 6.4051
12:	[0s / 0s],		train_loss: 4.2383,	val_loss: 6.3955
13:	[0s / 0s],		train_loss: 4.2226,	val_loss: 6.3941
14:	[0s / 0s],		train_loss: 4.1983,	val_loss: 6.4797
15:	[0s / 1s],		train_loss: 4.2344,	val_loss: 6.3971
16:	[0s / 1s],		train_loss: 4.2386,	val_loss: 6.3783
17:	[0s / 1s],		train_loss: 4.1733,	val_loss: 6.3858
18:	[0s / 1s],		train_loss: 4.1466,	val_loss: 6.4058
19:	[0s / 1s],		train_loss: 4.1256,	val_loss: 6.4263
20:	[0s / 1s],		train_loss: 4.1494,	val_loss: 6.4299
21:	[0s / 1s],		train_loss: 4.1137,	val_loss: 6.4740
22:	[0s / 1s],		train_loss: 4.1036,	val_loss: 6.5257
23:	[0s / 1s],		train_loss: 4.0739,	val_loss: 6.6355
24:	[0s / 1s],		train_loss: 4.0824,	val_loss: 6.4953
C-index TRAIN: 0.8118
C-index TEST:  0.7817
  [surv] Saved → survival_predictions/tabdpt/OrmoniTirodei/NaN/seed123/fold2/tabdpt_deepsurv_vanilla.pkl
  [ckpt] TABDPT RSF saved → checkpoints/tabdpt/OrmoniTirodei/NaN/seed123/fold2/tabdpt_rsf.pkl
C-index train: 0.9199
C-index test:  0.7644
  [surv] Saved → survival_predictions/tabdpt/OrmoniTirodei/NaN/seed123/fold2/tabdpt_rsf.pkl
  Fitting TABDPT Cox (embedding)...
C-index train: 0.8141
C-index test:  0.7807
  [surv] Saved → survival_predictions/tabdpt/OrmoniTirodei/NaN/seed123/fold2/tabdpt_cox.pkl
X_train shape: (5162, 76), X_test shape: (1290, 76)
Generating TABDPT Embeddings...
<class 'dict'>
Loaded TabDPTModel from checkpoint.
<class 'dict'>
Loaded TabDPTModel from checkpoint.
Successfully generated embeddings with shape: (5162, 768)
0:	[0s / 0s],		train_loss: 5.3024,	val_loss: 6.8834
1:	[0s / 0s],		train_loss: 4.7385,	val_loss: 6.8306
2:	[0s / 0s],		train_loss: 4.7120,	val_loss: 6.4705
3:	[0s / 0s],		train_loss: 4.5013,	val_loss: 6.5808
4:	[0s / 0s],		train_loss: 4.4625,	val_loss: 6.4344
5:	[0s / 0s],		train_loss: 4.5500,	val_loss: 6.5440
6:	[0s / 0s],		train_loss: 4.3978,	val_loss: 6.4639
7:	[0s / 0s],		train_loss: 4.3768,	val_loss: 6.6285
8:	[0s / 0s],		train_loss: 4.5180,	val_loss: 6.5078
9:	[0s / 0s],		train_loss: 4.7564,	val_loss: 6.8796
10:	[0s / 0s],		train_loss: 4.4960,	val_loss: 6.6152
11:	[0s / 0s],		train_loss: 4.5278,	val_loss: 6.5665
12:	[0s / 0s],		train_loss: 4.5737,	val_loss: 6.5472
13:	[0s / 0s],		train_loss: 4.6147,	val_loss: 6.8706
14:	[0s / 0s],		train_loss: 4.4770,	val_loss: 6.8079
15:	[0s / 0s],		train_loss: 5.2880,	val_loss: 6.7597
16:	[0s / 0s],		train_loss: 4.6668,	val_loss: 6.7660
17:	[0s / 0s],		train_loss: 4.4260,	val_loss: 6.7420
18:	[0s / 0s],		train_loss: 4.3480,	val_loss: 6.5832
19:	[0s / 0s],		train_loss: 4.3855,	val_loss: 6.5728
20:	[0s / 0s],		train_loss: 4.4469,	val_loss: 6.7247
21:	[0s / 0s],		train_loss: 4.5941,	val_loss: 6.7719
22:	[0s / 0s],		train_loss: 4.8689,	val_loss: 6.7891
23:	[0s / 0s],		train_loss: 4.4550,	val_loss: 6.5822
24:	[0s / 0s],		train_loss: 4.3999,	val_loss: 6.5046
C-index TRAIN: 0.7946
C-index TEST:  0.7510
  [surv] Saved → survival_predictions/tabdpt/OrmoniTirodei/NaN/seed123/fold3/tabdpt_deepsurv_simple.pkl
0:	[0s / 0s],		train_loss: 4.5799,	val_loss: 6.4017
1:	[0s / 0s],		train_loss: 4.3737,	val_loss: 6.3811
2:	[0s / 0s],		train_loss: 4.3384,	val_loss: 6.3395
3:	[0s / 0s],		train_loss: 4.3230,	val_loss: 6.3157
4:	[0s / 0s],		train_loss: 4.3209,	val_loss: 6.3172
5:	[0s / 0s],		train_loss: 4.2775,	val_loss: 6.3558
6:	[0s / 0s],		train_loss: 4.2893,	val_loss: 6.3373
7:	[0s / 0s],		train_loss: 4.2713,	val_loss: 6.3333
8:	[0s / 0s],		train_loss: 4.2672,	val_loss: 6.3864
9:	[0s / 0s],		train_loss: 4.2244,	val_loss: 6.3816
10:	[0s / 0s],		train_loss: 4.2264,	val_loss: 6.3747
11:	[0s / 0s],		train_loss: 4.2243,	val_loss: 6.3849
12:	[0s / 0s],		train_loss: 4.2281,	val_loss: 6.4235
13:	[0s / 0s],		train_loss: 4.1875,	val_loss: 6.3799
14:	[0s / 0s],		train_loss: 4.1899,	val_loss: 6.4288
15:	[0s / 0s],		train_loss: 4.1803,	val_loss: 6.4747
16:	[0s / 0s],		train_loss: 4.2055,	val_loss: 6.4756
17:	[0s / 1s],		train_loss: 4.1120,	val_loss: 6.5297
18:	[0s / 1s],		train_loss: 4.1358,	val_loss: 6.5225
19:	[0s / 1s],		train_loss: 4.1332,	val_loss: 6.4656
20:	[0s / 1s],		train_loss: 4.1002,	val_loss: 6.4728
21:	[0s / 1s],		train_loss: 4.0559,	val_loss: 6.6398
22:	[0s / 1s],		train_loss: 4.0779,	val_loss: 6.5279
23:	[0s / 1s],		train_loss: 4.0863,	val_loss: 6.4565
C-index TRAIN: 0.8136
C-index TEST:  0.7680
  [surv] Saved → survival_predictions/tabdpt/OrmoniTirodei/NaN/seed123/fold3/tabdpt_deepsurv_vanilla.pkl
  [ckpt] TABDPT RSF saved → checkpoints/tabdpt/OrmoniTirodei/NaN/seed123/fold3/tabdpt_rsf.pkl
C-index train: 0.9256
C-index test:  0.7718
  [surv] Saved → survival_predictions/tabdpt/OrmoniTirodei/NaN/seed123/fold3/tabdpt_rsf.pkl
  Fitting TABDPT Cox (embedding)...
C-index train: 0.8182
C-index test:  0.7672
  [surv] Saved → survival_predictions/tabdpt/OrmoniTirodei/NaN/seed123/fold3/tabdpt_cox.pkl
X_train shape: (5162, 76), X_test shape: (1290, 76)
Generating TABDPT Embeddings...
<class 'dict'>
Loaded TabDPTModel from checkpoint.
<class 'dict'>
Loaded TabDPTModel from checkpoint.
Successfully generated embeddings with shape: (5162, 768)
0:	[0s / 0s],		train_loss: 5.4192,	val_loss: 6.6675
1:	[0s / 0s],		train_loss: 4.7374,	val_loss: 6.4645
2:	[0s / 0s],		train_loss: 4.4776,	val_loss: 6.4608
3:	[0s / 0s],		train_loss: 4.4777,	val_loss: 6.5816
4:	[0s / 0s],		train_loss: 4.5551,	val_loss: 6.4182
5:	[0s / 0s],		train_loss: 4.7456,	val_loss: 6.7396
6:	[0s / 0s],		train_loss: 4.6416,	val_loss: 6.5450
7:	[0s / 0s],		train_loss: 4.6694,	val_loss: 6.5311
8:	[0s / 0s],		train_loss: 4.4848,	val_loss: 6.6006
9:	[0s / 0s],		train_loss: 4.4606,	val_loss: 6.7119
10:	[0s / 0s],		train_loss: 4.5272,	val_loss: 6.5983
11:	[0s / 0s],		train_loss: 4.5243,	val_loss: 6.6548
12:	[0s / 0s],		train_loss: 4.7087,	val_loss: 6.6308
13:	[0s / 0s],		train_loss: 4.7539,	val_loss: 6.7774
14:	[0s / 0s],		train_loss: 4.4865,	val_loss: 6.8211
15:	[0s / 0s],		train_loss: 4.5486,	val_loss: 6.5342
16:	[0s / 0s],		train_loss: 4.4442,	val_loss: 6.9146
17:	[0s / 0s],		train_loss: 4.5485,	val_loss: 6.6930
18:	[0s / 0s],		train_loss: 4.7382,	val_loss: 6.7785
19:	[0s / 0s],		train_loss: 4.8160,	val_loss: 7.1828
20:	[0s / 0s],		train_loss: 4.5241,	val_loss: 6.5921
21:	[0s / 0s],		train_loss: 4.4589,	val_loss: 6.6195
22:	[0s / 0s],		train_loss: 4.5048,	val_loss: 6.8816
23:	[0s / 0s],		train_loss: 4.5317,	val_loss: 6.8121
24:	[0s / 0s],		train_loss: 4.5067,	val_loss: 6.6279
C-index TRAIN: 0.7734
C-index TEST:  0.7711
  [surv] Saved → survival_predictions/tabdpt/OrmoniTirodei/NaN/seed123/fold4/tabdpt_deepsurv_simple.pkl
0:	[0s / 0s],		train_loss: 4.5250,	val_loss: 6.3308
1:	[0s / 0s],		train_loss: 4.3957,	val_loss: 6.3305
2:	[0s / 0s],		train_loss: 4.3784,	val_loss: 6.3053
3:	[0s / 0s],		train_loss: 4.3273,	val_loss: 6.3348
4:	[0s / 0s],		train_loss: 4.3690,	val_loss: 6.3571
5:	[0s / 0s],		train_loss: 4.3170,	val_loss: 6.3812
6:	[0s / 0s],		train_loss: 4.2954,	val_loss: 6.3906
7:	[0s / 0s],		train_loss: 4.2791,	val_loss: 6.3614
8:	[0s / 0s],		train_loss: 4.2829,	val_loss: 6.3877
9:	[0s / 0s],		train_loss: 4.2903,	val_loss: 6.3716
10:	[0s / 0s],		train_loss: 4.2528,	val_loss: 6.3781
11:	[0s / 0s],		train_loss: 4.2448,	val_loss: 6.3774
12:	[0s / 0s],		train_loss: 4.2327,	val_loss: 6.3774
13:	[0s / 0s],		train_loss: 4.2238,	val_loss: 6.4649
14:	[0s / 0s],		train_loss: 4.2086,	val_loss: 6.4057
15:	[0s / 0s],		train_loss: 4.2178,	val_loss: 6.4394
16:	[0s / 1s],		train_loss: 4.1839,	val_loss: 6.5316
17:	[0s / 1s],		train_loss: 4.1807,	val_loss: 6.5017
18:	[0s / 1s],		train_loss: 4.1754,	val_loss: 6.5467
19:	[0s / 1s],		train_loss: 4.1611,	val_loss: 6.5275
20:	[0s / 1s],		train_loss: 4.1590,	val_loss: 6.5044
21:	[0s / 1s],		train_loss: 4.1031,	val_loss: 6.6557
22:	[0s / 1s],		train_loss: 4.0864,	val_loss: 6.6342
C-index TRAIN: 0.8056
C-index TEST:  0.7928
  [surv] Saved → survival_predictions/tabdpt/OrmoniTirodei/NaN/seed123/fold4/tabdpt_deepsurv_vanilla.pkl
  [ckpt] TABDPT RSF saved → checkpoints/tabdpt/OrmoniTirodei/NaN/seed123/fold4/tabdpt_rsf.pkl
C-index train: 0.9213
C-index test:  0.7890
  [surv] Saved → survival_predictions/tabdpt/OrmoniTirodei/NaN/seed123/fold4/tabdpt_rsf.pkl
  Fitting TABDPT Cox (embedding)...
C-index train: 0.8115
C-index test:  0.7843
  [surv] Saved → survival_predictions/tabdpt/OrmoniTirodei/NaN/seed123/fold4/tabdpt_cox.pkl
X_train shape: (5162, 76), X_test shape: (1290, 76)
Generating TABDPT Embeddings...
<class 'dict'>
Loaded TabDPTModel from checkpoint.
<class 'dict'>
Loaded TabDPTModel from checkpoint.
Successfully generated embeddings with shape: (5162, 768)
0:	[0s / 0s],		train_loss: 5.4804,	val_loss: 6.8445
1:	[0s / 0s],		train_loss: 4.6916,	val_loss: 7.1366
2:	[0s / 0s],		train_loss: 4.5992,	val_loss: 6.7108
3:	[0s / 0s],		train_loss: 4.6145,	val_loss: 6.7813
4:	[0s / 0s],		train_loss: 4.4475,	val_loss: 6.6713
5:	[0s / 0s],		train_loss: 4.3832,	val_loss: 6.5891
6:	[0s / 0s],		train_loss: 4.4584,	val_loss: 6.4950
7:	[0s / 0s],		train_loss: 4.4221,	val_loss: 6.6637
8:	[0s / 0s],		train_loss: 4.4363,	val_loss: 6.8079
9:	[0s / 0s],		train_loss: 4.6571,	val_loss: 6.7616
10:	[0s / 0s],		train_loss: 4.4216,	val_loss: 6.5812
11:	[0s / 0s],		train_loss: 4.3900,	val_loss: 6.6684
12:	[0s / 0s],		train_loss: 4.3456,	val_loss: 6.7226
13:	[0s / 0s],		train_loss: 4.2915,	val_loss: 6.6408
14:	[0s / 0s],		train_loss: 4.3786,	val_loss: 6.7021
15:	[0s / 0s],		train_loss: 4.4459,	val_loss: 6.7514
16:	[0s / 0s],		train_loss: 4.4318,	val_loss: 6.9185
17:	[0s / 0s],		train_loss: 4.5203,	val_loss: 6.9288
18:	[0s / 0s],		train_loss: 4.3989,	val_loss: 6.6839
19:	[0s / 0s],		train_loss: 4.5126,	val_loss: 6.6018
20:	[0s / 0s],		train_loss: 4.5763,	val_loss: 6.6055
21:	[0s / 0s],		train_loss: 4.4291,	val_loss: 6.7562
22:	[0s / 0s],		train_loss: 4.4198,	val_loss: 6.9636
23:	[0s / 0s],		train_loss: 4.5316,	val_loss: 6.8824
24:	[0s / 0s],		train_loss: 4.4086,	val_loss: 6.6717
25:	[0s / 1s],		train_loss: 4.3287,	val_loss: 6.8036
26:	[0s / 1s],		train_loss: 4.3637,	val_loss: 7.0196
C-index TRAIN: 0.8078
C-index TEST:  0.7603
  [surv] Saved → survival_predictions/tabdpt/OrmoniTirodei/NaN/seed123/fold5/tabdpt_deepsurv_simple.pkl
0:	[0s / 0s],		train_loss: 4.5063,	val_loss: 6.4653
1:	[0s / 0s],		train_loss: 4.3481,	val_loss: 6.3479
2:	[0s / 0s],		train_loss: 4.3046,	val_loss: 6.3320
3:	[0s / 0s],		train_loss: 4.3015,	val_loss: 6.3565
4:	[0s / 0s],		train_loss: 4.3039,	val_loss: 6.3576
5:	[0s / 0s],		train_loss: 4.2754,	val_loss: 6.3841
6:	[0s / 0s],		train_loss: 4.2517,	val_loss: 6.3786
7:	[0s / 0s],		train_loss: 4.2758,	val_loss: 6.3654
8:	[0s / 0s],		train_loss: 4.2280,	val_loss: 6.3809
9:	[0s / 0s],		train_loss: 4.2109,	val_loss: 6.4007
10:	[0s / 0s],		train_loss: 4.1952,	val_loss: 6.3740
11:	[0s / 0s],		train_loss: 4.2308,	val_loss: 6.4140
12:	[0s / 0s],		train_loss: 4.1746,	val_loss: 6.5208
13:	[0s / 0s],		train_loss: 4.1969,	val_loss: 6.4461
14:	[0s / 0s],		train_loss: 4.2009,	val_loss: 6.3975
15:	[0s / 0s],		train_loss: 4.1349,	val_loss: 6.5218
16:	[0s / 0s],		train_loss: 4.1130,	val_loss: 6.4772
17:	[0s / 1s],		train_loss: 4.1226,	val_loss: 6.4182
18:	[0s / 1s],		train_loss: 4.1253,	val_loss: 6.4232
19:	[0s / 1s],		train_loss: 4.1318,	val_loss: 6.5572
20:	[0s / 1s],		train_loss: 4.1182,	val_loss: 6.4830
21:	[0s / 1s],		train_loss: 4.0763,	val_loss: 6.5528
22:	[0s / 1s],		train_loss: 4.0768,	val_loss: 6.4516
C-index TRAIN: 0.8121
C-index TEST:  0.7826
  [surv] Saved → survival_predictions/tabdpt/OrmoniTirodei/NaN/seed123/fold5/tabdpt_deepsurv_vanilla.pkl
  [ckpt] TABDPT RSF saved → checkpoints/tabdpt/OrmoniTirodei/NaN/seed123/fold5/tabdpt_rsf.pkl
C-index train: 0.9218
C-index test:  0.7697
  [surv] Saved → survival_predictions/tabdpt/OrmoniTirodei/NaN/seed123/fold5/tabdpt_rsf.pkl
  Fitting TABDPT Cox (embedding)...
C-index train: 0.8177
C-index test:  0.7711
  [surv] Saved → survival_predictions/tabdpt/OrmoniTirodei/NaN/seed123/fold5/tabdpt_cox.pkl

  Preprocess: -1 | Seed: 123
  TABDPT Train Vanilla → mean: 0.805199 | std: 0.006164 | min: 0.797606 | max: 0.811500
  TABDPT Test Vanilla → mean: 0.777678 | std: 0.009341 | min: 0.762817 | max: 0.787649
  TABDPT Train Simple → mean: 0.791396 | std: 0.008465 | min: 0.780149 | max: 0.803744
  TABDPT Test Simple → mean: 0.760878 | std: 0.014097 | min: 0.746375 | max: 0.783051
  TABDPT Train RSF → mean: 0.920550 | std: 0.001970 | min: 0.918660 | max: 0.924349
  TABDPT Test RSF → mean: 0.772535 | std: 0.007724 | min: 0.763197 | max: 0.786537
  TABDPT Train Cox → mean: 0.812348 | std: 0.002999 | min: 0.808320 | max: 0.816810
  TABDPT Test Cox → mean: 0.773402 | std: 0.005061 | min: 0.765052 | max: 0.780296
  Train DeepSurv Vanilla → mean: 0.801036 | std: 0.008155 | min: 0.785461 | max: 0.809271
  Test DeepSurv Vanilla → mean: 0.789167 | std: 0.008906 | min: 0.776092 | max: 0.800278
  Train DeepSurv Simple → mean: 0.787142 | std: 0.007361 | min: 0.773512 | max: 0.795133
  Test DeepSurv Simple → mean: 0.779597 | std: 0.017554 | min: 0.746331 | max: 0.796546
  Train RSF  → mean: 0.908326 | std: 0.001484 | min: 0.906208 | max: 0.910528
  Test RSF   → mean: 0.795231 | std: 0.010470 | min: 0.779000 | max: 0.807997
  Train Cox  → mean: 0.800512 | std: 0.001650 | min: 0.798134 | max: 0.803197
  Test Cox   → mean: 0.794854 | std: 0.007954 | min: 0.783536 | max: 0.802912

  Preprocess: NaN | Seed: 123
  TABDPT Train Vanilla → mean: 0.809102 | std: 0.004358 | min: 0.802339 | max: 0.813649ENV CHECKPOINT PATH: 
DEFAULT PATH: /scratch.hpc/luca.cotugno/Foundation_model_clinical_data/src/models_diff/tabdpt1_1.pth
ENV CHECKPOINT PATH: 
DEFAULT PATH: /scratch.hpc/luca.cotugno/Foundation_model_clinical_data/src/models_diff/tabdpt1_1.pth
ENV CHECKPOINT PATH: 
DEFAULT PATH: /scratch.hpc/luca.cotugno/Foundation_model_clinical_data/src/models_diff/tabdpt1_1.pth
ENV CHECKPOINT PATH: 
DEFAULT PATH: /scratch.hpc/luca.cotugno/Foundation_model_clinical_data/src/models_diff/tabdpt1_1.pth
ENV CHECKPOINT PATH: 
DEFAULT PATH: /scratch.hpc/luca.cotugno/Foundation_model_clinical_data/src/models_diff/tabdpt1_1.pth
ENV CHECKPOINT PATH: 
DEFAULT PATH: /scratch.hpc/luca.cotugno/Foundation_model_clinical_data/src/models_diff/tabdpt1_1.pth
ENV CHECKPOINT PATH: 
DEFAULT PATH: /scratch.hpc/luca.cotugno/Foundation_model_clinical_data/src/models_diff/tabdpt1_1.pth
ENV CHECKPOINT PATH: 
DEFAULT PATH: /scratch.hpc/luca.cotugno/Foundation_model_clinical_data/src/models_diff/tabdpt1_1.pth
/scratch.hpc/luca.cotugno/Foundation_model_clinical_data/.venv/lib/python3.12/site-packages/pycox/models/cox.py:251: RuntimeWarning: overflow encountered in exp
  expg = np.exp(self.predict(input, batch_size, True, eval_, num_workers=num_workers)).reshape(1, -1)
ENV CHECKPOINT PATH: 
DEFAULT PATH: /scratch.hpc/luca.cotugno/Foundation_model_clinical_data/src/models_diff/tabdpt1_1.pth
ENV CHECKPOINT PATH: 
DEFAULT PATH: /scratch.hpc/luca.cotugno/Foundation_model_clinical_data/src/models_diff/tabdpt1_1.pth
ENV CHECKPOINT PATH: 
DEFAULT PATH: /scratch.hpc/luca.cotugno/Foundation_model_clinical_data/src/models_diff/tabdpt1_1.pth
ENV CHECKPOINT PATH: 
DEFAULT PATH: /scratch.hpc/luca.cotugno/Foundation_model_clinical_data/src/models_diff/tabdpt1_1.pth
ENV CHECKPOINT PATH: 
DEFAULT PATH: /scratch.hpc/luca.cotugno/Foundation_model_clinical_data/src/models_diff/tabdpt1_1.pth
ENV CHECKPOINT PATH: 
DEFAULT PATH: /scratch.hpc/luca.cotugno/Foundation_model_clinical_data/src/models_diff/tabdpt1_1.pth
ENV CHECKPOINT PATH: 
DEFAULT PATH: /scratch.hpc/luca.cotugno/Foundation_model_clinical_data/src/models_diff/tabdpt1_1.pth
ENV CHECKPOINT PATH: 
DEFAULT PATH: /scratch.hpc/luca.cotugno/Foundation_model_clinical_data/src/models_diff/tabdpt1_1.pth
ENV CHECKPOINT PATH: 
DEFAULT PATH: /scratch.hpc/luca.cotugno/Foundation_model_clinical_data/src/models_diff/tabdpt1_1.pth
ENV CHECKPOINT PATH: 
DEFAULT PATH: /scratch.hpc/luca.cotugno/Foundation_model_clinical_data/src/models_diff/tabdpt1_1.pth

  TABDPT Test Vanilla → mean: 0.777844 | std: 0.010431 | min: 0.764166 | max: 0.792793
  TABDPT Train Simple → mean: 0.785909 | std: 0.016269 | min: 0.761855 | max: 0.807761
  TABDPT Test Simple → mean: 0.760085 | std: 0.007218 | min: 0.750988 | max: 0.771087
  TABDPT Train RSF → mean: 0.922164 | std: 0.001890 | min: 0.919923 | max: 0.925624
  TABDPT Test RSF → mean: 0.772604 | std: 0.008542 | min: 0.764377 | max: 0.788989
  TABDPT Train Cox → mean: 0.814867 | std: 0.002646 | min: 0.811477 | max: 0.818183
  TABDPT Test Cox → mean: 0.773582 | std: 0.007660 | min: 0.764651 | max: 0.784305
Result saved in 'results/OrmoniTirodei/tabdpt/results_cv_OrmoniTirodei_tabdpt_seed123.txt'


Preprocess: Replace NaN with -1
Loading existing folds from tmp/splits/HURRAH_seed123.pkl
X_train shape: (13566, 61), X_test shape: (3392, 61)
Generating TABDPT Embeddings...
<class 'dict'>
Loaded TabDPTModel from checkpoint.
<class 'dict'>
Loaded TabDPTModel from checkpoint.
Successfully generated embeddings with shape: (13566, 768)
0:	[0s / 0s],		train_loss: 5.0768,	val_loss: 7.5571
1:	[0s / 0s],		train_loss: 4.5545,	val_loss: 8.0740
2:	[0s / 0s],		train_loss: 4.5810,	val_loss: 7.4632
3:	[0s / 0s],		train_loss: 4.6876,	val_loss: 7.8138
4:	[0s / 0s],		train_loss: 4.5529,	val_loss: 7.5715
5:	[0s / 0s],		train_loss: 4.4725,	val_loss: 7.5046
6:	[0s / 0s],		train_loss: 4.4587,	val_loss: 7.3998
7:	[0s / 0s],		train_loss: 4.7037,	val_loss: 7.6590
8:	[0s / 1s],		train_loss: 4.5603,	val_loss: 7.8533
9:	[0s / 1s],		train_loss: 4.4553,	val_loss: 7.5062
10:	[0s / 1s],		train_loss: 4.4842,	val_loss: 7.9936
11:	[0s / 1s],		train_loss: 4.5351,	val_loss: 7.6423
12:	[0s / 1s],		train_loss: 4.6003,	val_loss: 7.6658
13:	[0s / 1s],		train_loss: 4.4168,	val_loss: 7.5226
14:	[0s / 1s],		train_loss: 4.4640,	val_loss: 7.8861
15:	[0s / 1s],		train_loss: 4.4694,	val_loss: 8.2929
16:	[0s / 1s],		train_loss: 4.4374,	val_loss: 7.4778
17:	[0s / 1s],		train_loss: 4.8013,	val_loss: 7.7061
18:	[0s / 2s],		train_loss: 4.7016,	val_loss: 9.4724
19:	[0s / 2s],		train_loss: 4.5912,	val_loss: 7.9707
20:	[0s / 2s],		train_loss: 4.5383,	val_loss: 7.6279
21:	[0s / 2s],		train_loss: 4.4493,	val_loss: 7.4772
22:	[0s / 2s],		train_loss: 4.6416,	val_loss: 7.7713
23:	[0s / 2s],		train_loss: 4.4969,	val_loss: 7.7197
24:	[0s / 2s],		train_loss: 4.6659,	val_loss: 7.8543
25:	[0s / 2s],		train_loss: 4.4293,	val_loss: 7.7842
26:	[0s / 2s],		train_loss: 4.6161,	val_loss: 8.1816
C-index TRAIN: 0.8439
C-index TEST:  0.8145
  [surv] Saved → survival_predictions/tabdpt/HURRAH/-1/seed123/fold1/tabdpt_deepsurv_simple.pkl
0:	[0s / 0s],		train_loss: 4.5112,	val_loss: 7.2074
1:	[0s / 0s],		train_loss: 4.3583,	val_loss: 7.3385
2:	[0s / 0s],		train_loss: 4.3182,	val_loss: 7.3806
3:	[0s / 0s],		train_loss: 4.2908,	val_loss: 7.3936
4:	[0s / 0s],		train_loss: 4.2888,	val_loss: 7.4343
5:	[0s / 0s],		train_loss: 4.2733,	val_loss: 7.3294
6:	[0s / 0s],		train_loss: 4.2558,	val_loss: 7.3330
7:	[0s / 1s],		train_loss: 4.2345,	val_loss: 7.2704
8:	[0s / 1s],		train_loss: 4.2265,	val_loss: 7.3130
9:	[0s / 1s],		train_loss: 4.2170,	val_loss: 7.4762
10:	[0s / 1s],		train_loss: 4.1983,	val_loss: 7.4979
11:	[0s / 1s],		train_loss: 4.1927,	val_loss: 7.5157
12:	[0s / 1s],		train_loss: 4.1614,	val_loss: 7.5550
13:	[0s / 1s],		train_loss: 4.1421,	val_loss: 7.4419
14:	[0s / 2s],		train_loss: 4.1461,	val_loss: 7.4689
15:	[0s / 2s],		train_loss: 4.1120,	val_loss: 7.5959
16:	[0s / 2s],		train_loss: 4.1269,	val_loss: 7.6050
17:	[0s / 2s],		train_loss: 4.1109,	val_loss: 7.5118
18:	[0s / 2s],		train_loss: 4.0876,	val_loss: 7.6011
19:	[0s / 2s],		train_loss: 4.0797,	val_loss: 7.8275
20:	[0s / 2s],		train_loss: 4.0654,	val_loss: 7.8804
C-index TRAIN: 0.8349
C-index TEST:  0.8062
  [surv] Saved → survival_predictions/tabdpt/HURRAH/-1/seed123/fold1/tabdpt_deepsurv_vanilla.pkl
  [ckpt] TABDPT RSF saved → checkpoints/tabdpt/HURRAH/-1/seed123/fold1/tabdpt_rsf.pkl
C-index train: 0.9529
C-index test:  0.8120
  [surv] Saved → survival_predictions/tabdpt/HURRAH/-1/seed123/fold1/tabdpt_rsf.pkl
  Fitting TABDPT Cox (embedding)...
C-index train: 0.8420
C-index test:  0.8119
  [surv] Saved → survival_predictions/tabdpt/HURRAH/-1/seed123/fold1/tabdpt_cox.pkl
0:	[0s / 0s],		train_loss: 4.6221,	val_loss: 7.1423
1:	[0s / 0s],		train_loss: 4.4034,	val_loss: 7.1146
2:	[0s / 0s],		train_loss: 4.3809,	val_loss: 7.5198
3:	[0s / 0s],		train_loss: 4.3690,	val_loss: 7.0747
4:	[0s / 0s],		train_loss: 4.3361,	val_loss: 7.0974
5:	[0s / 0s],		train_loss: 4.3319,	val_loss: 7.0568
6:	[0s / 0s],		train_loss: 4.3128,	val_loss: 7.0482
7:	[0s / 1s],		train_loss: 4.3020,	val_loss: 7.0542
8:	[0s / 1s],		train_loss: 4.2915,	val_loss: 7.0401
9:	[0s / 1s],		train_loss: 4.2829,	val_loss: 7.1137
10:	[0s / 1s],		train_loss: 4.2785,	val_loss: 7.0212
11:	[0s / 1s],		train_loss: 4.2722,	val_loss: 7.0145
12:	[0s / 1s],		train_loss: 4.2713,	val_loss: 6.9875
13:	[0s / 1s],		train_loss: 4.2701,	val_loss: 7.2007
14:	[0s / 1s],		train_loss: 4.2651,	val_loss: 7.0428
15:	[0s / 2s],		train_loss: 4.2512,	val_loss: 7.0358
16:	[0s / 2s],		train_loss: 4.2706,	val_loss: 7.0131
17:	[0s / 2s],		train_loss: 4.2562,	val_loss: 6.9985
18:	[0s / 2s],		train_loss: 4.2589,	val_loss: 7.0099
19:	[0s / 2s],		train_loss: 4.2247,	val_loss: 6.9675
20:	[0s / 2s],		train_loss: 4.2370,	val_loss: 6.9906
21:	[0s / 2s],		train_loss: 4.2302,	val_loss: 6.9948
22:	[0s / 2s],		train_loss: 4.2071,	val_loss: 7.0521
23:	[0s / 3s],		train_loss: 4.2309,	val_loss: 7.0032
24:	[0s / 3s],		train_loss: 4.2022,	val_loss: 7.0671
25:	[0s / 3s],		train_loss: 4.2292,	val_loss: 6.9878
26:	[0s / 3s],		train_loss: 4.2248,	val_loss: 7.1689
27:	[0s / 3s],		train_loss: 4.2246,	val_loss: 7.0029
28:	[0s / 3s],		train_loss: 4.2206,	val_loss: 6.9780
29:	[0s / 3s],		train_loss: 4.2050,	val_loss: 6.9882
30:	[0s / 3s],		train_loss: 4.2036,	val_loss: 6.9568
31:	[0s / 3s],		train_loss: 4.2034,	val_loss: 6.9895
32:	[0s / 4s],		train_loss: 4.2162,	val_loss: 6.9988
33:	[0s / 4s],		train_loss: 4.2090,	val_loss: 7.0020
34:	[0s / 4s],		train_loss: 4.2006,	val_loss: 6.9667
35:	[0s / 4s],		train_loss: 4.2055,	val_loss: 6.9722
36:	[0s / 4s],		train_loss: 4.1950,	val_loss: 6.9964
37:	[0s / 4s],		train_loss: 4.2088,	val_loss: 6.9968
38:	[0s / 4s],		train_loss: 4.1984,	val_loss: 7.0093
39:	[0s / 4s],		train_loss: 4.2024,	val_loss: 6.9871
40:	[0s / 5s],		train_loss: 4.2039,	val_loss: 6.9943
41:	[0s / 5s],		train_loss: 4.1970,	val_loss: 6.9710
42:	[0s / 5s],		train_loss: 4.1807,	val_loss: 6.9799
43:	[0s / 5s],		train_loss: 4.1844,	val_loss: 6.9683
44:	[0s / 5s],		train_loss: 4.2023,	val_loss: 6.9954
45:	[0s / 5s],		train_loss: 4.1794,	val_loss: 7.0145
46:	[0s / 5s],		train_loss: 4.1905,	val_loss: 6.9719
47:	[0s / 5s],		train_loss: 4.1721,	val_loss: 6.9931
48:	[0s / 5s],		train_loss: 4.1957,	val_loss: 7.0675
49:	[0s / 6s],		train_loss: 4.2072,	val_loss: 6.9924
50:	[0s / 6s],		train_loss: 4.1899,	val_loss: 7.1018
C-index TRAIN: 0.8583
C-index TEST:  0.8444
  [surv] Saved → survival_predictions/tabdpt/HURRAH/-1/seed123/fold1/deepsurv_vanilla.pkl
0:	[0s / 0s],		train_loss: 9.0471,	val_loss: 7.2723
1:	[0s / 0s],		train_loss: 4.3993,	val_loss: 7.1077
2:	[0s / 0s],		train_loss: 4.3268,	val_loss: 7.0869
3:	[0s / 0s],		train_loss: 4.3867,	val_loss: 7.0886
4:	[0s / 0s],		train_loss: 4.3758,	val_loss: 7.0634
5:	[0s / 0s],		train_loss: 4.3733,	val_loss: 7.1846
6:	[0s / 0s],		train_loss: 4.4571,	val_loss: 7.1942
7:	[0s / 0s],		train_loss: 4.4142,	val_loss: 7.2110
8:	[0s / 0s],		train_loss: 4.3605,	val_loss: 7.0677
9:	[0s / 0s],		train_loss: 4.3692,	val_loss: 7.0975
10:	[0s / 0s],		train_loss: 4.3744,	val_loss: 7.1207
11:	[0s / 1s],		train_loss: 4.3909,	val_loss: 7.0809
12:	[0s / 1s],		train_loss: 4.3499,	val_loss: 7.0921
13:	[0s / 1s],		train_loss: 4.4132,	val_loss: 7.1255
14:	[0s / 1s],		train_loss: 4.4335,	val_loss: 7.1487
15:	[0s / 1s],		train_loss: 4.3840,	val_loss: 7.0747
16:	[0s / 1s],		train_loss: 4.3581,	val_loss: 7.0829
17:	[0s / 1s],		train_loss: 4.3922,	val_loss: 7.2482
18:	[0s / 1s],		train_loss: 4.4355,	val_loss: 7.2465
19:	[0s / 1s],		train_loss: 4.4467,	val_loss: 7.3960
20:	[0s / 1s],		train_loss: 4.3751,	val_loss: 7.1696
21:	[0s / 1s],		train_loss: 4.4848,	val_loss: 7.0807
22:	[0s / 1s],		train_loss: 4.4547,	val_loss: 7.2075
23:	[0s / 2s],		train_loss: 4.4309,	val_loss: 7.2819
24:	[0s / 2s],		train_loss: 4.4891,	val_loss: 7.2441
C-index TRAIN: 0.8370
C-index TEST:  0.8346
  [surv] Saved → survival_predictions/tabdpt/HURRAH/-1/seed123/fold1/deepsurv_simple.pkl
  [ckpt] RSF baseline saved → checkpoints/tabdpt/HURRAH/-1/seed123/fold1/rsf_baseline.pkl
C-index train: 0.9425
C-index test:  0.8397
  [surv] Saved → survival_predictions/tabdpt/HURRAH/-1/seed123/fold1/rsf.pkl
  Fitting Cox baseline...
C-index train: 0.8294
C-index test:  0.8222
  [surv] Saved → survival_predictions/tabdpt/HURRAH/-1/seed123/fold1/cox.pkl
X_train shape: (13566, 61), X_test shape: (3392, 61)
Generating TABDPT Embeddings...
<class 'dict'>
Loaded TabDPTModel from checkpoint.
<class 'dict'>
Loaded TabDPTModel from checkpoint.
Successfully generated embeddings with shape: (13566, 768)
0:	[0s / 0s],		train_loss: 5.1699,	val_loss: 7.5212
1:	[0s / 0s],		train_loss: 4.5559,	val_loss: 7.5294
2:	[0s / 0s],		train_loss: 4.6480,	val_loss: 7.6214
3:	[0s / 0s],		train_loss: 4.6078,	val_loss: 7.4555
4:	[0s / 0s],		train_loss: 4.5201,	val_loss: 7.5493
5:	[0s / 0s],		train_loss: 4.4628,	val_loss: 7.6398
6:	[0s / 0s],		train_loss: 4.5608,	val_loss: 7.9309
7:	[0s / 0s],		train_loss: 4.5972,	val_loss: 7.9665
8:	[0s / 0s],		train_loss: 4.9069,	val_loss: 8.7327
9:	[0s / 0s],		train_loss: 4.6131,	val_loss: 8.2342
10:	[0s / 1s],		train_loss: 4.5159,	val_loss: 7.7435
11:	[0s / 1s],		train_loss: 4.5198,	val_loss: 8.0429
12:	[0s / 1s],		train_loss: 4.4224,	val_loss: 7.6616
13:	[0s / 1s],		train_loss: 4.5507,	val_loss: 7.8385
14:	[0s / 1s],		train_loss: 4.4856,	val_loss: 8.0032
15:	[0s / 1s],		train_loss: 4.4785,	val_loss: 7.8488
16:	[0s / 1s],		train_loss: 4.6896,	val_loss: 7.8003
17:	[0s / 1s],		train_loss: 4.6877,	val_loss: 8.0589
18:	[0s / 1s],		train_loss: 4.5859,	val_loss: 7.8382
19:	[0s / 2s],		train_loss: 4.4703,	val_loss: 7.7293
20:	[0s / 2s],		train_loss: 4.5588,	val_loss: 7.8072
21:	[0s / 2s],		train_loss: 4.3864,	val_loss: 8.2159
22:	[0s / 2s],		train_loss: 4.6107,	val_loss: 7.8886
23:	[0s / 2s],		train_loss: 4.5063,	val_loss: 7.9730
C-index TRAIN: 0.8308
C-index TEST:  0.7976
  [surv] Saved → survival_predictions/tabdpt/HURRAH/-1/seed123/fold2/tabdpt_deepsurv_simple.pkl
0:	[0s / 0s],		train_loss: 4.5548,	val_loss: 7.3484
1:	[0s / 0s],		train_loss: 4.3871,	val_loss: 7.2556
2:	[0s / 0s],		train_loss: 4.3359,	val_loss: 7.3574
3:	[0s / 0s],		train_loss: 4.3243,	val_loss: 7.2690
4:	[0s / 0s],		train_loss: 4.2851,	val_loss: 7.3731
5:	[0s / 0s],		train_loss: 4.2679,	val_loss: 7.2924
6:	[0s / 1s],		train_loss: 4.2564,	val_loss: 7.2691
7:	[0s / 1s],		train_loss: 4.2451,	val_loss: 7.2430
8:	[0s / 1s],		train_loss: 4.2182,	val_loss: 7.3760
9:	[0s / 1s],		train_loss: 4.2101,	val_loss: 7.3238
10:	[0s / 1s],		train_loss: 4.1994,	val_loss: 7.4603
11:	[0s / 1s],		train_loss: 4.1787,	val_loss: 7.3049
12:	[0s / 1s],		train_loss: 4.1728,	val_loss: 7.3665
13:	[0s / 2s],		train_loss: 4.1827,	val_loss: 7.3368
14:	[0s / 2s],		train_loss: 4.1596,	val_loss: 7.4280
15:	[0s / 2s],		train_loss: 4.1387,	val_loss: 7.3809
16:	[0s / 2s],		train_loss: 4.1197,	val_loss: 7.3843
17:	[0s / 2s],		train_loss: 4.1144,	val_loss: 7.4037
18:	[0s / 2s],		train_loss: 4.0968,	val_loss: 7.4298
19:	[0s / 3s],		train_loss: 4.0913,	val_loss: 7.5877
20:	[0s / 3s],		train_loss: 4.0778,	val_loss: 7.4706
21:	[0s / 3s],		train_loss: 4.0770,	val_loss: 7.4892
22:	[0s / 3s],		train_loss: 4.0790,	val_loss: 7.4227
23:	[0s / 3s],		train_loss: 4.0471,	val_loss: 7.4775
24:	[0s / 3s],		train_loss: 4.0149,	val_loss: 7.5079
25:	[0s / 3s],		train_loss: 4.0176,	val_loss: 7.4279
26:	[0s / 4s],		train_loss: 4.0233,	val_loss: 7.6428
27:	[0s / 4s],		train_loss: 3.9885,	val_loss: 7.4785
C-index TRAIN: 0.8553
C-index TEST:  0.7993
  [surv] Saved → survival_predictions/tabdpt/HURRAH/-1/seed123/fold2/tabdpt_deepsurv_vanilla.pkl
  [ckpt] TABDPT RSF saved → checkpoints/tabdpt/HURRAH/-1/seed123/fold2/tabdpt_rsf.pkl
C-index train: 0.9517
C-index test:  0.8149
  [surv] Saved → survival_predictions/tabdpt/HURRAH/-1/seed123/fold2/tabdpt_rsf.pkl
  Fitting TABDPT Cox (embedding)...
C-index train: 0.8408
C-index test:  0.7977
  [surv] Saved → survival_predictions/tabdpt/HURRAH/-1/seed123/fold2/tabdpt_cox.pkl
0:	[0s / 0s],		train_loss: 4.6515,	val_loss: 7.2342
1:	[0s / 0s],		train_loss: 4.4436,	val_loss: 7.1331
2:	[0s / 0s],		train_loss: 4.4021,	val_loss: 7.0913
3:	[0s / 0s],		train_loss: 4.3754,	val_loss: 7.1026
4:	[0s / 0s],		train_loss: 4.3464,	val_loss: 7.0462
5:	[0s / 0s],		train_loss: 4.3340,	val_loss: 7.0860
6:	[0s / 0s],		train_loss: 4.3315,	val_loss: 7.0533
7:	[0s / 1s],		train_loss: 4.3297,	val_loss: 7.0505
8:	[0s / 1s],		train_loss: 4.3174,	val_loss: 7.0761
9:	[0s / 1s],		train_loss: 4.3184,	val_loss: 7.0711
10:	[0s / 1s],		train_loss: 4.3168,	val_loss: 7.0266
11:	[0s / 1s],		train_loss: 4.3004,	val_loss: 7.0626
12:	[0s / 1s],		train_loss: 4.3053,	val_loss: 7.0557
13:	[0s / 1s],		train_loss: 4.3014,	val_loss: 7.0270
14:	[0s / 1s],		train_loss: 4.2871,	val_loss: 7.0468
15:	[0s / 2s],		train_loss: 4.2817,	val_loss: 7.0451
16:	[0s / 2s],		train_loss: 4.2868,	val_loss: 7.0012
17:	[0s / 2s],		train_loss: 4.2934,	val_loss: 7.0286
18:	[0s / 2s],		train_loss: 4.2748,	val_loss: 7.0393
19:	[0s / 2s],		train_loss: 4.2852,	val_loss: 7.0385
20:	[0s / 2s],		train_loss: 4.2672,	val_loss: 7.0263
21:	[0s / 2s],		train_loss: 4.2818,	val_loss: 7.0105
22:	[0s / 2s],		train_loss: 4.2784,	val_loss: 7.0299
23:	[0s / 3s],		train_loss: 4.2548,	val_loss: 7.0531
24:	[0s / 3s],		train_loss: 4.2727,	val_loss: 7.0239
25:	[0s / 3s],		train_loss: 4.2550,	val_loss: 7.0117
26:	[0s / 3s],		train_loss: 4.2570,	val_loss: 7.0145
27:	[0s / 3s],		train_loss: 4.2602,	val_loss: 7.0043
28:	[0s / 3s],		train_loss: 4.2606,	val_loss: 7.0053
29:	[0s / 3s],		train_loss: 4.2563,	val_loss: 7.0091
30:	[0s / 3s],		train_loss: 4.2551,	val_loss: 6.9882
31:	[0s / 3s],		train_loss: 4.2581,	val_loss: 6.9948
32:	[0s / 4s],		train_loss: 4.2566,	val_loss: 7.0230
33:	[0s / 4s],		train_loss: 4.2519,	val_loss: 7.0272
34:	[0s / 4s],		train_loss: 4.2665,	val_loss: 7.0016
35:	[0s / 4s],		train_loss: 4.2572,	val_loss: 7.0035
36:	[0s / 4s],		train_loss: 4.2531,	val_loss: 7.0051
37:	[0s / 4s],		train_loss: 4.2445,	val_loss: 6.9910
38:	[0s / 4s],		train_loss: 4.2558,	val_loss: 7.0074
39:	[0s / 4s],		train_loss: 4.2352,	val_loss: 7.0127
40:	[0s / 5s],		train_loss: 4.2454,	val_loss: 7.0302
41:	[0s / 5s],		train_loss: 4.2443,	val_loss: 7.0194
42:	[0s / 5s],		train_loss: 4.2323,	val_loss: 6.9827
43:	[0s / 5s],		train_loss: 4.2292,	val_loss: 7.0031
44:	[0s / 5s],		train_loss: 4.2247,	val_loss: 7.0205
45:	[0s / 5s],		train_loss: 4.2378,	val_loss: 7.0540
46:	[0s / 5s],		train_loss: 4.2487,	val_loss: 7.0077
47:	[0s / 5s],		train_loss: 4.2412,	val_loss: 6.9920
48:	[0s / 6s],		train_loss: 4.2200,	val_loss: 7.0344
49:	[0s / 6s],		train_loss: 4.2307,	val_loss: 7.0183
50:	[0s / 6s],		train_loss: 4.2324,	val_loss: 7.0171
51:	[0s / 6s],		train_loss: 4.2154,	val_loss: 6.9891
52:	[0s / 6s],		train_loss: 4.2253,	val_loss: 6.9883
53:	[0s / 6s],		train_loss: 4.2151,	val_loss: 6.9801
54:	[0s / 6s],		train_loss: 4.2209,	val_loss: 7.0188
55:	[0s / 7s],		train_loss: 4.2141,	val_loss: 6.9930
56:	[0s / 7s],		train_loss: 4.2173,	val_loss: 6.9840
57:	[0s / 7s],		train_loss: 4.2131,	val_loss: 7.0118
58:	[0s / 7s],		train_loss: 4.2079,	val_loss: 7.0015
59:	[0s / 7s],		train_loss: 4.2449,	val_loss: 7.0224
60:	[0s / 7s],		train_loss: 4.2296,	val_loss: 6.9693
61:	[0s / 7s],		train_loss: 4.2225,	val_loss: 6.9852
62:	[0s / 7s],		train_loss: 4.2279,	val_loss: 7.0171
63:	[0s / 8s],		train_loss: 4.2230,	val_loss: 7.0140
64:	[0s / 8s],		train_loss: 4.2061,	val_loss: 6.9826
65:	[0s / 8s],		train_loss: 4.2151,	val_loss: 7.0742
66:	[0s / 8s],		train_loss: 4.2165,	val_loss: 7.0029
67:	[0s / 8s],		train_loss: 4.2099,	val_loss: 7.0022
68:	[0s / 8s],		train_loss: 4.2304,	val_loss: 7.0183
69:	[0s / 8s],		train_loss: 4.2194,	val_loss: 6.9958
70:	[0s / 8s],		train_loss: 4.2192,	val_loss: 7.0005
71:	[0s / 9s],		train_loss: 4.2090,	val_loss: 7.0463
72:	[0s / 9s],		train_loss: 4.2269,	val_loss: 6.9844
73:	[0s / 9s],		train_loss: 4.1919,	val_loss: 6.9860
74:	[0s / 9s],		train_loss: 4.2161,	val_loss: 7.0048
75:	[0s / 9s],		train_loss: 4.1976,	val_loss: 7.0137
76:	[0s / 9s],		train_loss: 4.2046,	val_loss: 6.9934
77:	[0s / 9s],		train_loss: 4.2064,	val_loss: 6.9803
78:	[0s / 9s],		train_loss: 4.1919,	val_loss: 7.0098
79:	[0s / 10s],		train_loss: 4.2043,	val_loss: 7.0096
80:	[0s / 10s],		train_loss: 4.2065,	val_loss: 7.0100
C-index TRAIN: 0.8585
C-index TEST:  0.8560
  [surv] Saved → survival_predictions/tabdpt/HURRAH/-1/seed123/fold2/deepsurv_vanilla.pkl
0:	[0s / 0s],		train_loss: 8.4138,	val_loss: 7.4745
1:	[0s / 0s],		train_loss: 4.4488,	val_loss: 7.1546
2:	[0s / 0s],		train_loss: 4.4143,	val_loss: 7.1150
3:	[0s / 0s],		train_loss: 4.5162,	val_loss: 7.4782
4:	[0s / 0s],		train_loss: 4.4920,	val_loss: 7.2434
5:	[0s / 0s],		train_loss: 4.4320,	val_loss: 7.1945
6:	[0s / 0s],		train_loss: 4.4940,	val_loss: 7.6174
7:	[0s / 0s],		train_loss: 4.5871,	val_loss: 7.2910
8:	[0s / 0s],		train_loss: 4.4878,	val_loss: 7.1039
9:	[0s / 0s],		train_loss: 4.3741,	val_loss: 7.0401
10:	[0s / 1s],		train_loss: 4.3609,	val_loss: 7.2205
11:	[0s / 1s],		train_loss: 4.4075,	val_loss: 7.1389
12:	[0s / 1s],		train_loss: 4.4167,	val_loss: 7.1455
13:	[0s / 1s],		train_loss: 4.4219,	val_loss: 7.1124
14:	[0s / 1s],		train_loss: 4.3753,	val_loss: 7.0742
15:	[0s / 1s],		train_loss: 4.4493,	val_loss: 7.1540
16:	[0s / 1s],		train_loss: 4.4358,	val_loss: 7.3676
17:	[0s / 1s],		train_loss: 4.4634,	val_loss: 7.5601
18:	[0s / 1s],		train_loss: 4.4371,	val_loss: 7.3070
19:	[0s / 1s],		train_loss: 4.4151,	val_loss: 7.3070
20:	[0s / 1s],		train_loss: 4.4111,	val_loss: 7.0919
21:	[0s / 1s],		train_loss: 4.3822,	val_loss: 7.0945
22:	[0s / 2s],		train_loss: 4.4453,	val_loss: 7.2004
23:	[0s / 2s],		train_loss: 4.4065,	val_loss: 7.1028
24:	[0s / 2s],		train_loss: 4.3718,	val_loss: 7.0990
25:	[0s / 2s],		train_loss: 4.4509,	val_loss: 7.2819
26:	[0s / 2s],		train_loss: 4.4089,	val_loss: 7.4301
27:	[0s / 2s],		train_loss: 4.4383,	val_loss: 7.1196
28:	[0s / 2s],		train_loss: 4.3712,	val_loss: 7.1291
29:	[0s / 2s],		train_loss: 4.4191,	val_loss: 7.1153
C-index TRAIN: 0.8393
C-index TEST:  0.8411
  [surv] Saved → survival_predictions/tabdpt/HURRAH/-1/seed123/fold2/deepsurv_simple.pkl
  [ckpt] RSF baseline saved → checkpoints/tabdpt/HURRAH/-1/seed123/fold2/rsf_baseline.pkl
C-index train: 0.9412
C-index test:  0.8596
  [surv] Saved → survival_predictions/tabdpt/HURRAH/-1/seed123/fold2/rsf.pkl
  Fitting Cox baseline...
C-index train: 0.8262
C-index test:  0.8348
  [surv] Saved → survival_predictions/tabdpt/HURRAH/-1/seed123/fold2/cox.pkl
X_train shape: (13566, 61), X_test shape: (3392, 61)
Generating TABDPT Embeddings...
<class 'dict'>
Loaded TabDPTModel from checkpoint.
<class 'dict'>
Loaded TabDPTModel from checkpoint.
Successfully generated embeddings with shape: (13566, 768)
0:	[0s / 0s],		train_loss: 5.2270,	val_loss: 7.9005
1:	[0s / 0s],		train_loss: 4.5762,	val_loss: 7.3177
2:	[0s / 0s],		train_loss: 4.7143,	val_loss: 7.7554
3:	[0s / 0s],		train_loss: 4.7148,	val_loss: 8.3912
4:	[0s / 0s],		train_loss: 4.5052,	val_loss: 7.4043
5:	[0s / 0s],		train_loss: 4.4179,	val_loss: 7.6257
6:	[0s / 0s],		train_loss: 4.4884,	val_loss: 7.7798
7:	[0s / 0s],		train_loss: 4.5447,	val_loss: 7.6005
8:	[0s / 0s],		train_loss: 4.6856,	val_loss: 7.8002
9:	[0s / 1s],		train_loss: 4.6214,	val_loss: 7.7924
10:	[0s / 1s],		train_loss: 4.5740,	val_loss: 7.7833
11:	[0s / 1s],		train_loss: 4.5437,	val_loss: 7.5524
12:	[0s / 1s],		train_loss: 4.4172,	val_loss: 7.5056
13:	[0s / 1s],		train_loss: 4.3787,	val_loss: 7.5299
14:	[0s / 1s],		train_loss: 4.5236,	val_loss: 7.5675
15:	[0s / 1s],		train_loss: 4.4138,	val_loss: 7.5000
16:	[0s / 1s],		train_loss: 4.4859,	val_loss: 7.9605
17:	[0s / 1s],		train_loss: 4.5063,	val_loss: 8.1315
18:	[0s / 1s],		train_loss: 4.5466,	val_loss: 8.0396
19:	[0s / 2s],		train_loss: 4.5497,	val_loss: 8.3339
20:	[0s / 2s],		train_loss: 4.4389,	val_loss: 7.7455
21:	[0s / 2s],		train_loss: 4.4687,	val_loss: 7.6592
C-index TRAIN: 0.8353
C-index TEST:  0.8017
  [surv] Saved → survival_predictions/tabdpt/HURRAH/-1/seed123/fold3/tabdpt_deepsurv_simple.pkl
0:	[0s / 0s],		train_loss: 4.5665,	val_loss: 7.3860
1:	[0s / 0s],		train_loss: 4.3808,	val_loss: 7.3451
2:	[0s / 0s],		train_loss: 4.3129,	val_loss: 7.2983
3:	[0s / 0s],		train_loss: 4.2907,	val_loss: 7.2733
4:	[0s / 1s],		train_loss: 4.2646,	val_loss: 7.2964
5:	[0s / 1s],		train_loss: 4.2584,	val_loss: 7.3055
6:	[0s / 1s],		train_loss: 4.2449,	val_loss: 7.1576
7:	[0s / 1s],		train_loss: 4.2097,	val_loss: 7.5531
8:	[0s / 1s],		train_loss: 4.1740,	val_loss: 7.5033
9:	[0s / 1s],		train_loss: 4.1732,	val_loss: 7.4078
10:	[0s / 1s],		train_loss: 4.1694,	val_loss: 7.3367
11:	[0s / 2s],		train_loss: 4.1591,	val_loss: 7.3373
12:	[0s / 2s],		train_loss: 4.1140,	val_loss: 7.6225
13:	[0s / 2s],		train_loss: 4.1116,	val_loss: 7.3687
14:	[0s / 2s],		train_loss: 4.1061,	val_loss: 7.4508
15:	[0s / 2s],		train_loss: 4.1051,	val_loss: 7.4086
16:	[0s / 2s],		train_loss: 4.0525,	val_loss: 7.5489
17:	[0s / 2s],		train_loss: 4.0532,	val_loss: 7.4478
18:	[0s / 3s],		train_loss: 4.0690,	val_loss: 7.4645
19:	[0s / 3s],		train_loss: 4.0385,	val_loss: 7.6965
20:	[0s / 3s],		train_loss: 4.0400,	val_loss: 7.3881
21:	[0s / 3s],		train_loss: 4.0249,	val_loss: 7.5697
22:	[0s / 3s],		train_loss: 4.0139,	val_loss: 7.6259
23:	[0s / 3s],		train_loss: 4.0140,	val_loss: 7.5035
24:	[0s / 4s],		train_loss: 3.9726,	val_loss: 7.5171
25:	[0s / 4s],		train_loss: 3.9499,	val_loss: 7.7810
26:	[0s / 4s],		train_loss: 3.9804,	val_loss: 7.6833
C-index TRAIN: 0.8491
C-index TEST:  0.8154
  [surv] Saved → survival_predictions/tabdpt/HURRAH/-1/seed123/fold3/tabdpt_deepsurv_vanilla.pkl
  [ckpt] TABDPT RSF saved → checkpoints/tabdpt/HURRAH/-1/seed123/fold3/tabdpt_rsf.pkl
C-index train: 0.9515
C-index test:  0.7969
  [surv] Saved → survival_predictions/tabdpt/HURRAH/-1/seed123/fold3/tabdpt_rsf.pkl
  Fitting TABDPT Cox (embedding)...
C-index train: 0.8431
C-index test:  0.7869
  [surv] Saved → survival_predictions/tabdpt/HURRAH/-1/seed123/fold3/tabdpt_cox.pkl
0:	[0s / 0s],		train_loss: 4.6597,	val_loss: 7.1995
1:	[0s / 0s],		train_loss: 4.4318,	val_loss: 7.0731
2:	[0s / 1s],		train_loss: 4.3716,	val_loss: 7.0665
3:	[0s / 1s],		train_loss: 4.3402,	val_loss: 7.0911
4:	[0s / 1s],		train_loss: 4.3378,	val_loss: 7.0697
5:	[0s / 1s],		train_loss: 4.3342,	val_loss: 7.0997
6:	[0s / 1s],		train_loss: 4.3293,	val_loss: 7.0379
7:	[0s / 1s],		train_loss: 4.3148,	val_loss: 7.0359
8:	[0s / 1s],		train_loss: 4.2913,	val_loss: 7.0209
9:	[0s / 1s],		train_loss: 4.3047,	val_loss: 7.0466
10:	[0s / 2s],		train_loss: 4.2975,	val_loss: 7.0435
11:	[0s / 2s],		train_loss: 4.2965,	val_loss: 7.0078
12:	[0s / 2s],		train_loss: 4.2814,	val_loss: 7.0543
13:	[0s / 2s],		train_loss: 4.2683,	val_loss: 7.0233
14:	[0s / 2s],		train_loss: 4.2815,	val_loss: 7.0589
15:	[0s / 2s],		train_loss: 4.2655,	val_loss: 7.0402
16:	[0s / 2s],		train_loss: 4.2816,	val_loss: 7.0076
17:	[0s / 2s],		train_loss: 4.2619,	val_loss: 7.0482
18:	[0s / 2s],		train_loss: 4.2614,	val_loss: 7.0193
19:	[0s / 3s],		train_loss: 4.2568,	val_loss: 7.0221
20:	[0s / 3s],		train_loss: 4.2528,	val_loss: 7.0219
21:	[0s / 3s],		train_loss: 4.2529,	val_loss: 7.0290
22:	[0s / 3s],		train_loss: 4.2549,	val_loss: 7.0177
23:	[0s / 3s],		train_loss: 4.2500,	val_loss: 7.0287
24:	[0s / 3s],		train_loss: 4.2441,	val_loss: 6.9981
25:	[0s / 3s],		train_loss: 4.2434,	val_loss: 6.9948
26:	[0s / 3s],		train_loss: 4.2547,	val_loss: 7.0243
27:	[0s / 4s],		train_loss: 4.2444,	val_loss: 6.9897
28:	[0s / 4s],		train_loss: 4.2426,	val_loss: 6.9940
29:	[0s / 4s],		train_loss: 4.2169,	val_loss: 7.0057
30:	[0s / 4s],		train_loss: 4.2465,	val_loss: 6.9874
31:	[0s / 4s],		train_loss: 4.2383,	val_loss: 7.0114
32:	[0s / 4s],		train_loss: 4.2387,	val_loss: 6.9920
33:	[0s / 4s],		train_loss: 4.2275,	val_loss: 6.9946
34:	[0s / 4s],		train_loss: 4.2241,	val_loss: 7.0182
35:	[0s / 4s],		train_loss: 4.2416,	val_loss: 7.0131
36:	[0s / 5s],		train_loss: 4.2253,	val_loss: 7.0415
37:	[0s / 5s],		train_loss: 4.2178,	val_loss: 6.9932
38:	[0s / 5s],		train_loss: 4.2318,	val_loss: 7.0092
39:	[0s / 5s],		train_loss: 4.2359,	val_loss: 6.9792
40:	[0s / 5s],		train_loss: 4.2307,	val_loss: 6.9992
41:	[0s / 5s],		train_loss: 4.2232,	val_loss: 6.9919
42:	[0s / 5s],		train_loss: 4.2082,	val_loss: 6.9868
43:	[0s / 5s],		train_loss: 4.2103,	val_loss: 7.0221
44:	[0s / 5s],		train_loss: 4.2211,	val_loss: 6.9810
45:	[0s / 6s],		train_loss: 4.2224,	val_loss: 6.9727
46:	[0s / 6s],		train_loss: 4.2099,	val_loss: 6.9969
47:	[0s / 6s],		train_loss: 4.1934,	val_loss: 6.9569
48:	[0s / 6s],		train_loss: 4.2233,	val_loss: 6.9888
49:	[0s / 6s],		train_loss: 4.2091,	val_loss: 6.9916
50:	[0s / 6s],		train_loss: 4.2107,	val_loss: 6.9900
51:	[0s / 6s],		train_loss: 4.2078,	val_loss: 6.9893
52:	[0s / 6s],		train_loss: 4.2114,	val_loss: 7.0085
53:	[0s / 7s],		train_loss: 4.2036,	val_loss: 6.9770
54:	[0s / 7s],		train_loss: 4.2104,	val_loss: 6.9983
55:	[0s / 7s],		train_loss: 4.2134,	val_loss: 6.9720
56:	[0s / 7s],		train_loss: 4.1973,	val_loss: 6.9932
57:	[0s / 7s],		train_loss: 4.2016,	val_loss: 6.9784
58:	[0s / 7s],		train_loss: 4.1927,	val_loss: 6.9879
59:	[0s / 7s],		train_loss: 4.2173,	val_loss: 6.9968
60:	[0s / 7s],		train_loss: 4.2108,	val_loss: 6.9906
61:	[0s / 8s],		train_loss: 4.2043,	val_loss: 6.9892
62:	[0s / 8s],		train_loss: 4.1959,	val_loss: 7.0031
63:	[0s / 8s],		train_loss: 4.2054,	val_loss: 6.9974
64:	[0s / 8s],		train_loss: 4.1860,	val_loss: 6.9866
65:	[0s / 8s],		train_loss: 4.1970,	val_loss: 6.9742
66:	[0s / 8s],		train_loss: 4.1923,	val_loss: 6.9854
67:	[0s / 8s],		train_loss: 4.2065,	val_loss: 6.9686
C-index TRAIN: 0.8611
C-index TEST:  0.8451
  [surv] Saved → survival_predictions/tabdpt/HURRAH/-1/seed123/fold3/deepsurv_vanilla.pkl
0:	[0s / 0s],		train_loss: 8.6683,	val_loss: 7.3961
1:	[0s / 0s],		train_loss: 4.5628,	val_loss: 7.1465
2:	[0s / 0s],		train_loss: 4.4469,	val_loss: 7.1115
3:	[0s / 0s],		train_loss: 4.3682,	val_loss: 7.1008
4:	[0s / 0s],		train_loss: 4.3702,	val_loss: 7.1058
5:	[0s / 0s],		train_loss: 4.3427,	val_loss: 7.1569
6:	[0s / 0s],		train_loss: 4.3719,	val_loss: 7.1391
7:	[0s / 0s],		train_loss: 4.3883,	val_loss: 7.1573
8:	[0s / 0s],		train_loss: 4.3708,	val_loss: 7.1161
9:	[0s / 0s],		train_loss: 4.4088,	val_loss: 7.1902
10:	[0s / 0s],		train_loss: 4.4334,	val_loss: 7.2220
11:	[0s / 0s],		train_loss: 4.5374,	val_loss: 7.1695
12:	[0s / 1s],		train_loss: 4.3690,	val_loss: 7.1081
13:	[0s / 1s],		train_loss: 4.3903,	val_loss: 7.3492
14:	[0s / 1s],		train_loss: 4.4268,	val_loss: 7.1137
15:	[0s / 1s],		train_loss: 4.4294,	val_loss: 7.1677
16:	[0s / 1s],		train_loss: 4.4268,	val_loss: 7.3309
17:	[0s / 1s],		train_loss: 4.3823,	val_loss: 7.0421
18:	[0s / 1s],		train_loss: 4.3649,	val_loss: 7.1581
19:	[0s / 1s],		train_loss: 4.3693,	val_loss: 7.0777
20:	[0s / 1s],		train_loss: 4.3977,	val_loss: 7.0992
21:	[0s / 1s],		train_loss: 4.3658,	val_loss: 7.1976
22:	[0s / 1s],		train_loss: 4.3779,	val_loss: 7.1103
23:	[0s / 1s],		train_loss: 4.4940,	val_loss: 7.6285
24:	[0s / 2s],		train_loss: 4.4405,	val_loss: 7.1587
25:	[0s / 2s],		train_loss: 4.4106,	val_loss: 7.2097
26:	[0s / 2s],		train_loss: 4.5510,	val_loss: 7.2318
27:	[0s / 2s],		train_loss: 4.4958,	val_loss: 7.1281
28:	[0s / 2s],		train_loss: 4.4003,	val_loss: 7.3631
29:	[0s / 2s],		train_loss: 4.3697,	val_loss: 7.0864
30:	[0s / 2s],		train_loss: 4.5025,	val_loss: 7.2785
31:	[0s / 2s],		train_loss: 4.3971,	val_loss: 7.1925
32:	[0s / 2s],		train_loss: 4.5300,	val_loss: 7.1235
33:	[0s / 2s],		train_loss: 4.4506,	val_loss: 7.5227
34:	[0s / 2s],		train_loss: 4.4447,	val_loss: 7.1553
35:	[0s / 2s],		train_loss: 4.4465,	val_loss: 7.3048
36:	[0s / 2s],		train_loss: 4.4505,	val_loss: 7.1867
37:	[0s / 3s],		train_loss: 4.4128,	val_loss: 7.1163
C-index TRAIN: 0.8404
C-index TEST:  0.8372
  [surv] Saved → survival_predictions/tabdpt/HURRAH/-1/seed123/fold3/deepsurv_simple.pkl
  [ckpt] RSF baseline saved → checkpoints/tabdpt/HURRAH/-1/seed123/fold3/rsf_baseline.pkl
C-index train: 0.9412
C-index test:  0.8558
  [surv] Saved → survival_predictions/tabdpt/HURRAH/-1/seed123/fold3/rsf.pkl
  Fitting Cox baseline...
C-index train: 0.8279
C-index test:  0.8287
  [surv] Saved → survival_predictions/tabdpt/HURRAH/-1/seed123/fold3/cox.pkl
X_train shape: (13567, 61), X_test shape: (3391, 61)
Generating TABDPT Embeddings...
<class 'dict'>
Loaded TabDPTModel from checkpoint.
<class 'dict'>
Loaded TabDPTModel from checkpoint.
Successfully generated embeddings with shape: (13567, 768)
0:	[0s / 0s],		train_loss: 5.1517,	val_loss: 8.4445
1:	[0s / 0s],		train_loss: 4.6975,	val_loss: 8.0324
2:	[0s / 0s],		train_loss: 4.5376,	val_loss: 8.0305
3:	[0s / 0s],		train_loss: 4.6872,	val_loss: 7.6387
4:	[0s / 0s],		train_loss: 4.5671,	val_loss: 7.6553
5:	[0s / 0s],		train_loss: 4.6407,	val_loss: 7.5745
6:	[0s / 0s],		train_loss: 4.5210,	val_loss: 7.4637
7:	[0s / 0s],		train_loss: 4.5287,	val_loss: 7.7948
8:	[0s / 0s],		train_loss: 4.8167,	val_loss: 8.0986
9:	[0s / 1s],		train_loss: 4.4728,	val_loss: 7.7120
10:	[0s / 1s],		train_loss: 4.4100,	val_loss: 7.4523
11:	[0s / 1s],		train_loss: 4.4834,	val_loss: 7.6460
12:	[0s / 1s],		train_loss: 4.4652,	val_loss: 7.5932
13:	[0s / 1s],		train_loss: 4.5126,	val_loss: 8.1324
14:	[0s / 1s],		train_loss: 4.4938,	val_loss: 7.6529
15:	[0s / 1s],		train_loss: 4.5039,	val_loss: 7.7882
16:	[0s / 1s],		train_loss: 4.3773,	val_loss: 7.8028
17:	[0s / 1s],		train_loss: 4.7839,	val_loss: 7.9502
18:	[0s / 2s],		train_loss: 4.5088,	val_loss: 7.7881
19:	[0s / 2s],		train_loss: 4.3647,	val_loss: 7.8486
20:	[0s / 2s],		train_loss: 4.6211,	val_loss: 7.8269
21:	[0s / 2s],		train_loss: 4.4290,	val_loss: 7.7686
22:	[0s / 2s],		train_loss: 4.3629,	val_loss: 7.7186
23:	[0s / 2s],		train_loss: 4.4145,	val_loss: 7.7777
24:	[0s / 2s],		train_loss: 4.8429,	val_loss: 8.0260
25:	[0s / 2s],		train_loss: 4.6577,	val_loss: 8.3721
26:	[0s / 2s],		train_loss: 4.5842,	val_loss: 7.7338
27:	[0s / 3s],		train_loss: 4.5414,	val_loss: 8.0337
28:	[0s / 3s],		train_loss: 4.4883,	val_loss: 8.0154
29:	[0s / 3s],		train_loss: 4.4490,	val_loss: 7.7560
30:	[0s / 3s],		train_loss: 4.4830,	val_loss: 7.8337
C-index TRAIN: 0.8489
C-index TEST:  0.7828
  [surv] Saved → survival_predictions/tabdpt/HURRAH/-1/seed123/fold4/tabdpt_deepsurv_simple.pkl
0:	[0s / 0s],		train_loss: 4.4744,	val_loss: 7.2876
1:	[0s / 0s],		train_loss: 4.3311,	val_loss: 7.3154
2:	[0s / 0s],		train_loss: 4.3033,	val_loss: 7.2379
3:	[0s / 0s],		train_loss: 4.2783,	val_loss: 7.3375
4:	[0s / 0s],		train_loss: 4.2588,	val_loss: 7.2996
5:	[0s / 0s],		train_loss: 4.2322,	val_loss: 7.4967
6:	[0s / 0s],		train_loss: 4.2050,	val_loss: 7.3849
7:	[0s / 1s],		train_loss: 4.1846,	val_loss: 7.5682
8:	[0s / 1s],		train_loss: 4.1749,	val_loss: 7.9073
9:	[0s / 1s],		train_loss: 4.1461,	val_loss: 7.4594
10:	[0s / 1s],		train_loss: 4.1474,	val_loss: 7.4893
11:	[0s / 1s],		train_loss: 4.1368,	val_loss: 7.4070
12:	[0s / 1s],		train_loss: 4.1136,	val_loss: 7.4527
13:	[0s / 1s],		train_loss: 4.0967,	val_loss: 7.3801
14:	[0s / 2s],		train_loss: 4.0860,	val_loss: 7.4275
15:	[0s / 2s],		train_loss: 4.0749,	val_loss: 7.4641
16:	[0s / 2s],		train_loss: 4.0715,	val_loss: 7.5793
17:	[0s / 2s],		train_loss: 4.0448,	val_loss: 7.6131
18:	[0s / 2s],		train_loss: 4.0530,	val_loss: 7.6082
19:	[0s / 2s],		train_loss: 4.0462,	val_loss: 7.6985
20:	[0s / 2s],		train_loss: 4.0390,	val_loss: 7.7315
21:	[0s / 2s],		train_loss: 4.0209,	val_loss: 7.7599
22:	[0s / 3s],		train_loss: 4.0273,	val_loss: 7.5554
C-index TRAIN: 0.8425
C-index TEST:  0.7872
  [surv] Saved → survival_predictions/tabdpt/HURRAH/-1/seed123/fold4/tabdpt_deepsurv_vanilla.pkl
  [ckpt] TABDPT RSF saved → checkpoints/tabdpt/HURRAH/-1/seed123/fold4/tabdpt_rsf.pkl
C-index train: 0.9506
C-index test:  0.7976
  [surv] Saved → survival_predictions/tabdpt/HURRAH/-1/seed123/fold4/tabdpt_rsf.pkl
  Fitting TABDPT Cox (embedding)...
C-index train: 0.8447
C-index test:  0.7863
  [surv] Saved → survival_predictions/tabdpt/HURRAH/-1/seed123/fold4/tabdpt_cox.pkl
0:	[0s / 0s],		train_loss: 4.6254,	val_loss: 7.2250
1:	[0s / 0s],		train_loss: 4.4247,	val_loss: 7.1113
2:	[0s / 0s],		train_loss: 4.3634,	val_loss: 7.0933
3:	[0s / 0s],		train_loss: 4.3573,	val_loss: 7.2218
4:	[0s / 0s],		train_loss: 4.3461,	val_loss: 7.0591
5:	[0s / 0s],		train_loss: 4.3334,	val_loss: 11.6809
6:	[0s / 0s],		train_loss: 4.3023,	val_loss: 7.0492
7:	[0s / 0s],		train_loss: 4.2931,	val_loss: 9.1259
8:	[0s / 1s],		train_loss: 4.2746,	val_loss: 10.6371
9:	[0s / 1s],		train_loss: 4.2879,	val_loss: 7.0310
10:	[0s / 1s],		train_loss: 4.2793,	val_loss: 7.0410
11:	[0s / 1s],		train_loss: 4.2623,	val_loss: 7.0229
12:	[0s / 1s],		train_loss: 4.2615,	val_loss: 7.0417
13:	[0s / 1s],		train_loss: 4.2752,	val_loss: 7.0200
14:	[0s / 1s],		train_loss: 4.2446,	val_loss: 7.0091
15:	[0s / 1s],		train_loss: 4.2354,	val_loss: 7.0376
16:	[0s / 2s],		train_loss: 4.2363,	val_loss: 7.0359
17:	[0s / 2s],		train_loss: 4.2436,	val_loss: 7.0026
18:	[0s / 2s],		train_loss: 4.2430,	val_loss: 6.9985
19:	[0s / 2s],		train_loss: 4.2402,	val_loss: 7.0074
20:	[0s / 2s],		train_loss: 4.2337,	val_loss: 7.0822
21:	[0s / 2s],		train_loss: 4.2534,	val_loss: 7.0249
22:	[0s / 2s],		train_loss: 4.2184,	val_loss: 7.0184
23:	[0s / 2s],		train_loss: 4.2192,	val_loss: 7.0238
24:	[0s / 3s],		train_loss: 4.2288,	val_loss: 6.9975
25:	[0s / 3s],		train_loss: 4.2297,	val_loss: 6.9918
26:	[0s / 3s],		train_loss: 4.2137,	val_loss: 7.0233
27:	[0s / 3s],		train_loss: 4.2083,	val_loss: 6.9971
28:	[0s / 3s],		train_loss: 4.2268,	val_loss: 7.0114
29:	[0s / 3s],		train_loss: 4.2053,	val_loss: 7.0070
30:	[0s / 3s],		train_loss: 4.2034,	val_loss: 6.9862
31:	[0s / 3s],		train_loss: 4.2103,	val_loss: 7.0184
32:	[0s / 4s],		train_loss: 4.2042,	val_loss: 7.0143
33:	[0s / 4s],		train_loss: 4.2093,	val_loss: 6.9857
34:	[0s / 4s],		train_loss: 4.2004,	val_loss: 7.0300
35:	[0s / 4s],		train_loss: 4.2092,	val_loss: 7.0171
36:	[0s / 4s],		train_loss: 4.2278,	val_loss: 7.0132
37:	[0s / 4s],		train_loss: 4.2168,	val_loss: 7.0498
38:	[0s / 4s],		train_loss: 4.2093,	val_loss: 6.9865
39:	[0s / 4s],		train_loss: 4.1953,	val_loss: 6.9894
40:	[0s / 5s],		train_loss: 4.2049,	val_loss: 6.9941
41:	[0s / 5s],		train_loss: 4.1921,	val_loss: 7.0097
42:	[0s / 5s],		train_loss: 4.1932,	val_loss: 6.9768
43:	[0s / 5s],		train_loss: 4.1939,	val_loss: 7.0049
44:	[0s / 5s],		train_loss: 4.1989,	val_loss: 6.9952
45:	[0s / 5s],		train_loss: 4.2117,	val_loss: 7.0144
46:	[0s / 5s],		train_loss: 4.1979,	val_loss: 7.0381
47:	[0s / 5s],		train_loss: 4.2126,	val_loss: 7.0045
48:	[0s / 5s],		train_loss: 4.1868,	val_loss: 7.0111
49:	[0s / 6s],		train_loss: 4.1975,	val_loss: 7.0064
50:	[0s / 6s],		train_loss: 4.1886,	val_loss: 7.0008
51:	[0s / 6s],		train_loss: 4.1937,	val_loss: 6.9941
52:	[0s / 6s],		train_loss: 4.1928,	val_loss: 7.0144
53:	[0s / 7s],		train_loss: 4.2088,	val_loss: 7.0020
54:	[0s / 7s],		train_loss: 4.1652,	val_loss: 6.9788
55:	[0s / 7s],		train_loss: 4.1872,	val_loss: 7.0432
56:	[0s / 7s],		train_loss: 4.1966,	val_loss: 6.9931
57:	[0s / 7s],		train_loss: 4.1668,	val_loss: 7.0386
58:	[0s / 7s],		train_loss: 4.1580,	val_loss: 7.0206
59:	[0s / 7s],		train_loss: 4.1668,	val_loss: 7.0061
60:	[0s / 7s],		train_loss: 4.1928,	val_loss: 6.9845
61:	[0s / 8s],		train_loss: 4.1711,	val_loss: 6.9851
62:	[0s / 8s],		train_loss: 4.1870,	val_loss: 7.0077
C-index TRAIN: 0.8594
C-index TEST:  0.8399
  [surv] Saved → survival_predictions/tabdpt/HURRAH/-1/seed123/fold4/deepsurv_vanilla.pkl
0:	[0s / 0s],		train_loss: 7.2672,	val_loss: 7.2668
1:	[0s / 0s],		train_loss: 4.4282,	val_loss: 7.1151
2:	[0s / 0s],		train_loss: 4.3877,	val_loss: 7.0973
3:	[0s / 0s],		train_loss: 4.3705,	val_loss: 7.2082
4:	[0s / 0s],		train_loss: 4.3856,	val_loss: 7.1392
5:	[0s / 0s],		train_loss: 4.3686,	val_loss: 7.1599
6:	[0s / 0s],		train_loss: 4.3700,	val_loss: 7.1429
7:	[0s / 0s],		train_loss: 4.5773,	val_loss: 8.2930
8:	[0s / 0s],		train_loss: 4.7084,	val_loss: 7.4801
9:	[0s / 0s],		train_loss: 4.4688,	val_loss: 7.1562
10:	[0s / 0s],		train_loss: 4.3637,	val_loss: 7.1599
11:	[0s / 1s],		train_loss: 4.3381,	val_loss: 7.1569
12:	[0s / 1s],		train_loss: 4.4197,	val_loss: 7.4839
13:	[0s / 1s],		train_loss: 4.4457,	val_loss: 7.2341
14:	[0s / 1s],		train_loss: 4.4485,	val_loss: 7.1100
15:	[0s / 1s],		train_loss: 4.3752,	val_loss: 7.1438
16:	[0s / 1s],		train_loss: 4.3966,	val_loss: 7.2035
17:	[0s / 1s],		train_loss: 4.4240,	val_loss: 7.1947
18:	[0s / 1s],		train_loss: 4.3713,	val_loss: 7.1074
19:	[0s / 1s],		train_loss: 4.4285,	val_loss: 7.2290
20:	[0s / 1s],		train_loss: 4.3801,	val_loss: 7.2292
21:	[0s / 1s],		train_loss: 4.4367,	val_loss: 7.2484
22:	[0s / 1s],		train_loss: 4.3995,	val_loss: 7.1475
C-index TRAIN: 0.8298
C-index TEST:  0.8185
  [surv] Saved → survival_predictions/tabdpt/HURRAH/-1/seed123/fold4/deepsurv_simple.pkl
  [ckpt] RSF baseline saved → checkpoints/tabdpt/HURRAH/-1/seed123/fold4/rsf_baseline.pkl
C-index train: 0.9407
C-index test:  0.8419
  [surv] Saved → survival_predictions/tabdpt/HURRAH/-1/seed123/fold4/rsf.pkl
  Fitting Cox baseline...
C-index train: 0.8299
C-index test:  0.8156
  [surv] Saved → survival_predictions/tabdpt/HURRAH/-1/seed123/fold4/cox.pkl
X_train shape: (13567, 61), X_test shape: (3391, 61)
Generating TABDPT Embeddings...
<class 'dict'>
Loaded TabDPTModel from checkpoint.
<class 'dict'>
Loaded TabDPTModel from checkpoint.
Successfully generated embeddings with shape: (13567, 768)
0:	[0s / 0s],		train_loss: 5.3229,	val_loss: 8.1518
1:	[0s / 0s],		train_loss: 4.6518,	val_loss: 7.3323
2:	[0s / 0s],		train_loss: 4.6329,	val_loss: 7.4871
3:	[0s / 0s],		train_loss: 4.6204,	val_loss: 7.9473
4:	[0s / 0s],		train_loss: 4.5225,	val_loss: 8.3551
5:	[0s / 0s],		train_loss: 4.7059,	val_loss: 7.8384
6:	[0s / 0s],		train_loss: 4.5146,	val_loss: 7.4738
7:	[0s / 0s],		train_loss: 4.5758,	val_loss: 8.1657
8:	[0s / 0s],		train_loss: 4.7668,	val_loss: 8.3496
9:	[0s / 1s],		train_loss: 4.4572,	val_loss: 7.4682
10:	[0s / 1s],		train_loss: 4.5954,	val_loss: 7.9170
11:	[0s / 1s],		train_loss: 4.5387,	val_loss: 7.5354
12:	[0s / 1s],		train_loss: 4.7167,	val_loss: 7.5049
13:	[0s / 1s],		train_loss: 4.5286,	val_loss: 7.7926
14:	[0s / 1s],		train_loss: 4.4555,	val_loss: 7.5415
15:	[0s / 1s],		train_loss: 4.5435,	val_loss: 7.6444
16:	[0s / 1s],		train_loss: 4.5532,	val_loss: 7.9239
17:	[0s / 1s],		train_loss: 4.6391,	val_loss: 7.7742
18:	[0s / 2s],		train_loss: 4.5015,	val_loss: 7.8702
19:	[0s / 2s],		train_loss: 4.4381,	val_loss: 8.0942
20:	[0s / 2s],		train_loss: 4.5034,	val_loss: 7.6979
21:	[0s / 2s],		train_loss: 4.6203,	val_loss: 7.8475
C-index TRAIN: 0.8251
C-index TEST:  0.7968
  [surv] Saved → survival_predictions/tabdpt/HURRAH/-1/seed123/fold5/tabdpt_deepsurv_simple.pkl
0:	[0s / 0s],		train_loss: 4.5330,	val_loss: 7.2058
1:	[0s / 0s],		train_loss: 4.3759,	val_loss: 7.1621
2:	[0s / 0s],		train_loss: 4.3336,	val_loss: 7.5219
3:	[0s / 0s],		train_loss: 4.3047,	val_loss: 7.2285
4:	[0s / 0s],		train_loss: 4.2768,	val_loss: 7.1949
5:	[0s / 0s],		train_loss: 4.2634,	val_loss: 7.2389
6:	[0s / 1s],		train_loss: 4.2585,	val_loss: 7.1456
7:	[0s / 1s],		train_loss: 4.2266,	val_loss: 7.2647
8:	[0s / 1s],		train_loss: 4.1930,	val_loss: 7.2798
9:	[0s / 1s],		train_loss: 4.1934,	val_loss: 7.3341
10:	[0s / 1s],		train_loss: 4.1932,	val_loss: 7.2318
11:	[0s / 1s],		train_loss: 4.1662,	val_loss: 7.5119
12:	[0s / 1s],		train_loss: 4.1552,	val_loss: 7.4928
13:	[0s / 2s],		train_loss: 4.1413,	val_loss: 7.4195
14:	[0s / 2s],		train_loss: 4.1036,	val_loss: 7.7334
15:	[0s / 2s],		train_loss: 4.1101,	val_loss: 7.2936
16:	[0s / 2s],		train_loss: 4.1183,	val_loss: 7.4174
17:	[0s / 2s],		train_loss: 4.0985,	val_loss: 7.4337
18:	[0s / 2s],		train_loss: 4.0934,	val_loss: 7.4912
19:	[0s / 2s],		train_loss: 4.0885,	val_loss: 7.4739
20:	[0s / 3s],		train_loss: 4.0637,	val_loss: 7.4376
21:	[0s / 3s],		train_loss: 4.0682,	val_loss: 7.5386
22:	[0s / 3s],		train_loss: 4.0359,	val_loss: 7.4060
23:	[0s / 3s],		train_loss: 4.0367,	val_loss: 7.6640
24:	[0s / 3s],		train_loss: 4.0287,	val_loss: 7.7170
25:	[0s / 3s],		train_loss: 3.9978,	val_loss: 7.6495
26:	[0s / 3s],		train_loss: 3.9989,	val_loss: 7.6418
C-index TRAIN: 0.8498
C-index TEST:  0.8272
  [surv] Saved → survival_predictions/tabdpt/HURRAH/-1/seed123/fold5/tabdpt_deepsurv_vanilla.pkl
  [ckpt] TABDPT RSF saved → checkpoints/tabdpt/HURRAH/-1/seed123/fold5/tabdpt_rsf.pkl
C-index train: 0.9530
C-index test:  0.8285
  [surv] Saved → survival_predictions/tabdpt/HURRAH/-1/seed123/fold5/tabdpt_rsf.pkl
  Fitting TABDPT Cox (embedding)...
C-index train: 0.8396
C-index test:  0.8045
  [surv] Saved → survival_predictions/tabdpt/HURRAH/-1/seed123/fold5/tabdpt_cox.pkl
0:	[0s / 0s],		train_loss: 4.7588,	val_loss: 7.2275
1:	[0s / 0s],		train_loss: 4.4376,	val_loss: 7.3944
2:	[0s / 0s],		train_loss: 4.3807,	val_loss: 7.3781
3:	[0s / 0s],		train_loss: 4.3685,	val_loss: 7.8182
4:	[0s / 0s],		train_loss: 4.3295,	val_loss: 7.9625
5:	[0s / 0s],		train_loss: 4.3277,	val_loss: 7.9401
6:	[0s / 0s],		train_loss: 4.3067,	val_loss: 7.8866
7:	[0s / 0s],		train_loss: 4.3127,	val_loss: 7.2125
8:	[0s / 1s],		train_loss: 4.3109,	val_loss: 157.5070
9:	[0s / 1s],		train_loss: 4.3005,	val_loss: 7.1102
10:	[0s / 1s],		train_loss: 4.3025,	val_loss: 165.2454
11:	[0s / 1s],		train_loss: 4.2906,	val_loss: 7.2608
12:	[0s / 1s],		train_loss: 4.2851,	val_loss: 7.2045
13:	[0s / 1s],		train_loss: 4.2925,	val_loss: 7.2926
14:	[0s / 1s],		train_loss: 4.2660,	val_loss: 7.3640
15:	[0s / 1s],		train_loss: 4.2592,	val_loss: 57.5941
16:	[0s / 1s],		train_loss: 4.2658,	val_loss: 229.8908
17:	[0s / 2s],		train_loss: 4.3083,	val_loss: 7.3461
18:	[0s / 2s],		train_loss: 4.2963,	val_loss: 7.2586
19:	[0s / 2s],		train_loss: 4.2708,	val_loss: 7.0186
20:	[0s / 2s],		train_loss: 4.2641,	val_loss: 218.4635
21:	[0s / 2s],		train_loss: 4.2604,	val_loss: 176.1173
22:	[0s / 2s],		train_loss: 4.2588,	val_loss: 157.9982
23:	[0s / 2s],		train_loss: 4.2496,	val_loss: 8.6474
24:	[0s / 2s],		train_loss: 4.2457,	val_loss: 7.0251
25:	[0s / 3s],		train_loss: 4.2598,	val_loss: 169.8005
26:	[0s / 3s],		train_loss: 4.2339,	val_loss: 219.1924
27:	[0s / 3s],		train_loss: 4.2564,	val_loss: 300.7588
28:	[0s / 3s],		train_loss: 4.2317,	val_loss: 143.9152
29:	[0s / 3s],		train_loss: 4.2463,	val_loss: 123.8000
30:	[0s / 3s],		train_loss: 4.2550,	val_loss: 7.3222
31:	[0s / 3s],		train_loss: 4.2221,	val_loss: 6.9852
32:	[0s / 3s],		train_loss: 4.2310,	val_loss: 6.9996
33:	[0s / 4s],		train_loss: 4.2225,	val_loss: 112.2402
34:	[0s / 4s],		train_loss: 4.2242,	val_loss: 125.4090
35:	[0s / 4s],		train_loss: 4.2519,	val_loss: 182.8457
36:	[0s / 4s],		train_loss: 4.2147,	val_loss: 70.3052
37:	[0s / 4s],		train_loss: 4.2202,	val_loss: 87.3409
38:	[0s / 4s],		train_loss: 4.2045,	val_loss: 26.5185
39:	[0s / 4s],		train_loss: 4.2195,	val_loss: 44.1066
40:	[0s / 4s],		train_loss: 4.2208,	val_loss: 6.9881
41:	[0s / 5s],		train_loss: 4.2289,	val_loss: 62.4176
42:	[0s / 5s],		train_loss: 4.2154,	val_loss: 55.8529
43:	[0s / 5s],		train_loss: 4.2080,	val_loss: 12.1119
44:	[0s / 5s],		train_loss: 4.2085,	val_loss: 7.0723
45:	[0s / 5s],		train_loss: 4.1945,	val_loss: 7.3158
46:	[0s / 5s],		train_loss: 4.1933,	val_loss: 7.0506
47:	[0s / 5s],		train_loss: 4.2205,	val_loss: 6.9856
48:	[0s / 5s],		train_loss: 4.2083,	val_loss: 88.8800
49:	[0s / 6s],		train_loss: 4.1901,	val_loss: 263.1408
50:	[0s / 6s],		train_loss: 4.2155,	val_loss: 335.3229
51:	[0s / 6s],		train_loss: 4.2129,	val_loss: 237.6841
C-index TRAIN: 0.8544
C-index TEST:  0.8528
  [surv] Saved → survival_predictions/tabdpt/HURRAH/-1/seed123/fold5/deepsurv_vanilla.pkl
0:	[0s / 0s],		train_loss: 8.0016,	val_loss: 7.7874
1:	[0s / 0s],		train_loss: 4.4920,	val_loss: 7.1266
2:	[0s / 0s],		train_loss: 4.3775,	val_loss: 7.1496
3:	[0s / 0s],		train_loss: 4.3905,	val_loss: 7.1026
4:	[0s / 0s],		train_loss: 4.3998,	val_loss: 7.1616
5:	[0s / 0s],		train_loss: 4.4023,	val_loss: 7.1023
6:	[0s / 0s],		train_loss: 4.3876,	val_loss: 7.1119
7:	[0s / 0s],		train_loss: 4.3944,	val_loss: 7.0396
8:	[0s / 0s],		train_loss: 4.4735,	val_loss: 7.1781
9:	[0s / 0s],		train_loss: 4.4831,	val_loss: 7.3034
10:	[0s / 0s],		train_loss: 4.4006,	val_loss: 7.1760
11:	[0s / 0s],		train_loss: 4.3992,	val_loss: 7.0784
12:	[0s / 1s],		train_loss: 4.4094,	val_loss: 7.1154
13:	[0s / 1s],		train_loss: 4.4119,	val_loss: 7.2298
14:	[0s / 1s],		train_loss: 4.4738,	val_loss: 7.1466
15:	[0s / 1s],		train_loss: 4.5772,	val_loss: 7.1449
16:	[0s / 1s],		train_loss: 4.4816,	val_loss: 7.2020
17:	[0s / 1s],		train_loss: 4.5099,	val_loss: 7.2503
18:	[0s / 1s],		train_loss: 4.4601,	val_loss: 7.2155
19:	[0s / 1s],		train_loss: 4.4774,	val_loss: 7.1303
20:	[0s / 1s],		train_loss: 4.3716,	val_loss: 7.2139
21:	[0s / 1s],		train_loss: 4.4193,	val_loss: 7.1277
22:	[0s / 1s],		train_loss: 4.4652,	val_loss: 7.2844
23:	[0s / 1s],		train_loss: 4.3818,	val_loss: 7.3138
24:	[0s / 1s],		train_loss: 4.4138,	val_loss: 7.1324
25:	[0s / 2s],		train_loss: 4.4641,	val_loss: 7.1745
26:	[0s / 2s],		train_loss: 4.3839,	val_loss: 7.1742
27:	[0s / 2s],		train_loss: 4.4665,	val_loss: 7.1419
C-index TRAIN: 0.8350
C-index TEST:  0.8447
  [surv] Saved → survival_predictions/tabdpt/HURRAH/-1/seed123/fold5/deepsurv_simple.pkl
  [ckpt] RSF baseline saved → checkpoints/tabdpt/HURRAH/-1/seed123/fold5/rsf_baseline.pkl
C-index train: 0.9415
C-index test:  0.8599
  [surv] Saved → survival_predictions/tabdpt/HURRAH/-1/seed123/fold5/rsf.pkl
  Fitting Cox baseline...
C-index train: 0.8272
C-index test:  0.8304
  [surv] Saved → survival_predictions/tabdpt/HURRAH/-1/seed123/fold5/cox.pkl


Preprocess: Keep NaN
Loading existing folds from tmp/splits/HURRAH_seed123.pkl
X_train shape: (13566, 61), X_test shape: (3392, 61)
Generating TABDPT Embeddings...
<class 'dict'>
Loaded TabDPTModel from checkpoint.
<class 'dict'>
Loaded TabDPTModel from checkpoint.
Successfully generated embeddings with shape: (13566, 768)
0:	[0s / 0s],		train_loss: 5.2100,	val_loss: 7.8495
1:	[0s / 0s],		train_loss: 4.7359,	val_loss: 7.4025
2:	[0s / 0s],		train_loss: 4.8597,	val_loss: 7.7457
3:	[0s / 0s],		train_loss: 4.8119,	val_loss: 7.5470
4:	[0s / 0s],		train_loss: 4.5624,	val_loss: 7.7299
5:	[0s / 0s],		train_loss: 4.5932,	val_loss: 8.8790
6:	[0s / 0s],		train_loss: 4.6554,	val_loss: 7.6699
7:	[0s / 0s],		train_loss: 5.0228,	val_loss: 7.9532
8:	[0s / 0s],		train_loss: 4.5996,	val_loss: 7.5184
9:	[0s / 1s],		train_loss: 4.6698,	val_loss: 8.0753
10:	[0s / 1s],		train_loss: 4.7694,	val_loss: 8.0334
11:	[0s / 1s],		train_loss: 4.5912,	val_loss: 7.7661
12:	[0s / 1s],		train_loss: 4.7221,	val_loss: 7.5814
13:	[0s / 1s],		train_loss: 4.5365,	val_loss: 7.5614
14:	[0s / 1s],		train_loss: 4.7146,	val_loss: 8.6559
15:	[0s / 1s],		train_loss: 4.6303,	val_loss: 9.6970
16:	[0s / 1s],		train_loss: 4.5936,	val_loss: 7.7501
17:	[0s / 1s],		train_loss: 4.8641,	val_loss: 8.5620
18:	[0s / 2s],		train_loss: 5.0281,	val_loss: 7.6927
19:	[0s / 2s],		train_loss: 4.7655,	val_loss: 8.6378
20:	[0s / 2s],		train_loss: 4.6432,	val_loss: 7.8971
21:	[0s / 2s],		train_loss: 4.5530,	val_loss: 7.6645
C-index TRAIN: 0.8154
C-index TEST:  0.7926
  [surv] Saved → survival_predictions/tabdpt/HURRAH/NaN/seed123/fold1/tabdpt_deepsurv_simple.pkl
0:	[0s / 0s],		train_loss: 4.5500,	val_loss: 7.4017
1:	[0s / 0s],		train_loss: 4.4180,	val_loss: 19.8955
2:	[0s / 0s],		train_loss: 4.3931,	val_loss: 45.5849
3:	[0s / 0s],		train_loss: 4.3581,	val_loss: 27.8618
4:	[0s / 0s],		train_loss: 4.3323,	val_loss: 14.8338
5:	[0s / 0s],		train_loss: 4.3354,	val_loss: 8.8322
6:	[0s / 0s],		train_loss: 4.2901,	val_loss: 7.2510
7:	[0s / 1s],		train_loss: 4.2988,	val_loss: 7.2268
8:	[0s / 1s],		train_loss: 4.2728,	val_loss: 7.9896
9:	[0s / 1s],		train_loss: 4.2659,	val_loss: 7.3601
10:	[0s / 1s],		train_loss: 4.2436,	val_loss: 7.3298
11:	[0s / 1s],		train_loss: 4.2330,	val_loss: 7.4155
12:	[0s / 1s],		train_loss: 4.2169,	val_loss: 7.3139
13:	[0s / 1s],		train_loss: 4.2192,	val_loss: 7.2840
14:	[0s / 2s],		train_loss: 4.2032,	val_loss: 7.2625
15:	[0s / 2s],		train_loss: 4.1793,	val_loss: 7.3362
16:	[0s / 2s],		train_loss: 4.1804,	val_loss: 7.3622
17:	[0s / 2s],		train_loss: 4.1688,	val_loss: 7.4334
18:	[0s / 2s],		train_loss: 4.1515,	val_loss: 7.4550
19:	[0s / 2s],		train_loss: 4.1485,	val_loss: 7.4109
20:	[0s / 3s],		train_loss: 4.1331,	val_loss: 7.4191
21:	[0s / 3s],		train_loss: 4.1399,	val_loss: 9.4073
22:	[0s / 3s],		train_loss: 4.1165,	val_loss: 21.6368
23:	[0s / 3s],		train_loss: 4.1152,	val_loss: 44.8598
24:	[0s / 3s],		train_loss: 4.0946,	val_loss: 32.7775
25:	[0s / 3s],		train_loss: 4.0985,	val_loss: 19.0960
26:	[0s / 3s],		train_loss: 4.0946,	val_loss: 7.4500
27:	[0s / 4s],		train_loss: 4.0742,	val_loss: 7.5454
C-index TRAIN: 0.8466
C-index TEST:  0.8072
  [surv] Saved → survival_predictions/tabdpt/HURRAH/NaN/seed123/fold1/tabdpt_deepsurv_vanilla.pkl
  [ckpt] TABDPT RSF saved → checkpoints/tabdpt/HURRAH/NaN/seed123/fold1/tabdpt_rsf.pkl
C-index train: 0.9524
C-index test:  0.7950
  [surv] Saved → survival_predictions/tabdpt/HURRAH/NaN/seed123/fold1/tabdpt_rsf.pkl
  Fitting TABDPT Cox (embedding)...
C-index train: 0.8326
C-index test:  0.8018
  [surv] Saved → survival_predictions/tabdpt/HURRAH/NaN/seed123/fold1/tabdpt_cox.pkl
X_train shape: (13566, 61), X_test shape: (3392, 61)
Generating TABDPT Embeddings...
<class 'dict'>
Loaded TabDPTModel from checkpoint.
<class 'dict'>
Loaded TabDPTModel from checkpoint.
Successfully generated embeddings with shape: (13566, 768)
0:	[0s / 0s],		train_loss: 5.4684,	val_loss: 7.5649
1:	[0s / 0s],		train_loss: 4.7050,	val_loss: 7.5800
2:	[0s / 0s],		train_loss: 4.6735,	val_loss: 7.7050
3:	[0s / 0s],		train_loss: 4.7725,	val_loss: 8.1676
4:	[0s / 0s],		train_loss: 4.7658,	val_loss: 7.7269
5:	[0s / 0s],		train_loss: 4.6125,	val_loss: 7.6618
6:	[0s / 0s],		train_loss: 4.6377,	val_loss: 7.7166
7:	[0s / 0s],		train_loss: 4.5501,	val_loss: 7.6766
8:	[0s / 0s],		train_loss: 4.8415,	val_loss: 8.9260
9:	[0s / 0s],		train_loss: 5.1207,	val_loss: 8.0230
10:	[0s / 1s],		train_loss: 4.5536,	val_loss: 7.7323
11:	[0s / 1s],		train_loss: 4.5719,	val_loss: 7.6846
12:	[0s / 1s],		train_loss: 4.5591,	val_loss: 7.7544
13:	[0s / 1s],		train_loss: 4.5515,	val_loss: 8.2546
14:	[0s / 1s],		train_loss: 4.6016,	val_loss: 7.8085
15:	[0s / 1s],		train_loss: 4.7864,	val_loss: 7.8108
16:	[0s / 1s],		train_loss: 4.7107,	val_loss: 7.9652
17:	[0s / 1s],		train_loss: 4.7612,	val_loss: 9.2810
18:	[0s / 1s],		train_loss: 4.8577,	val_loss: 7.8081
19:	[0s / 1s],		train_loss: 4.9238,	val_loss: 7.7355
20:	[0s / 2s],		train_loss: 4.6508,	val_loss: 7.6652
C-index TRAIN: 0.7707
C-index TEST:  0.7720
  [surv] Saved → survival_predictions/tabdpt/HURRAH/NaN/seed123/fold2/tabdpt_deepsurv_simple.pkl
0:	[0s / 0s],		train_loss: 4.5832,	val_loss: 7.3373
1:	[0s / 0s],		train_loss: 4.4253,	val_loss: 7.3208
2:	[0s / 0s],		train_loss: 4.3850,	val_loss: 7.2467
3:	[0s / 0s],		train_loss: 4.3867,	val_loss: 7.4034
4:	[0s / 0s],		train_loss: 4.3416,	val_loss: 7.4451
5:	[0s / 0s],		train_loss: 4.3245,	val_loss: 7.5840
6:	[0s / 0s],		train_loss: 4.3082,	val_loss: 7.3637
7:	[0s / 1s],		train_loss: 4.2864,	val_loss: 7.2737
8:	[0s / 1s],		train_loss: 4.2853,	val_loss: 7.4929
9:	[0s / 1s],		train_loss: 4.2739,	val_loss: 7.4146
10:	[0s / 1s],		train_loss: 4.2550,	val_loss: 7.6872
11:	[0s / 1s],		train_loss: 4.2456,	val_loss: 7.4416
12:	[0s / 1s],		train_loss: 4.2265,	val_loss: 7.3315
13:	[0s / 1s],		train_loss: 4.2184,	val_loss: 7.4325
14:	[0s / 2s],		train_loss: 4.2198,	val_loss: 7.4189
15:	[0s / 2s],		train_loss: 4.2023,	val_loss: 7.3885
16:	[0s / 2s],		train_loss: 4.1746,	val_loss: 7.4488
17:	[0s / 2s],		train_loss: 4.1774,	val_loss: 7.4775
18:	[0s / 2s],		train_loss: 4.1686,	val_loss: 7.4286
19:	[0s / 2s],		train_loss: 4.1554,	val_loss: 7.6789
20:	[0s / 2s],		train_loss: 4.1445,	val_loss: 7.4790
21:	[0s / 2s],		train_loss: 4.1269,	val_loss: 7.5203
22:	[0s / 3s],		train_loss: 4.1415,	val_loss: 7.4165
C-index TRAIN: 0.8304
C-index TEST:  0.8113
  [surv] Saved → survival_predictions/tabdpt/HURRAH/NaN/seed123/fold2/tabdpt_deepsurv_vanilla.pkl
  [ckpt] TABDPT RSF saved → checkpoints/tabdpt/HURRAH/NaN/seed123/fold2/tabdpt_rsf.pkl
C-index train: 0.9497
C-index test:  0.8189
  [surv] Saved → survival_predictions/tabdpt/HURRAH/NaN/seed123/fold2/tabdpt_rsf.pkl
  Fitting TABDPT Cox (embedding)...
C-index train: 0.8300
C-index test:  0.7912
  [surv] Saved → survival_predictions/tabdpt/HURRAH/NaN/seed123/fold2/tabdpt_cox.pkl
X_train shape: (13566, 61), X_test shape: (3392, 61)
Generating TABDPT Embeddings...
<class 'dict'>
Loaded TabDPTModel from checkpoint.
<class 'dict'>
Loaded TabDPTModel from checkpoint.
Successfully generated embeddings with shape: (13566, 768)
0:	[0s / 0s],		train_loss: 5.3193,	val_loss: 7.9101
1:	[0s / 0s],		train_loss: 4.7678,	val_loss: 7.5679
2:	[0s / 0s],		train_loss: 4.7129,	val_loss: 7.8111
3:	[0s / 0s],		train_loss: 4.7104,	val_loss: 7.6605
4:	[0s / 0s],		train_loss: 4.5834,	val_loss: 7.5120
5:	[0s / 0s],		train_loss: 4.5880,	val_loss: 7.6361
6:	[0s / 0s],		train_loss: 4.5416,	val_loss: 8.1823
7:	[0s / 0s],		train_loss: 4.8481,	val_loss: 7.7945
8:	[0s / 0s],		train_loss: 4.7429,	val_loss: 7.8004
9:	[0s / 0s],		train_loss: 4.5988,	val_loss: 7.6512
10:	[0s / 1s],		train_loss: 4.6462,	val_loss: 8.2431
11:	[0s / 1s],		train_loss: 5.0988,	val_loss: 8.3670
12:	[0s / 1s],		train_loss: 4.7263,	val_loss: 7.6526
13:	[0s / 1s],		train_loss: 4.5565,	val_loss: 7.6651
14:	[0s / 1s],		train_loss: 4.5512,	val_loss: 7.9551
15:	[0s / 1s],		train_loss: 4.8549,	val_loss: 7.8311
16:	[0s / 1s],		train_loss: 4.5451,	val_loss: 7.8155
17:	[0s / 1s],		train_loss: 4.7248,	val_loss: 8.0156
18:	[0s / 1s],		train_loss: 4.7574,	val_loss: 8.7930
19:	[0s / 1s],		train_loss: 4.6853,	val_loss: 7.7934
20:	[0s / 2s],		train_loss: 4.5014,	val_loss: 7.6677
21:	[0s / 2s],		train_loss: 4.5405,	val_loss: 7.6151
22:	[0s / 2s],		train_loss: 4.5857,	val_loss: 7.9511
23:	[0s / 2s],		train_loss: 4.6640,	val_loss: 7.9249
24:	[0s / 2s],		train_loss: 4.6448,	val_loss: 7.8387
C-index TRAIN: 0.8243
C-index TEST:  0.7599
  [surv] Saved → survival_predictions/tabdpt/HURRAH/NaN/seed123/fold3/tabdpt_deepsurv_simple.pkl
0:	[0s / 0s],		train_loss: 4.6044,	val_loss: 7.2533
1:	[0s / 0s],		train_loss: 4.4400,	val_loss: 7.2754
2:	[0s / 0s],		train_loss: 4.3943,	val_loss: 7.2480
3:	[0s / 0s],		train_loss: 4.3842,	val_loss: 7.3222
4:	[0s / 0s],		train_loss: 4.3689,	val_loss: 7.4234
5:	[0s / 0s],		train_loss: 4.3379,	val_loss: 7.2890
6:	[0s / 0s],		train_loss: 4.3172,	val_loss: 7.2374
7:	[0s / 1s],		train_loss: 4.3087,	val_loss: 7.3306
8:	[0s / 1s],		train_loss: 4.2810,	val_loss: 7.3415
9:	[0s / 1s],		train_loss: 4.2681,	val_loss: 7.3776
10:	[0s / 1s],		train_loss: 4.2777,	val_loss: 7.3401
11:	[0s / 1s],		train_loss: 4.2438,	val_loss: 7.2873
12:	[0s / 1s],		train_loss: 4.2287,	val_loss: 7.4495
13:	[0s / 1s],		train_loss: 4.2302,	val_loss: 7.3370
14:	[0s / 2s],		train_loss: 4.2203,	val_loss: 7.3084
15:	[0s / 2s],		train_loss: 4.2054,	val_loss: 7.3467
16:	[0s / 2s],		train_loss: 4.1651,	val_loss: 7.3513
17:	[0s / 2s],		train_loss: 4.1737,	val_loss: 7.5427
18:	[0s / 2s],		train_loss: 4.1580,	val_loss: 7.2957
19:	[0s / 3s],		train_loss: 4.1364,	val_loss: 7.4232
20:	[0s / 3s],		train_loss: 4.1486,	val_loss: 7.3231
21:	[0s / 3s],		train_loss: 4.1376,	val_loss: 7.3475
22:	[0s / 3s],		train_loss: 4.1250,	val_loss: 7.4902
23:	[0s / 3s],		train_loss: 4.1259,	val_loss: 7.3920
24:	[0s / 3s],		train_loss: 4.1196,	val_loss: 7.3934
25:	[0s / 3s],		train_loss: 4.1063,	val_loss: 7.4220
26:	[0s / 4s],		train_loss: 4.0783,	val_loss: 7.5141
C-index TRAIN: 0.8418
C-index TEST:  0.8079
  [surv] Saved → survival_predictions/tabdpt/HURRAH/NaN/seed123/fold3/tabdpt_deepsurv_vanilla.pkl
  [ckpt] TABDPT RSF saved → checkpoints/tabdpt/HURRAH/NaN/seed123/fold3/tabdpt_rsf.pkl
C-index train: 0.9500
C-index test:  0.8006
  [surv] Saved → survival_predictions/tabdpt/HURRAH/NaN/seed123/fold3/tabdpt_rsf.pkl
  Fitting TABDPT Cox (embedding)...
C-index train: 0.8292
C-index test:  0.7889
  [surv] Saved → survival_predictions/tabdpt/HURRAH/NaN/seed123/fold3/tabdpt_cox.pkl
X_train shape: (13567, 61), X_test shape: (3391, 61)
Generating TABDPT Embeddings...
<class 'dict'>
Loaded TabDPTModel from checkpoint.
<class 'dict'>
Loaded TabDPTModel from checkpoint.
Successfully generated embeddings with shape: (13567, 768)
0:	[0s / 0s],		train_loss: 5.1896,	val_loss: 7.8407
1:	[0s / 0s],		train_loss: 4.6726,	val_loss: 7.6229
2:	[0s / 0s],		train_loss: 4.5692,	val_loss: 7.9097
3:	[0s / 0s],		train_loss: 4.8645,	val_loss: 7.8674
4:	[0s / 0s],		train_loss: 4.7756,	val_loss: 7.7720
5:	[0s / 0s],		train_loss: 5.0046,	val_loss: 7.8115
6:	[0s / 0s],		train_loss: 4.6808,	val_loss: 8.0148
7:	[0s / 0s],		train_loss: 4.6522,	val_loss: 7.9361
8:	[0s / 0s],		train_loss: 4.6273,	val_loss: 8.1175
9:	[0s / 0s],		train_loss: 4.6746,	val_loss: 8.4653
10:	[0s / 0s],		train_loss: 5.1248,	val_loss: 8.0385
11:	[0s / 1s],		train_loss: 4.7139,	val_loss: 7.7217
12:	[0s / 1s],		train_loss: 4.4898,	val_loss: 7.4645
13:	[0s / 1s],		train_loss: 4.7166,	val_loss: 7.7196
14:	[0s / 1s],		train_loss: 4.5947,	val_loss: 7.7706
15:	[0s / 1s],		train_loss: 4.7836,	val_loss: 7.6013
16:	[0s / 1s],		train_loss: 4.6426,	val_loss: 7.9232
17:	[0s / 1s],		train_loss: 4.5863,	val_loss: 7.9337
18:	[0s / 1s],		train_loss: 4.5601,	val_loss: 7.9014
19:	[0s / 1s],		train_loss: 4.5247,	val_loss: 8.1490
20:	[0s / 1s],		train_loss: 4.6916,	val_loss: 8.1104
21:	[0s / 1s],		train_loss: 5.1389,	val_loss: 8.4739
22:	[0s / 2s],		train_loss: 4.9519,	val_loss: 8.0191
23:	[0s / 2s],		train_loss: 4.7912,	val_loss: 8.0319
24:	[0s / 2s],		train_loss: 4.6110,	val_loss: 8.0246
25:	[0s / 2s],		train_loss: 4.7790,	val_loss: 8.2466
26:	[0s / 2s],		train_loss: 4.4225,	val_loss: 7.7737
27:	[0s / 2s],		train_loss: 4.6463,	val_loss: 7.7060
28:	[0s / 2s],		train_loss: 4.4871,	val_loss: 7.8538
29:	[0s / 2s],		train_loss: 4.5068,	val_loss: 7.8038
30:	[0s / 2s],		train_loss: 5.0011,	val_loss: 8.0561
31:	[0s / 2s],		train_loss: 4.6118,	val_loss: 7.8840
32:	[0s / 2s],		train_loss: 4.6021,	val_loss: 7.8667
C-index TRAIN: 0.8328
C-index TEST:  0.7833
  [surv] Saved → survival_predictions/tabdpt/HURRAH/NaN/seed123/fold4/tabdpt_deepsurv_simple.pkl
0:	[0s / 0s],		train_loss: 4.5266,	val_loss: 7.2448
1:	[0s / 0s],		train_loss: 4.3881,	val_loss: 7.3402
2:	[0s / 0s],		train_loss: 4.3450,	val_loss: 7.2410
3:	[0s / 0s],		train_loss: 4.3224,	val_loss: 7.3415
4:	[0s / 0s],		train_loss: 4.3072,	val_loss: 7.4416
5:	[0s / 0s],		train_loss: 4.2815,	val_loss: 7.4316
6:	[0s / 0s],		train_loss: 4.2474,	val_loss: 7.2848
7:	[0s / 1s],		train_loss: 4.2370,	val_loss: 7.4289
8:	[0s / 1s],		train_loss: 4.2218,	val_loss: 7.4695
9:	[0s / 1s],		train_loss: 4.2004,	val_loss: 7.5621
10:	[0s / 1s],		train_loss: 4.1822,	val_loss: 7.4287
11:	[0s / 1s],		train_loss: 4.1912,	val_loss: 7.4667
12:	[0s / 1s],		train_loss: 4.1759,	val_loss: 7.4235
13:	[0s / 1s],		train_loss: 4.1623,	val_loss: 7.4017
14:	[0s / 2s],		train_loss: 4.1333,	val_loss: 7.4102
15:	[0s / 2s],		train_loss: 4.1291,	val_loss: 7.3535
16:	[0s / 2s],		train_loss: 4.1367,	val_loss: 7.4465
17:	[0s / 2s],		train_loss: 4.1154,	val_loss: 7.5271
18:	[0s / 2s],		train_loss: 4.0931,	val_loss: 7.4860
19:	[0s / 2s],		train_loss: 4.1045,	val_loss: 7.5427
20:	[0s / 3s],		train_loss: 4.0966,	val_loss: 7.5808
21:	[0s / 3s],		train_loss: 4.0773,	val_loss: 7.5169
22:	[0s / 3s],		train_loss: 4.0712,	val_loss: 7.4861
C-index TRAIN: 0.8373
C-index TEST:  0.7872
  [surv] Saved → survival_predictions/tabdpt/HURRAH/NaN/seed123/fold4/tabdpt_deepsurv_vanilla.pkl
  [ckpt] TABDPT RSF saved → checkpoints/tabdpt/HURRAH/NaN/seed123/fold4/tabdpt_rsf.pkl
C-index train: 0.9511
C-index test:  0.7882
  [surv] Saved → survival_predictions/tabdpt/HURRAH/NaN/seed123/fold4/tabdpt_rsf.pkl
  Fitting TABDPT Cox (embedding)...
C-index train: 0.8350
C-index test:  0.7781
  [surv] Saved → survival_predictions/tabdpt/HURRAH/NaN/seed123/fold4/tabdpt_cox.pkl
X_train shape: (13567, 61), X_test shape: (3391, 61)
Generating TABDPT Embeddings...
<class 'dict'>
Loaded TabDPTModel from checkpoint.
<class 'dict'>
Loaded TabDPTModel from checkpoint.
Successfully generated embeddings with shape: (13567, 768)
0:	[0s / 0s],		train_loss: 5.3631,	val_loss: 8.2284
1:	[0s / 0s],		train_loss: 4.7008,	val_loss: 7.6809
2:	[0s / 0s],		train_loss: 4.6524,	val_loss: 7.4840
3:	[0s / 0s],		train_loss: 4.5798,	val_loss: 8.1555
4:	[0s / 0s],		train_loss: 4.9745,	val_loss: 7.8588
5:	[0s / 0s],		train_loss: 4.8251,	val_loss: 7.6390
6:	[0s / 0s],		train_loss: 4.7597,	val_loss: 7.5562
7:	[0s / 0s],		train_loss: 4.6183,	val_loss: 7.7930
8:	[0s / 0s],		train_loss: 4.7756,	val_loss: 7.5128
9:	[0s / 0s],		train_loss: 4.5881,	val_loss: 7.5338
10:	[0s / 1s],		train_loss: 4.5008,	val_loss: 7.9435
11:	[0s / 1s],		train_loss: 4.5360,	val_loss: 7.5849
12:	[0s / 1s],		train_loss: 4.6140,	val_loss: 7.7082
13:	[0s / 1s],		train_loss: 4.6680,	val_loss: 9.2229
14:	[0s / 1s],		train_loss: 5.1450,	val_loss: 7.6163
15:	[0s / 1s],		train_loss: 4.5570,	val_loss: 7.9349
16:	[0s / 1s],		train_loss: 4.6052,	val_loss: 10.0066
17:	[0s / 1s],		train_loss: 4.5431,	val_loss: 7.6695
18:	[0s / 1s],		train_loss: 4.5229,	val_loss: 7.5765
19:	[0s / 1s],		train_loss: 5.4341,	val_loss: 8.8060
20:	[0s / 1s],		train_loss: 4.5793,	val_loss: 7.6701
21:	[0s / 2s],		train_loss: 4.4738,	val_loss: 7.9467
22:	[0s / 2s],		train_loss: 4.7265,	val_loss: 8.3271
C-index TRAIN: 0.8100
C-index TEST:  0.7765
  [surv] Saved → survival_predictions/tabdpt/HURRAH/NaN/seed123/fold5/tabdpt_deepsurv_simple.pkl
0:	[0s / 0s],		train_loss: 4.5767,	val_loss: 7.4047
1:	[0s / 0s],		train_loss: 4.4165,	val_loss: 7.2341
2:	[0s / 0s],		train_loss: 4.3867,	val_loss: 7.3883
3:	[0s / 0s],		train_loss: 4.3659,	val_loss: 7.5044
4:	[0s / 0s],		train_loss: 4.3236,	val_loss: 7.3190
5:	[0s / 0s],		train_loss: 4.3128,	val_loss: 7.4955
6:	[0s / 1s],		train_loss: 4.3056,	val_loss: 7.4005
7:	[0s / 1s],		train_loss: 4.2964,	val_loss: 7.3926
8:	[0s / 1s],		train_loss: 4.2798,	val_loss: 7.4542
9:	[0s / 1s],		train_loss: 4.2683,	val_loss: 7.2945
10:	[0s / 1s],		train_loss: 4.2602,	val_loss: 7.3606
11:	[0s / 1s],		train_loss: 4.2345,	val_loss: 7.4573
12:	[0s / 2s],		train_loss: 4.2349,	val_loss: 7.4492
13:	[0s / 2s],		train_loss: 4.2077,	val_loss: 7.4012
14:	[0s / 2s],		train_loss: 4.1959,	val_loss: 7.5240
15:	[0s / 2s],		train_loss: 4.1945,	val_loss: 7.3382
16:	[0s / 2s],		train_loss: 4.2093,	val_loss: 7.3716
17:	[0s / 2s],		train_loss: 4.1795,	val_loss: 7.4073
18:	[0s / 3s],		train_loss: 4.1804,	val_loss: 7.3624
19:	[0s / 3s],		train_loss: 4.1579,	val_loss: 7.4223
20:	[0s / 3s],		train_loss: 4.1405,	val_loss: 7.4694
21:	[0s / 3s],		train_loss: 4.1356,	val_loss: 7.4625
C-index TRAIN: 0.8272
C-index TEST:  0.8090
  [surv] Saved → survival_predictions/tabdpt/HURRAH/NaN/seed123/fold5/tabdpt_deepsurv_vanilla.pkl
  [ckpt] TABDPT RSF saved → checkpoints/tabdpt/HURRAH/NaN/seed123/fold5/tabdpt_rsf.pkl
C-index train: 0.9506
C-index test:  0.8105
  [surv] Saved → survival_predictions/tabdpt/HURRAH/NaN/seed123/fold5/tabdpt_rsf.pkl
  Fitting TABDPT Cox (embedding)...
C-index train: 0.8304
C-index test:  0.7930
  [surv] Saved → survival_predictions/tabdpt/HURRAH/NaN/seed123/fold5/tabdpt_cox.pkl

  Preprocess: -1 | Seed: 123
  TABDPT Train Vanilla → mean: 0.846281 | std: 0.006998 | min: 0.834884 | max: 0.855258
  TABDPT Test Vanilla → mean: 0.807089 | std: 0.013649 | min: 0.787223 | max: 0.827242
  TABDPT Train Simple → mean: 0.836778 | std: 0.008622 | min: 0.825069 | max: 0.848879
  TABDPT Test Simple → mean: 0.798687 | std: 0.010163 | min: 0.782801 | max: 0.814500
  TABDPT Train RSF → mean: 0.951949 | std: 0.000912 | min: 0.950608 | max: 0.953033
  TABDPT Test RSF → mean: 0.810009 | std: 0.011792 | min: 0.796932 | max: 0.828504
  TABDPT Train Cox → mean: 0.842040 | std: 0.001763 | min: 0.839632 | max: 0.844691
  TABDPT Test Cox → mean: 0.797449 | std: 0.009956 | min: 0.786262 | max: 0.811894
  Train DeepSurv Vanilla → mean: 0.858324 | std: 0.002212 | min: 0.854352 | max: 0.861067
  Test DeepSurv Vanilla → mean: 0.847639 | std: 0.005883 | min: 0.839887 | max: 0.855978
  Train DeepSurv Simple → mean: 0.836306 | std: 0.003739 | min: 0.829847 | max: 0.840438
  Test DeepSurv Simple → mean: 0.835246 | std: 0.009029 | min: 0.818540 | max: 0.844712
  Train RSF  → mean: 0.941442 | std: 0.000613 | min: 0.940661 | max: 0.942530
  Test RSF   → mean: 0.851352 | std: 0.008787 | min: 0.839676 | max: 0.859853
  Train Cox  → mean: 0.828128 | std: 0.001359 | min: 0.826234 | max: 0.829897
  Test Cox   → mean: 0.826363 | std: 0.006724 | min: 0.815616 | max: 0.834793

  Preprocess: NaN | Seed: 123
  TABDPT Train Vanilla → mean: 0.836660 | std: 0.007158 | min: 0.827163 | max: 0.846642
  TABDPT Test Vanilla → mean: 0.804522 | std: 0.008755 | min: 0.787228 | max: 0.811269
  TABDPT Train Simple → mean: 0.810631 | std: 0.021430 | min: 0.770687 | max: 0.832798
  TABDPT Test Simple → mean: 0.776847 | std: 0.010970 | min: 0.759875 | max: 0.792627
  TABDPT Train RSF → mean: 0.950758 | std: 0.000937 | min: 0.949716 | max: 0.952352
  TABDPT Test RSF → mean: 0.802632 | std: 0.010939 | min: 0.788153 | max: 0.818916
  TABDPT Train Cox → mean: 0.831445 | std: 0.002100 | min: 0.829227 | max: 0.835012
  TABDPT Test Cox → mean: 0.790595 | std: 0.007642 | min: 0.778062 | max: 0.801822
Result saved in 'results/HURRAH/tabdpt/results_cv_HURRAH_tabdpt_seed123.txt'
