/scratch.hpc/luca.cotugno/Foundation_model_clinical_data/src/tabicl/embedding.py:142: UserWarning: The given NumPy array is not writable, and PyTorch does not support non-writable tensors. This means writing to this tensor will result in undefined behavior. You may want to copy the array to protect its data or make it writable before converting it to a tensor. This type of warning will be suppressed for the rest of this program. (Triggered internally at /pytorch/torch/csrc/utils/tensor_numpy.cpp:213.)
  y_t = torch.from_numpy(y_ctx).long().unsqueeze(0).to(self.device)    # (1, ctx_size)
/scratch.hpc/luca.cotugno/Foundation_model_clinical_data/.venv/lib/python3.12/site-packages/pycox/models/cox.py:251: RuntimeWarning: overflow encountered in exp
  expg = np.exp(self.predict(input, batch_size, True, eval_, num_workers=num_workers)).reshape(1, -1)
/scratch.hpc/luca.cotugno/Foundation_model_clinical_data/.venv/lib/python3.12/site-packages/pycox/models/cox.py:251: RuntimeWarning: overflow encountered in exp
  expg = np.exp(self.predict(input, batch_size, True, eval_, num_workers=num_workers)).reshape(1, -1)
/scratch.hpc/luca.cotugno/Foundation_model_clinical_data/.venv/lib/python3.12/site-packages/pycox/models/cox.py:251: RuntimeWarning: overflow encountered in exp
  expg = np.exp(self.predict(input, batch_size, True, eval_, num_workers=num_workers)).reshape(1, -1)
/scratch.hpc/luca.cotugno/Foundation_model_clinical_data/.venv/lib/python3.12/site-packages/pycox/models/cox.py:251: RuntimeWarning: overflow encountered in exp
  expg = np.exp(self.predict(input, batch_size, True, eval_, num_workers=num_workers)).reshape(1, -1)
STARTED

============================================================
Dataset: OrmoniTirodei
============================================================
Loading existing folds from tmp/splits/OrmoniTirodei_seed123.pkl
Loading NaN ordering from tmp/masks/OrmoniTirodei_tabicl_seed123_fold0_eval.npy
Loading NaN ordering from tmp/masks/OrmoniTirodei_tabicl_seed123_fold1_train.npy
Loading NaN ordering from tmp/masks/OrmoniTirodei_tabicl_seed123_fold1_test.npy
[fold=1, target=10%] actual NaN%: 10.0%
X_train shape: (5161, 76), X_test shape: (1291, 76)
Generating Tabicl Embeddings...
Warming up TabICL model (triggering checkpoint load)...
ARRIVATO QUI 1
Loading TabICL model checkpoint 'tabicl-classifier-v1.1-0506.ckpt'...
ARRIVATO QUI
Performing dummy prediction to ensure model is loaded...
Warming up TabICL model (triggering checkpoint load)...
ARRIVATO QUI 1
Loading TabICL model checkpoint 'tabicl-classifier-v1.1-0506.ckpt'...
ARRIVATO QUI
Performing dummy prediction to ensure model is loaded...
Successfully generated embeddings with shape: (5161, 512)
Loading SimpleImputer (mean)...
Loading SimpleImputer (median)...
Loading SimpleImputer (constant, fill=-1)...
Loading KNNImputer...
Loading IterativeImputer (BayesianRidge, MICE-like)...
Loading epochs value...
Loading epochs value...
Evaluating method: embeddings
Loading Random Survival Forest...
C-index TRAIN: 0.965486777140596
C-index TEST : 0.7092249859933457
Loading deepsurv_simple.pt...
C-index TRAIN: 0.9267360259470226
C-index TEST : 0.6072127227371037
Loading deepsurv_vanilla.pt...
C-index TRAIN: 0.9228986401821686
C-index TEST : 0.6963200841338254
Loading Cox model...
C-index TRAIN: 0.9243897270064371
C-index TEST : 0.7043735191288644
Evaluating method: mean
Loading Random Survival Forest...
C-index TRAIN: 0.9026291960320677
C-index TEST : 0.788379015371325
Loading deepsurv_simple.pt...
C-index TRAIN: 0.7437791724310662
C-index TEST : 0.721849754766175
Loading deepsurv_vanilla.pt...
C-index TRAIN: 0.7972160821744636
C-index TEST : 0.7783004842076928
Loading Cox model...
C-index TRAIN: 0.7944091561511917
C-index TEST : 0.7833303598536422
Evaluating method: median
Loading Random Survival Forest...
C-index TRAIN: 0.8949866582093323
C-index TEST : 0.7864978982193551
Loading deepsurv_simple.pt...
C-index TRAIN: 0.7717387639596034
C-index TEST : 0.7526628293128758
Loading deepsurv_vanilla.pt...
C-index TRAIN: 0.7920855504813197
C-index TEST : 0.776635335580658
Loading Cox model...
C-index TRAIN: 0.7937478094046841
C-index TEST : 0.7821159281482107
Evaluating method: constant
Loading Random Survival Forest...
C-index TRAIN: 0.9079690615693443
C-index TEST : 0.7885793340031487
Loading deepsurv_simple.pt...
C-index TRAIN: 0.712971714366378
C-index TEST : 0.6658466122676382
Loading deepsurv_vanilla.pt...
C-index TRAIN: 0.7867703233522463
C-index TEST : 0.7587913274552335
Loading Cox model...
C-index TRAIN: 0.7415277220995036
C-index TEST : 0.7077570260195123
Evaluating method: knn
Loading Random Survival Forest...
C-index TRAIN: 0.9063951674633702
C-index TEST : 0.7890582207323524
Loading deepsurv_simple.pt...
C-index TRAIN: 0.7603849964320621
C-index TEST : 0.7467941193961646
Loading deepsurv_vanilla.pt...
C-index TRAIN: 0.7952924338227175
C-index TEST : 0.777971836452357
Loading Cox model...
C-index TRAIN: 0.794412675923792
C-index TEST : 0.7832802801956863
Evaluating method: imputer_bayesian
Loading Random Survival Forest...
C-index TRAIN: 0.9030165562693078
C-index TEST : 0.7965858193188541
Loading deepsurv_simple.pt...
C-index TRAIN: 0.7563832002365287
C-index TEST : 0.7375810273215834
Loading deepsurv_vanilla.pt...
C-index TRAIN: 0.7968985616356643
C-index TEST : 0.7760813293645205
Loading Cox model...
C-index TRAIN: 0.7967818533862806
C-index TEST : 0.7847732799984977
[fold=1, target=30%] actual NaN%: 30.0%
X_train shape: (5161, 76), X_test shape: (1291, 76)
Generating Tabicl Embeddings...
Warming up TabICL model (triggering checkpoint load)...
ARRIVATO QUI 1
Loading TabICL model checkpoint 'tabicl-classifier-v1.1-0506.ckpt'...
ARRIVATO QUI
Performing dummy prediction to ensure model is loaded...
Warming up TabICL model (triggering checkpoint load)...
ARRIVATO QUI 1
Loading TabICL model checkpoint 'tabicl-classifier-v1.1-0506.ckpt'...
ARRIVATO QUI
Performing dummy prediction to ensure model is loaded...
Successfully generated embeddings with shape: (5161, 512)
Loading SimpleImputer (mean)...
Loading SimpleImputer (median)...
Loading SimpleImputer (constant, fill=-1)...
Loading KNNImputer...
Loading IterativeImputer (BayesianRidge, MICE-like)...
Loading epochs value...
Loading epochs value...
Evaluating method: embeddings
Loading Random Survival Forest...
C-index TRAIN: 0.967946542434749
C-index TEST : 0.7021355844139584
Loading deepsurv_simple.pt...
C-index TRAIN: 0.9276649680367598
C-index TEST : 0.6139014870528434
Loading deepsurv_vanilla.pt...
C-index TRAIN: 0.9328947943674747
C-index TEST : 0.531069732793725
Loading Cox model...
C-index TRAIN: 0.9225055371580541
C-index TEST : 0.6947519648440801
Evaluating method: mean
Loading Random Survival Forest...
C-index TRAIN: 0.8915767395642448
C-index TEST : 0.771761958865821
Loading deepsurv_simple.pt...
C-index TRAIN: 0.7162749283263148
C-index TEST : 0.7019696955469794
Loading deepsurv_vanilla.pt...
C-index TRAIN: 0.7901348554559069
C-index TEST : 0.7668698022792504
Loading Cox model...
C-index TRAIN: 0.7784964494757021
C-index TEST : 0.7628571696855311
Evaluating method: median
Loading Random Survival Forest...
C-index TRAIN: 0.8754222800864604
C-index TEST : 0.7696147935309602
Loading deepsurv_simple.pt...
C-index TRAIN: 0.7513394587256644
C-index TEST : 0.7415514052039025
Loading deepsurv_vanilla.pt...
C-index TRAIN: 0.7880865330536287
C-index TEST : 0.7642030604930968
Loading Cox model...
C-index TRAIN: 0.7757282409510351
C-index TEST : 0.7598367403150637
Evaluating method: constant
Loading Random Survival Forest...
C-index TRAIN: 0.9031782805577394
C-index TEST : 0.766838502493028
Loading deepsurv_simple.pt...
C-index TRAIN: 0.6410688734282363
C-index TEST : 0.6170940652475344
Loading deepsurv_vanilla.pt...
C-index TRAIN: 0.8144259176788174
C-index TEST : 0.695831807468755
Loading Cox model...
C-index TRAIN: 0.6773609708347937
C-index TEST : 0.6489541176433765
Evaluating method: knn
Loading Random Survival Forest...
C-index TRAIN: 0.902913186105568
C-index TEST : 0.7688667286402434
Loading deepsurv_simple.pt...
C-index TRAIN: 0.6944086189227421
C-index TEST : 0.6651235872058994
Loading deepsurv_vanilla.pt...
C-index TRAIN: 0.7851419653965598
C-index TEST : 0.7566942417783287
Loading Cox model...
C-index TRAIN: 0.7732682904056927
C-index TEST : 0.76037509663809
Evaluating method: imputer_bayesian
Loading Random Survival Forest...
C-index TRAIN: 0.910145948297134
C-index TEST : 0.7794742261910351
Loading deepsurv_simple.pt...
C-index TRAIN: 0.7505726114267379
C-index TEST : 0.7448597926076165
Loading deepsurv_vanilla.pt...
C-index TRAIN: 0.7962381411451043
C-index TEST : 0.7657148401676417
Loading Cox model...
C-index TRAIN: 0.7813209743619763
C-index TEST : 0.7715679001912417
[fold=1, target=50%] actual NaN%: 50.0%
X_train shape: (5161, 76), X_test shape: (1291, 76)
Generating Tabicl Embeddings...
Warming up TabICL model (triggering checkpoint load)...
ARRIVATO QUI 1
Loading TabICL model checkpoint 'tabicl-classifier-v1.1-0506.ckpt'...
ARRIVATO QUI
Performing dummy prediction to ensure model is loaded...
Warming up TabICL model (triggering checkpoint load)...
ARRIVATO QUI 1
Loading TabICL model checkpoint 'tabicl-classifier-v1.1-0506.ckpt'...
ARRIVATO QUI
Performing dummy prediction to ensure model is loaded...
Successfully generated embeddings with shape: (5161, 512)
Loading SimpleImputer (mean)...
Loading SimpleImputer (median)...
Loading SimpleImputer (constant, fill=-1)...
Loading KNNImputer...
Loading IterativeImputer (BayesianRidge, MICE-like)...
Loading epochs value...
Loading epochs value...
Evaluating method: embeddings
Loading Random Survival Forest...
C-index TRAIN: 0.9722291794335611
C-index TEST : 0.6738124078612543
Loading deepsurv_simple.pt...
C-index TRAIN: 0.9190298543406947
C-index TEST : 0.48405745388759
Loading deepsurv_vanilla.pt...
C-index TRAIN: 0.9217742580875112
C-index TEST : 0.5933030977398425
Loading Cox model...
C-index TRAIN: 0.9186599077152674
C-index TEST : 0.6543189010019062
Evaluating method: mean
Loading Random Survival Forest...
C-index TRAIN: 0.8691355957196601
C-index TEST : 0.7360895925080831
Loading deepsurv_simple.pt...
C-index TRAIN: 0.737200995317591
C-index TEST : 0.7264116986080985
Loading deepsurv_vanilla.pt...
C-index TRAIN: 0.7637354494453209
C-index TEST : 0.7315667733989377
Loading Cox model...
C-index TRAIN: 0.7597045688130364
C-index TEST : 0.7358172843679478
Evaluating method: median
Loading Random Survival Forest...
C-index TRAIN: 0.8446572445441672
C-index TEST : 0.735579405992657
Loading deepsurv_simple.pt...
C-index TRAIN: 0.7392221784206077
C-index TEST : 0.7193379469218225
Loading deepsurv_vanilla.pt...
C-index TRAIN: 0.7633312313498365
C-index TEST : 0.7303930314155954
Loading Cox model...
C-index TRAIN: 0.7557218534900213
C-index TEST : 0.7320581800426303
Evaluating method: constant
Loading Random Survival Forest...
C-index TRAIN: 0.8845179282396173
C-index TEST : 0.7305902200687969
Loading deepsurv_simple.pt...
C-index TRAIN: 0.5900154054889186
C-index TEST : 0.5653805584507858
Loading deepsurv_vanilla.pt...
C-index TRAIN: 0.7915670324019151
C-index TEST : 0.6343152076271319
Loading Cox model...
C-index TRAIN: 0.6322900974347156
C-index TEST : 0.5952655943359907
Evaluating method: knn
Loading Random Survival Forest...
C-index TRAIN: 0.8920906263639119
C-index TEST : 0.7293632684488764
Loading deepsurv_simple.pt...
C-index TRAIN: 0.6808614773115458
C-index TEST : 0.6492999802811347
Loading deepsurv_vanilla.pt...
C-index TRAIN: 0.757679958563014
C-index TEST : 0.7138917841191145
Loading Cox model...
C-index TRAIN: 0.7521485432957965
C-index TEST : 0.7275791806341962
Evaluating method: imputer_bayesian
Loading Random Survival Forest...
C-index TRAIN: 0.9079171912362849
C-index TEST : 0.748518737617022
Loading deepsurv_simple.pt...
C-index TRAIN: 0.6514327512246956
C-index TEST : 0.6247218231499478
Loading deepsurv_vanilla.pt...
C-index TRAIN: 0.7686922155227158
C-index TEST : 0.7331505425817941
Loading Cox model...
C-index TRAIN: 0.7629562829422928
C-index TEST : 0.7425529983630211
[fold=1, target=70%] actual NaN%: 70.0%
X_train shape: (5161, 76), X_test shape: (1291, 76)
Generating Tabicl Embeddings...
Warming up TabICL model (triggering checkpoint load)...
ARRIVATO QUI 1
Loading TabICL model checkpoint 'tabicl-classifier-v1.1-0506.ckpt'...
ARRIVATO QUI
Performing dummy prediction to ensure model is loaded...
Warming up TabICL model (triggering checkpoint load)...
ARRIVATO QUI 1
Loading TabICL model checkpoint 'tabicl-classifier-v1.1-0506.ckpt'...
ARRIVATO QUI
Performing dummy prediction to ensure model is loaded...
Successfully generated embeddings with shape: (5161, 512)
Loading SimpleImputer (mean)...
Loading SimpleImputer (median)...
Loading SimpleImputer (constant, fill=-1)...
Loading KNNImputer...
Loading IterativeImputer (BayesianRidge, MICE-like)...
Loading epochs value...
Loading epochs value...
Evaluating method: embeddings
Loading Random Survival Forest...
C-index TRAIN: 0.9716017336547318
C-index TEST : 0.6365594022992823
Loading deepsurv_simple.pt...
C-index TRAIN: 0.9191043253188729
C-index TEST : 0.5472611122066037
Loading deepsurv_vanilla.pt...
C-index TRAIN: 0.9167319985861629
C-index TEST : 0.6223618192687744
Loading Cox model...
C-index TRAIN: 0.9174177984896841
C-index TEST : 0.637395106591422
Evaluating method: mean
Loading Random Survival Forest...
C-index TRAIN: 0.8266228559953583
C-index TEST : 0.6940852793975417
Loading deepsurv_simple.pt...
C-index TRAIN: 0.704147644457025
C-index TEST : 0.6692238592010417
Loading deepsurv_vanilla.pt...
C-index TRAIN: 0.7295238155224195
C-index TEST : 0.6979195032097931
Loading Cox model...
C-index TRAIN: 0.7309967477301171
C-index TEST : 0.6974656563095674
Evaluating method: median
Loading Random Survival Forest...
C-index TRAIN: 0.7986612267037366
C-index TEST : 0.6948020445020361
Loading deepsurv_simple.pt...
C-index TRAIN: 0.7057260772171418
C-index TEST : 0.671480573787681
Loading deepsurv_vanilla.pt...
C-index TRAIN: 0.7251404018765204
C-index TEST : 0.6973373271860553
Loading Cox model...
C-index TRAIN: 0.7247178439132758
C-index TEST : 0.6925359399795299
Evaluating method: constant
Loading Random Survival Forest...
C-index TRAIN: 0.8416784054170412
C-index TEST : 0.6789299229086265
Loading deepsurv_simple.pt...
C-index TRAIN: 0.5586179223856796
C-index TEST : 0.5518434009095717
Loading deepsurv_vanilla.pt...
C-index TRAIN: 0.7019880787154534
C-index TEST : 0.5654869777239422
Loading Cox model...
C-index TRAIN: 0.5942063431489294
C-index TEST : 0.5737720311370273
Evaluating method: knn
Loading Random Survival Forest...
C-index TRAIN: 0.8834064211026299
C-index TEST : 0.6880193808276289
Loading deepsurv_simple.pt...
C-index TRAIN: 0.657905335160157
C-index TEST : 0.6035036980697421
Loading deepsurv_vanilla.pt...
C-index TRAIN: 0.6990140561192544
C-index TEST : 0.6541968318356386
Loading Cox model...
C-index TRAIN: 0.7139260358690763
C-index TEST : 0.6714680538731921
Evaluating method: imputer_bayesian
Loading Random Survival Forest...
C-index TRAIN: 0.9098582531998438
C-index TEST : 0.6856718968609444
Loading deepsurv_simple.pt...
C-index TRAIN: 0.6662358032750928
C-index TEST : 0.6252351396439962
Loading deepsurv_vanilla.pt...
C-index TRAIN: 0.7285745884274323
C-index TEST : 0.6866828799559299
Loading Cox model...
C-index TRAIN: 0.7265799888701086
C-index TEST : 0.6899067579368433
[fold=1, target=90%] actual NaN%: 90.0%
X_train shape: (5161, 76), X_test shape: (1291, 76)
Generating Tabicl Embeddings...
Warming up TabICL model (triggering checkpoint load)...
ARRIVATO QUI 1
Loading TabICL model checkpoint 'tabicl-classifier-v1.1-0506.ckpt'...
ARRIVATO QUI
Performing dummy prediction to ensure model is loaded...
Warming up TabICL model (triggering checkpoint load)...
ARRIVATO QUI 1
Loading TabICL model checkpoint 'tabicl-classifier-v1.1-0506.ckpt'...
ARRIVATO QUI
Performing dummy prediction to ensure model is loaded...
Successfully generated embeddings with shape: (5161, 512)
Loading SimpleImputer (mean)...
Loading SimpleImputer (median)...
Loading SimpleImputer (constant, fill=-1)...
Loading KNNImputer...
Loading IterativeImputer (BayesianRidge, MICE-like)...
Loading epochs value...
Loading epochs value...
Evaluating method: embeddings
Loading Random Survival Forest...
C-index TRAIN: 0.9864145113925776
C-index TEST : 0.5711397191157185
Loading deepsurv_simple.pt...
C-index TRAIN: 0.9034785727359156
C-index TEST : 0.4821951166073536
Loading deepsurv_vanilla.pt...
C-index TRAIN: 0.9092464611465271
C-index TEST : 0.5476241897267842
Loading Cox model...
C-index TRAIN: 0.9119724323999885
C-index TEST : 0.5381622643517345
Evaluating method: mean
Loading Random Survival Forest...
C-index TRAIN: 0.7345650561422254
C-index TEST : 0.6024582852099121
Loading deepsurv_simple.pt...
C-index TRAIN: 0.6239620375852434
C-index TEST : 0.5993314365662883
Loading deepsurv_vanilla.pt...
C-index TRAIN: 0.6403294433053555
C-index TEST : 0.6145525226062706
Loading Cox model...
C-index TRAIN: 0.6514709129697321
C-index TEST : 0.6238986387722972
Evaluating method: median
Loading Random Survival Forest...
C-index TRAIN: 0.6928803892349793
C-index TEST : 0.610142382727526
Loading deepsurv_simple.pt...
C-index TRAIN: 0.6402819263752493
C-index TEST : 0.6126385406787672
Loading deepsurv_vanilla.pt...
C-index TRAIN: 0.6453378018390256
C-index TEST : 0.6191661110954613
Loading Cox model...
C-index TRAIN: 0.6498156935915685
C-index TEST : 0.6146151221787155
Evaluating method: constant
Loading Random Survival Forest...
C-index TRAIN: 0.7639446906638587
C-index TEST : 0.5969401328988923
Loading deepsurv_simple.pt...
C-index TRAIN: 0.5667356295094771
C-index TEST : 0.5190287050339446
Loading deepsurv_vanilla.pt...
C-index TRAIN: 0.6325384266542375
C-index TEST : 0.5278333348983226
Loading Cox model...
C-index TRAIN: 0.5795473238983667
C-index TEST : 0.5299742402759389
Evaluating method: knn
Loading Random Survival Forest...
C-index TRAIN: 0.8919039857904928
C-index TEST : 0.5865454738944132
Loading deepsurv_simple.pt...
C-index TRAIN: 0.5274793278197639
C-index TEST : 0.5222854477903915
Loading deepsurv_vanilla.pt...
C-index TRAIN: 0.5993217768701293
C-index TEST : 0.5557621341446238
Loading Cox model...
C-index TRAIN: 0.6208088770887998
C-index TEST : 0.5861197968017878
Evaluating method: imputer_bayesian
Loading Random Survival Forest...
C-index TRAIN: 0.8617115616749376
C-index TEST : 0.5913625109940499
Loading deepsurv_simple.pt...
C-index TRAIN: 0.5473981840937401
C-index TEST : 0.5235828239293125
Loading deepsurv_vanilla.pt...
C-index TRAIN: 0.6401191832052754
C-index TEST : 0.6152348579459203
Loading Cox model...
C-index TRAIN: 0.6497197334754087
C-index TEST : 0.6152411179031647
Loading NaN ordering from tmp/masks/OrmoniTirodei_tabicl_seed123_fold2_train.npy
Loading NaN ordering from tmp/masks/OrmoniTirodei_tabicl_seed123_fold2_test.npy
[fold=2, target=10%] actual NaN%: 10.0%
X_train shape: (5161, 76), X_test shape: (1291, 76)
Generating Tabicl Embeddings...
Warming up TabICL model (triggering checkpoint load)...
ARRIVATO QUI 1
Loading TabICL model checkpoint 'tabicl-classifier-v1.1-0506.ckpt'...
ARRIVATO QUI
Performing dummy prediction to ensure model is loaded...
Warming up TabICL model (triggering checkpoint load)...
ARRIVATO QUI 1
Loading TabICL model checkpoint 'tabicl-classifier-v1.1-0506.ckpt'...
ARRIVATO QUI
Performing dummy prediction to ensure model is loaded...
Successfully generated embeddings with shape: (5161, 512)
Loading SimpleImputer (mean)...
Loading SimpleImputer (median)...
Loading SimpleImputer (constant, fill=-1)...
Loading KNNImputer...
Loading IterativeImputer (BayesianRidge, MICE-like)...
Loading epochs value...
Loading epochs value...
Evaluating method: embeddings
Loading Random Survival Forest...
C-index TRAIN: 0.9665573433010083
C-index TEST : 0.7187444001606574
Loading deepsurv_simple.pt...
C-index TRAIN: 0.9149395841624556
C-index TEST : 0.5816417956560694
Loading deepsurv_vanilla.pt...
C-index TRAIN: 0.9337057090801937
C-index TEST : 0.6716285105199741
Loading Cox model...
C-index TRAIN: 0.9238496985803941
C-index TEST : 0.7244322921494114
Evaluating method: mean
Loading Random Survival Forest...
C-index TRAIN: 0.8992675483139044
C-index TEST : 0.7897395495411994
Loading deepsurv_simple.pt...
C-index TRAIN: 0.7186303811193865
C-index TEST : 0.7291732319955511
Loading deepsurv_vanilla.pt...
C-index TRAIN: 0.8089951354446641
C-index TEST : 0.791200914511694
Loading Cox model...
C-index TRAIN: 0.7942745696089218
C-index TEST : 0.7961318626996632
Evaluating method: median
Loading Random Survival Forest...
C-index TRAIN: 0.8919920820452908
C-index TEST : 0.7909599283220564
Loading deepsurv_simple.pt...
C-index TRAIN: 0.7684666190281368
C-index TEST : 0.7793678746871814
Loading deepsurv_vanilla.pt...
C-index TRAIN: 0.8058948221525852
C-index TEST : 0.7882781845707048
Loading Cox model...
C-index TRAIN: 0.7929557775466455
C-index TEST : 0.7953687397658109
Evaluating method: constant
Loading Random Survival Forest...
C-index TRAIN: 0.9064278200095945
C-index TEST : 0.7901535514567306
Loading deepsurv_simple.pt...
C-index TRAIN: 0.636041446264147
C-index TEST : 0.6580251490715853
Loading deepsurv_vanilla.pt...
C-index TRAIN: 0.7995419343547004
C-index TEST : 0.7661939629869929
Loading Cox model...
C-index TRAIN: 0.7369504057635933
C-index TEST : 0.743575246392931
Evaluating method: knn
Loading Random Survival Forest...
C-index TRAIN: 0.9018202228903508
C-index TEST : 0.7899836252973708
Loading deepsurv_simple.pt...
C-index TRAIN: 0.7506481552703933
C-index TEST : 0.7684091821917385
Loading deepsurv_vanilla.pt...
C-index TRAIN: 0.8111160161703452
C-index TEST : 0.7948898569530695
Loading Cox model...
C-index TRAIN: 0.7938106327563572
C-index TEST : 0.7940464052893379
Evaluating method: imputer_bayesian
Loading Random Survival Forest...
C-index TRAIN: 0.9012951585950573
C-index TEST : 0.7940680322550746
Loading deepsurv_simple.pt...
C-index TRAIN: 0.7723062213616073
C-index TEST : 0.7806160595668428
Loading deepsurv_vanilla.pt...
C-index TRAIN: 0.8061078392136447
C-index TEST : 0.7949022152192048
Loading Cox model...
C-index TRAIN: 0.7949991806321507
C-index TEST : 0.7970680013594093
[fold=2, target=30%] actual NaN%: 30.0%
X_train shape: (5161, 76), X_test shape: (1291, 76)
Generating Tabicl Embeddings...
Warming up TabICL model (triggering checkpoint load)...
ARRIVATO QUI 1
Loading TabICL model checkpoint 'tabicl-classifier-v1.1-0506.ckpt'...
ARRIVATO QUI
Performing dummy prediction to ensure model is loaded...
Warming up TabICL model (triggering checkpoint load)...
ARRIVATO QUI 1
Loading TabICL model checkpoint 'tabicl-classifier-v1.1-0506.ckpt'...
ARRIVATO QUI
Performing dummy prediction to ensure model is loaded...
Successfully generated embeddings with shape: (5161, 512)
Loading SimpleImputer (mean)...
Loading SimpleImputer (median)...
Loading SimpleImputer (constant, fill=-1)...
Loading KNNImputer...
Loading IterativeImputer (BayesianRidge, MICE-like)...
Loading epochs value...
Loading epochs value...
Evaluating method: embeddings
Loading Random Survival Forest...
C-index TRAIN: 0.9678744631840003
C-index TEST : 0.6989928013099762
Loading deepsurv_simple.pt...
C-index TRAIN: 0.9237135088675668
C-index TEST : 0.6160950968579109
Loading deepsurv_vanilla.pt...
C-index TRAIN: 0.9180587559209081
C-index TEST : 0.6700095776562548
Loading Cox model...
C-index TRAIN: 0.9203522427082764
C-index TEST : 0.6711558068403003
Evaluating method: mean
Loading Random Survival Forest...
C-index TRAIN: 0.8885193372670422
C-index TEST : 0.7629869929248927
Loading deepsurv_simple.pt...
C-index TRAIN: 0.7324825285134438
C-index TEST : 0.7411901010288257
Loading deepsurv_vanilla.pt...
C-index TRAIN: 0.779423202193602
C-index TEST : 0.7699663237247815
Loading Cox model...
C-index TRAIN: 0.781306633460902
C-index TEST : 0.7734142799765193
Evaluating method: median
Loading Random Survival Forest...
C-index TRAIN: 0.8740795117533766
C-index TEST : 0.7628757685296753
Loading deepsurv_simple.pt...
C-index TRAIN: 0.7338295618258562
C-index TEST : 0.7250780115549789
Loading deepsurv_vanilla.pt...
C-index TRAIN: 0.7768147883076765
C-index TEST : 0.7657984984706646
Loading Cox model...
C-index TRAIN: 0.7799672178541184
C-index TEST : 0.7683535699941298
Evaluating method: constant
Loading Random Survival Forest...
C-index TRAIN: 0.9029965081180589
C-index TEST : 0.7563969475082646
Loading deepsurv_simple.pt...
C-index TRAIN: 0.6029010824202305
C-index TEST : 0.6147665832483703
Loading deepsurv_vanilla.pt...
C-index TRAIN: 0.7602468359580974
C-index TEST : 0.7144066487471807
Loading Cox model...
C-index TRAIN: 0.6933553912360713
C-index TEST : 0.6719714524052276
Evaluating method: knn
Loading Random Survival Forest...
C-index TRAIN: 0.8994375532078158
C-index TEST : 0.7612290295671518
Loading deepsurv_simple.pt...
C-index TRAIN: 0.7203503104122145
C-index TEST : 0.726145456792412
Loading deepsurv_vanilla.pt...
C-index TRAIN: 0.7629951555108154
C-index TEST : 0.7506040102573609
Loading Cox model...
C-index TRAIN: 0.7774639654654102
C-index TEST : 0.7682639725646492
Evaluating method: imputer_bayesian
Loading Random Survival Forest...
C-index TRAIN: 0.9094540929189153
C-index TEST : 0.7728396206012297
Loading deepsurv_simple.pt...
C-index TRAIN: 0.657846571233537
C-index TEST : 0.670608953563815
Loading deepsurv_vanilla.pt...
C-index TRAIN: 0.7833565394658465
C-index TEST : 0.7717891679797324
Loading Cox model...
C-index TRAIN: 0.7821640898383895
C-index TEST : 0.7736614452992245
[fold=2, target=50%] actual NaN%: 50.0%
X_train shape: (5161, 76), X_test shape: (1291, 76)
Generating Tabicl Embeddings...
Warming up TabICL model (triggering checkpoint load)...
ARRIVATO QUI 1
Loading TabICL model checkpoint 'tabicl-classifier-v1.1-0506.ckpt'...
ARRIVATO QUI
Performing dummy prediction to ensure model is loaded...
Warming up TabICL model (triggering checkpoint load)...
ARRIVATO QUI 1
Loading TabICL model checkpoint 'tabicl-classifier-v1.1-0506.ckpt'...
ARRIVATO QUI
Performing dummy prediction to ensure model is loaded...
Successfully generated embeddings with shape: (5161, 512)
Loading SimpleImputer (mean)...
Loading SimpleImputer (median)...
Loading SimpleImputer (constant, fill=-1)...
Loading KNNImputer...
Loading IterativeImputer (BayesianRidge, MICE-like)...
Loading epochs value...
Loading epochs value...
Evaluating method: embeddings
Loading Random Survival Forest...
C-index TRAIN: 0.9750587027827664
C-index TEST : 0.6545710136867797
Loading deepsurv_simple.pt...
C-index TRAIN: 0.9150620248456114
C-index TEST : 0.5848055117866964
Loading deepsurv_vanilla.pt...
C-index TRAIN: 0.9192511126495161
C-index TEST : 0.6336484691197825
Loading Cox model...
C-index TRAIN: 0.9174034474391317
C-index TEST : 0.6425433311706368
Evaluating method: mean
Loading Random Survival Forest...
C-index TRAIN: 0.8684020914875298
C-index TEST : 0.73737139679303
Loading deepsurv_simple.pt...
C-index TRAIN: 0.698634182540293
C-index TEST : 0.6945252881020793
Loading deepsurv_vanilla.pt...
C-index TRAIN: 0.7651920274950866
C-index TEST : 0.7522600179194859
Loading Cox model...
C-index TRAIN: 0.7609746055421966
C-index TEST : 0.7540365186764297
Evaluating method: median
Loading Random Survival Forest...
C-index TRAIN: 0.8458895417820006
C-index TEST : 0.7380541909970031
Loading deepsurv_simple.pt...
C-index TRAIN: 0.7367598702240237
C-index TEST : 0.7389810609571477
Loading deepsurv_vanilla.pt...
C-index TRAIN: 0.7580332421809826
C-index TEST : 0.747641115951432
Loading Cox model...
C-index TRAIN: 0.7556098828025279
C-index TEST : 0.7490870330892576
Evaluating method: constant
Loading Random Survival Forest...
C-index TRAIN: 0.8813048126434591
C-index TEST : 0.7246640096394475
Loading deepsurv_simple.pt...
C-index TRAIN: 0.5993210394712346
C-index TEST : 0.5702891834275651
Loading deepsurv_vanilla.pt...
C-index TRAIN: 0.751529765348655
C-index TEST : 0.6647943893471746
Loading Cox model...
C-index TRAIN: 0.6516016318983434
C-index TEST : 0.611826860691445
Evaluating method: knn
Loading Random Survival Forest...
C-index TRAIN: 0.8896800154880962
C-index TEST : 0.7352488645842988
Loading deepsurv_simple.pt...
C-index TRAIN: 0.6919476020763264
C-index TEST : 0.6611826860691445
Loading deepsurv_vanilla.pt...
C-index TRAIN: 0.7502039129738445
C-index TEST : 0.7271078567676955
Loading Cox model...
C-index TRAIN: 0.7507308352461206
C-index TEST : 0.742354867612074
Evaluating method: imputer_bayesian
Loading Random Survival Forest...
C-index TRAIN: 0.9117371750351808
C-index TEST : 0.7553804801186393
Loading deepsurv_simple.pt...
C-index TRAIN: 0.6611664974049636
C-index TEST : 0.6936339481570736
Loading deepsurv_vanilla.pt...
C-index TRAIN: 0.7613524251616162
C-index TEST : 0.7481230883307072
Loading Cox model...
C-index TRAIN: 0.7611055929194727
C-index TEST : 0.7595483053727562
[fold=2, target=70%] actual NaN%: 70.0%
X_train shape: (5161, 76), X_test shape: (1291, 76)
Generating Tabicl Embeddings...
Warming up TabICL model (triggering checkpoint load)...
ARRIVATO QUI 1
Loading TabICL model checkpoint 'tabicl-classifier-v1.1-0506.ckpt'...
ARRIVATO QUI
Performing dummy prediction to ensure model is loaded...
Warming up TabICL model (triggering checkpoint load)...
ARRIVATO QUI 1
Loading TabICL model checkpoint 'tabicl-classifier-v1.1-0506.ckpt'...
ARRIVATO QUI
Performing dummy prediction to ensure model is loaded...
Successfully generated embeddings with shape: (5161, 512)
Loading SimpleImputer (mean)...
Loading SimpleImputer (median)...
Loading SimpleImputer (constant, fill=-1)...
Loading KNNImputer...
Loading IterativeImputer (BayesianRidge, MICE-like)...
Loading epochs value...
Loading epochs value...
Evaluating method: embeddings
Loading Random Survival Forest...
C-index TRAIN: 0.9745289935450163
C-index TEST : 0.6185219513702228
Loading deepsurv_simple.pt...
C-index TRAIN: 0.9163646525081389
C-index TEST : 0.570275280378163
Loading deepsurv_vanilla.pt...
C-index TRAIN: 0.9154890808550707
C-index TEST : 0.5213767108474681
Loading Cox model...
C-index TRAIN: 0.9159718761740092
C-index TEST : 0.611592053634875
Evaluating method: mean
Loading Random Survival Forest...
C-index TRAIN: 0.8270191843555366
C-index TEST : 0.6972657336175735
Loading deepsurv_simple.pt...
C-index TRAIN: 0.6149508992422799
C-index TEST : 0.6007260481354466
Loading deepsurv_vanilla.pt...
C-index TRAIN: 0.7225238647853535
C-index TEST : 0.7031142830660858
Loading Cox model...
C-index TRAIN: 0.726289519634915
C-index TEST : 0.7111718725862761
Evaluating method: median
Loading Random Survival Forest...
C-index TRAIN: 0.8027526114795479
C-index TEST : 0.6946813112120369
Loading deepsurv_simple.pt...
C-index TRAIN: 0.5801469957069584
C-index TEST : 0.5883461550344486
Loading deepsurv_vanilla.pt...
C-index TRAIN: 0.6848018226011009
C-index TEST : 0.6672011616770167
Loading Cox model...
C-index TRAIN: 0.7188810222143444
C-index TEST : 0.7114066796428461
Evaluating method: constant
Loading Random Survival Forest...
C-index TRAIN: 0.8358863795051762
C-index TEST : 0.6831742206568419
Loading deepsurv_simple.pt...
C-index TRAIN: 0.5703484895947715
C-index TEST : 0.5537553681218526
Loading deepsurv_vanilla.pt...
C-index TRAIN: 0.7514476427660224
C-index TEST : 0.5849476318472518
Loading Cox model...
C-index TRAIN: 0.6113045265150038
C-index TEST : 0.582401829023388
Evaluating method: knn
Loading Random Survival Forest...
C-index TRAIN: 0.883581206042587
C-index TEST : 0.679809682701517
Loading deepsurv_simple.pt...
C-index TRAIN: 0.5916809452197782
C-index TEST : 0.582837457904656
Loading deepsurv_vanilla.pt...
C-index TRAIN: 0.7060842057464255
C-index TEST : 0.6712052399048414
Loading Cox model...
C-index TRAIN: 0.7086010213671069
C-index TEST : 0.6863811907189421
Evaluating method: imputer_bayesian
Loading Random Survival Forest...
C-index TRAIN: 0.9059880368578042
C-index TEST : 0.7141162294930021
Loading deepsurv_simple.pt...
C-index TRAIN: 0.6327940740938925
C-index TEST : 0.6281413167732567
Loading deepsurv_vanilla.pt...
C-index TRAIN: 0.724632947357195
C-index TEST : 0.7064046714245992
Loading Cox model...
C-index TRAIN: 0.7245361467563995
C-index TEST : 0.7173664534865758
[fold=2, target=90%] actual NaN%: 90.0%
X_train shape: (5161, 76), X_test shape: (1291, 76)
Generating Tabicl Embeddings...
Warming up TabICL model (triggering checkpoint load)...
ARRIVATO QUI 1
Loading TabICL model checkpoint 'tabicl-classifier-v1.1-0506.ckpt'...
ARRIVATO QUI
Performing dummy prediction to ensure model is loaded...
Warming up TabICL model (triggering checkpoint load)...
ARRIVATO QUI 1
Loading TabICL model checkpoint 'tabicl-classifier-v1.1-0506.ckpt'...
ARRIVATO QUI
Performing dummy prediction to ensure model is loaded...
Successfully generated embeddings with shape: (5161, 512)
Loading SimpleImputer (mean)...
Loading SimpleImputer (median)...
Loading SimpleImputer (constant, fill=-1)...
Loading KNNImputer...
Loading IterativeImputer (BayesianRidge, MICE-like)...
Loading epochs value...
Loading epochs value...
Evaluating method: embeddings
Loading Random Survival Forest...
C-index TRAIN: 0.9866599110623578
C-index TEST : 0.5551147773967312
Loading deepsurv_simple.pt...
C-index TRAIN: 0.9153696129350871
C-index TEST : 0.545500046343498
Loading deepsurv_vanilla.pt...
C-index TRAIN: 0.9122117023565465
C-index TEST : 0.5515864924151141
Loading Cox model...
C-index TRAIN: 0.9111145669482988
C-index TEST : 0.5437791577841629
Evaluating method: mean
Loading Random Survival Forest...
C-index TRAIN: 0.7470637460754881
C-index TEST : 0.6205811474650107
Loading deepsurv_simple.pt...
C-index TRAIN: 0.6253202687823822
C-index TEST : 0.5923903976272129
Loading deepsurv_vanilla.pt...
C-index TRAIN: 0.6047958473471248
C-index TEST : 0.5945685420335527
Loading Cox model...
C-index TRAIN: 0.6598209504741371
C-index TEST : 0.6345475329811228
Evaluating method: median
Loading Random Survival Forest...
C-index TRAIN: 0.7063207262163154
C-index TEST : 0.6260975685111378
Loading deepsurv_simple.pt...
C-index TRAIN: 0.645079296599642
C-index TEST : 0.6247891370840671
Loading deepsurv_vanilla.pt...
C-index TRAIN: 0.6573176051865799
C-index TEST : 0.6204297587048537
Loading Cox model...
C-index TRAIN: 0.6528519575088096
C-index TEST : 0.6278879723174838
Evaluating method: constant
Loading Random Survival Forest...
C-index TRAIN: 0.7722580997577569
C-index TEST : 0.608882503784719
Loading deepsurv_simple.pt...
C-index TRAIN: 0.5673019647363401
C-index TEST : 0.5157289832236537
Loading deepsurv_vanilla.pt...
C-index TRAIN: 0.6646354333303978
C-index TEST : 0.5503568449346556
Loading Cox model...
C-index TRAIN: 0.5859115550932908
C-index TEST : 0.5237186022801001
Evaluating method: knn
Loading Random Survival Forest...
C-index TRAIN: 0.8708767310307053
C-index TEST : 0.5906942256001483
Loading deepsurv_simple.pt...
C-index TRAIN: 0.5471643741088678
C-index TEST : 0.5332282880711836
Loading deepsurv_vanilla.pt...
C-index TRAIN: 0.6222452239772672
C-index TEST : 0.5661970525535267
Loading Cox model...
C-index TRAIN: 0.621695634385803
C-index TEST : 0.5748663762474124
Evaluating method: imputer_bayesian
Loading Random Survival Forest...
C-index TRAIN: 0.8936421514035715
C-index TEST : 0.6089535638149968
Loading deepsurv_simple.pt...
C-index TRAIN: 0.6429939961331783
C-index TEST : 0.6220904007167795
Loading deepsurv_vanilla.pt...
C-index TRAIN: 0.6449148656366785
C-index TEST : 0.6181542929526987
Loading Cox model...
C-index TRAIN: 0.6535941264145243
C-index TEST : 0.6378162943738993
Loading NaN ordering from tmp/masks/OrmoniTirodei_tabicl_seed123_fold3_train.npy
Loading NaN ordering from tmp/masks/OrmoniTirodei_tabicl_seed123_fold3_test.npy
[fold=3, target=10%] actual NaN%: 10.0%
X_train shape: (5162, 76), X_test shape: (1290, 76)
Generating Tabicl Embeddings...
Warming up TabICL model (triggering checkpoint load)...
ARRIVATO QUI 1
Loading TabICL model checkpoint 'tabicl-classifier-v1.1-0506.ckpt'...
ARRIVATO QUI
Performing dummy prediction to ensure model is loaded...
Warming up TabICL model (triggering checkpoint load)...
ARRIVATO QUI 1
Loading TabICL model checkpoint 'tabicl-classifier-v1.1-0506.ckpt'...
ARRIVATO QUI
Performing dummy prediction to ensure model is loaded...
Successfully generated embeddings with shape: (5162, 512)
Loading SimpleImputer (mean)...
Loading SimpleImputer (median)...
Loading SimpleImputer (constant, fill=-1)...
Loading KNNImputer...
Loading IterativeImputer (BayesianRidge, MICE-like)...
Loading epochs value...
Loading epochs value...
Evaluating method: embeddings
Loading Random Survival Forest...
C-index TRAIN: 0.9674110689009269
C-index TEST : 0.7151661764301619
Loading deepsurv_simple.pt...
C-index TRAIN: 0.9264485464494314
C-index TEST : 0.6974132006487616
Loading deepsurv_vanilla.pt...
C-index TRAIN: 0.9281174800539161
C-index TEST : 0.7093410671578195
Loading Cox model...
C-index TRAIN: 0.9261698481371939
C-index TEST : 0.7212826786156088
Evaluating method: mean
Loading Random Survival Forest...
C-index TRAIN: 0.9057819652119381
C-index TEST : 0.7724826126398548
Loading deepsurv_simple.pt...
C-index TRAIN: 0.7567787378663279
C-index TEST : 0.7567652637655662
Loading deepsurv_vanilla.pt...
C-index TRAIN: 0.7947439605309558
C-index TEST : 0.7651867938532589
Loading Cox model...
C-index TRAIN: 0.7951509941484847
C-index TEST : 0.7741622453748247
Evaluating method: median
Loading Random Survival Forest...
C-index TRAIN: 0.899178060255916
C-index TEST : 0.7717678753058251
Loading deepsurv_simple.pt...
C-index TRAIN: 0.7664161446580238
C-index TEST : 0.7574483877175138
Loading deepsurv_vanilla.pt...
C-index TRAIN: 0.789266533083022
C-index TEST : 0.7582510927234242
Loading Cox model...
C-index TRAIN: 0.7946236701253989
C-index TEST : 0.7731066333122577
Evaluating method: constant
Loading Random Survival Forest...
C-index TRAIN: 0.9113000002490088
C-index TEST : 0.7722434505319296
Loading deepsurv_simple.pt...
C-index TRAIN: 0.7120350167669118
C-index TEST : 0.7011985595293729
Loading deepsurv_vanilla.pt...
C-index TRAIN: 0.7878815652846487
C-index TEST : 0.7439178601863815
Loading Cox model...
C-index TRAIN: 0.7393900701802575
C-index TEST : 0.7235918300024741
Evaluating method: knn
Loading Random Survival Forest...
C-index TRAIN: 0.9077263408597201
C-index TEST : 0.7747120433240784
Loading deepsurv_simple.pt...
C-index TRAIN: 0.7706218075395651
C-index TEST : 0.7660032438079006
Loading deepsurv_vanilla.pt...
C-index TRAIN: 0.7911264372835898
C-index TEST : 0.763751821205707
Loading Cox model...
C-index TRAIN: 0.7942915306934952
C-index TEST : 0.7754707644940484
Evaluating method: imputer_bayesian
Loading Random Survival Forest...
C-index TRAIN: 0.9077230845907799
C-index TEST : 0.7795475162877642
Loading deepsurv_simple.pt...
C-index TRAIN: 0.7504137855869492
C-index TEST : 0.7518734365120818
Loading deepsurv_vanilla.pt...
C-index TRAIN: 0.7974675421816121
C-index TEST : 0.7620584435220057
Loading Cox model...
C-index TRAIN: 0.7978757250705317
C-index TEST : 0.7773318305522721
[fold=3, target=30%] actual NaN%: 30.0%
X_train shape: (5162, 76), X_test shape: (1290, 76)
Generating Tabicl Embeddings...
Warming up TabICL model (triggering checkpoint load)...
ARRIVATO QUI 1
Loading TabICL model checkpoint 'tabicl-classifier-v1.1-0506.ckpt'...
ARRIVATO QUI
Performing dummy prediction to ensure model is loaded...
Warming up TabICL model (triggering checkpoint load)...
ARRIVATO QUI 1
Loading TabICL model checkpoint 'tabicl-classifier-v1.1-0506.ckpt'...
ARRIVATO QUI
Performing dummy prediction to ensure model is loaded...
Successfully generated embeddings with shape: (5162, 512)
Loading SimpleImputer (mean)...
Loading SimpleImputer (median)...
Loading SimpleImputer (constant, fill=-1)...
Loading KNNImputer...
Loading IterativeImputer (BayesianRidge, MICE-like)...
Loading epochs value...
Loading epochs value...
Evaluating method: embeddings
Loading Random Survival Forest...
C-index TRAIN: 0.9706987512591705
C-index TEST : 0.7003821095747312
Loading deepsurv_simple.pt...
C-index TRAIN: 0.9148841946260453
C-index TEST : 0.5435549935398741
Loading deepsurv_vanilla.pt...
C-index TRAIN: 0.9249272942186477
C-index TEST : 0.6601451466586029
Loading Cox model...
C-index TRAIN: 0.9218380527205265
C-index TEST : 0.6815487808230475
Evaluating method: mean
Loading Random Survival Forest...
C-index TRAIN: 0.8943386699750359
C-index TEST : 0.7650878302223932
Loading deepsurv_simple.pt...
C-index TRAIN: 0.7596203113797597
C-index TEST : 0.7437556697913517
Loading deepsurv_vanilla.pt...
C-index TRAIN: 0.7868072838522198
C-index TEST : 0.7649146438683784
Loading Cox model...
C-index TRAIN: 0.7809297184151012
C-index TEST : 0.769266294636721
Evaluating method: median
Loading Random Survival Forest...
C-index TRAIN: 0.8798017276996816
C-index TEST : 0.7645572752013635
Loading deepsurv_simple.pt...
C-index TRAIN: 0.760093619647484
C-index TEST : 0.7433983011243368
Loading deepsurv_vanilla.pt...
C-index TRAIN: 0.78648903144962
C-index TEST : 0.7577837644665585
Loading Cox model...
C-index TRAIN: 0.7804165687391669
C-index TEST : 0.7662314099568409
Evaluating method: constant
Loading Random Survival Forest...
C-index TRAIN: 0.908066908281822
C-index TEST : 0.7610275723671551
Loading deepsurv_simple.pt...
C-index TRAIN: 0.642942927757375
C-index TEST : 0.6302581301371746
Loading deepsurv_vanilla.pt...
C-index TRAIN: 0.80079985457886
C-index TEST : 0.7027544877257608
Loading Cox model...
C-index TRAIN: 0.6877829961083756
C-index TEST : 0.6746020837342277
Evaluating method: knn
Loading Random Survival Forest...
C-index TRAIN: 0.9040593989425554
C-index TEST : 0.7645325342936471
Loading deepsurv_simple.pt...
C-index TRAIN: 0.7456407657288804
C-index TEST : 0.7360749924402782
Loading deepsurv_vanilla.pt...
C-index TRAIN: 0.780983351079999
C-index TEST : 0.7590373037908569
Loading Cox model...
C-index TRAIN: 0.7776583174015587
C-index TEST : 0.7673200098963631
Evaluating method: imputer_bayesian
Loading Random Survival Forest...
C-index TRAIN: 0.9099245139396085
C-index TEST : 0.771418753608049
Loading deepsurv_simple.pt...
C-index TRAIN: 0.7337100836497181
C-index TEST : 0.7223396651730489
Loading deepsurv_vanilla.pt...
C-index TRAIN: 0.7885455568306083
C-index TEST : 0.7609670945927371
Loading Cox model...
C-index TRAIN: 0.7800842377620315
C-index TEST : 0.7664925639827364
[fold=3, target=50%] actual NaN%: 50.0%
X_train shape: (5162, 76), X_test shape: (1290, 76)
Generating Tabicl Embeddings...
Warming up TabICL model (triggering checkpoint load)...
ARRIVATO QUI 1
Loading TabICL model checkpoint 'tabicl-classifier-v1.1-0506.ckpt'...
ARRIVATO QUI
Performing dummy prediction to ensure model is loaded...
Warming up TabICL model (triggering checkpoint load)...
ARRIVATO QUI 1
Loading TabICL model checkpoint 'tabicl-classifier-v1.1-0506.ckpt'...
ARRIVATO QUI
Performing dummy prediction to ensure model is loaded...
Successfully generated embeddings with shape: (5162, 512)
Loading SimpleImputer (mean)...
Loading SimpleImputer (median)...
Loading SimpleImputer (constant, fill=-1)...
Loading KNNImputer...
Loading IterativeImputer (BayesianRidge, MICE-like)...
Loading epochs value...
Loading epochs value...
Evaluating method: embeddings
Loading Random Survival Forest...
C-index TRAIN: 0.972093966727444
C-index TEST : 0.6658822882590648
Loading deepsurv_simple.pt...
C-index TRAIN: 0.9196239813864006
C-index TEST : 0.6222723149242654
Loading deepsurv_vanilla.pt...
C-index TRAIN: 0.9302620204689066
C-index TEST : 0.6349011738186217
Loading Cox model...
C-index TRAIN: 0.9213559333721404
C-index TEST : 0.643153641036919
Evaluating method: mean
Loading Random Survival Forest...
C-index TRAIN: 0.8706439501683587
C-index TEST : 0.7361382192044423
Loading deepsurv_simple.pt...
C-index TRAIN: 0.6630515377346979
C-index TEST : 0.6563707837369767
Loading deepsurv_vanilla.pt...
C-index TRAIN: 0.7817876495082363
C-index TEST : 0.7393765291255464
Loading Cox model...
C-index TRAIN: 0.7639511490702682
C-index TEST : 0.739997800808203
Evaluating method: median
Loading Random Survival Forest...
C-index TRAIN: 0.8468015489879803
C-index TEST : 0.7390878852021882
Loading deepsurv_simple.pt...
C-index TRAIN: 0.7339557404094739
C-index TEST : 0.7210325205486984
Loading deepsurv_vanilla.pt...
C-index TRAIN: 0.776949408498747
C-index TEST : 0.7296148665365478
Loading Cox model...
C-index TRAIN: 0.7611040207451147
C-index TEST : 0.7364708469637409
Evaluating method: constant
Loading Random Survival Forest...
C-index TRAIN: 0.8814451857883399
C-index TEST : 0.7284190559969211
Loading deepsurv_simple.pt...
C-index TRAIN: 0.6255819383572966
C-index TEST : 0.5871319789977183
Loading deepsurv_vanilla.pt...
C-index TRAIN: 0.8433318986595473
C-index TEST : 0.6392418286279792
Loading Cox model...
C-index TRAIN: 0.6482509334478007
C-index TEST : 0.6246309481265635
Evaluating method: knn
Loading Random Survival Forest...
C-index TRAIN: 0.8911804721934745
C-index TEST : 0.7268466338620557
Loading deepsurv_simple.pt...
C-index TRAIN: 0.6751633258305066
C-index TEST : 0.664500920911565
Loading deepsurv_vanilla.pt...
C-index TRAIN: 0.7650994627347794
C-index TEST : 0.7182367979767436
Loading Cox model...
C-index TRAIN: 0.7529392136953308
C-index TEST : 0.7241223850235039
Evaluating method: imputer_bayesian
Loading Random Survival Forest...
C-index TRAIN: 0.9067121088574538
C-index TEST : 0.7495312972482613
Loading deepsurv_simple.pt...
C-index TRAIN: 0.49917166264517454
C-index TEST : 0.5006721279929626
Loading deepsurv_vanilla.pt...
C-index TRAIN: 0.7815480264232816
C-index TEST : 0.7209610468152954
Loading Cox model...
C-index TRAIN: 0.7670779334338179
C-index TEST : 0.7404321411881134
[fold=3, target=70%] actual NaN%: 70.0%
X_train shape: (5162, 76), X_test shape: (1290, 76)
Generating Tabicl Embeddings...
Warming up TabICL model (triggering checkpoint load)...
ARRIVATO QUI 1
Loading TabICL model checkpoint 'tabicl-classifier-v1.1-0506.ckpt'...
ARRIVATO QUI
Performing dummy prediction to ensure model is loaded...
Warming up TabICL model (triggering checkpoint load)...
ARRIVATO QUI 1
Loading TabICL model checkpoint 'tabicl-classifier-v1.1-0506.ckpt'...
ARRIVATO QUI
Performing dummy prediction to ensure model is loaded...
Successfully generated embeddings with shape: (5162, 512)
Loading SimpleImputer (mean)...
Loading SimpleImputer (median)...
Loading SimpleImputer (constant, fill=-1)...
Loading KNNImputer...
Loading IterativeImputer (BayesianRidge, MICE-like)...
Loading epochs value...
Loading epochs value...
Evaluating method: embeddings
Loading Random Survival Forest...
C-index TRAIN: 0.9798651483259234
C-index TEST : 0.6297330730956373
Loading deepsurv_simple.pt...
C-index TRAIN: 0.9200587890625375
C-index TEST : 0.47133078593616845
Loading deepsurv_vanilla.pt...
C-index TRAIN: 0.9174867196902178
C-index TEST : 0.6148101822580202
Loading Cox model...
C-index TRAIN: 0.9160568345349923
C-index TEST : 0.6263710586359513
Evaluating method: mean
Loading Random Survival Forest...
C-index TRAIN: 0.8301486065371706
C-index TEST : 0.7054539956565962
Loading deepsurv_simple.pt...
C-index TRAIN: 0.629711557781822
C-index TEST : 0.613045330840916
Loading deepsurv_vanilla.pt...
C-index TRAIN: 0.7320377980036773
C-index TEST : 0.6999037853588806
Loading Cox model...
C-index TRAIN: 0.7312961348662315
C-index TEST : 0.7089039777881628
Evaluating method: median
Loading Random Survival Forest...
C-index TRAIN: 0.8030018585633839
C-index TEST : 0.7033730104186712
Loading deepsurv_simple.pt...
C-index TRAIN: 0.7155915328579564
C-index TEST : 0.6829342716551667
Loading deepsurv_vanilla.pt...
C-index TRAIN: 0.7301572069180774
C-index TEST : 0.7078731066333123
Loading Cox model...
C-index TRAIN: 0.725561845262483
C-index TEST : 0.7034857189982682
Evaluating method: constant
Loading Random Survival Forest...
C-index TRAIN: 0.84096688968278
C-index TEST : 0.6863952497457184
Loading deepsurv_simple.pt...
C-index TRAIN: 0.5880906943687043
C-index TEST : 0.5567625147758198
Loading deepsurv_vanilla.pt...
C-index TRAIN: 0.7732612050608548
C-index TEST : 0.5815790197102565
Loading Cox model...
C-index TRAIN: 0.6286181218262152
C-index TEST : 0.5893916485691508
Evaluating method: knn
Loading Random Survival Forest...
C-index TRAIN: 0.8807655833059902
C-index TEST : 0.6898782197542404
Loading deepsurv_simple.pt...
C-index TRAIN: 0.6691320453448858
C-index TEST : 0.6464716716606647
Loading deepsurv_vanilla.pt...
C-index TRAIN: 0.7098765893226175
C-index TEST : 0.6714737334029744
Loading Cox model...
C-index TRAIN: 0.7198689294287988
C-index TEST : 0.6930340599829563
Evaluating method: imputer_bayesian
Loading Random Survival Forest...
C-index TRAIN: 0.9033736670127889
C-index TEST : 0.7081947384336257
Loading deepsurv_simple.pt...
C-index TRAIN: 0.6653938486014995
C-index TEST : 0.6462545014707095
Loading deepsurv_vanilla.pt...
C-index TRAIN: 0.7307942863589723
C-index TEST : 0.7029771558952085
Loading Cox model...
C-index TRAIN: 0.7261914544393385
C-index TEST : 0.705770129477417
[fold=3, target=90%] actual NaN%: 90.0%
X_train shape: (5162, 76), X_test shape: (1290, 76)
Generating Tabicl Embeddings...
Warming up TabICL model (triggering checkpoint load)...
ARRIVATO QUI 1
Loading TabICL model checkpoint 'tabicl-classifier-v1.1-0506.ckpt'...
ARRIVATO QUI
Performing dummy prediction to ensure model is loaded...
Warming up TabICL model (triggering checkpoint load)...
ARRIVATO QUI 1
Loading TabICL model checkpoint 'tabicl-classifier-v1.1-0506.ckpt'...
ARRIVATO QUI
Performing dummy prediction to ensure model is loaded...
Successfully generated embeddings with shape: (5162, 512)
Loading SimpleImputer (mean)...
Loading SimpleImputer (median)...
Loading SimpleImputer (constant, fill=-1)...
Loading KNNImputer...
Loading IterativeImputer (BayesianRidge, MICE-like)...
Loading epochs value...
Loading epochs value...
Evaluating method: embeddings
Loading Random Survival Forest...
C-index TRAIN: 0.989158922971809
C-index TEST : 0.575547736206944
Loading deepsurv_simple.pt...
C-index TRAIN: 0.9060206305707339
C-index TEST : 0.4874041289825989
Loading deepsurv_vanilla.pt...
C-index TRAIN: 0.9124044500554428
C-index TEST : 0.544567996261374
Loading Cox model...
C-index TRAIN: 0.9134403266689001
C-index TEST : 0.5206971437996536
Evaluating method: mean
Loading Random Survival Forest...
C-index TRAIN: 0.7422099033098825
C-index TEST : 0.6350180058828381
Loading deepsurv_simple.pt...
C-index TRAIN: 0.6101903212577473
C-index TEST : 0.5974365670616049
Loading deepsurv_vanilla.pt...
C-index TRAIN: 0.6429771185812475
C-index TEST : 0.6217596283365863
Loading Cox model...
C-index TRAIN: 0.6618376198283027
C-index TEST : 0.6309728674712043
Evaluating method: median
Loading Random Survival Forest...
C-index TRAIN: 0.6926870329049807
C-index TEST : 0.6245003711136158
Loading deepsurv_simple.pt...
C-index TRAIN: 0.6288195316374302
C-index TEST : 0.6068243670451109
Loading deepsurv_vanilla.pt...
C-index TRAIN: 0.6483715111712053
C-index TEST : 0.6045949363608873
Loading Cox model...
C-index TRAIN: 0.6514816310995903
C-index TEST : 0.6170176210242736
Evaluating method: constant
Loading Random Survival Forest...
C-index TRAIN: 0.7629258074445586
C-index TEST : 0.6001896802924925
Loading deepsurv_simple.pt...
C-index TRAIN: 0.5564044201743866
C-index TEST : 0.5039612942243725
Loading deepsurv_vanilla.pt...
C-index TRAIN: 0.6182213339631341
C-index TEST : 0.5261483904665035
Loading Cox model...
C-index TRAIN: 0.5833321361756347
C-index TEST : 0.5189955191467136
Evaluating method: knn
Loading Random Survival Forest...
C-index TRAIN: 0.9004832494652536
C-index TEST : 0.6096077191632076
Loading deepsurv_simple.pt...
C-index TRAIN: 0.6039813825696521
C-index TEST : 0.5838002034252412
Loading deepsurv_vanilla.pt...
C-index TRAIN: 0.5948718744367373
C-index TEST : 0.563875525744289
Loading Cox model...
C-index TRAIN: 0.6347065785635219
C-index TEST : 0.6014267256783132
Evaluating method: imputer_bayesian
Loading Random Survival Forest...
C-index TRAIN: 0.8880488991991302
C-index TEST : 0.6413063199274267
Loading deepsurv_simple.pt...
C-index TRAIN: 0.5934071280493283
C-index TEST : 0.562821288176595
Loading deepsurv_vanilla.pt...
C-index TRAIN: 0.6073097682896486
C-index TEST : 0.5630700717486323
Loading Cox model...
C-index TRAIN: 0.65834000389603
C-index TEST : 0.6281084201555929
Loading NaN ordering from tmp/masks/OrmoniTirodei_tabicl_seed123_fold4_train.npy
Loading NaN ordering from tmp/masks/OrmoniTirodei_tabicl_seed123_fold4_test.npy
[fold=4, target=10%] actual NaN%: 10.0%
X_train shape: (5162, 76), X_test shape: (1290, 76)
Generating Tabicl Embeddings...
Warming up TabICL model (triggering checkpoint load)...
ARRIVATO QUI 1
Loading TabICL model checkpoint 'tabicl-classifier-v1.1-0506.ckpt'...
ARRIVATO QUI
Performing dummy prediction to ensure model is loaded...
Warming up TabICL model (triggering checkpoint load)...
ARRIVATO QUI 1
Loading TabICL model checkpoint 'tabicl-classifier-v1.1-0506.ckpt'...
ARRIVATO QUI
Performing dummy prediction to ensure model is loaded...
Successfully generated embeddings with shape: (5162, 512)
Loading SimpleImputer (mean)...
Loading SimpleImputer (median)...
Loading SimpleImputer (constant, fill=-1)...
Loading KNNImputer...
Loading IterativeImputer (BayesianRidge, MICE-like)...
Loading epochs value...
Loading epochs value...
Evaluating method: embeddings
Loading Random Survival Forest...
C-index TRAIN: 0.9661041673960485
C-index TEST : 0.7186400937866354
Loading deepsurv_simple.pt...
C-index TRAIN: 0.9191218129778392
C-index TEST : 0.7120457209847597
Loading deepsurv_vanilla.pt...
C-index TRAIN: 0.931256279742309
C-index TEST : 0.6846512309495897
Loading Cox model...
C-index TRAIN: 0.9271756942491584
C-index TEST : 0.705052754982415
Evaluating method: mean
Loading Random Survival Forest...
C-index TRAIN: 0.9003681354816875
C-index TEST : 0.8001758499413834
Loading deepsurv_simple.pt...
C-index TRAIN: 0.7098162371878198
C-index TEST : 0.7081184056271981
Loading deepsurv_vanilla.pt...
C-index TRAIN: 0.7966026052954439
C-index TEST : 0.7914888628370457
Loading Cox model...
C-index TRAIN: 0.7898192601225964
C-index TEST : 0.7934407971864009
Evaluating method: median
Loading Random Survival Forest...
C-index TRAIN: 0.8945980193189249
C-index TEST : 0.8005861664712779
Loading deepsurv_simple.pt...
C-index TRAIN: 0.7209148876337874
C-index TEST : 0.7202652403282532
Loading deepsurv_vanilla.pt...
C-index TRAIN: 0.7990165297687549
C-index TEST : 0.7886869871043376
Loading Cox model...
C-index TRAIN: 0.7889302613088065
C-index TEST : 0.7916940211019929
Evaluating method: constant
Loading Random Survival Forest...
C-index TRAIN: 0.9075428057728643
C-index TEST : 0.7992057444314186
Loading deepsurv_simple.pt...
C-index TRAIN: 0.7093193164026399
C-index TEST : 0.7151113716295427
Loading deepsurv_vanilla.pt...
C-index TRAIN: 0.784589639427502
C-index TEST : 0.7559583821805392
Loading Cox model...
C-index TRAIN: 0.7437315513452812
C-index TEST : 0.7512778429073858
Evaluating method: knn
Loading Random Survival Forest...
C-index TRAIN: 0.903684893495194
C-index TEST : 0.7980187573270809
Loading deepsurv_simple.pt...
C-index TRAIN: 0.7232018526110364
C-index TEST : 0.736679366940211
Loading deepsurv_vanilla.pt...
C-index TRAIN: 0.7981605648935253
C-index TEST : 0.7894402110199297
Loading Cox model...
C-index TRAIN: 0.789383325070143
C-index TEST : 0.7905392731535756
Evaluating method: imputer_bayesian
Loading Random Survival Forest...
C-index TRAIN: 0.902374641379422
C-index TEST : 0.7987661195779602
Loading deepsurv_simple.pt...
C-index TRAIN: 0.7510137936927953
C-index TEST : 0.7509407971864009
Loading deepsurv_vanilla.pt...
C-index TRAIN: 0.8006940138738777
C-index TEST : 0.7937690504103165
Loading Cox model...
C-index TRAIN: 0.7928167841771387
C-index TEST : 0.7953282532239155
[fold=4, target=30%] actual NaN%: 30.0%
X_train shape: (5162, 76), X_test shape: (1290, 76)
Generating Tabicl Embeddings...
Warming up TabICL model (triggering checkpoint load)...
ARRIVATO QUI 1
Loading TabICL model checkpoint 'tabicl-classifier-v1.1-0506.ckpt'...
ARRIVATO QUI
Performing dummy prediction to ensure model is loaded...
Warming up TabICL model (triggering checkpoint load)...
ARRIVATO QUI 1
Loading TabICL model checkpoint 'tabicl-classifier-v1.1-0506.ckpt'...
ARRIVATO QUI
Performing dummy prediction to ensure model is loaded...
Successfully generated embeddings with shape: (5162, 512)
Loading SimpleImputer (mean)...
Loading SimpleImputer (median)...
Loading SimpleImputer (constant, fill=-1)...
Loading KNNImputer...
Loading IterativeImputer (BayesianRidge, MICE-like)...
Loading epochs value...
Loading epochs value...
Evaluating method: embeddings
Loading Random Survival Forest...
C-index TRAIN: 0.9703279940700786
C-index TEST : 0.7207092614302462
Loading deepsurv_simple.pt...
C-index TRAIN: 0.9240771861032337
C-index TEST : 0.6769402110199296
Loading deepsurv_vanilla.pt...
C-index TRAIN: 0.9365972370451434
C-index TEST : 0.6005803048065651
Loading Cox model...
C-index TRAIN: 0.923631557330918
C-index TEST : 0.703388042203986
Evaluating method: mean
Loading Random Survival Forest...
C-index TRAIN: 0.891867778413987
C-index TEST : 0.7813716295427902
Loading deepsurv_simple.pt...
C-index TRAIN: 0.7010235627036857
C-index TEST : 0.6890020515826495
Loading deepsurv_vanilla.pt...
C-index TRAIN: 0.7910150698757209
C-index TEST : 0.7728604923798359
Loading Cox model...
C-index TRAIN: 0.7731084164452169
C-index TEST : 0.7791910902696366
Evaluating method: median
Loading Random Survival Forest...
C-index TRAIN: 0.8758929045358703
C-index TEST : 0.782763774912075
Loading deepsurv_simple.pt...
C-index TRAIN: 0.7229763559820039
C-index TEST : 0.7251040445486518
Loading deepsurv_vanilla.pt...
C-index TRAIN: 0.7895973398173967
C-index TEST : 0.7685433763188746
Loading Cox model...
C-index TRAIN: 0.7698287392630289
C-index TEST : 0.7740650644783118
Evaluating method: constant
Loading Random Survival Forest...
C-index TRAIN: 0.9036483773465861
C-index TEST : 0.7773856975381008
Loading deepsurv_simple.pt...
C-index TRAIN: 0.6429738036161528
C-index TEST : 0.6459144196951935
Loading deepsurv_vanilla.pt...
C-index TRAIN: 0.8465039928714455
C-index TEST : 0.6986811254396249
Loading Cox model...
C-index TRAIN: 0.6774018496746863
C-index TEST : 0.6747538100820633
Evaluating method: knn
Loading Random Survival Forest...
C-index TRAIN: 0.9022780806359382
C-index TEST : 0.7783939038686987
Loading deepsurv_simple.pt...
C-index TRAIN: 0.7022793229379011
C-index TEST : 0.7126186987104338
Loading deepsurv_vanilla.pt...
C-index TRAIN: 0.7871025716027088
C-index TEST : 0.7637280187573271
Loading Cox model...
C-index TRAIN: 0.7711414383372127
C-index TEST : 0.7754953106682297
Evaluating method: imputer_bayesian
Loading Random Survival Forest...
C-index TRAIN: 0.9069423598241051
C-index TEST : 0.7772801875732708
Loading deepsurv_simple.pt...
C-index TRAIN: 0.7039848529509753
C-index TEST : 0.6921746776084408
Loading deepsurv_vanilla.pt...
C-index TRAIN: 0.792665449210743
C-index TEST : 0.7686781946072685
Loading Cox model.../scratch.hpc/luca.cotugno/Foundation_model_clinical_data/.venv/lib/python3.12/site-packages/lifelines/utils/__init__.py:1100: ConvergenceWarning: Column(s) [28] have very low variance. This may harm convergence. 1) Are you using formula's? Did you mean to add '-1' to the end. 2) Try dropping this redundant column before fitting if convergence fails.

  warnings.warn(dedent(warning_text), ConvergenceWarning)
/scratch.hpc/luca.cotugno/Foundation_model_clinical_data/.venv/lib/python3.12/site-packages/lifelines/utils/__init__.py:797: RuntimeWarning: invalid value encountered in divide
  return (X - mean) / std
/scratch.hpc/luca.cotugno/Foundation_model_clinical_data/.venv/lib/python3.12/site-packages/lifelines/utils/__init__.py:1100: ConvergenceWarning: Column(s) [28] have very low variance. This may harm convergence. 1) Are you using formula's? Did you mean to add '-1' to the end. 2) Try dropping this redundant column before fitting if convergence fails.

  warnings.warn(dedent(warning_text), ConvergenceWarning)
/scratch.hpc/luca.cotugno/Foundation_model_clinical_data/.venv/lib/python3.12/site-packages/lifelines/utils/__init__.py:797: RuntimeWarning: invalid value encountered in divide
  return (X - mean) / std
/scratch.hpc/luca.cotugno/Foundation_model_clinical_data/.venv/lib/python3.12/site-packages/lifelines/utils/__init__.py:1120: ConvergenceWarning: Column 27 have very low variance when conditioned on death event present or not. This may harm convergence. This could be a form of 'complete separation'. For example, try the following code:

>>> events = df['__e__'].astype(bool)
>>> print(df.loc[events, '27'].var())
>>> print(df.loc[~events, '27'].var())

A very low variance means that the column 27 completely determines whether a subject dies or not. See https://stats.stackexchange.com/questions/11109/how-to-deal-with-perfect-separation-in-logistic-regression.

  warnings.warn(dedent(warning_text), ConvergenceWarning)
/scratch.hpc/luca.cotugno/Foundation_model_clinical_data/.venv/lib/python3.12/site-packages/lifelines/utils/__init__.py:1100: ConvergenceWarning: Column(s) [28] have very low variance. This may harm convergence. 1) Are you using formula's? Did you mean to add '-1' to the end. 2) Try dropping this redundant column before fitting if convergence fails.

  warnings.warn(dedent(warning_text), ConvergenceWarning)
/scratch.hpc/luca.cotugno/Foundation_model_clinical_data/.venv/lib/python3.12/site-packages/lifelines/utils/__init__.py:797: RuntimeWarning: invalid value encountered in divide
  return (X - mean) / std
/scratch.hpc/luca.cotugno/Foundation_model_clinical_data/.venv/lib/python3.12/site-packages/lifelines/utils/__init__.py:1100: ConvergenceWarning: Column(s) [28] have very low variance. This may harm convergence. 1) Are you using formula's? Did you mean to add '-1' to the end. 2) Try dropping this redundant column before fitting if convergence fails.

  warnings.warn(dedent(warning_text), ConvergenceWarning)
/scratch.hpc/luca.cotugno/Foundation_model_clinical_data/.venv/lib/python3.12/site-packages/lifelines/utils/__init__.py:797: RuntimeWarning: invalid value encountered in divide
  return (X - mean) / std
/scratch.hpc/luca.cotugno/Foundation_model_clinical_data/.venv/lib/python3.12/site-packages/sklearn/impute/_iterative.py:867: ConvergenceWarning: [IterativeImputer] Early stopping criterion not reached.
  warnings.warn(

C-index TRAIN: 0.7762977443937359
C-index TEST : 0.7747626025791324
[fold=4, target=50%] actual NaN%: 50.0%
X_train shape: (5162, 76), X_test shape: (1290, 76)
Generating Tabicl Embeddings...
Warming up TabICL model (triggering checkpoint load)...
ARRIVATO QUI 1
Loading TabICL model checkpoint 'tabicl-classifier-v1.1-0506.ckpt'...
ARRIVATO QUI
Performing dummy prediction to ensure model is loaded...
Warming up TabICL model (triggering checkpoint load)...
ARRIVATO QUI 1
Loading TabICL model checkpoint 'tabicl-classifier-v1.1-0506.ckpt'...
ARRIVATO QUI
Performing dummy prediction to ensure model is loaded...
Successfully generated embeddings with shape: (5162, 512)
Loading SimpleImputer (mean)...
Loading SimpleImputer (median)...
Loading SimpleImputer (constant, fill=-1)...
Loading KNNImputer...
Loading IterativeImputer (BayesianRidge, MICE-like)...
Loading epochs value...
Fitting DeepSurv Vanilla pilot model...
0:	[2s / 2s],		train_loss: 4.8921,	val_loss: 6.6537
1:	[0s / 2s],		train_loss: 4.7312,	val_loss: 6.6147
2:	[0s / 2s],		train_loss: 4.6697,	val_loss: 6.5202
3:	[0s / 2s],		train_loss: 4.6572,	val_loss: 6.5088
4:	[0s / 2s],		train_loss: 4.6487,	val_loss: 6.5008
5:	[0s / 2s],		train_loss: 4.6308,	val_loss: 6.5363
6:	[0s / 2s],		train_loss: 4.5974,	val_loss: 6.5229
7:	[0s / 2s],		train_loss: 4.6174,	val_loss: 6.4980
8:	[0s / 2s],		train_loss: 4.5945,	val_loss: 6.4883
9:	[0s / 2s],		train_loss: 4.5656,	val_loss: 6.5003
10:	[0s / 2s],		train_loss: 4.6386,	val_loss: 6.5003
11:	[0s / 2s],		train_loss: 4.5782,	val_loss: 6.4895
12:	[0s / 2s],		train_loss: 4.5630,	val_loss: 6.4401
13:	[0s / 2s],		train_loss: 4.5590,	val_loss: 6.4585
14:	[0s / 2s],		train_loss: 4.5650,	val_loss: 6.4961
15:	[0s / 2s],		train_loss: 4.5609,	val_loss: 6.5306
16:	[0s / 2s],		train_loss: 4.5583,	val_loss: 9.1859
17:	[0s / 2s],		train_loss: 4.5460,	val_loss: 6.4688
18:	[0s / 2s],		train_loss: 4.5328,	val_loss: 6.5186
19:	[0s / 2s],		train_loss: 4.5382,	val_loss: 24.5142
20:	[0s / 2s],		train_loss: 4.5520,	val_loss: 15.5843
21:	[0s / 2s],		train_loss: 4.5392,	val_loss: 19.2657
22:	[0s / 2s],		train_loss: 4.5072,	val_loss: 7.4083
23:	[0s / 3s],		train_loss: 4.4897,	val_loss: 29.4720
24:	[0s / 3s],		train_loss: 4.5054,	val_loss: 34.7386
25:	[0s / 3s],		train_loss: 4.5462,	val_loss: 20.4244
26:	[0s / 3s],		train_loss: 4.5102,	val_loss: 23.3711
27:	[0s / 3s],		train_loss: 4.5449,	val_loss: 6.4688
28:	[0s / 3s],		train_loss: 4.4868,	val_loss: 6.4668
29:	[0s / 3s],		train_loss: 4.4965,	val_loss: 6.4743
30:	[0s / 3s],		train_loss: 4.4733,	val_loss: 6.4680
31:	[0s / 3s],		train_loss: 4.4982,	val_loss: 8.0213
32:	[0s / 3s],		train_loss: 4.4959,	val_loss: 7.4456
Saved fixed_epochs=13 → nan/tabicl/OrmoniTirodei/nan_percentage0.5/seed123/fold4/fixed_epochs_deepsurv_vanilla.json
Evaluating method: embeddings
Loading Random Survival Forest...
C-index TRAIN: 0.974235598426267
C-index TEST : 0.6954953106682298
Loading deepsurv_simple.pt...
C-index TRAIN: 0.9230126650802847
C-index TEST : 0.6414566236811254
Loading deepsurv_vanilla.pt...
C-index TRAIN: 0.9360366953412547
C-index TEST : 0.6748446658851114
Loading Cox model...
C-index TRAIN: 0.9219143572084948
C-index TEST : 0.6846776084407972
Evaluating method: mean
Loading Random Survival Forest...
C-index TRAIN: 0.8755130612993198
C-index TEST : 0.7715533411488863
Loading deepsurv_simple.pt...
C-index TRAIN: 0.6430995396330089
C-index TEST : 0.6561430246189918
Loading deepsurv_vanilla.pt...
C-index TRAIN: 0.7708626733058295
C-index TEST : 0.7540152403282532
Loading Cox model...
C-index TRAIN: 0.7552565372376249
C-index TEST : 0.7539771395076201
Evaluating method: median
Loading Random Survival Forest...
C-index TRAIN: 0.8480939511564514
C-index TEST : 0.7665445486518171
Loading deepsurv_simple.pt...
C-index TRAIN: 0.7133723265567643
C-index TEST : 0.7165841148886284
Loading deepsurv_vanilla.pt...
C-index TRAIN: 0.7639867201684712
C-index TEST : 0.7393874560375147
Loading Cox model...
C-index TRAIN: 0.747827947954324
C-index TEST : 0.7479249706916764
Evaluating method: constant
Loading Random Survival Forest...
C-index TRAIN: 0.886561454984059
C-index TEST : 0.7501348182883939
Loading deepsurv_simple.pt...
C-index TRAIN: 0.6173715600940988
C-index TEST : 0.5726641266119578
Loading deepsurv_vanilla.pt...
C-index TRAIN: 0.840940738808271
C-index TEST : 0.6273329425556858
Loading Cox model...
C-index TRAIN: 0.6433695520823804
C-index TEST : 0.6084202813599062
Evaluating method: knn
Loading Random Survival Forest...
C-index TRAIN: 0.9003351956569123
C-index TEST : 0.7646072684642439
Loading deepsurv_simple.pt...
C-index TRAIN: 0.6830552647439597
C-index TEST : 0.6746585580304807
Loading deepsurv_vanilla.pt...
C-index TRAIN: 0.7722500987253605
C-index TEST : 0.7452520515826495
Loading Cox model...
C-index TRAIN: 0.7519996355914242
C-index TEST : 0.7510521688159437
Evaluating method: imputer_bayesian
Loading Random Survival Forest...
C-index TRAIN: 0.9089765351746507
C-index TEST : 0.7692526377491208
Loading deepsurv_simple.pt...
C-index TRAIN: 0.6980262268767136
C-index TEST : 0.7157488276670575
Loading deepsurv_vanilla.pt...
C-index TRAIN: 0.7810619724216493
C-index TEST : 0.7604454865181711
Loading Cox model...
C-index TRAIN: 0.7581066791047445
C-index TEST : 0.7539859320046893
[fold=4, target=70%] actual NaN%: 70.0%
X_train shape: (5162, 76), X_test shape: (1290, 76)
Generating Tabicl Embeddings...
Warming up TabICL model (triggering checkpoint load)...
ARRIVATO QUI 1
Loading TabICL model checkpoint 'tabicl-classifier-v1.1-0506.ckpt'...
ARRIVATO QUI
Performing dummy prediction to ensure model is loaded...
Warming up TabICL model (triggering checkpoint load)...
ARRIVATO QUI 1
Loading TabICL model checkpoint 'tabicl-classifier-v1.1-0506.ckpt'...
ARRIVATO QUI
Performing dummy prediction to ensure model is loaded...
Successfully generated embeddings with shape: (5162, 512)
Loading SimpleImputer (mean)...
Loading SimpleImputer (median)...
Loading SimpleImputer (constant, fill=-1)...
Loading KNNImputer...
Loading IterativeImputer (BayesianRidge, MICE-like)...
Loading epochs value...
Loading epochs value...
Evaluating method: embeddings
Loading Random Survival Forest...
C-index TRAIN: 0.9747854111586574
C-index TEST : 0.6483748534583822
Loading deepsurv_simple.pt...
C-index TRAIN: 0.9159599662545612
C-index TEST : 0.5647098475967175
Loading deepsurv_vanilla.pt...
C-index TRAIN: 0.925463576271129
C-index TEST : 0.5990650644783119
Loading Cox model...
C-index TRAIN: 0.9177003183681122
C-index TEST : 0.6260550996483001
Evaluating method: mean
Loading Random Survival Forest...
C-index TRAIN: 0.8323537970583043
C-index TEST : 0.7229484173505275
Loading deepsurv_simple.pt...
C-index TRAIN: 0.6944248687771495
C-index TEST : 0.702341735052755
Loading deepsurv_vanilla.pt...
C-index TRAIN: 0.7386659709775674
C-index TEST : 0.7123622508792498
Loading Cox model...
C-index TRAIN: 0.7266834038622039
C-index TEST : 0.7233763188745603
Evaluating method: median
Loading Random Survival Forest...
C-index TRAIN: 0.8039871493273312
C-index TEST : 0.7215562719812427
Loading deepsurv_simple.pt...
C-index TRAIN: 0.6896711814931641
C-index TEST : 0.6965152403282532
Loading deepsurv_vanilla.pt...
C-index TRAIN: 0.7278372388671862
C-index TEST : 0.7170691676436108
Loading Cox model...
C-index TRAIN: 0.716103508599553
C-index TEST : 0.7170193434935521
Evaluating method: constant
Loading Random Survival Forest...
C-index TRAIN: 0.8412934772747208
C-index TEST : 0.6956389214536929
Loading deepsurv_simple.pt...
C-index TRAIN: 0.5522613848504664
C-index TEST : 0.5188921453692849
Loading deepsurv_vanilla.pt...
C-index TRAIN: 0.8183716884653016
C-index TEST : 0.5930246189917937
Loading Cox model...
C-index TRAIN: 0.6238219306953616
C-index TEST : 0.5563599062133646
Evaluating method: knn
Loading Random Survival Forest...
    RSF fit failed: EOF: reading array data, expected 262144 bytes got 208000
Loading deepsurv_simple.pt...
    DeepSurv-simple fit failed: Ran out of input
Loading deepsurv_vanilla.pt...
    DeepSurv-vanilla fit failed: Ran out of input
Loading Cox model...
    Cox fit failed: 
Evaluating method: imputer_bayesian
Loading Random Survival Forest...
    RSF fit failed: 
Loading deepsurv_simple.pt...
    DeepSurv-simple fit failed: Ran out of input
Loading deepsurv_vanilla.pt...
    DeepSurv-vanilla fit failed: Ran out of input
Loading Cox model...
    Cox fit failed: 
[fold=4, target=90%] actual NaN%: 90.0%
X_train shape: (5162, 76), X_test shape: (1290, 76)
Generating Tabicl Embeddings...
Warming up TabICL model (triggering checkpoint load)...
ARRIVATO QUI 1
Loading TabICL model checkpoint 'tabicl-classifier-v1.1-0506.ckpt'...
ARRIVATO QUI
Performing dummy prediction to ensure model is loaded...
Warming up TabICL model (triggering checkpoint load)...
ARRIVATO QUI 1
Loading TabICL model checkpoint 'tabicl-classifier-v1.1-0506.ckpt'...
ARRIVATO QUI
Performing dummy prediction to ensure model is loaded...
Successfully generated embeddings with shape: (5162, 512)
Fitting SimpleImputer (mean)...
Fitting SimpleImputer (median)...
Fitting SimpleImputer (constant, fill=-1)...
Fitting KNNImputer...
Fitting IterativeImputer (BayesianRidge, MICE-like)...
Fitting DeepSurv Simple pilot model...
0:	[0s / 0s],		train_loss: 36.6073,	val_loss: 7.8541
1:	[0s / 0s],		train_loss: 6.9831,	val_loss: 8.4738
2:	[0s / 0s],		train_loss: 6.6485,	val_loss: 7.9439
3:	[0s / 0s],		train_loss: 5.9111,	val_loss: 7.6038
4:	[0s / 0s],		train_loss: 5.5633,	val_loss: 7.3701
5:	[0s / 0s],		train_loss: 5.3780,	val_loss: 7.2495
6:	[0s / 0s],		train_loss: 5.1833,	val_loss: 7.1432
7:	[0s / 0s],		train_loss: 5.1374,	val_loss: 7.0517
8:	[0s / 0s],		train_loss: 5.0298,	val_loss: 6.9744
9:	[0s / 0s],		train_loss: 5.0031,	val_loss: 6.9160
10:	[0s / 0s],		train_loss: 4.9491,	val_loss: 6.8491
11:	[0s / 0s],		train_loss: 4.9121,	val_loss: 6.8031
12:	[0s / 0s],		train_loss: 4.9004,	val_loss: 6.7977
13:	[0s / 0s],		train_loss: 4.8927,	val_loss: 6.7368
14:	[0s / 0s],		train_loss: 4.8499,	val_loss: 6.7376
15:	[0s / 0s],		train_loss: 4.9614,	val_loss: 7.1315
16:	[0s / 0s],		train_loss: 5.2893,	val_loss: 6.9511
17:	[0s / 0s],		train_loss: 4.9483,	val_loss: 6.8423
18:	[0s / 0s],		train_loss: 4.8916,	val_loss: 6.9351
19:	[0s / 0s],		train_loss: 5.2337,	val_loss: 6.9648
20:	[0s / 0s],		train_loss: 4.9843,	val_loss: 6.7781
21:	[0s / 0s],		train_loss: 4.8469,	val_loss: 6.7293
22:	[0s / 0s],		train_loss: 4.8621,	val_loss: 6.7244
23:	[0s / 0s],		train_loss: 4.8197,	val_loss: 6.7391
24:	[0s / 0s],		train_loss: 4.9526,	val_loss: 7.2319
25:	[0s / 0s],		train_loss: 5.1006,	val_loss: 7.2042
26:	[0s / 0s],		train_loss: 4.9839,	val_loss: 7.1259
27:	[0s / 0s],		train_loss: 4.9784,	val_loss: 7.0403
28:	[0s / 0s],		train_loss: 5.0036,	val_loss: 6.9591
29:	[0s / 0s],		train_loss: 4.9303,	val_loss: 6.9004
30:	[0s / 1s],		train_loss: 4.9349,	val_loss: 6.8511
31:	[0s / 1s],		train_loss: 4.8812,	val_loss: 6.7573
32:	[0s / 1s],		train_loss: 4.8282,	val_loss: 6.7696
33:	[0s / 1s],		train_loss: 4.8310,	val_loss: 6.7283
34:	[0s / 1s],		train_loss: 4.8139,	val_loss: 6.7766
35:	[0s / 1s],		train_loss: 4.8892,	val_loss: 6.7596
36:	[0s / 1s],		train_loss: 4.8715,	val_loss: 6.7571
37:	[0s / 1s],		train_loss: 4.8801,	val_loss: 6.7281
38:	[0s / 1s],		train_loss: 4.8763,	val_loss: 6.8032
39:	[0s / 1s],		train_loss: 4.8962,	val_loss: 6.8082
40:	[0s / 1s],		train_loss: 4.9343,	val_loss: 6.8170
41:	[0s / 1s],		train_loss: 4.9401,	val_loss: 6.7473
42:	[0s / 1s],		train_loss: 4.8734,	val_loss: 6.7303
Saved fixed_epochs=23 → nan/tabicl/OrmoniTirodei/nan_percentage0.9/seed123/fold4/fixed_epochs_deepsurv_simple.json
Fitting DeepSurv Vanilla pilot model...
0:	[0s / 0s],		train_loss: 4.9955,	val_loss: 6.8642
1:	[0s / 0s],		train_loss: 4.9068,	val_loss: 6.8381
2:	[0s / 0s],		train_loss: 4.9417,	val_loss: 6.8650
3:	[0s / 0s],		train_loss: 4.9172,	val_loss: 6.8199
4:	[0s / 0s],		train_loss: 4.8842,	val_loss: 6.8171
5:	[0s / 0s],		train_loss: 4.8781,	val_loss: 6.8525
6:	[0s / 0s],		train_loss: 4.8830,	val_loss: 6.8120
7:	[0s / 0s],		train_loss: 4.8638,	val_loss: 22.3944
8:	[0s / 0s],		train_loss: 4.8689,	val_loss: 6.7964
9:	[0s / 0s],		train_loss: 4.8390,	val_loss: 6.8013
10:	[0s / 0s],		train_loss: 4.8571,	val_loss: 6.8045
11:	[0s / 0s],		train_loss: 4.8702,	val_loss: 6.7709
12:	[0s / 0s],		train_loss: 4.8419,	val_loss: 40.1424
13:	[0s / 0s],		train_loss: 4.8381,	val_loss: 168.9195
14:	[0s / 0s],		train_loss: 4.8432,	val_loss: 179.0738
15:	[0s / 0s],		train_loss: 4.8481,	val_loss: 273.4940
16:	[0s / 0s],		train_loss: 4.8162,	val_loss: 212.9938
17:	[0s / 0s],		train_loss: 4.8341,	val_loss: 285.4109
18:	[0s / 0s],		train_loss: 4.8321,	val_loss: 270.5394
19:	[0s / 0s],		train_loss: 4.8164,	val_loss: 311.0056
20:	[0s / 0s],		train_loss: 4.8258,	val_loss: 170.6824
21:	[0s / 1s],		train_loss: 4.8288,	val_loss: 166.6527
22:	[0s / 1s],		train_loss: 4.7999,	val_loss: 250.6928
23:	[0s / 1s],		train_loss: 4.8101,	val_loss: 254.8288
24:	[0s / 1s],		train_loss: 4.7947,	val_loss: 271.5319
25:	[0s / 1s],		train_loss: 4.8238,	val_loss: 325.8706
26:	[0s / 1s],		train_loss: 4.8091,	val_loss: 427.6336
27:	[0s / 1s],		train_loss: 4.8117,	val_loss: 237.2847
28:	[0s / 1s],		train_loss: 4.8032,	val_loss: 64.9079
29:	[0s / 1s],		train_loss: 4.7996,	val_loss: 7.0496
30:	[0s / 1s],		train_loss: 4.7865,	val_loss: 6.8220
31:	[0s / 1s],		train_loss: 4.7998,	val_loss: 97.9158
Saved fixed_epochs=12 → nan/tabicl/OrmoniTirodei/nan_percentage0.9/seed123/fold4/fixed_epochs_deepsurv_vanilla.json
Evaluating method: embeddings
Fitting Random Survival Forest model...
C-index TRAIN: 0.9894063641247286
C-index TEST : 0.5760873388042204
Fitting deepsurv_simple.pt...
0:	[0s / 0s],		train_loss: 3.5061
1:	[0s / 0s],		train_loss: 3.3790
2:	[0s / 0s],		train_loss: 3.3045
3:	[0s / 0s],		train_loss: 3.3252
4:	[0s / 0s],		train_loss: 3.2998
5:	[0s / 0s],		train_loss: 3.4059
6:	[0s / 0s],		train_loss: 3.3491
7:	[0s / 0s],		train_loss: 3.2914
8:	[0s / 0s],		train_loss: 3.3204
9:	[0s / 0s],		train_loss: 3.2663
10:	[0s / 0s],		train_loss: 3.2598
11:	[0s / 0s],		train_loss: 3.2765
12:	[0s / 0s],		train_loss: 3.2583
13:	[0s / 0s],		train_loss: 3.2676
14:	[0s / 0s],		train_loss: 3.3014
15:	[0s / 0s],		train_loss: 3.2697
16:	[0s / 0s],		train_loss: 3.3104
17:	[0s / 0s],		train_loss: 3.2892
18:	[0s / 0s],		train_loss: 3.2668
19:	[0s / 0s],		train_loss: 3.2559
20:	[0s / 0s],		train_loss: 3.2566
21:	[0s / 0s],		train_loss: 3.3231
22:	[0s / 0s],		train_loss: 3.2386
C-index TRAIN: 0.9137806674474346
C-index TEST : 0.5009818288393904
Fitting deepsurv_vanilla.pt...
0:	[0s / 0s],		train_loss: 3.4901
1:	[0s / 0s],		train_loss: 3.3525
2:	[0s / 0s],		train_loss: 3.3256
3:	[0s / 0s],		train_loss: 3.3160
4:	[0s / 0s],		train_loss: 3.3129
5:	[0s / 0s],		train_loss: 3.2873
6:	[0s / 0s],		train_loss: 3.2767
7:	[0s / 0s],		train_loss: 3.3058
8:	[0s / 0s],		train_loss: 3.2851
9:	[0s / 0s],		train_loss: 3.2712
10:	[0s / 0s],		train_loss: 3.2674
11:	[0s / 0s],		train_loss: 3.2591
C-index TRAIN: 0.9062370711187757
C-index TEST : 0.5414126611957796
Fitting Cox model...
C-index TRAIN: 0.9119140146343171
C-index TEST : 0.5570955451348183
Evaluating method: mean
Fitting Random Survival Forest model...
C-index TRAIN: 0.7454138352534427
C-index TEST : 0.637658264947245
Fitting deepsurv_simple.pt...
0:	[0s / 0s],		train_loss: 9.5522
1:	[0s / 0s],		train_loss: 6.6841
2:	[0s / 0s],		train_loss: 6.2588
3:	[0s / 0s],		train_loss: 5.6483
4:	[0s / 0s],		train_loss: 5.3344
5:	[0s / 0s],		train_loss: 5.1105
6:	[0s / 0s],		train_loss: 5.0360
7:	[0s / 0s],		train_loss: 4.9356
8:	[0s / 0s],		train_loss: 4.9841
9:	[0s / 0s],		train_loss: 5.3363
10:	[0s / 0s],		train_loss: 5.5219
11:	[0s / 0s],		train_loss: 5.1746
12:	[0s / 0s],		train_loss: 4.9753
13:	[0s / 0s],		train_loss: 5.8767
14:	[0s / 0s],		train_loss: 5.6642
15:	[0s / 0s],		train_loss: 4.9364
16:	[0s / 0s],		train_loss: 4.8558
17:	[0s / 0s],		train_loss: 4.8363
18:	[0s / 0s],		train_loss: 4.8822
19:	[0s / 0s],		train_loss: 4.9438
20:	[0s / 0s],		train_loss: 4.9788
21:	[0s / 0s],		train_loss: 4.8360
22:	[0s / 0s],		train_loss: 4.8322
C-index TRAIN: 0.639130949544094
C-index TEST : 0.6223769050410316
Fitting deepsurv_vanilla.pt...
0:	[0s / 0s],		train_loss: 5.0033
1:	[0s / 0s],		train_loss: 4.9301
2:	[0s / 0s],		train_loss: 4.9115
3:	[0s / 0s],		train_loss: 4.9029
4:	[0s / 0s],		train_loss: 4.8866
5:	[0s / 0s],		train_loss: 4.8885
6:	[0s / 0s],		train_loss: 4.8721
7:	[0s / 0s],		train_loss: 4.8683
8:	[0s / 0s],		train_loss: 4.8632
9:	[0s / 0s],		train_loss: 4.8684
10:	[0s / 0s],		train_loss: 4.8563
11:	[0s / 0s],		train_loss: 4.8378
C-index TRAIN: 0.6286212631651068
C-index TEST : 0.6182415005861664
Fitting Cox model...
    Cox fit failed: Convergence halted due to matrix inversion problems. Suspicion is high collinearity. Please see the following tips in the lifelines documentation: https://lifelines.readthedocs.io/en/latest/Examples.html#problems-with-convergence-in-the-cox-proportional-hazard-modelMatrix is singular.
Evaluating method: median
Fitting Random Survival Forest model...
C-index TRAIN: 0.6919420530131658
C-index TEST : 0.6333323563892146
Fitting deepsurv_simple.pt...
0:	[0s / 0s],		train_loss: 8.1243
1:	[0s / 0s],		train_loss: 6.2014
2:	[0s / 0s],		train_loss: 5.4462
3:	[0s / 0s],		train_loss: 5.5300
4:	[0s / 0s],		train_loss: 5.4981
5:	[0s / 0s],		train_loss: 5.3825
6:	[0s / 0s],		train_loss: 5.3424
7:	[0s / 0s],		train_loss: 5.2327
8:	[0s / 0s],		train_loss: 5.2751
9:	[0s / 0s],		train_loss: 5.7753
10:	[0s / 0s],		train_loss: 5.3614
11:	[0s / 0s],		train_loss: 5.4355
12:	[0s / 0s],		train_loss: 5.5695
13:	[0s / 0s],		train_loss: 5.5415
14:	[0s / 0s],		train_loss: 5.4861
15:	[0s / 0s],		train_loss: 5.4791
16:	[0s / 0s],		train_loss: 5.3937
17:	[0s / 0s],		train_loss: 5.3021
18:	[0s / 0s],		train_loss: 5.4806
19:	[0s / 0s],		train_loss: 5.4031
20:	[0s / 0s],		train_loss: 5.3888
21:	[0s / 0s],		train_loss: 5.3150
22:	[0s / 0s],		train_loss: 5.2919
C-index TRAIN: 0.6322957476756719
C-index TEST : 0.610383939038687
Fitting deepsurv_vanilla.pt...
0:	[0s / 0s],		train_loss: 4.9991
1:	[0s / 0s],		train_loss: 4.9710
2:	[0s / 0s],		train_loss: 4.9355
3:	[0s / 0s],		train_loss: 4.8810
4:	[0s / 0s],		train_loss: 4.9033
5:	[0s / 0s],		train_loss: 4.8786
6:	[0s / 0s],		train_loss: 4.8857
7:	[0s / 0s],		train_loss: 4.8749
8:	[0s / 0s],		train_loss: 4.8558
9:	[0s / 0s],		train_loss: 4.8577
10:	[0s / 0s],		train_loss: 4.8586
11:	[0s / 0s],		train_loss: 4.8415
C-index TRAIN: 0.640431978508929
C-index TEST : 0.6277916178194607
Fitting Cox model...
    Cox fit failed: Convergence halted due to matrix inversion problems. Suspicion is high collinearity. Please see the following tips in the lifelines documentation: https://lifelines.readthedocs.io/en/latest/Examples.html#problems-with-convergence-in-the-cox-proportional-hazard-modelMatrix is singular.
Evaluating method: constant
Fitting Random Survival Forest model...
C-index TRAIN: 0.765368686988468
C-index TEST : 0.6166881594372802
Fitting deepsurv_simple.pt...
0:	[0s / 0s],		train_loss: 12.0915
1:	[0s / 0s],		train_loss: 6.5740
2:	[0s / 0s],		train_loss: 6.0768
3:	[0s / 0s],		train_loss: 5.5658
4:	[0s / 0s],		train_loss: 5.3657
5:	[0s / 0s],		train_loss: 5.2866
6:	[0s / 0s],		train_loss: 5.1986
7:	[0s / 0s],		train_loss: 5.1056
8:	[0s / 0s],		train_loss: 5.6153
9:	[0s / 0s],		train_loss: 5.1745
10:	[0s / 0s],		train_loss: 5.0340
11:	[0s / 0s],		train_loss: 5.0558
12:	[0s / 0s],		train_loss: 5.3228
13:	[0s / 0s],		train_loss: 6.2550
14:	[0s / 0s],		train_loss: 5.6953
15:	[0s / 0s],		train_loss: 5.6978
16:	[0s / 0s],		train_loss: 5.5962
17:	[0s / 0s],		train_loss: 5.6379
18:	[0s / 0s],		train_loss: 5.7128
19:	[0s / 0s],		train_loss: 5.7510
20:	[0s / 0s],		train_loss: 5.8159
21:	[0s / 0s],		train_loss: 5.9638
22:	[0s / 0s],		train_loss: 6.0133
C-index TRAIN: 0.5427798915733905
C-index TEST : 0.5101113716295428
Fitting deepsurv_vanilla.pt...
0:	[0s / 0s],		train_loss: 4.9879
1:	[0s / 0s],		train_loss: 4.9333
2:	[0s / 0s],		train_loss: 4.9301
3:	[0s / 0s],		train_loss: 4.9256
4:	[0s / 0s],		train_loss: 4.9342
5:	[0s / 0s],		train_loss: 4.9320
6:	[0s / 0s],		train_loss: 4.9137
7:	[0s / 0s],		train_loss: 4.8992
8:	[0s / 0s],		train_loss: 4.8838
9:	[0s / 0s],		train_loss: 4.8948
10:	[0s / 0s],		train_loss: 4.8628
11:	[0s / 0s],		train_loss: 4.8864
C-index TRAIN: 0.6267681627370397
C-index TEST : 0.5557033997655334
Fitting Cox model...
C-index TRAIN: 0.586653008874177
C-index TEST : 0.5157092614302462
Evaluating method: knn
Fitting Random Survival Forest model...
C-index TRAIN: 0.8967089915180892
C-index TEST : 0.6260433763188745
Fitting deepsurv_simple.pt...
0:	[0s / 0s],		train_loss: 14.7612
1:	[0s / 0s],		train_loss: 10.4725
2:	[0s / 0s],		train_loss: 7.0129
3:	[0s / 0s],		train_loss: 5.5620
4:	[0s / 0s],		train_loss: 5.0379
5:	[0s / 0s],		train_loss: 4.9500
6:	[0s / 0s],		train_loss: 4.9596
7:	[0s / 0s],		train_loss: 4.9192
8:	[0s / 0s],		train_loss: 4.9268
9:	[0s / 0s],		train_loss: 4.9125
10:	[0s / 0s],		train_loss: 4.9083
11:	[0s / 0s],		train_loss: 4.9471
12:	[0s / 0s],		train_loss: 5.0205
13:	[0s / 0s],		train_loss: 6.1409
14:	[0s / 0s],		train_loss: 5.5972
15:	[0s / 0s],		train_loss: 6.7474
16:	[0s / 0s],		train_loss: 6.7076
17:	[0s / 0s],		train_loss: 8.8279
18:	[0s / 0s],		train_loss: 8.8018
19:	[0s / 0s],		train_loss: 8.9752
20:	[0s / 0s],		train_loss: 5.9663
21:	[0s / 0s],		train_loss: 5.8063
22:	[0s / 0s],		train_loss: 6.5065
C-index TRAIN: 0.5628269748177863
C-index TEST : 0.5480055685814771
Fitting deepsurv_vanilla.pt...
0:	[0s / 0s],		train_loss: 4.9825
1:	[0s / 0s],		train_loss: 4.9345
2:	[0s / 0s],		train_loss: 4.9333
3:	[0s / 0s],		train_loss: 4.9097
4:	[0s / 0s],		train_loss: 4.9288
5:	[0s / 0s],		train_loss: 4.9185
6:	[0s / 0s],		train_loss: 4.9317
7:	[0s / 0s],		train_loss: 4.9048
8:	[0s / 0s],		train_loss: 4.8956
9:	[0s / 0s],		train_loss: 4.9057
10:	[0s / 0s],		train_loss: 4.9066
11:	[0s / 0s],		train_loss: 4.9023
C-index TRAIN: 0.5865399782183056
C-index TEST : 0.5697860492379836
Fitting Cox model...
    Cox fit failed: Convergence halted due to matrix inversion problems. Suspicion is high collinearity. Please see the following tips in the lifelines documentation: https://lifelines.readthedocs.io/en/latest/Examples.html#problems-with-convergence-in-the-cox-proportional-hazard-modelMatrix is singular.
Evaluating method: imputer_bayesian
Fitting Random Survival Forest model...
C-index TRAIN: 0.9001614616096695
C-index TEST : 0.6293053927315357
Fitting deepsurv_simple.pt...
0:	[0s / 0s],		train_loss: 11.2712
1:	[0s / 0s],		train_loss: 10.6138
2:	[0s / 0s],		train_loss: 7.7556
3:	[0s / 0s],		train_loss: 7.2699
4:	[0s / 0s],		train_loss: 6.5318
5:	[0s / 0s],		train_loss: 5.5349
6:	[0s / 0s],		train_loss: 5.3047
7:	[0s / 0s],		train_loss: 5.2030
8:	[0s / 0s],		train_loss: 5.6095
9:	[0s / 0s],		train_loss: 5.8699
10:	[0s / 0s],		train_loss: 5.7061
11:	[0s / 0s],		train_loss: 5.5519
12:	[0s / 0s],		train_loss: 5.1884
13:	[0s / 0s],		train_loss: 5.0024
14:	[0s / 0s],		train_loss: 4.8817
15:	[0s / 0s],		train_loss: 4.8561
16:	[0s / 0s],		train_loss: 4.8725
17:	[0s / 0s],		train_loss: 4.8212
18:	[0s / 0s],		train_loss: 4.8617
19:	[0s / 0s],		train_loss: 4.8490
20:	[0s / 0s],		train_loss: 9.2890
21:	[0s / 0s],		train_loss: 7.5953
22:	[0s / 0s],		train_loss: 7.3578
C-index TRAIN: 0.5590362597826574
C-index TEST : 0.5409906213364596
Fitting deepsurv_vanilla.pt...
0:	[0s / 0s],		train_loss: 4.9793
1:	[0s / 0s],		train_loss: 4.8851
2:	[0s / 0s],		train_loss: 4.8887
3:	[0s / 0s],		train_loss: 4.8764
4:	[0s / 0s],		train_loss: 4.8883
5:	[0s / 0s],		train_loss: 4.8962
6:	[0s / 0s],		train_loss: 4.8450
7:	[0s / 0s],		train_loss: 4.8567
8:	[0s / 0s],		train_loss: 4.8573
9:	[0s / 0s],		train_loss: 4.8702
10:	[0s / 0s],		train_loss: 4.8548
11:	[0s / 0s],		train_loss: 4.8614
C-index TRAIN: 0.6240167462304606
C-index TEST : 0.59978898007034
Fitting Cox model...
    Cox fit failed: Convergence halted due to matrix inversion problems. Suspicion is high collinearity. Please see the following tips in the lifelines documentation: https://lifelines.readthedocs.io/en/latest/Examples.html#problems-with-convergence-in-the-cox-proportional-hazard-modelMatrix is singular.
Generating NaN ordering → tmp/masks/OrmoniTirodei_tabicl_seed123_fold5_train.npy
Generating NaN ordering → tmp/masks/OrmoniTirodei_tabicl_seed123_fold5_test.npy
[fold=5, target=10%] actual NaN%: 10.0%
X_train shape: (5162, 76), X_test shape: (1290, 76)
Generating Tabicl Embeddings...
Warming up TabICL model (triggering checkpoint load)...
ARRIVATO QUI 1
Loading TabICL model checkpoint 'tabicl-classifier-v1.1-0506.ckpt'...
ARRIVATO QUI
Performing dummy prediction to ensure model is loaded...
Warming up TabICL model (triggering checkpoint load)...
ARRIVATO QUI 1
Loading TabICL model checkpoint 'tabicl-classifier-v1.1-0506.ckpt'...
ARRIVATO QUI
Performing dummy prediction to ensure model is loaded...
Successfully generated embeddings with shape: (5162, 512)
Fitting SimpleImputer (mean)...
Fitting SimpleImputer (median)...
Fitting SimpleImputer (constant, fill=-1)...
Fitting KNNImputer...
Fitting IterativeImputer (BayesianRidge, MICE-like)...
Fitting DeepSurv Simple pilot model...
0:	[0s / 0s],		train_loss: 32.6482,	val_loss: 16.5556
1:	[0s / 0s],		train_loss: 11.7509,	val_loss: 13.6826
2:	[0s / 0s],		train_loss: 9.0525,	val_loss: 11.1651
3:	[0s / 0s],		train_loss: 9.0214,	val_loss: 10.9265
4:	[0s / 0s],		train_loss: 7.9960,	val_loss: 10.0849
5:	[0s / 0s],		train_loss: 6.8468,	val_loss: 9.8130
6:	[0s / 0s],		train_loss: 7.1738,	val_loss: 9.7401
7:	[0s / 0s],		train_loss: 6.6059,	val_loss: 8.2350
8:	[0s / 0s],		train_loss: 6.5931,	val_loss: 8.6994
9:	[0s / 0s],		train_loss: 6.1845,	val_loss: 7.2593
10:	[0s / 0s],		train_loss: 4.9074,	val_loss: 6.9626
11:	[0s / 0s],		train_loss: 4.8559,	val_loss: 6.6256
12:	[0s / 0s],		train_loss: 5.4751,	val_loss: 8.3812
13:	[0s / 0s],		train_loss: 6.3837,	val_loss: 8.2430
14:	[0s / 0s],		train_loss: 6.3025,	val_loss: 9.3492
15:	[0s / 0s],		train_loss: 6.8917,	val_loss: 8.9000
16:	[0s / 0s],		train_loss: 5.6933,	val_loss: 7.8495
17:	[0s / 0s],		train_loss: 5.5316,	val_loss: 8.0595
18:	[0s / 0s],		train_loss: 5.6031,	val_loss: 7.0908
19:	[0s / 0s],		train_loss: 5.0583,	val_loss: 6.9662
20:	[0s / 0s],		train_loss: 4.7305,	val_loss: 6.7919
21:	[0s / 0s],		train_loss: 4.7757,	val_loss: 7.8166
22:	[0s / 0s],		train_loss: 6.1606,	val_loss: 9.1762
23:	[0s / 0s],		train_loss: 8.1980,	val_loss: 11.5911
24:	[0s / 0s],		train_loss: 8.7746,	val_loss: 10.0191
25:	[0s / 0s],		train_loss: 11.3642,	val_loss: 11.7339
26:	[0s / 0s],		train_loss: 9.1275,	val_loss: 11.6148
27:	[0s / 0s],		train_loss: 8.5059,	val_loss: 9.4021
28:	[0s / 0s],		train_loss: 6.1703,	val_loss: 13.3224
29:	[0s / 0s],		train_loss: 6.4761,	val_loss: 8.8062
30:	[0s / 0s],		train_loss: 6.0032,	val_loss: 6.8288
31:	[0s / 1s],		train_loss: 6.4028,	val_loss: 10.9986
Saved fixed_epochs=12 → nan/tabicl/OrmoniTirodei/nan_percentage0.1/seed123/fold5/fixed_epochs_deepsurv_simple.json
Fitting DeepSurv Vanilla pilot model...
0:	[0s / 0s],		train_loss: 4.7951,	val_loss: 6.5927
1:	[0s / 0s],		train_loss: 4.5563,	val_loss: 6.4270
2:	[0s / 0s],		train_loss: 4.5248,	val_loss: 6.4060
3:	[0s / 0s],		train_loss: 4.4962,	val_loss: 6.3955
4:	[0s / 0s],		train_loss: 4.4709,	val_loss: 6.3521
5:	[0s / 0s],		train_loss: 4.4751,	val_loss: 6.3547
6:	[0s / 0s],		train_loss: 4.4459,	val_loss: 6.3801
7:	[0s / 0s],		train_loss: 4.4435,	val_loss: 6.3268
8:	[0s / 0s],		train_loss: 4.4207,	val_loss: 6.3282
9:	[0s / 0s],		train_loss: 4.4309,	val_loss: 6.3289
10:	[0s / 0s],		train_loss: 4.4139,	val_loss: 6.3350
11:	[0s / 0s],		train_loss: 4.4047,	val_loss: 6.3376
12:	[0s / 0s],		train_loss: 4.3982,	val_loss: 6.3178
13:	[0s / 0s],		train_loss: 4.4105,	val_loss: 6.3442
14:	[0s / 0s],		train_loss: 4.3886,	val_loss: 6.3194
15:	[0s / 0s],		train_loss: 4.3954,	val_loss: 6.3148
16:	[0s / 0s],		train_loss: 4.3767,	val_loss: 6.3331
17:	[0s / 0s],		train_loss: 4.3801,	val_loss: 6.3623
18:	[0s / 0s],		train_loss: 4.3900,	val_loss: 6.3316
19:	[0s / 0s],		train_loss: 4.3589,	val_loss: 6.5285
20:	[0s / 0s],		train_loss: 4.3872,	val_loss: 6.3993
21:	[0s / 1s],		train_loss: 4.3837,	val_loss: 6.3609
22:	[0s / 1s],		train_loss: 4.3701,	val_loss: 6.3381
23:	[0s / 1s],		train_loss: 4.3912,	val_loss: 6.3410
24:	[0s / 1s],		train_loss: 4.3759,	val_loss: 6.2988
25:	[0s / 1s],		train_loss: 4.3888,	val_loss: 6.3301
26:	[0s / 1s],		train_loss: 4.3516,	val_loss: 10.1681
27:	[0s / 1s],		train_loss: 4.3486,	val_loss: 6.2930
28:	[0s / 1s],		train_loss: 4.3497,	val_loss: 6.2891
29:	[0s / 1s],		train_loss: 4.3573,	val_loss: 6.3035
30:	[0s / 1s],		train_loss: 4.3627,	val_loss: 6.2934
31:	[0s / 1s],		train_loss: 4.3365,	val_loss: 27.3166
32:	[0s / 1s],		train_loss: 4.3485,	val_loss: 34.7945
33:	[0s / 1s],		train_loss: 4.3393,	val_loss: 10.5609
34:	[0s / 1s],		train_loss: 4.3558,	val_loss: 6.3513
35:	[0s / 1s],		train_loss: 4.3509,	val_loss: 6.2942
36:	[0s / 1s],		train_loss: 4.3459,	val_loss: 6.3311
37:	[0s / 1s],		train_loss: 4.3207,	val_loss: 6.3134
38:	[0s / 1s],		train_loss: 4.3274,	val_loss: 6.2832
39:	[0s / 1s],		train_loss: 4.3360,	val_loss: 6.3029
40:	[0s / 1s],		train_loss: 4.3508,	val_loss: 96.3868
41:	[0s / 1s],		train_loss: 4.3330,	val_loss: 30.5912
42:	[0s / 1s],		train_loss: 4.3433,	val_loss: 6.3173
43:	[0s / 2s],		train_loss: 4.3214,	val_loss: 6.3269
44:	[0s / 2s],		train_loss: 4.3428,	val_loss: 6.3094
45:	[0s / 2s],		train_loss: 4.3257,	val_loss: 6.3007
46:	[0s / 2s],		train_loss: 4.3301,	val_loss: 6.9991
47:	[0s / 2s],		train_loss: 4.3187,	val_loss: 6.3307
48:	[0s / 2s],		train_loss: 4.3143,	val_loss: 6.3211
49:	[0s / 2s],		train_loss: 4.2938,	val_loss: 6.3346
50:	[0s / 2s],		train_loss: 4.2916,	val_loss: 38.2488
51:	[0s / 2s],		train_loss: 4.3344,	val_loss: 10.0144
52:	[0s / 2s],		train_loss: 4.2915,	val_loss: 6.3144
53:	[0s / 2s],		train_loss: 4.2914,	val_loss: 36.2639
54:	[0s / 2s],		train_loss: 4.2782,	val_loss: 6.3934
55:	[0s / 2s],		train_loss: 4.3308,	val_loss: 25.3179
56:	[0s / 2s],		train_loss: 4.3195,	val_loss: 6.3192
57:	[0s / 2s],		train_loss: 4.3084,	val_loss: 6.3052
58:	[0s / 2s],		train_loss: 4.3043,	val_loss: 6.3255
Saved fixed_epochs=39 → nan/tabicl/OrmoniTirodei/nan_percentage0.1/seed123/fold5/fixed_epochs_deepsurv_vanilla.json
Evaluating method: embeddings
Fitting Random Survival Forest model...
C-index TRAIN: 0.9641480231384126
C-index TEST : 0.7261475486673125
Fitting deepsurv_simple.pt...
0:	[0s / 0s],		train_loss: 3.5002
1:	[0s / 0s],		train_loss: 3.4091
2:	[0s / 0s],		train_loss: 3.2517
3:	[0s / 0s],		train_loss: 3.2784
4:	[0s / 0s],		train_loss: 3.2599
5:	[0s / 0s],		train_loss: 3.2722
6:	[0s / 0s],		train_loss: 3.2680
7:	[0s / 0s],		train_loss: 3.2432
8:	[0s / 0s],		train_loss: 3.2006
9:	[0s / 0s],		train_loss: 3.1765
10:	[0s / 0s],		train_loss: 3.1978
11:	[0s / 0s],		train_loss: 3.2050
C-index TRAIN: 0.9246335821978231
C-index TEST : 0.7246508139861888
Fitting deepsurv_vanilla.pt...
0:	[0s / 0s],		train_loss: 3.4491
1:	[0s / 0s],		train_loss: 3.3072
2:	[0s / 0s],		train_loss: 3.2930
3:	[0s / 0s],		train_loss: 3.2934
4:	[0s / 0s],		train_loss: 3.2570
5:	[0s / 0s],		train_loss: 3.2652
6:	[0s / 0s],		train_loss: 3.2342
7:	[0s / 0s],		train_loss: 3.2382
8:	[0s / 0s],		train_loss: 3.2326
9:	[0s / 0s],		train_loss: 3.2181
10:	[0s / 0s],		train_loss: 3.2054
11:	[0s / 0s],		train_loss: 3.2094
12:	[0s / 0s],		train_loss: 3.1897
13:	[0s / 0s],		train_loss: 3.1907
14:	[0s / 0s],		train_loss: 3.1703
15:	[0s / 0s],		train_loss: 3.2032
16:	[0s / 0s],		train_loss: 3.1688
17:	[0s / 0s],		train_loss: 3.1672
18:	[0s / 1s],		train_loss: 3.1541
19:	[0s / 1s],		train_loss: 3.1616
20:	[0s / 1s],		train_loss: 3.1574
21:	[0s / 1s],		train_loss: 3.1616
22:	[0s / 1s],		train_loss: 3.1454
23:	[0s / 1s],		train_loss: 3.1417
24:	[0s / 1s],		train_loss: 3.1219
25:	[0s / 1s],		train_loss: 3.1380
26:	[0s / 1s],		train_loss: 3.0816
27:	[0s / 1s],		train_loss: 3.0758
28:	[0s / 1s],		train_loss: 3.0987
29:	[0s / 1s],		train_loss: 3.0785
30:	[0s / 1s],		train_loss: 3.0871
31:	[0s / 1s],		train_loss: 3.0609
32:	[0s / 1s],		train_loss: 3.0632
33:	[0s / 1s],		train_loss: 3.0569
34:	[0s / 1s],		train_loss: 3.0749
35:	[0s / 1s],		train_loss: 3.0852
36:	[0s / 1s],		train_loss: 3.0908
37:	[0s / 2s],		train_loss: 3.0936
38:	[0s / 2s],		train_loss: 3.0644
C-index TRAIN: 0.9369207915710333
C-index TEST : 0.664443958378902
Fitting Cox model...
C-index TRAIN: 0.9243115462487537
C-index TEST : 0.7318345155141706
Evaluating method: mean
Fitting Random Survival Forest model...
C-index TRAIN: 0.9012513264527332
C-index TEST : 0.7963909633471862
Fitting deepsurv_simple.pt...
0:	[0s / 0s],		train_loss: 102.3173
1:	[0s / 0s],		train_loss: 11.9122
2:	[0s / 0s],		train_loss: 9.2067
3:	[0s / 0s],		train_loss: 8.5099
4:	[0s / 0s],		train_loss: 8.1578
5:	[0s / 0s],		train_loss: 6.6256
6:	[0s / 0s],		train_loss: 6.3529
7:	[0s / 0s],		train_loss: 6.7296
8:	[0s / 0s],		train_loss: 6.1367
9:	[0s / 0s],		train_loss: 5.4413
10:	[0s / 0s],		train_loss: 5.3649
11:	[0s / 0s],		train_loss: 5.2668
C-index TRAIN: 0.7523622300378012
C-index TEST : 0.7469471612036371
Fitting deepsurv_vanilla.pt...
0:	[0s / 0s],		train_loss: 4.7934
1:	[0s / 0s],		train_loss: 4.5555
2:	[0s / 0s],		train_loss: 4.4968
3:	[0s / 0s],		train_loss: 4.5156
4:	[0s / 0s],		train_loss: 4.4512
5:	[0s / 0s],		train_loss: 4.4479
6:	[0s / 0s],		train_loss: 4.4308
7:	[0s / 0s],		train_loss: 4.4016
8:	[0s / 0s],		train_loss: 4.4300
9:	[0s / 0s],		train_loss: 4.4277
10:	[0s / 0s],		train_loss: 4.4271
11:	[0s / 0s],		train_loss: 4.4021
12:	[0s / 0s],		train_loss: 4.3959
13:	[0s / 0s],		train_loss: 4.3823
14:	[0s / 0s],		train_loss: 4.3526
15:	[0s / 0s],		train_loss: 4.4024
16:	[0s / 0s],		train_loss: 4.3771
17:	[0s / 0s],		train_loss: 4.3709
18:	[0s / 0s],		train_loss: 4.3939
19:	[0s / 0s],		train_loss: 4.4223
20:	[0s / 0s],		train_loss: 4.3529
21:	[0s / 0s],		train_loss: 4.3829
22:	[0s / 1s],		train_loss: 4.3889
23:	[0s / 1s],		train_loss: 4.3680
24:	[0s / 1s],		train_loss: 4.3606
25:	[0s / 1s],		train_loss: 4.3658
26:	[0s / 1s],		train_loss: 4.3970
27:	[0s / 1s],		train_loss: 4.3820
28:	[0s / 1s],		train_loss: 4.3766
29:	[0s / 1s],		train_loss: 4.3774
30:	[0s / 1s],		train_loss: 4.3673
31:	[0s / 1s],		train_loss: 4.3343
32:	[0s / 1s],		train_loss: 4.3413
33:	[0s / 1s],		train_loss: 4.3879
34:	[0s / 1s],		train_loss: 4.3742
35:	[0s / 1s],		train_loss: 4.3460
36:	[0s / 1s],		train_loss: 4.3865
37:	[0s / 1s],		train_loss: 4.3409
38:	[0s / 1s],		train_loss: 4.3430
C-index TRAIN: 0.799184830290946
C-index TEST : 0.7862856607193076
Fitting Cox model...
C-index TRAIN: 0.793987229366121
C-index TEST : 0.7956816548448583
Evaluating method: median
Fitting Random Survival Forest model...
C-index TRAIN: 0.8927481321266435
C-index TEST : 0.798343905258882
Fitting deepsurv_simple.pt...
0:	[0s / 0s],		train_loss: 87.2042
1:	[0s / 0s],		train_loss: 11.1657
2:	[0s / 0s],		train_loss: 9.2860
3:	[0s / 0s],		train_loss: 8.0601
4:	[0s / 0s],		train_loss: 7.1685
5:	[0s / 0s],		train_loss: 6.2593
6:	[0s / 0s],		train_loss: 6.0366
7:	[0s / 0s],		train_loss: 6.2673
8:	[0s / 0s],		train_loss: 7.8452
9:	[0s / 0s],		train_loss: 7.0361
10:	[0s / 0s],		train_loss: 6.1849
11:	[0s / 0s],		train_loss: 6.6442
C-index TRAIN: 0.7429452726030603
C-index TEST : 0.7369512233228135
Fitting deepsurv_vanilla.pt...
0:	[0s / 0s],		train_loss: 4.7948
1:	[0s / 0s],		train_loss: 4.5714
2:	[0s / 0s],		train_loss: 4.4942
3:	[0s / 0s],		train_loss: 4.5049
4:	[0s / 0s],		train_loss: 4.4522
5:	[0s / 0s],		train_loss: 4.4550
6:	[0s / 0s],		train_loss: 4.4319
7:	[0s / 0s],		train_loss: 4.4128
8:	[0s / 0s],		train_loss: 4.4305
9:	[0s / 0s],		train_loss: 4.4076
10:	[0s / 0s],		train_loss: 4.4279
11:	[0s / 0s],		train_loss: 4.3870
12:	[0s / 0s],		train_loss: 4.4016
13:	[0s / 0s],		train_loss: 4.3930
14:	[0s / 0s],		train_loss: 4.3599
15:	[0s / 0s],		train_loss: 4.3829
16:	[0s / 0s],		train_loss: 4.3851
17:	[0s / 0s],		train_loss: 4.3680
18:	[0s / 0s],		train_loss: 4.3761
19:	[0s / 0s],		train_loss: 4.4056
20:	[0s / 0s],		train_loss: 4.3557
21:	[0s / 0s],		train_loss: 4.3819
22:	[0s / 1s],		train_loss: 4.3831
23:	[0s / 1s],		train_loss: 4.3631
24:	[0s / 1s],		train_loss: 4.3479
25:	[0s / 1s],		train_loss: 4.3547
26:	[0s / 1s],		train_loss: 4.3770
27:	[0s / 1s],		train_loss: 4.3748
28:	[0s / 1s],		train_loss: 4.3683
29:	[0s / 1s],		train_loss: 4.3713
30:	[0s / 1s],		train_loss: 4.3741
31:	[0s / 1s],		train_loss: 4.3332
32:	[0s / 1s],		train_loss: 4.3507
33:	[0s / 1s],		train_loss: 4.3913
34:	[0s / 1s],		train_loss: 4.3701
35:	[0s / 1s],		train_loss: 4.3295
36:	[0s / 1s],		train_loss: 4.3646
37:	[0s / 1s],		train_loss: 4.3304
38:	[0s / 1s],		train_loss: 4.3539
C-index TRAIN: 0.7897383189241701
C-index TEST : 0.7840046245664469
Fitting Cox model...
C-index TRAIN: 0.7930978320384264
C-index TEST : 0.794234915476674
Evaluating method: constant
Fitting Random Survival Forest model...
C-index TRAIN: 0.9083559434810233
C-index TEST : 0.8003187201199887
Fitting deepsurv_simple.pt...
0:	[0s / 0s],		train_loss: 75.6983
1:	[0s / 0s],		train_loss: 12.4321
2:	[0s / 0s],		train_loss: 8.9135
3:	[0s / 0s],		train_loss: 7.8459
4:	[0s / 0s],		train_loss: 7.5547
5:	[0s / 0s],		train_loss: 7.1525
6:	[0s / 0s],		train_loss: 6.4277
7:	[0s / 0s],		train_loss: 6.2712
8:	[0s / 0s],		train_loss: 8.4956
9:	[0s / 0s],		train_loss: 8.9766
10:	[0s / 0s],		train_loss: 8.4977
11:	[0s / 0s],		train_loss: 7.9573
C-index TRAIN: 0.7038107710833953
C-index TEST : 0.7064728306721245
Fitting deepsurv_vanilla.pt...
0:	[0s / 0s],		train_loss: 4.8541
1:	[0s / 0s],		train_loss: 4.7247
2:	[0s / 0s],		train_loss: 4.6531
3:	[0s / 0s],		train_loss: 4.6239
4:	[0s / 0s],		train_loss: 4.5957
5:	[0s / 0s],		train_loss: 4.5594
6:	[0s / 0s],		train_loss: 4.5585
7:	[0s / 0s],		train_loss: 4.5642
8:	[0s / 0s],		train_loss: 4.5272
9:	[0s / 0s],		train_loss: 4.5089
10:	[0s / 0s],		train_loss: 4.5281
11:	[0s / 0s],		train_loss: 4.4909
12:	[0s / 0s],		train_loss: 4.5023
13:	[0s / 0s],		train_loss: 4.4961
14:	[0s / 0s],		train_loss: 4.4496
15:	[0s / 0s],		train_loss: 4.4667
16:	[0s / 0s],		train_loss: 4.4528
17:	[0s / 0s],		train_loss: 4.4508
18:	[0s / 0s],		train_loss: 4.4506
19:	[0s / 0s],		train_loss: 4.4666
20:	[0s / 0s],		train_loss: 4.4248
21:	[0s / 1s],		train_loss: 4.4543
22:	[0s / 1s],		train_loss: 4.4491
23:	[0s / 1s],		train_loss: 4.4371
24:	[0s / 1s],		train_loss: 4.4112
25:	[0s / 1s],		train_loss: 4.4137
26:	[0s / 1s],		train_loss: 4.4472
27:	[0s / 1s],		train_loss: 4.4304
28:	[0s / 1s],		train_loss: 4.4250
29:	[0s / 1s],		train_loss: 4.4192
30:	[0s / 1s],		train_loss: 4.4206
31:	[0s / 1s],		train_loss: 4.3983
32:	[0s / 1s],		train_loss: 4.3650
33:	[0s / 1s],		train_loss: 4.4171
34:	[0s / 1s],		train_loss: 4.3924
35:	[0s / 1s],		train_loss: 4.3953
36:	[0s / 1s],		train_loss: 4.4186
37:	[0s / 1s],		train_loss: 4.3569
38:	[0s / 1s],		train_loss: 4.3962
C-index TRAIN: 0.7984786858709785
C-index TEST : 0.7652470080929913
Fitting Cox model...
C-index TRAIN: 0.7373359548319567
C-index TEST : 0.738574508639815
Evaluating method: knn
Fitting Random Survival Forest model...
C-index TRAIN: 0.9049111964561963
C-index TEST : 0.7981314251788895
Fitting deepsurv_simple.pt...
0:	[0s / 0s],		train_loss: 87.6121
1:	[0s / 0s],		train_loss: 12.2515
2:	[0s / 0s],		train_loss: 9.5173
3:	[0s / 0s],		train_loss: 8.2761
4:	[0s / 0s],		train_loss: 7.6513
5:	[0s / 0s],		train_loss: 6.4995
6:	[0s / 0s],		train_loss: 6.5102
7:	[0s / 0s],		train_loss: 6.0914
8:	[0s / 0s],		train_loss: 6.3609
9:	[0s / 0s],		train_loss: 5.9954
10:	[0s / 0s],		train_loss: 5.6868
11:	[0s / 0s],		train_loss: 5.7609
C-index TRAIN: 0.7466886162515497
C-index TEST : 0.7325891322688498
Fitting deepsurv_vanilla.pt...
0:	[0s / 0s],		train_loss: 4.7685
1:	[0s / 0s],		train_loss: 4.5451
2:	[0s / 0s],		train_loss: 4.4952
3:	[0s / 0s],		train_loss: 4.5066
4:	[0s / 0s],		train_loss: 4.4423
5:	[0s / 0s],		train_loss: 4.4523
6:	[0s / 0s],		train_loss: 4.4238
7:	[0s / 0s],		train_loss: 4.4024
8:	[0s / 0s],		train_loss: 4.4256
9:	[0s / 0s],		train_loss: 4.3944
10:	[0s / 0s],		train_loss: 4.4274
11:	[0s / 0s],		train_loss: 4.3877
12:	[0s / 0s],		train_loss: 4.3988
13:	[0s / 0s],		train_loss: 4.3843
14:	[0s / 0s],		train_loss: 4.3566
15:	[0s / 0s],		train_loss: 4.3921
16:	[0s / 0s],		train_loss: 4.3825
17:	[0s / 0s],		train_loss: 4.3574
18:	[0s / 0s],		train_loss: 4.3865
19:	[0s / 0s],		train_loss: 4.4001
20:	[0s / 1s],		train_loss: 4.3532
21:	[0s / 1s],		train_loss: 4.3815
22:	[0s / 1s],		train_loss: 4.3895
23:	[0s / 1s],		train_loss: 4.3741
24:	[0s / 1s],		train_loss: 4.3532
25:	[0s / 1s],		train_loss: 4.3657
26:	[0s / 1s],		train_loss: 4.4042
27:	[0s / 1s],		train_loss: 4.3849
28:	[0s / 1s],		train_loss: 4.3628
29:	[0s / 1s],		train_loss: 4.3816
30:	[0s / 1s],		train_loss: 4.3607
31:	[0s / 1s],		train_loss: 4.3254
32:	[0s / 1s],		train_loss: 4.3381
33:	[0s / 1s],		train_loss: 4.3737
34:	[0s / 1s],		train_loss: 4.3876
35:	[0s / 1s],		train_loss: 4.3543
36:	[0s / 1s],		train_loss: 4.3782
37:	[0s / 1s],		train_loss: 4.3431
38:	[0s / 1s],		train_loss: 4.3265
C-index TRAIN: 0.7997281964708344
C-index TEST : 0.788285473236884
Fitting Cox model...
C-index TRAIN: 0.7948208540697247
C-index TEST : 0.796109739711902
Evaluating method: imputer_bayesian
Fitting Random Survival Forest model...
C-index TRAIN: 0.9050666556974329
C-index TEST : 0.8036527825516357
Fitting deepsurv_simple.pt...
0:	[0s / 0s],		train_loss: 103.4104
1:	[0s / 0s],		train_loss: 14.5880
2:	[0s / 0s],		train_loss: 10.2328
3:	[0s / 0s],		train_loss: 8.1896
4:	[0s / 0s],		train_loss: 7.7521
5:	[0s / 0s],		train_loss: 7.3771
6:	[0s / 0s],		train_loss: 6.2383
7:	[0s / 0s],		train_loss: 6.3902
8:	[0s / 0s],		train_loss: 6.1982
9:	[0s / 0s],		train_loss: 5.7200
10:	[0s / 0s],		train_loss: 5.8717
11:	[0s / 0s],		train_loss: 7.9394
C-index TRAIN: 0.7142921332991656
C-index TEST : 0.7087101209261631
Fitting deepsurv_vanilla.pt...
0:	[0s / 0s],		train_loss: 4.7799
1:	[0s / 0s],		train_loss: 4.5441
2:	[0s / 0s],		train_loss: 4.4727
3:	[0s / 0s],		train_loss: 4.4787
4:	[0s / 0s],		train_loss: 4.4326
5:	[0s / 0s],		train_loss: 4.4288
6:	[0s / 0s],		train_loss: 4.4252
7:	[0s / 0s],		train_loss: 4.3933
8:	[0s / 0s],		train_loss: 4.4133
9:	[0s / 0s],		train_loss: 4.3870
10:	[0s / 0s],		train_loss: 4.4096
11:	[0s / 0s],		train_loss: 4.3683
12:	[0s / 0s],		train_loss: 4.3797
13:	[0s / 0s],		train_loss: 4.3645
14:	[0s / 0s],		train_loss: 4.3377
15:	[0s / 0s],		train_loss: 4.3660
16:	[0s / 1s],		train_loss: 4.3579
17:	[0s / 1s],		train_loss: 4.3547
18:	[0s / 1s],		train_loss: 4.3700
19:	[0s / 1s],		train_loss: 4.3810
20:	[0s / 1s],		train_loss: 4.3366
21:	[0s / 1s],		train_loss: 4.3610
22:	[0s / 1s],		train_loss: 4.3800
23:	[0s / 1s],		train_loss: 4.3483
24:	[0s / 1s],		train_loss: 4.3358
25:	[0s / 1s],		train_loss: 4.3304
26:	[0s / 1s],		train_loss: 4.3841
27:	[0s / 1s],		train_loss: 4.3540
28:	[0s / 1s],		train_loss: 4.3387
29:	[0s / 1s],		train_loss: 4.3604
30:	[0s / 1s],		train_loss: 4.3519
31:	[0s / 1s],		train_loss: 4.3037
32:	[0s / 1s],		train_loss: 4.3197
33:	[0s / 1s],		train_loss: 4.3641
34:	[0s / 1s],		train_loss: 4.3455
35:	[0s / 1s],		train_loss: 4.3148
36:	[0s / 1s],		train_loss: 4.3487
37:	[0s / 2s],		train_loss: 4.3389
38:	[0s / 2s],		train_loss: 4.3248
C-index TRAIN: 0.8041619347949467
C-index TEST : 0.7957097772083868
Fitting Cox model...
C-index TRAIN: 0.7965290528122281
C-index TEST : 0.7985438865106397
[fold=5, target=30%] actual NaN%: 30.0%
X_train shape: (5162, 76), X_test shape: (1290, 76)
Generating Tabicl Embeddings...
Warming up TabICL model (triggering checkpoint load)...
ARRIVATO QUI 1
Loading TabICL model checkpoint 'tabicl-classifier-v1.1-0506.ckpt'...
ARRIVATO QUI
Performing dummy prediction to ensure model is loaded...
Warming up TabICL model (triggering checkpoint load)...
ARRIVATO QUI 1
Loading TabICL model checkpoint 'tabicl-classifier-v1.1-0506.ckpt'...
ARRIVATO QUI
Performing dummy prediction to ensure model is loaded...
Successfully generated embeddings with shape: (5162, 512)
Fitting SimpleImputer (mean)...
Fitting SimpleImputer (median)...
Fitting SimpleImputer (constant, fill=-1)...
Fitting KNNImputer...
Fitting IterativeImputer (BayesianRidge, MICE-like)...
Fitting DeepSurv Simple pilot model...
0:	[0s / 0s],		train_loss: 37.3846,	val_loss: 61.2671
1:	[0s / 0s],		train_loss: 15.5399,	val_loss: 12.0838
2:	[0s / 0s],		train_loss: 9.8038,	val_loss: 11.1073
3:	[0s / 0s],		train_loss: 8.0719,	val_loss: 9.0803
4:	[0s / 0s],		train_loss: 6.4237,	val_loss: 8.6033
5:	[0s / 0s],		train_loss: 6.2703,	val_loss: 7.9633
6:	[0s / 0s],		train_loss: 5.5959,	val_loss: 8.2943
7:	[0s / 0s],		train_loss: 5.9952,	val_loss: 7.4390
8:	[0s / 0s],		train_loss: 5.0016,	val_loss: 6.9112
9:	[0s / 0s],		train_loss: 4.9366,	val_loss: 7.1838
10:	[0s / 0s],		train_loss: 5.3996,	val_loss: 8.0506
11:	[0s / 0s],		train_loss: 6.4663,	val_loss: 8.6865
12:	[0s / 0s],		train_loss: 5.9525,	val_loss: 7.0501
13:	[0s / 0s],		train_loss: 4.9450,	val_loss: 6.8166
14:	[0s / 0s],		train_loss: 4.8147,	val_loss: 7.4013
15:	[0s / 0s],		train_loss: 5.7817,	val_loss: 7.4857
16:	[0s / 0s],		train_loss: 5.1908,	val_loss: 8.7763
17:	[0s / 0s],		train_loss: 4.9060,	val_loss: 7.9775
18:	[0s / 0s],		train_loss: 6.8594,	val_loss: 8.6694
19:	[0s / 0s],		train_loss: 6.4874,	val_loss: 11.5825
20:	[0s / 0s],		train_loss: 6.0012,	val_loss: 7.8618
21:	[0s / 0s],		train_loss: 5.7312,	val_loss: 7.4696
22:	[0s / 0s],		train_loss: 5.5832,	val_loss: 6.7920
23:	[0s / 0s],		train_loss: 5.0859,	val_loss: 9.0861
24:	[0s / 0s],		train_loss: 8.2388,	val_loss: 10.0932
25:	[0s / 0s],		train_loss: 6.9466,	val_loss: 7.9060
26:	[0s / 0s],		train_loss: 7.7216,	val_loss: 11.6886
27:	[0s / 1s],		train_loss: 8.5122,	val_loss: 14.6370
28:	[0s / 1s],		train_loss: 8.1806,	val_loss: 9.1134
29:	[0s / 1s],		train_loss: 6.7302,	val_loss: 7.7069
30:	[0s / 1s],		train_loss: 6.9915,	val_loss: 10.6980
31:	[0s / 1s],		train_loss: 7.8015,	val_loss: 9.5341
32:	[0s / 1s],		train_loss: 6.8059,	val_loss: 9.1037
33:	[0s / 1s],		train_loss: 7.6501,	val_loss: 9.6092
34:	[0s / 1s],		train_loss: 7.3948,	val_loss: 8.1861
35:	[0s / 1s],		train_loss: 6.1436,	val_loss: 8.0695
36:	[0s / 1s],		train_loss: 5.8031,	val_loss: 7.1346
37:	[0s / 1s],		train_loss: 4.8494,	val_loss: 6.6264
38:	[0s / 1s],		train_loss: 4.8974,	val_loss: 7.1401
39:	[0s / 1s],		train_loss: 5.0383,	val_loss: 6.9083
40:	[0s / 1s],		train_loss: 5.5611,	val_loss: 8.7384
41:	[0s / 1s],		train_loss: 6.0305,	val_loss: 7.8531
42:	[0s / 1s],		train_loss: 5.8288,	val_loss: 9.5247
43:	[0s / 1s],		train_loss: 9.3609,	val_loss: 10.6718
44:	[0s / 1s],		train_loss: 8.7096,	val_loss: 8.7931
45:	[0s / 1s],		train_loss: 6.2470,	val_loss: 7.0147
46:	[0s / 1s],		train_loss: 5.7578,	val_loss: 9.3887
47:	[0s / 1s],		train_loss: 6.7398,	val_loss: 8.2699
48:	[0s / 1s],		train_loss: 6.1953,	val_loss: 8.0116
49:	[0s / 1s],		train_loss: 5.2741,	val_loss: 9.4707
50:	[0s / 1s],		train_loss: 7.5326,	val_loss: 11.3398
51:	[0s / 1s],		train_loss: 7.7345,	val_loss: 8.6897
52:	[0s / 1s],		train_loss: 6.8272,	val_loss: 8.2998
53:	[0s / 1s],		train_loss: 6.4282,	val_loss: 7.5994
54:	[0s / 1s],		train_loss: 5.7502,	val_loss: 9.5647
55:	[0s / 1s],		train_loss: 10.8488,	val_loss: 12.3050
56:	[0s / 1s],		train_loss: 9.5574,	val_loss: 9.2048
57:	[0s / 2s],		train_loss: 6.4394,	val_loss: 17.2541
Saved fixed_epochs=38 → nan/tabicl/OrmoniTirodei/nan_percentage0.3/seed123/fold5/fixed_epochs_deepsurv_simple.json
Fitting DeepSurv Vanilla pilot model...
0:	[0s / 0s],		train_loss: 4.8497,	val_loss: 6.6371
1:	[0s / 0s],		train_loss: 4.6345,	val_loss: 6.4875
2:	[0s / 0s],		train_loss: 4.6032,	val_loss: 6.4787
3:	[0s / 0s],		train_loss: 4.5766,	val_loss: 6.4646
4:	[0s / 0s],		train_loss: 4.5483,	val_loss: 6.4337
5:	[0s / 0s],		train_loss: 4.5333,	val_loss: 6.4191
6:	[0s / 0s],		train_loss: 4.5370,	val_loss: 6.4130
7:	[0s / 0s],		train_loss: 4.5255,	val_loss: 6.4234
8:	[0s / 0s],		train_loss: 4.4889,	val_loss: 6.4169
9:	[0s / 0s],		train_loss: 4.5128,	val_loss: 6.4061
10:	[0s / 0s],		train_loss: 4.4699,	val_loss: 6.3891
11:	[0s / 0s],		train_loss: 4.4826,	val_loss: 6.4428
12:	[0s / 0s],		train_loss: 4.4798,	val_loss: 6.4032
13:	[0s / 0s],		train_loss: 4.4670,	val_loss: 6.4097
14:	[0s / 0s],		train_loss: 4.4571,	val_loss: 6.3961
15:	[0s / 0s],		train_loss: 4.4755,	val_loss: 6.4108
16:	[0s / 0s],		train_loss: 4.4650,	val_loss: 6.4451
17:	[0s / 0s],		train_loss: 4.4529,	val_loss: 6.4069
18:	[0s / 0s],		train_loss: 4.4440,	val_loss: 6.3984
19:	[0s / 1s],		train_loss: 4.4467,	val_loss: 6.4266
20:	[0s / 1s],		train_loss: 4.4658,	val_loss: 6.3946
21:	[0s / 1s],		train_loss: 4.4577,	val_loss: 6.4382
22:	[0s / 1s],		train_loss: 4.4248,	val_loss: 6.3780
23:	[0s / 1s],		train_loss: 4.4464,	val_loss: 6.3899
24:	[0s / 1s],		train_loss: 4.4361,	val_loss: 6.3995
25:	[0s / 1s],		train_loss: 4.4433,	val_loss: 6.4098
26:	[0s / 1s],		train_loss: 4.4034,	val_loss: 6.3984
27:	[0s / 1s],		train_loss: 4.4260,	val_loss: 6.4066
28:	[0s / 1s],		train_loss: 4.4331,	val_loss: 6.4832
29:	[0s / 1s],		train_loss: 4.4210,	val_loss: 6.4048
30:	[0s / 1s],		train_loss: 4.4291,	val_loss: 6.4748
31:	[0s / 1s],		train_loss: 4.4150,	val_loss: 6.3813
32:	[0s / 1s],		train_loss: 4.4072,	val_loss: 6.4031
33:	[0s / 1s],		train_loss: 4.4235,	val_loss: 6.4030
34:	[0s / 1s],		train_loss: 4.4146,	val_loss: 6.4261
35:	[0s / 1s],		train_loss: 4.4216,	val_loss: 6.4336
36:	[0s / 1s],		train_loss: 4.4086,	val_loss: 6.4649
37:	[0s / 1s],		train_loss: 4.3882,	val_loss: 6.4333
38:	[0s / 1s],		train_loss: 4.4125,	val_loss: 6.3751
39:	[0s / 2s],		train_loss: 4.4073,	val_loss: 6.4025
40:	[0s / 2s],		train_loss: 4.4098,	val_loss: 6.4150
41:	[0s / 2s],		train_loss: 4.3909,	val_loss: 6.4166
42:	[0s / 2s],		train_loss: 4.4164,	val_loss: 6.4298
43:	[0s / 2s],		train_loss: 4.3976,	val_loss: 6.4235
44:	[0s / 2s],		train_loss: 4.4072,	val_loss: 6.4083
45:	[0s / 2s],		train_loss: 4.3822,	val_loss: 6.4432
46:	[0s / 2s],		train_loss: 4.4244,	val_loss: 6.3687
47:	[0s / 2s],		train_loss: 4.3749,	val_loss: 6.3751
48:	[0s / 2s],		train_loss: 4.3782,	val_loss: 6.3879
49:	[0s / 2s],		train_loss: 4.3797,	val_loss: 6.5207
50:	[0s / 2s],		train_loss: 4.3573,	val_loss: 6.3908
51:	[0s / 2s],		train_loss: 4.3946,	val_loss: 6.3821
52:	[0s / 2s],		train_loss: 4.3399,	val_loss: 6.3785
53:	[0s / 2s],		train_loss: 4.3884,	val_loss: 6.4049
54:	[0s / 2s],		train_loss: 4.3818,	val_loss: 6.4030
55:	[0s / 2s],		train_loss: 4.3897,	val_loss: 6.4156
56:	[0s / 2s],		train_loss: 4.3991,	val_loss: 6.4046
57:	[0s / 2s],		train_loss: 4.3601,	val_loss: 6.4453
58:	[0s / 2s],		train_loss: 4.3925,	val_loss: 6.4439
59:	[0s / 2s],		train_loss: 4.3542,	val_loss: 6.4301
60:	[0s / 3s],		train_loss: 4.3545,	val_loss: 6.4047
61:	[0s / 3s],		train_loss: 4.3910,	val_loss: 6.4173
62:	[0s / 3s],		train_loss: 4.3633,	val_loss: 6.4468
63:	[0s / 3s],		train_loss: 4.3577,	val_loss: 6.4216
64:	[0s / 3s],		train_loss: 4.3609,	val_loss: 6.4014
65:	[0s / 3s],		train_loss: 4.3564,	val_loss: 6.3830
66:	[0s / 3s],		train_loss: 4.3362,	val_loss: 6.4024
Saved fixed_epochs=47 → nan/tabicl/OrmoniTirodei/nan_percentage0.3/seed123/fold5/fixed_epochs_deepsurv_vanilla.json
Evaluating method: embeddings
Fitting Random Survival Forest model...
C-index TRAIN: 0.9674293434042758
C-index TEST : 0.6979533168765428
Fitting deepsurv_simple.pt...
0:	[0s / 0s],		train_loss: 3.5153
1:	[0s / 0s],		train_loss: 3.4565
2:	[0s / 0s],		train_loss: 3.3244
3:	[0s / 0s],		train_loss: 3.3233
4:	[0s / 0s],		train_loss: 3.2454
5:	[0s / 0s],		train_loss: 3.2232
6:	[0s / 0s],		train_loss: 3.2377
7:	[0s / 0s],		train_loss: 3.2694
8:	[0s / 0s],		train_loss: 3.2411
9:	[0s / 0s],		train_loss: 3.2051
10:	[0s / 0s],		train_loss: 3.2080
11:	[0s / 0s],		train_loss: 3.2047
12:	[0s / 0s],		train_loss: 3.2046
13:	[0s / 0s],		train_loss: 3.2288
14:	[0s / 0s],		train_loss: 3.2694
15:	[0s / 0s],		train_loss: 3.2573
16:	[0s / 0s],		train_loss: 3.1980
17:	[0s / 0s],		train_loss: 3.2115
18:	[0s / 0s],		train_loss: 3.1939
19:	[0s / 0s],		train_loss: 3.1919
20:	[0s / 0s],		train_loss: 3.2168
21:	[0s / 0s],		train_loss: 3.1772
22:	[0s / 0s],		train_loss: 3.2009
23:	[0s / 0s],		train_loss: 3.1999
24:	[0s / 0s],		train_loss: 3.3444
25:	[0s / 0s],		train_loss: 3.2007
26:	[0s / 0s],		train_loss: 3.1835
27:	[0s / 0s],		train_loss: 3.2127
28:	[0s / 0s],		train_loss: 3.1849
29:	[0s / 0s],		train_loss: 3.1896
30:	[0s / 1s],		train_loss: 3.1605
31:	[0s / 1s],		train_loss: 3.1994
32:	[0s / 1s],		train_loss: 3.2636
33:	[0s / 1s],		train_loss: 3.2230
34:	[0s / 1s],		train_loss: 3.1519
35:	[0s / 1s],		train_loss: 3.1720
36:	[0s / 1s],		train_loss: 3.2256
37:	[0s / 1s],		train_loss: 3.2069
C-index TRAIN: 0.9256512009735937
C-index TEST : 0.5396275349186014
Fitting deepsurv_vanilla.pt...
0:	[0s / 0s],		train_loss: 3.4681
1:	[0s / 0s],		train_loss: 3.3182
2:	[0s / 0s],		train_loss: 3.2992
3:	[0s / 0s],		train_loss: 3.2872
4:	[0s / 0s],		train_loss: 3.2688
5:	[0s / 0s],		train_loss: 3.2818
6:	[0s / 0s],		train_loss: 3.2542
7:	[0s / 0s],		train_loss: 3.2607
8:	[0s / 0s],		train_loss: 3.2494
9:	[0s / 0s],		train_loss: 3.2215
10:	[0s / 0s],		train_loss: 3.2194
11:	[0s / 0s],		train_loss: 3.2187
12:	[0s / 0s],		train_loss: 3.2179
13:	[0s / 0s],		train_loss: 3.1919
14:	[0s / 0s],		train_loss: 3.2037
15:	[0s / 0s],		train_loss: 3.2078
16:	[0s / 0s],		train_loss: 3.1859
17:	[0s / 0s],		train_loss: 3.1837
18:	[0s / 0s],		train_loss: 3.2106
19:	[0s / 0s],		train_loss: 3.1847
20:	[0s / 0s],		train_loss: 3.1725
21:	[0s / 1s],		train_loss: 3.1730
22:	[0s / 1s],		train_loss: 3.1543
23:	[0s / 1s],		train_loss: 3.1494
24:	[0s / 1s],		train_loss: 3.1589
25:	[0s / 1s],		train_loss: 3.1586
26:	[0s / 1s],		train_loss: 3.1333
27:	[0s / 1s],		train_loss: 3.1565
28:	[0s / 1s],		train_loss: 3.1474
29:	[0s / 1s],		train_loss: 3.1610
30:	[0s / 1s],		train_loss: 3.1421
31:	[0s / 1s],		train_loss: 3.0895
32:	[0s / 1s],		train_loss: 3.1161
33:	[0s / 1s],		train_loss: 3.1157
34:	[0s / 1s],		train_loss: 3.1108
35:	[0s / 1s],		train_loss: 3.1195
36:	[0s / 1s],		train_loss: 3.1064
37:	[0s / 1s],		train_loss: 3.1203
38:	[0s / 1s],		train_loss: 3.0813
39:	[0s / 1s],		train_loss: 3.0886
40:	[0s / 1s],		train_loss: 3.0863
41:	[0s / 1s],		train_loss: 3.0605
42:	[0s / 2s],		train_loss: 3.1056
43:	[0s / 2s],		train_loss: 3.0771
44:	[0s / 2s],		train_loss: 3.0532
45:	[0s / 2s],		train_loss: 3.0805
46:	[0s / 2s],		train_loss: 3.0696
C-index TRAIN: 0.9361540569581166
C-index TEST : 0.6257194638002688
Fitting Cox model...
C-index TRAIN: 0.9216498394545178
C-index TEST : 0.6942599131331437
Evaluating method: mean
Fitting Random Survival Forest model...
C-index TRAIN: 0.882666072252786
C-index TEST : 0.7777458363278442
Fitting deepsurv_simple.pt...
0:	[0s / 0s],		train_loss: 99.3008
1:	[0s / 0s],		train_loss: 11.5258
2:	[0s / 0s],		train_loss: 8.6306
3:	[0s / 0s],		train_loss: 7.6508
4:	[0s / 0s],		train_loss: 6.7129
5:	[0s / 0s],		train_loss: 6.4449
6:	[0s / 0s],		train_loss: 6.5461
7:	[0s / 0s],		train_loss: 6.8195
8:	[0s / 0s],		train_loss: 8.1872
9:	[0s / 0s],		train_loss: 7.1889
10:	[0s / 0s],		train_loss: 5.9597
11:	[0s / 0s],		train_loss: 5.4663
12:	[0s / 0s],		train_loss: 5.6883
13:	[0s / 0s],		train_loss: 4.7564
14:	[0s / 0s],		train_loss: 4.9801
15:	[0s / 0s],		train_loss: 5.1188
16:	[0s / 0s],		train_loss: 5.6566
17:	[0s / 0s],		train_loss: 6.0043
18:	[0s / 0s],		train_loss: 5.2464
19:	[0s / 0s],		train_loss: 4.8902
20:	[0s / 0s],		train_loss: 4.7366
21:	[0s / 0s],		train_loss: 7.6108
22:	[0s / 0s],		train_loss: 8.5897
23:	[0s / 0s],		train_loss: 6.7772
24:	[0s / 0s],		train_loss: 5.8611
25:	[0s / 0s],		train_loss: 6.0340
26:	[0s / 0s],		train_loss: 5.5134
27:	[0s / 0s],		train_loss: 5.0175
28:	[0s / 0s],		train_loss: 7.9238
29:	[0s / 0s],		train_loss: 9.3892
30:	[0s / 0s],		train_loss: 9.9140
31:	[0s / 0s],		train_loss: 9.3746
32:	[0s / 0s],		train_loss: 7.4842
33:	[0s / 0s],		train_loss: 5.8842
34:	[0s / 1s],		train_loss: 6.0422
35:	[0s / 1s],		train_loss: 7.4019
36:	[0s / 1s],		train_loss: 8.7225
37:	[0s / 1s],		train_loss: 7.3407
C-index TRAIN: 0.6507362634898877
C-index TEST : 0.6640158735118583
Fitting deepsurv_vanilla.pt...
0:	[0s / 0s],		train_loss: 4.8558
1:	[0s / 0s],		train_loss: 4.6398
2:	[0s / 0s],		train_loss: 4.5897
3:	[0s / 0s],		train_loss: 4.5551
4:	[0s / 0s],		train_loss: 4.5204
5:	[0s / 0s],		train_loss: 4.5155
6:	[0s / 0s],		train_loss: 4.5102
7:	[0s / 0s],		train_loss: 4.4844
8:	[0s / 0s],		train_loss: 4.5108
9:	[0s / 0s],		train_loss: 4.4866
10:	[0s / 0s],		train_loss: 4.4889
11:	[0s / 0s],		train_loss: 4.4678
12:	[0s / 0s],		train_loss: 4.4726
13:	[0s / 0s],		train_loss: 4.4586
14:	[0s / 0s],		train_loss: 4.4399
15:	[0s / 0s],		train_loss: 4.4638
16:	[0s / 0s],		train_loss: 4.4546
17:	[0s / 0s],		train_loss: 4.4479
18:	[0s / 0s],		train_loss: 4.4643
19:	[0s / 0s],		train_loss: 4.4646
20:	[0s / 0s],		train_loss: 4.4250
21:	[0s / 0s],		train_loss: 4.4607
22:	[0s / 0s],		train_loss: 4.4746
23:	[0s / 1s],		train_loss: 4.4542
24:	[0s / 1s],		train_loss: 4.4360
25:	[0s / 1s],		train_loss: 4.4252
26:	[0s / 1s],		train_loss: 4.4608
27:	[0s / 1s],		train_loss: 4.4467
28:	[0s / 1s],		train_loss: 4.4534
29:	[0s / 1s],		train_loss: 4.4477
30:	[0s / 1s],		train_loss: 4.4587
31:	[0s / 1s],		train_loss: 4.4174
32:	[0s / 1s],		train_loss: 4.4210
33:	[0s / 1s],		train_loss: 4.4502
34:	[0s / 1s],		train_loss: 4.4562
35:	[0s / 1s],		train_loss: 4.4239
36:	[0s / 1s],		train_loss: 4.4561
37:	[0s / 1s],		train_loss: 4.4309/scratch.hpc/luca.cotugno/Foundation_model_clinical_data/.venv/lib/python3.12/site-packages/sklearn/impute/_iterative.py:867: ConvergenceWarning: [IterativeImputer] Early stopping criterion not reached.
  warnings.warn(
/scratch.hpc/luca.cotugno/Foundation_model_clinical_data/.venv/lib/python3.12/site-packages/pycox/models/cox.py:251: RuntimeWarning: overflow encountered in exp
  expg = np.exp(self.predict(input, batch_size, True, eval_, num_workers=num_workers)).reshape(1, -1)

38:	[0s / 1s],		train_loss: 4.4133
39:	[0s / 1s],		train_loss: 4.4407
40:	[0s / 1s],		train_loss: 4.4070
41:	[0s / 1s],		train_loss: 4.4192
42:	[0s / 1s],		train_loss: 4.3928
43:	[0s / 1s],		train_loss: 4.3844
44:	[0s / 1s],		train_loss: 4.4255
45:	[0s / 1s],		train_loss: 4.4027
46:	[0s / 1s],		train_loss: 4.4110
C-index TRAIN: 0.7750660423838591
C-index TEST : 0.7556197856450958
Fitting Cox model...
C-index TRAIN: 0.7721979212931541
C-index TEST : 0.7736212230103428
Evaluating method: median
Fitting Random Survival Forest model...
C-index TRAIN: 0.868098299898479
C-index TEST : 0.774730494016186
Fitting deepsurv_simple.pt...
0:	[0s / 0s],		train_loss: 84.5267
1:	[0s / 0s],		train_loss: 11.1433
2:	[0s / 0s],		train_loss: 8.3986
3:	[0s / 0s],		train_loss: 7.6834
4:	[0s / 0s],		train_loss: 6.5708
5:	[0s / 0s],		train_loss: 6.1424
6:	[0s / 0s],		train_loss: 6.0771
7:	[0s / 0s],		train_loss: 6.0425
8:	[0s / 0s],		train_loss: 6.6474
9:	[0s / 0s],		train_loss: 7.5007
10:	[0s / 0s],		train_loss: 8.0933
11:	[0s / 0s],		train_loss: 7.2095
12:	[0s / 0s],		train_loss: 6.8357
13:	[0s / 0s],		train_loss: 5.9768
14:	[0s / 0s],		train_loss: 5.2736
15:	[0s / 0s],		train_loss: 5.0348
16:	[0s / 0s],		train_loss: 5.4404
17:	[0s / 0s],		train_loss: 5.2880
18:	[0s / 0s],		train_loss: 5.2810
19:	[0s / 0s],		train_loss: 5.0640
20:	[0s / 0s],		train_loss: 4.9519
21:	[0s / 0s],		train_loss: 7.2938
22:	[0s / 0s],		train_loss: 7.8481
23:	[0s / 0s],		train_loss: 7.5417
24:	[0s / 0s],		train_loss: 7.7630
25:	[0s / 0s],		train_loss: 9.1928
26:	[0s / 0s],		train_loss: 8.2638
27:	[0s / 0s],		train_loss: 7.2855
28:	[0s / 0s],		train_loss: 5.3652
29:	[0s / 0s],		train_loss: 5.1339
30:	[0s / 0s],		train_loss: 5.8918
31:	[0s / 0s],		train_loss: 5.8898
32:	[0s / 0s],		train_loss: 7.9947
33:	[0s / 1s],		train_loss: 9.5908
34:	[0s / 1s],		train_loss: 9.9584
35:	[0s / 1s],		train_loss: 8.1027
36:	[0s / 1s],		train_loss: 6.8033
37:	[0s / 1s],		train_loss: 6.3249
C-index TRAIN: 0.7292805164730282
C-index TEST : 0.727705215136081
Fitting deepsurv_vanilla.pt...
0:	[0s / 0s],		train_loss: 4.8500
1:	[0s / 0s],		train_loss: 4.6369
2:	[0s / 0s],		train_loss: 4.5863
3:	[0s / 0s],		train_loss: 4.5610
4:	[0s / 0s],		train_loss: 4.5402
5:	[0s / 0s],		train_loss: 4.5309
6:	[0s / 0s],		train_loss: 4.5021
7:	[0s / 0s],		train_loss: 4.4931
8:	[0s / 0s],		train_loss: 4.5209
9:	[0s / 0s],		train_loss: 4.4860
10:	[0s / 0s],		train_loss: 4.5094
11:	[0s / 0s],		train_loss: 4.4733
12:	[0s / 0s],		train_loss: 4.4825
13:	[0s / 0s],		train_loss: 4.4482
14:	[0s / 0s],		train_loss: 4.4363
15:	[0s / 0s],		train_loss: 4.4573
16:	[0s / 0s],		train_loss: 4.4467
17:	[0s / 0s],		train_loss: 4.4458
18:	[0s / 0s],		train_loss: 4.4613
19:	[0s / 0s],		train_loss: 4.4575
20:	[0s / 0s],		train_loss: 4.4225
21:	[0s / 0s],		train_loss: 4.4520
22:	[0s / 1s],		train_loss: 4.4522
23:	[0s / 1s],		train_loss: 4.4372
24:	[0s / 1s],		train_loss: 4.4251
25:	[0s / 1s],		train_loss: 4.4044
26:	[0s / 1s],		train_loss: 4.4489
27:	[0s / 1s],		train_loss: 4.4354
28:	[0s / 1s],		train_loss: 4.4332
29:	[0s / 1s],		train_loss: 4.4385
30:	[0s / 1s],		train_loss: 4.4570
31:	[0s / 1s],		train_loss: 4.4124
32:	[0s / 1s],		train_loss: 4.4213
33:	[0s / 1s],		train_loss: 4.4353
34:	[0s / 1s],		train_loss: 4.4760
35:	[0s / 1s],		train_loss: 4.4349
36:	[0s / 1s],		train_loss: 4.4496
37:	[0s / 1s],		train_loss: 4.4088
38:	[0s / 1s],		train_loss: 4.3967
39:	[0s / 1s],		train_loss: 4.4367
40:	[0s / 1s],		train_loss: 4.4018
41:	[0s / 1s],		train_loss: 4.4307
42:	[0s / 1s],		train_loss: 4.3902
43:	[0s / 1s],		train_loss: 4.3940
44:	[0s / 1s],		train_loss: 4.4248
45:	[0s / 2s],		train_loss: 4.3857
46:	[0s / 2s],		train_loss: 4.4101
C-index TRAIN: 0.786355459130062
C-index TEST : 0.7581445489485361
Fitting Cox model...
C-index TRAIN: 0.771586831212584
C-index TEST : 0.7702777864575197
Evaluating method: constant
Fitting Random Survival Forest model...
C-index TRAIN: 0.8975475424562153
C-index TEST : 0.7733837452738805
Fitting deepsurv_simple.pt...
0:	[0s / 0s],		train_loss: 77.2913
1:	[0s / 0s],		train_loss: 10.7524
2:	[0s / 0s],		train_loss: 8.3892
3:	[0s / 0s],		train_loss: 7.8607
4:	[0s / 0s],		train_loss: 6.4905
5:	[0s / 0s],		train_loss: 6.0474
6:	[0s / 0s],		train_loss: 5.8500
7:	[0s / 0s],		train_loss: 5.7442
8:	[0s / 0s],		train_loss: 5.8000
9:	[0s / 0s],		train_loss: 5.4713
10:	[0s / 0s],		train_loss: 5.3097
11:	[0s / 0s],		train_loss: 5.3895
12:	[0s / 0s],		train_loss: 6.6603
13:	[0s / 0s],		train_loss: 6.7976
14:	[0s / 0s],		train_loss: 7.2798
15:	[0s / 0s],		train_loss: 7.6570
16:	[0s / 0s],		train_loss: 7.5513
17:	[0s / 0s],		train_loss: 6.6676
18:	[0s / 0s],		train_loss: 6.8679
19:	[0s / 0s],		train_loss: 7.0984
20:	[0s / 0s],		train_loss: 6.4956
21:	[0s / 0s],		train_loss: 5.2744
22:	[0s / 0s],		train_loss: 5.9284
23:	[0s / 0s],		train_loss: 7.1065
24:	[0s / 0s],		train_loss: 7.5495
25:	[0s / 0s],		train_loss: 7.3157
26:	[0s / 0s],		train_loss: 6.4550
27:	[0s / 0s],		train_loss: 7.1078
28:	[0s / 0s],		train_loss: 6.7471
29:	[0s / 0s],		train_loss: 5.8537
30:	[0s / 0s],		train_loss: 7.4010
31:	[0s / 0s],		train_loss: 9.2061
32:	[0s / 0s],		train_loss: 10.9810
33:	[0s / 1s],		train_loss: 10.2363
34:	[0s / 1s],		train_loss: 9.3097
35:	[0s / 1s],		train_loss: 7.4670
36:	[0s / 1s],		train_loss: 7.7598
37:	[0s / 1s],		train_loss: 7.1154
C-index TRAIN: 0.5800056439672087
C-index TEST : 0.5858591382057932
Fitting deepsurv_vanilla.pt...
0:	[0s / 0s],		train_loss: 4.9163
1:	[0s / 0s],		train_loss: 4.8424
2:	[0s / 0s],		train_loss: 4.7656
3:	[0s / 0s],		train_loss: 4.7748
4:	[0s / 0s],		train_loss: 4.7068
5:	[0s / 0s],		train_loss: 4.6868
6:	[0s / 0s],		train_loss: 4.6561
7:	[0s / 0s],		train_loss: 4.6012
8:	[0s / 0s],		train_loss: 4.6176
9:	[0s / 0s],		train_loss: 4.5938
10:	[0s / 0s],		train_loss: 4.6446
11:	[0s / 0s],		train_loss: 4.5663
12:	[0s / 0s],		train_loss: 4.5677
13:	[0s / 0s],		train_loss: 4.5484
14:	[0s / 0s],		train_loss: 4.5435
15:	[0s / 0s],		train_loss: 4.5436
16:	[0s / 0s],		train_loss: 4.5216
17:	[0s / 0s],		train_loss: 4.4904
18:	[0s / 0s],		train_loss: 4.5044
19:	[0s / 0s],		train_loss: 4.5037
20:	[0s / 0s],		train_loss: 4.4416
21:	[0s / 0s],		train_loss: 4.5020
22:	[0s / 0s],		train_loss: 4.4779
23:	[0s / 1s],		train_loss: 4.4648
24:	[0s / 1s],		train_loss: 4.4213
25:	[0s / 1s],		train_loss: 4.4391
26:	[0s / 1s],		train_loss: 4.4390
27:	[0s / 1s],		train_loss: 4.4497
28:	[0s / 1s],		train_loss: 4.4469
29:	[0s / 1s],		train_loss: 4.4166
30:	[0s / 1s],		train_loss: 4.4157
31:	[0s / 1s],		train_loss: 4.3879
32:	[0s / 1s],		train_loss: 4.4241
33:	[0s / 1s],		train_loss: 4.4310
34:	[0s / 1s],		train_loss: 4.4503
35:	[0s / 1s],		train_loss: 4.4063
36:	[0s / 1s],		train_loss: 4.3955
37:	[0s / 1s],		train_loss: 4.3549
38:	[0s / 1s],		train_loss: 4.3306
39:	[0s / 1s],		train_loss: 4.3825
40:	[0s / 1s],		train_loss: 4.3194
41:	[0s / 1s],		train_loss: 4.3524
42:	[0s / 1s],		train_loss: 4.3245
43:	[0s / 1s],		train_loss: 4.3222
44:	[0s / 1s],		train_loss: 4.3890
45:	[0s / 1s],		train_loss: 4.3081
46:	[0s / 2s],		train_loss: 4.3465
C-index TRAIN: 0.8205600127332051
C-index TEST : 0.6833734337405868
Fitting Cox model...
C-index TRAIN: 0.6842626516306637
C-index TEST : 0.6712839421304253
Evaluating method: knn
Fitting Random Survival Forest model...
C-index TRAIN: 0.8925420884123942
C-index TEST : 0.7789051026466268
Fitting deepsurv_simple.pt...
0:	[0s / 0s],		train_loss: 98.6868
1:	[0s / 0s],		train_loss: 10.4607
2:	[0s / 0s],		train_loss: 7.5024
3:	[0s / 0s],		train_loss: 8.7771
4:	[0s / 0s],		train_loss: 8.7446
5:	[0s / 0s],		train_loss: 8.0904
6:	[0s / 0s],		train_loss: 6.8008
7:	[0s / 0s],		train_loss: 7.4189
8:	[0s / 0s],		train_loss: 8.7076
9:	[0s / 0s],		train_loss: 8.0975
10:	[0s / 0s],		train_loss: 9.1483
11:	[0s / 0s],		train_loss: 9.2704
12:	[0s / 0s],		train_loss: 9.1129
13:	[0s / 0s],		train_loss: 7.9044
14:	[0s / 0s],		train_loss: 8.4749
15:	[0s / 0s],		train_loss: 8.5483
16:	[0s / 0s],		train_loss: 5.9934
17:	[0s / 0s],		train_loss: 7.1097
18:	[0s / 0s],		train_loss: 5.8048
19:	[0s / 0s],		train_loss: 6.7319
20:	[0s / 0s],		train_loss: 7.5341
21:	[0s / 0s],		train_loss: 5.9558
22:	[0s / 0s],		train_loss: 6.7598
23:	[0s / 0s],		train_loss: 5.6749
24:	[0s / 0s],		train_loss: 4.8780
25:	[0s / 0s],		train_loss: 5.2212
26:	[0s / 0s],		train_loss: 4.9649
27:	[0s / 0s],		train_loss: 4.9855
28:	[0s / 0s],		train_loss: 5.5242
29:	[0s / 0s],		train_loss: 5.4907
30:	[0s / 0s],		train_loss: 6.1755
31:	[0s / 0s],		train_loss: 6.1148
32:	[0s / 0s],		train_loss: 7.4748
33:	[0s / 0s],		train_loss: 9.7985
34:	[0s / 1s],		train_loss: 9.3153
35:	[0s / 1s],		train_loss: 7.5299
36:	[0s / 1s],		train_loss: 7.6453
37:	[0s / 1s],		train_loss: 6.1393
C-index TRAIN: 0.7135910843847214
C-index TEST : 0.7034543636534075
Fitting deepsurv_vanilla.pt...
0:	[0s / 0s],		train_loss: 4.8493
1:	[0s / 0s],		train_loss: 4.6553
2:	[0s / 0s],		train_loss: 4.5946
3:	[0s / 0s],		train_loss: 4.5909
4:	[0s / 0s],		train_loss: 4.5604
5:	[0s / 0s],		train_loss: 4.5442
6:	[0s / 0s],		train_loss: 4.5224
7:	[0s / 0s],		train_loss: 4.5199
8:	[0s / 0s],		train_loss: 4.5273
9:	[0s / 0s],		train_loss: 4.4933
10:	[0s / 0s],		train_loss: 4.5202
11:	[0s / 0s],		train_loss: 4.4741
12:	[0s / 0s],		train_loss: 4.4909
13:	[0s / 0s],		train_loss: 4.4773
14:	[0s / 0s],		train_loss: 4.4579
15:	[0s / 0s],		train_loss: 4.4713
16:	[0s / 0s],		train_loss: 4.4688
17:	[0s / 0s],		train_loss: 4.4678
18:	[0s / 0s],		train_loss: 4.4904
19:	[0s / 0s],		train_loss: 4.4849
20:	[0s / 0s],		train_loss: 4.4412
21:	[0s / 0s],		train_loss: 4.4913
22:	[0s / 0s],		train_loss: 4.4949
23:	[0s / 1s],		train_loss: 4.4849
24:	[0s / 1s],		train_loss: 4.4544
25:	[0s / 1s],		train_loss: 4.4351
26:	[0s / 1s],		train_loss: 4.4666
27:	[0s / 1s],		train_loss: 4.4569
28:	[0s / 1s],		train_loss: 4.4699
29:	[0s / 1s],		train_loss: 4.4617
30:	[0s / 1s],		train_loss: 4.4808
31:	[0s / 1s],		train_loss: 4.4193
32:	[0s / 1s],		train_loss: 4.4400
33:	[0s / 1s],		train_loss: 4.4737
34:	[0s / 1s],		train_loss: 4.4876
35:	[0s / 1s],		train_loss: 4.4355
36:	[0s / 1s],		train_loss: 4.4724
37:	[0s / 1s],		train_loss: 4.4471
38:	[0s / 1s],		train_loss: 4.4292
39:	[0s / 1s],		train_loss: 4.4373
40:	[0s / 1s],		train_loss: 4.4158
41:	[0s / 1s],		train_loss: 4.4357
42:	[0s / 1s],		train_loss: 4.4084
43:	[0s / 1s],		train_loss: 4.4058
44:	[0s / 1s],		train_loss: 4.4111
45:	[0s / 1s],		train_loss: 4.4082
46:	[0s / 2s],		train_loss: 4.4307
C-index TRAIN: 0.7864093788430534
C-index TEST : 0.7582601631097085
Fitting Cox model...
C-index TRAIN: 0.7704617435930503
C-index TEST : 0.7675436677811455
Evaluating method: imputer_bayesian
Fitting Random Survival Forest model...
C-index TRAIN: 0.9062712332031293
C-index TEST : 0.7856200981158017
Fitting deepsurv_simple.pt...
0:	[0s / 0s],		train_loss: 101.0635
1:	[0s / 0s],		train_loss: 15.7388
2:	[0s / 0s],		train_loss: 10.6230
3:	[0s / 0s],		train_loss: 8.9315
4:	[0s / 0s],		train_loss: 7.9845
5:	[0s / 0s],		train_loss: 7.4141
6:	[0s / 0s],		train_loss: 6.6517
7:	[0s / 0s],		train_loss: 6.3536
8:	[0s / 0s],		train_loss: 6.0465
9:	[0s / 0s],		train_loss: 5.9026
10:	[0s / 0s],		train_loss: 7.2673
11:	[0s / 0s],		train_loss: 8.2068
12:	[0s / 0s],		train_loss: 6.9378
13:	[0s / 0s],		train_loss: 5.0590
14:	[0s / 0s],		train_loss: 6.0899
15:	[0s / 0s],		train_loss: 5.2681
16:	[0s / 0s],		train_loss: 7.4265
17:	[0s / 0s],		train_loss: 7.8328
18:	[0s / 0s],		train_loss: 9.8767
19:	[0s / 0s],		train_loss: 12.0287
20:	[0s / 0s],		train_loss: 9.0947
21:	[0s / 0s],		train_loss: 6.0034
22:	[0s / 0s],		train_loss: 6.1443
23:	[0s / 0s],		train_loss: 9.1699
24:	[0s / 0s],		train_loss: 10.7580
25:	[0s / 0s],		train_loss: 8.0040
26:	[0s / 0s],		train_loss: 6.1644
27:	[0s / 0s],		train_loss: 8.9266
28:	[0s / 0s],		train_loss: 11.1203
29:	[0s / 0s],		train_loss: 9.3511
30:	[0s / 0s],		train_loss: 9.8163
31:	[0s / 0s],		train_loss: 9.2653
32:	[0s / 0s],		train_loss: 7.8109
33:	[0s / 0s],		train_loss: 7.5075
34:	[0s / 1s],		train_loss: 10.3690
35:	[0s / 1s],		train_loss: 8.5347
36:	[0s / 1s],		train_loss: 8.8768
37:	[0s / 1s],		train_loss: 6.7949
C-index TRAIN: 0.729502402577177
C-index TEST : 0.738885416992157
Fitting deepsurv_vanilla.pt...
0:	[0s / 0s],		train_loss: 4.8425
1:	[0s / 0s],		train_loss: 4.5710
2:	[0s / 0s],		train_loss: 4.5353
3:	[0s / 0s],		train_loss: 4.5298
4:	[0s / 0s],		train_loss: 4.4986
5:	[0s / 0s],		train_loss: 4.4896
6:	[0s / 0s],		train_loss: 4.4869
7:	[0s / 0s],		train_loss: 4.4654
8:	[0s / 0s],		train_loss: 4.4822
9:	[0s / 0s],		train_loss: 4.4699
10:	[0s / 0s],		train_loss: 4.4790
11:	[0s / 0s],		train_loss: 4.4300
12:	[0s / 0s],		train_loss: 4.4473
13:	[0s / 0s],		train_loss: 4.4418
14:	[0s / 0s],		train_loss: 4.4049
15:	[0s / 0s],		train_loss: 4.4499
16:	[0s / 0s],		train_loss: 4.4338
17:	[0s / 0s],		train_loss: 4.4126
18:	[0s / 0s],		train_loss: 4.4462
19:	[0s / 0s],		train_loss: 4.4398
20:	[0s / 0s],		train_loss: 4.4047
21:	[0s / 0s],		train_loss: 4.4330
22:	[0s / 0s],		train_loss: 4.4478
23:	[0s / 1s],		train_loss: 4.4345
24:	[0s / 1s],		train_loss: 4.4003
25:	[0s / 1s],		train_loss: 4.3890
26:	[0s / 1s],		train_loss: 4.4173
27:	[0s / 1s],		train_loss: 4.4374
28:	[0s / 1s],		train_loss: 4.4344
29:	[0s / 1s],		train_loss: 4.4238
30:	[0s / 1s],		train_loss: 4.4205
31:	[0s / 1s],		train_loss: 4.3911
32:	[0s / 1s],		train_loss: 4.3940
33:	[0s / 1s],		train_loss: 4.4119
34:	[0s / 1s],		train_loss: 4.4054
35:	[0s / 1s],		train_loss: 4.3793
36:	[0s / 1s],		train_loss: 4.4484
37:	[0s / 1s],		train_loss: 4.4123
38:	[0s / 1s],		train_loss: 4.3791
39:	[0s / 1s],		train_loss: 4.4100
40:	[0s / 1s],		train_loss: 4.3535
41:	[0s / 1s],		train_loss: 4.3927
42:	[0s / 1s],		train_loss: 4.3761
43:	[0s / 1s],		train_loss: 4.3886
44:	[0s / 1s],		train_loss: 4.3794
45:	[0s / 1s],		train_loss: 4.3808
46:	[0s / 2s],		train_loss: 4.3949
C-index TRAIN: 0.7930566974120206
C-index TEST : 0.7741867949879698
Fitting Cox model...
C-index TRAIN: 0.7778746850282745
C-index TEST : 0.7805361997312752
[fold=5, target=50%] actual NaN%: 50.0%
X_train shape: (5162, 76), X_test shape: (1290, 76)
Generating Tabicl Embeddings...
Warming up TabICL model (triggering checkpoint load)...
ARRIVATO QUI 1
Loading TabICL model checkpoint 'tabicl-classifier-v1.1-0506.ckpt'...
ARRIVATO QUI
Performing dummy prediction to ensure model is loaded...
Warming up TabICL model (triggering checkpoint load)...
ARRIVATO QUI 1
Loading TabICL model checkpoint 'tabicl-classifier-v1.1-0506.ckpt'...
ARRIVATO QUI
Performing dummy prediction to ensure model is loaded...
Successfully generated embeddings with shape: (5162, 512)
Fitting SimpleImputer (mean)...
Fitting SimpleImputer (median)...
Fitting SimpleImputer (constant, fill=-1)...
Fitting KNNImputer...
Fitting IterativeImputer (BayesianRidge, MICE-like)...
Fitting DeepSurv Simple pilot model...
0:	[0s / 0s],		train_loss: 32.5506,	val_loss: 22.8176
1:	[0s / 0s],		train_loss: 11.2237,	val_loss: 12.0936
2:	[0s / 0s],		train_loss: 8.8402,	val_loss: 10.2467
3:	[0s / 0s],		train_loss: 7.2307,	val_loss: 8.8036
4:	[0s / 0s],		train_loss: 5.9077,	val_loss: 8.0886
5:	[0s / 0s],		train_loss: 5.5188,	val_loss: 7.7695
6:	[0s / 0s],		train_loss: 5.2406,	val_loss: 7.4972
7:	[0s / 0s],		train_loss: 5.1286,	val_loss: 7.3178
8:	[0s / 0s],		train_loss: 5.0118,	val_loss: 7.0422
9:	[0s / 0s],		train_loss: 4.9154,	val_loss: 6.9022
10:	[0s / 0s],		train_loss: 4.7586,	val_loss: 6.6917
11:	[0s / 0s],		train_loss: 4.8250,	val_loss: 6.8698
12:	[0s / 0s],		train_loss: 5.0675,	val_loss: 8.0067
13:	[0s / 0s],		train_loss: 7.4053,	val_loss: 8.5150
14:	[0s / 0s],		train_loss: 6.3674,	val_loss: 11.2455
15:	[0s / 0s],		train_loss: 4.9580,	val_loss: 7.3157
16:	[0s / 0s],		train_loss: 6.0403,	val_loss: 8.0642
17:	[0s / 0s],		train_loss: 6.4450,	val_loss: 7.3930
18:	[0s / 0s],		train_loss: 6.6237,	val_loss: 12.3785
19:	[0s / 0s],		train_loss: 9.2941,	val_loss: 11.2067
20:	[0s / 0s],		train_loss: 8.0998,	val_loss: 10.1998
21:	[0s / 0s],		train_loss: 6.3648,	val_loss: 8.1096
22:	[0s / 0s],		train_loss: 5.3752,	val_loss: 7.4303
23:	[0s / 0s],		train_loss: 5.2838,	val_loss: 7.3630
24:	[0s / 0s],		train_loss: 5.8867,	val_loss: 8.0434
25:	[0s / 0s],		train_loss: 6.0153,	val_loss: 7.6717
26:	[0s / 0s],		train_loss: 8.6086,	val_loss: 11.3543
27:	[0s / 0s],		train_loss: 9.6536,	val_loss: 9.5498
28:	[0s / 0s],		train_loss: 7.9358,	val_loss: 9.2304
29:	[0s / 0s],		train_loss: 6.7410,	val_loss: 7.6136
30:	[0s / 0s],		train_loss: 5.4068,	val_loss: 7.5685
Saved fixed_epochs=11 → nan/tabicl/OrmoniTirodei/nan_percentage0.5/seed123/fold5/fixed_epochs_deepsurv_simple.json
Fitting DeepSurv Vanilla pilot model...
0:	[0s / 0s],		train_loss: 4.9204,	val_loss: 6.7952
1:	[0s / 0s],		train_loss: 4.7535,	val_loss: 6.5745
2:	[0s / 0s],		train_loss: 4.6738,	val_loss: 6.6167
3:	[0s / 0s],		train_loss: 4.6806,	val_loss: 6.5354
4:	[0s / 0s],		train_loss: 4.6640,	val_loss: 6.5235
5:	[0s / 0s],		train_loss: 4.6298,	val_loss: 6.5067
6:	[0s / 0s],		train_loss: 4.6286,	val_loss: 6.5077
7:	[0s / 0s],		train_loss: 4.6219,	val_loss: 6.5111
8:	[0s / 0s],		train_loss: 4.5933,	val_loss: 6.5248
9:	[0s / 0s],		train_loss: 4.6098,	val_loss: 6.4887
10:	[0s / 0s],		train_loss: 4.5878,	val_loss: 6.4880
11:	[0s / 0s],		train_loss: 4.5784,	val_loss: 6.5158
12:	[0s / 0s],		train_loss: 4.5714,	val_loss: 6.4670
13:	[0s / 0s],		train_loss: 4.5818,	val_loss: 6.5544
14:	[0s / 0s],		train_loss: 4.5356,	val_loss: 6.4977
15:	[0s / 0s],		train_loss: 4.5662,	val_loss: 6.4753
16:	[0s / 0s],		train_loss: 4.5373,	val_loss: 6.5054
17:	[0s / 0s],		train_loss: 4.5782,	val_loss: 6.4584
18:	[0s / 0s],		train_loss: 4.5610,	val_loss: 6.4952
19:	[0s / 0s],		train_loss: 4.5187,	val_loss: 6.4640
20:	[0s / 0s],		train_loss: 4.5587,	val_loss: 6.4709
21:	[0s / 1s],		train_loss: 4.5735,	val_loss: 6.5674
22:	[0s / 1s],		train_loss: 4.5400,	val_loss: 6.4503
23:	[0s / 1s],		train_loss: 4.5475,	val_loss: 6.4750
24:	[0s / 1s],		train_loss: 4.5436,	val_loss: 6.5281
25:	[0s / 1s],		train_loss: 4.5511,	val_loss: 6.4790
26:	[0s / 1s],		train_loss: 4.5252,	val_loss: 6.4971
27:	[0s / 1s],		train_loss: 4.5252,	val_loss: 6.6850
28:	[0s / 1s],		train_loss: 4.5293,	val_loss: 6.5484
29:	[0s / 1s],		train_loss: 4.5244,	val_loss: 6.5780
30:	[0s / 1s],		train_loss: 4.5302,	val_loss: 6.6523
31:	[0s / 1s],		train_loss: 4.5259,	val_loss: 6.5551
32:	[0s / 1s],		train_loss: 4.5225,	val_loss: 7.0014
33:	[0s / 1s],		train_loss: 4.5363,	val_loss: 6.6470
34:	[0s / 1s],		train_loss: 4.5410,	val_loss: 6.4972
35:	[0s / 1s],		train_loss: 4.5326,	val_loss: 6.5019
36:	[0s / 1s],		train_loss: 4.4978,	val_loss: 6.6100
37:	[0s / 1s],		train_loss: 4.5271,	val_loss: 6.5138
38:	[0s / 1s],		train_loss: 4.5344,	val_loss: 6.5650
39:	[0s / 1s],		train_loss: 4.5183,	val_loss: 6.7408
40:	[0s / 1s],		train_loss: 4.5200,	val_loss: 6.5857
41:	[0s / 1s],		train_loss: 4.5105,	val_loss: 6.4960
42:	[0s / 1s],		train_loss: 4.5195,	val_loss: 6.5520
Saved fixed_epochs=23 → nan/tabicl/OrmoniTirodei/nan_percentage0.5/seed123/fold5/fixed_epochs_deepsurv_vanilla.json
Evaluating method: embeddings
Fitting Random Survival Forest model...
C-index TRAIN: 0.9717473674302328
C-index TEST : 0.6745086398150173
Fitting deepsurv_simple.pt...
0:	[0s / 0s],		train_loss: 3.5199
1:	[0s / 0s],		train_loss: 3.4610
2:	[0s / 0s],		train_loss: 3.2518
3:	[0s / 0s],		train_loss: 3.2716
4:	[0s / 0s],		train_loss: 3.2651
5:	[0s / 0s],		train_loss: 3.2750
6:	[0s / 0s],		train_loss: 3.2706
7:	[0s / 0s],		train_loss: 3.2902
8:	[0s / 0s],		train_loss: 3.2455
9:	[0s / 0s],		train_loss: 3.2591
10:	[0s / 0s],		train_loss: 3.2388
C-index TRAIN: 0.9171244746765419
C-index TEST : 0.6116301596725306
Fitting deepsurv_vanilla.pt...
0:	[0s / 0s],		train_loss: 3.4714
1:	[0s / 0s],		train_loss: 3.3284
2:	[0s / 0s],		train_loss: 3.3224
3:	[0s / 0s],		train_loss: 3.2984
4:	[0s / 0s],		train_loss: 3.2713
5:	[0s / 0s],		train_loss: 3.2805
6:	[0s / 0s],		train_loss: 3.2658
7:	[0s / 0s],		train_loss: 3.2745
8:	[0s / 0s],		train_loss: 3.2697
9:	[0s / 0s],		train_loss: 3.2465
10:	[0s / 0s],		train_loss: 3.2402
11:	[0s / 0s],		train_loss: 3.2424
12:	[0s / 0s],		train_loss: 3.2261
13:	[0s / 0s],		train_loss: 3.2355
14:	[0s / 0s],		train_loss: 3.2235
15:	[0s / 0s],		train_loss: 3.2371
16:	[0s / 0s],		train_loss: 3.2078
17:	[0s / 0s],		train_loss: 3.2079
18:	[0s / 0s],		train_loss: 3.1995
19:	[0s / 0s],		train_loss: 3.1972
20:	[0s / 0s],		train_loss: 3.2138
21:	[0s / 0s],		train_loss: 3.1799
22:	[0s / 1s],		train_loss: 3.1639
C-index TRAIN: 0.9270660838890677
C-index TEST : 0.6238383901509233
Fitting Cox model...
C-index TRAIN: 0.9178070871255475
C-index TEST : 0.6416429709714714
Evaluating method: mean
Fitting Random Survival Forest model...
C-index TRAIN: 0.8595020894352012
C-index TEST : 0.7539293191263319
Fitting deepsurv_simple.pt...
0:	[0s / 0s],		train_loss: 91.4418
1:	[0s / 0s],		train_loss: 10.7844
2:	[0s / 0s],		train_loss: 8.2815
3:	[0s / 0s],		train_loss: 7.1273
4:	[0s / 0s],		train_loss: 5.9905
5:	[0s / 0s],		train_loss: 5.7263
6:	[0s / 0s],		train_loss: 5.4246
7:	[0s / 0s],		train_loss: 5.4428
8:	[0s / 0s],		train_loss: 5.4491
9:	[0s / 0s],		train_loss: 5.3931
10:	[0s / 0s],		train_loss: 5.5441
C-index TRAIN: 0.6834215226371075
C-index TEST : 0.704048057994563
Fitting deepsurv_vanilla.pt...
0:	[0s / 0s],		train_loss: 4.9222
1:	[0s / 0s],		train_loss: 4.7453
2:	[0s / 0s],		train_loss: 4.6705
3:	[0s / 0s],		train_loss: 4.6500
4:	[0s / 0s],		train_loss: 4.6474
5:	[0s / 0s],		train_loss: 4.6342
6:	[0s / 0s],		train_loss: 4.6220
7:	[0s / 0s],		train_loss: 4.6049
8:	[0s / 0s],		train_loss: 4.5983
9:	[0s / 0s],		train_loss: 4.5867
10:	[0s / 0s],		train_loss: 4.6067
11:	[0s / 0s],		train_loss: 4.5884
12:	[0s / 0s],		train_loss: 4.5781
13:	[0s / 0s],		train_loss: 4.5663
14:	[0s / 0s],		train_loss: 4.5521
15:	[0s / 0s],		train_loss: 4.5729
16:	[0s / 0s],		train_loss: 4.5688
17:	[0s / 0s],		train_loss: 4.5471
18:	[0s / 0s],		train_loss: 4.5705
19:	[0s / 0s],		train_loss: 4.5484
20:	[0s / 0s],		train_loss: 4.5393
21:	[0s / 0s],		train_loss: 4.5522
22:	[0s / 1s],		train_loss: 4.5646
C-index TRAIN: 0.7519411559904708
C-index TEST : 0.740655563540918
Fitting Cox model...
C-index TRAIN: 0.7470150065417026
C-index TEST : 0.7522857232134488
Evaluating method: median
Fitting Random Survival Forest model...
C-index TRAIN: 0.8350618214523747
C-index TEST : 0.7510452145111396
Fitting deepsurv_simple.pt...
0:	[0s / 0s],		train_loss: 78.8267
1:	[0s / 0s],		train_loss: 8.1264
2:	[0s / 0s],		train_loss: 6.9658
3:	[0s / 0s],		train_loss: 6.5797
4:	[0s / 0s],		train_loss: 5.7320
5:	[0s / 0s],		train_loss: 5.9495
6:	[0s / 0s],		train_loss: 7.0901
7:	[0s / 0s],		train_loss: 7.2227
8:	[0s / 0s],		train_loss: 6.6523
9:	[0s / 0s],		train_loss: 6.0714
10:	[0s / 0s],		train_loss: 5.9625
C-index TRAIN: 0.7188075850027599
C-index TEST : 0.7264709558478892
Fitting deepsurv_vanilla.pt...
0:	[0s / 0s],		train_loss: 4.9166
1:	[0s / 0s],		train_loss: 4.7564
2:	[0s / 0s],		train_loss: 4.6713
3:	[0s / 0s],		train_loss: 4.6607
4:	[0s / 0s],		train_loss: 4.6377
5:	[0s / 0s],		train_loss: 4.6201
6:	[0s / 0s],		train_loss: 4.6155
7:	[0s / 0s],		train_loss: 4.5979
8:	[0s / 0s],		train_loss: 4.6009
9:	[0s / 0s],		train_loss: 4.5729
10:	[0s / 0s],		train_loss: 4.6142
11:	[0s / 0s],		train_loss: 4.5739
12:	[0s / 0s],		train_loss: 4.5760
13:	[0s / 0s],		train_loss: 4.5678
14:	[0s / 0s],		train_loss: 4.5465
15:	[0s / 0s],		train_loss: 4.5723
16:	[0s / 0s],		train_loss: 4.5658
17:	[0s / 0s],		train_loss: 4.5442
18:	[0s / 0s],		train_loss: 4.5788
19:	[0s / 0s],		train_loss: 4.5763
20:	[0s / 0s],		train_loss: 4.5440
21:	[0s / 0s],		train_loss: 4.5642
22:	[0s / 0s],		train_loss: 4.5750
C-index TRAIN: 0.7531616685316217
C-index TEST : 0.7398556385338875
Fitting Cox model...
C-index TRAIN: 0.7454200206673705
C-index TEST : 0.7449832828172359
Evaluating method: constant
Fitting Random Survival Forest model...
C-index TRAIN: 0.8784831254459725
C-index TEST : 0.7485079523794644
Fitting deepsurv_simple.pt...
0:	[0s / 0s],		train_loss: 79.5946
1:	[0s / 0s],		train_loss: 10.6865
2:	[0s / 0s],		train_loss: 7.2869
3:	[0s / 0s],		train_loss: 6.5972
4:	[0s / 0s],		train_loss: 6.4336
5:	[0s / 0s],		train_loss: 6.5401
6:	[0s / 0s],		train_loss: 6.0902
7:	[0s / 0s],		train_loss: 5.6936
8:	[0s / 0s],		train_loss: 5.5672
9:	[0s / 0s],		train_loss: 5.5129
10:	[0s / 0s],		train_loss: 5.5117
C-index TRAIN: 0.6211839064294719
C-index TEST : 0.6198403274692997
Fitting deepsurv_vanilla.pt...
0:	[0s / 0s],		train_loss: 4.9609
1:	[0s / 0s],		train_loss: 4.8822
2:	[0s / 0s],		train_loss: 4.8501
3:	[0s / 0s],		train_loss: 4.8526
4:	[0s / 0s],		train_loss: 4.8060
5:	[0s / 0s],		train_loss: 4.7925
6:	[0s / 0s],		train_loss: 4.7704
7:	[0s / 0s],		train_loss: 4.7401
8:	[0s / 0s],		train_loss: 4.7566
9:	[0s / 0s],		train_loss: 4.7334
10:	[0s / 0s],		train_loss: 4.7460
11:	[0s / 0s],		train_loss: 4.6842
12:	[0s / 0s],		train_loss: 4.6744
13:	[0s / 0s],		train_loss: 4.6485
14:	[0s / 0s],		train_loss: 4.5952
15:	[0s / 0s],		train_loss: 4.6404
16:	[0s / 0s],		train_loss: 4.6172
17:	[0s / 0s],		train_loss: 4.5648
18:	[0s / 0s],		train_loss: 4.6003
19:	[0s / 0s],		train_loss: 4.5796
20:	[0s / 0s],		train_loss: 4.5681
21:	[0s / 0s],		train_loss: 4.5722
22:	[0s / 0s],		train_loss: 4.5468
C-index TRAIN: 0.7808671364537468
C-index TEST : 0.6801643595912883
Fitting Cox model...
C-index TRAIN: 0.6465166290433068
C-index TEST : 0.6322313533106271
Evaluating method: knn
Fitting Random Survival Forest model...
C-index TRAIN: 0.8855508695433852
C-index TEST : 0.7574258663250321
Fitting deepsurv_simple.pt...
0:	[0s / 0s],		train_loss: 111.7263
1:	[0s / 0s],		train_loss: 11.4366
2:	[0s / 0s],		train_loss: 8.9209
3:	[0s / 0s],		train_loss: 10.9796
4:	[0s / 0s],		train_loss: 8.4069
5:	[0s / 0s],		train_loss: 7.7715
6:	[0s / 0s],		train_loss: 6.7229
7:	[0s / 0s],		train_loss: 6.2701
8:	[0s / 0s],		train_loss: 6.0794
9:	[0s / 0s],		train_loss: 5.6456
10:	[0s / 0s],		train_loss: 5.5608
C-index TRAIN: 0.6833431444976045
C-index TEST : 0.6765115770396525
Fitting deepsurv_vanilla.pt...
0:	[0s / 0s],		train_loss: 4.9068
1:	[0s / 0s],		train_loss: 4.7538
2:	[0s / 0s],		train_loss: 4.6946
3:	[0s / 0s],		train_loss: 4.7012
4:	[0s / 0s],		train_loss: 4.6821
5:	[0s / 0s],		train_loss: 4.6825
6:	[0s / 0s],		train_loss: 4.6888
7:	[0s / 0s],		train_loss: 4.6545
8:	[0s / 0s],		train_loss: 4.6392
9:	[0s / 0s],		train_loss: 4.6308
10:	[0s / 0s],		train_loss: 4.6869
11:	[0s / 0s],		train_loss: 4.6204
12:	[0s / 0s],		train_loss: 4.6282
13:	[0s / 0s],		train_loss: 4.6432
14:	[0s / 0s],		train_loss: 4.6173
15:	[0s / 0s],		train_loss: 4.6212
16:	[0s / 0s],		train_loss: 4.6266
17:	[0s / 0s],		train_loss: 4.6052
18:	[0s / 0s],		train_loss: 4.6138
19:	[0s / 0s],		train_loss: 4.6280
20:	[0s / 0s],		train_loss: 4.5857
21:	[0s / 0s],		train_loss: 4.6116
22:	[0s / 0s],		train_loss: 4.5974
C-index TRAIN: 0.7378580125342025
C-index TEST : 0.7314720494953598
Fitting Cox model...
C-index TRAIN: 0.7365771877367673
C-index TEST : 0.7459925631972003
Evaluating method: imputer_bayesian
Fitting Random Survival Forest model...
C-index TRAIN: 0.9031689041494647
C-index TEST : 0.7588507327438053
Fitting deepsurv_simple.pt...
0:	[0s / 0s],		train_loss: 93.6647
1:	[0s / 0s],		train_loss: 16.3932
2:	[0s / 0s],		train_loss: 14.8646
3:	[0s / 0s],		train_loss: 11.7920
4:	[0s / 0s],		train_loss: 9.0073
5:	[0s / 0s],		train_loss: 7.0332
6:	[0s / 0s],		train_loss: 6.6394
7:	[0s / 0s],		train_loss: 5.6260
8:	[0s / 0s],		train_loss: 5.2881
9:	[0s / 0s],		train_loss: 7.3153
10:	[0s / 0s],		train_loss: 15.2775
C-index TRAIN: 0.6499529453226317
C-index TEST : 0.6502796612817549
Fitting deepsurv_vanilla.pt...
0:	[0s / 0s],		train_loss: 4.8418
1:	[0s / 0s],		train_loss: 4.6756
2:	[0s / 0s],		train_loss: 4.6214
3:	[0s / 0s],		train_loss: 4.6003
4:	[0s / 0s],		train_loss: 4.6061
5:	[0s / 0s],		train_loss: 4.5707
6:	[0s / 0s],		train_loss: 4.5964
7:	[0s / 0s],		train_loss: 4.5705
8:	[0s / 0s],		train_loss: 4.5654
9:	[0s / 0s],		train_loss: 4.5596
10:	[0s / 0s],		train_loss: 4.5933
11:	[0s / 0s],		train_loss: 4.5354
12:	[0s / 0s],		train_loss: 4.5463
13:	[0s / 0s],		train_loss: 4.5306
14:	[0s / 0s],		train_loss: 4.5288
15:	[0s / 0s],		train_loss: 4.5378
16:	[0s / 0s],		train_loss: 4.5468
17:	[0s / 0s],		train_loss: 4.5184
18:	[0s / 0s],		train_loss: 4.5433
19:	[0s / 0s],		train_loss: 4.5501
20:	[0s / 0s],		train_loss: 4.4980
21:	[0s / 0s],		train_loss: 4.5446
22:	[0s / 0s],		train_loss: 4.5438
C-index TRAIN: 0.7538260298062985
C-index TEST : 0.743086585632597
Fitting Cox model...
C-index TRAIN: 0.7516537694789596
C-index TEST : 0.753841827328688
[fold=5, target=70%] actual NaN%: 70.0%
X_train shape: (5162, 76), X_test shape: (1290, 76)
Generating Tabicl Embeddings...
Warming up TabICL model (triggering checkpoint load)...
ARRIVATO QUI 1
Loading TabICL model checkpoint 'tabicl-classifier-v1.1-0506.ckpt'...
ARRIVATO QUI
Performing dummy prediction to ensure model is loaded...
Warming up TabICL model (triggering checkpoint load)...
ARRIVATO QUI 1
Loading TabICL model checkpoint 'tabicl-classifier-v1.1-0506.ckpt'...
ARRIVATO QUI
Performing dummy prediction to ensure model is loaded...
Successfully generated embeddings with shape: (5162, 512)
Fitting SimpleImputer (mean)...
Fitting SimpleImputer (median)...
Fitting SimpleImputer (constant, fill=-1)...
Fitting KNNImputer...
Fitting IterativeImputer (BayesianRidge, MICE-like)...
Fitting DeepSurv Simple pilot model...
0:	[0s / 0s],		train_loss: 21.7021,	val_loss: 10.2252
1:	[0s / 0s],		train_loss: 8.4523,	val_loss: 10.2175
2:	[0s / 0s],		train_loss: 6.9674,	val_loss: 8.2837
3:	[0s / 0s],		train_loss: 5.7866,	val_loss: 9.8733
4:	[0s / 0s],		train_loss: 5.0593,	val_loss: 7.2986
5:	[0s / 0s],		train_loss: 5.5937,	val_loss: 8.1029
6:	[0s / 0s],		train_loss: 5.5849,	val_loss: 7.4712
7:	[0s / 0s],		train_loss: 5.3245,	val_loss: 7.1960
8:	[0s / 0s],		train_loss: 5.0240,	val_loss: 7.5351
9:	[0s / 0s],		train_loss: 5.4528,	val_loss: 7.3718
10:	[0s / 0s],		train_loss: 5.0020,	val_loss: 7.2876
11:	[0s / 0s],		train_loss: 4.8983,	val_loss: 6.9613
12:	[0s / 0s],		train_loss: 4.8107,	val_loss: 6.7632
13:	[0s / 0s],		train_loss: 4.8342,	val_loss: 6.8444
14:	[0s / 0s],		train_loss: 4.8496,	val_loss: 6.6539
15:	[0s / 0s],		train_loss: 5.1793,	val_loss: 8.7239
16:	[0s / 0s],		train_loss: 6.9390,	val_loss: 9.3863
17:	[0s / 0s],		train_loss: 7.4116,	val_loss: 9.9943
18:	[0s / 0s],		train_loss: 7.2425,	val_loss: 9.0351
19:	[0s / 0s],		train_loss: 5.8459,	val_loss: 7.6990
20:	[0s / 0s],		train_loss: 5.5028,	val_loss: 7.3629
21:	[0s / 0s],		train_loss: 5.9000,	val_loss: 8.3014
22:	[0s / 0s],		train_loss: 6.4144,	val_loss: 7.3913
23:	[0s / 0s],		train_loss: 5.7149,	val_loss: 9.3524
24:	[0s / 0s],		train_loss: 7.7594,	val_loss: 9.3618
25:	[0s / 0s],		train_loss: 9.4934,	val_loss: 10.8347
26:	[0s / 0s],		train_loss: 6.6192,	val_loss: 8.4820
27:	[0s / 0s],		train_loss: 6.0764,	val_loss: 7.7752
28:	[0s / 0s],		train_loss: 5.8344,	val_loss: 7.0039
29:	[0s / 0s],		train_loss: 4.9269,	val_loss: 6.7204
30:	[0s / 0s],		train_loss: 5.2664,	val_loss: 8.2570
31:	[0s / 0s],		train_loss: 6.0122,	val_loss: 7.4446
32:	[0s / 1s],		train_loss: 6.2149,	val_loss: 10.8417
33:	[0s / 1s],		train_loss: 8.9761,	val_loss: 11.3617
34:	[0s / 1s],		train_loss: 7.7985,	val_loss: 9.0104
Saved fixed_epochs=15 → nan/tabicl/OrmoniTirodei/nan_percentage0.7/seed123/fold5/fixed_epochs_deepsurv_simple.json
Fitting DeepSurv Vanilla pilot model...
0:	[0s / 0s],		train_loss: 4.9650,	val_loss: 6.8092
1:	[0s / 0s],		train_loss: 4.7974,	val_loss: 6.7124
2:	[0s / 0s],		train_loss: 4.7671,	val_loss: 6.6963
3:	[0s / 0s],		train_loss: 4.7768,	val_loss: 6.6625
4:	[0s / 0s],		train_loss: 4.7516,	val_loss: 6.6832
5:	[0s / 0s],		train_loss: 4.7362,	val_loss: 6.6623
6:	[0s / 0s],		train_loss: 4.7334,	val_loss: 6.6395
7:	[0s / 0s],		train_loss: 4.7312,	val_loss: 6.6287
8:	[0s / 0s],		train_loss: 4.7061,	val_loss: 6.6351
9:	[0s / 0s],		train_loss: 4.7060,	val_loss: 6.6253
10:	[0s / 0s],		train_loss: 4.6947,	val_loss: 6.6100
11:	[0s / 0s],		train_loss: 4.6771,	val_loss: 6.6118
12:	[0s / 0s],		train_loss: 4.6728,	val_loss: 6.6361
13:	[0s / 0s],		train_loss: 4.6504,	val_loss: 6.5922
14:	[0s / 0s],		train_loss: 4.6508,	val_loss: 6.6080
15:	[0s / 0s],		train_loss: 4.6761,	val_loss: 6.5829
16:	[0s / 0s],		train_loss: 4.6332,	val_loss: 6.6518
17:	[0s / 0s],		train_loss: 4.6602,	val_loss: 6.6437
18:	[0s / 0s],		train_loss: 4.6376,	val_loss: 6.6445
19:	[0s / 0s],		train_loss: 4.6418,	val_loss: 6.6192
20:	[0s / 0s],		train_loss: 4.6545,	val_loss: 6.6844
21:	[0s / 1s],		train_loss: 4.6612,	val_loss: 6.6507
22:	[0s / 1s],		train_loss: 4.6305,	val_loss: 6.5901
23:	[0s / 1s],		train_loss: 4.6472,	val_loss: 6.6040
24:	[0s / 1s],		train_loss: 4.6364,	val_loss: 73.9386
25:	[0s / 1s],		train_loss: 4.6477,	val_loss: 6.6149
26:	[0s / 1s],		train_loss: 4.6123,	val_loss: 94.9105
27:	[0s / 1s],		train_loss: 4.6416,	val_loss: 6.6057
28:	[0s / 1s],		train_loss: 4.6317,	val_loss: 6.6163
29:	[0s / 1s],		train_loss: 4.6253,	val_loss: 48.7735
30:	[0s / 1s],		train_loss: 4.6341,	val_loss: 6.5988
31:	[0s / 1s],		train_loss: 4.6113,	val_loss: 6.6049
32:	[0s / 1s],		train_loss: 4.6307,	val_loss: 6.6014
33:	[0s / 1s],		train_loss: 4.6250,	val_loss: 6.6143
34:	[0s / 1s],		train_loss: 4.6216,	val_loss: 6.6392
35:	[0s / 1s],		train_loss: 4.6308,	val_loss: 6.5923
Saved fixed_epochs=16 → nan/tabicl/OrmoniTirodei/nan_percentage0.7/seed123/fold5/fixed_epochs_deepsurv_vanilla.json
Evaluating method: embeddings
Fitting Random Survival Forest model...
C-index TRAIN: 0.9738224425704102
C-index TEST : 0.6409805330750242
Fitting deepsurv_simple.pt...
0:	[0s / 0s],		train_loss: 3.5828
1:	[0s / 0s],		train_loss: 3.3959
2:	[0s / 0s],		train_loss: 3.2626
3:	[0s / 0s],		train_loss: 3.2774
4:	[0s / 0s],		train_loss: 3.2851
5:	[0s / 0s],		train_loss: 3.2736
6:	[0s / 0s],		train_loss: 3.2791
7:	[0s / 0s],		train_loss: 3.2765
8:	[0s / 0s],		train_loss: 3.2578
9:	[0s / 0s],		train_loss: 3.2492
10:	[0s / 0s],		train_loss: 3.2208
11:	[0s / 0s],		train_loss: 3.2655
12:	[0s / 0s],		train_loss: 3.2695
13:	[0s / 0s],		train_loss: 3.2568
14:	[0s / 0s],		train_loss: 3.2420
C-index TRAIN: 0.9164618736674095
C-index TEST : 0.6089397868949786
Fitting deepsurv_vanilla.pt...
0:	[0s / 0s],		train_loss: 3.4780
1:	[0s / 0s],		train_loss: 3.3291
2:	[0s / 0s],		train_loss: 3.3161
3:	[0s / 0s],		train_loss: 3.3172
4:	[0s / 0s],		train_loss: 3.2960
5:	[0s / 0s],		train_loss: 3.2950
6:	[0s / 0s],		train_loss: 3.2757
7:	[0s / 0s],		train_loss: 3.2907
8:	[0s / 0s],		train_loss: 3.2704
9:	[0s / 0s],		train_loss: 3.2667
10:	[0s / 0s],		train_loss: 3.2664
11:	[0s / 0s],		train_loss: 3.2570
12:	[0s / 0s],		train_loss: 3.2475
13:	[0s / 0s],		train_loss: 3.2700
14:	[0s / 0s],		train_loss: 3.2450
15:	[0s / 0s],		train_loss: 3.2575
C-index TRAIN: 0.9149730595990708
C-index TEST : 0.6300815548542325
Fitting Cox model...
C-index TRAIN: 0.9155941553995774
C-index TEST : 0.6551604537074649
Evaluating method: mean
Fitting Random Survival Forest model...
C-index TRAIN: 0.8155908757469317
C-index TEST : 0.6949598475142955
Fitting deepsurv_simple.pt...
0:	[0s / 0s],		train_loss: 71.0915
1:	[0s / 0s],		train_loss: 10.2209
2:	[0s / 0s],		train_loss: 8.4974
3:	[0s / 0s],		train_loss: 6.7378
4:	[0s / 0s],		train_loss: 5.7669
5:	[0s / 0s],		train_loss: 5.2437
6:	[0s / 0s],		train_loss: 5.0250
7:	[0s / 0s],		train_loss: 4.9925
8:	[0s / 0s],		train_loss: 5.1228
9:	[0s / 0s],		train_loss: 4.9107
10:	[0s / 0s],		train_loss: 5.0244
11:	[0s / 0s],		train_loss: 6.0126
12:	[0s / 0s],		train_loss: 5.4687
13:	[0s / 0s],		train_loss: 4.9038
14:	[0s / 0s],		train_loss: 5.0632
C-index TRAIN: 0.6801647534433111
C-index TEST : 0.6840827422429148
Fitting deepsurv_vanilla.pt...
0:	[0s / 0s],		train_loss: 4.9784
1:	[0s / 0s],		train_loss: 4.8247
2:	[0s / 0s],		train_loss: 4.7567
3:	[0s / 0s],		train_loss: 4.7662
4:	[0s / 0s],		train_loss: 4.7299
5:	[0s / 0s],		train_loss: 4.7274
6:	[0s / 0s],		train_loss: 4.7358
7:	[0s / 0s],		train_loss: 4.6893
8:	[0s / 0s],		train_loss: 4.7235
9:	[0s / 0s],		train_loss: 4.6774
10:	[0s / 0s],		train_loss: 4.6998
11:	[0s / 0s],		train_loss: 4.6720
12:	[0s / 0s],		train_loss: 4.6835
13:	[0s / 0s],		train_loss: 4.6899
14:	[0s / 0s],		train_loss: 4.6670
15:	[0s / 0s],		train_loss: 4.6542
C-index TRAIN: 0.7198918159325526
C-index TEST : 0.7010624003999625
Fitting Cox model...
C-index TRAIN: 0.7200998052034562
C-index TEST : 0.7111427053713715
Evaluating method: median
Fitting Random Survival Forest model...
C-index TRAIN: 0.7879435892333265
C-index TEST : 0.6922382276661563
Fitting deepsurv_simple.pt...
0:	[0s / 0s],		train_loss: 68.8896
1:	[0s / 0s],		train_loss: 8.2346
2:	[0s / 0s],		train_loss: 6.7396
3:	[0s / 0s],		train_loss: 6.4227
4:	[0s / 0s],		train_loss: 6.0728
5:	[0s / 0s],		train_loss: 5.7429
6:	[0s / 0s],		train_loss: 5.5221
7:	[0s / 0s],		train_loss: 5.3143
8:	[0s / 0s],		train_loss: 5.2337
9:	[0s / 0s],		train_loss: 4.9284
10:	[0s / 0s],		train_loss: 4.9020
11:	[0s / 0s],		train_loss: 4.9503
12:	[0s / 0s],		train_loss: 5.4266
13:	[0s / 0s],		train_loss: 5.3863
14:	[0s / 0s],		train_loss: 5.3210
C-index TRAIN: 0.6856661391428767
C-index TEST : 0.6751163953379371
Fitting deepsurv_vanilla.pt...
0:	[0s / 0s],		train_loss: 4.9922
1:	[0s / 0s],		train_loss: 4.8403
2:	[0s / 0s],		train_loss: 4.7806
3:	[0s / 0s],		train_loss: 4.7572
4:	[0s / 0s],		train_loss: 4.7304
5:	[0s / 0s],		train_loss: 4.7312
6:	[0s / 0s],		train_loss: 4.7421
7:	[0s / 0s],		train_loss: 4.7019
8:	[0s / 0s],		train_loss: 4.7164
9:	[0s / 0s],		train_loss: 4.6593
10:	[0s / 0s],		train_loss: 4.7015
11:	[0s / 0s],		train_loss: 4.6792
12:	[0s / 0s],		train_loss: 4.6874
13:	[0s / 0s],		train_loss: 4.6922
14:	[0s / 0s],		train_loss: 4.6882
15:	[0s / 0s],		train_loss: 4.6648
C-index TRAIN: 0.7185936664163384
C-index TEST : 0.6998875105458863
Fitting Cox model...
C-index TRAIN: 0.7161658896483971
C-index TEST : 0.6983720276224104
Evaluating method: constant
Fitting Random Survival Forest model...
C-index TRAIN: 0.8323510125140057
C-index TEST : 0.6876136612192607
Fitting deepsurv_simple.pt...
0:	[0s / 0s],		train_loss: 71.1534
1:	[0s / 0s],		train_loss: 10.4647
2:	[0s / 0s],		train_loss: 7.4136
3:	[0s / 0s],		train_loss: 6.2934
4:	[0s / 0s],		train_loss: 5.9511
5:	[0s / 0s],		train_loss: 5.6675
6:	[0s / 0s],		train_loss: 5.4332
7:	[0s / 0s],		train_loss: 5.2154
8:	[0s / 0s],		train_loss: 5.2837
9:	[0s / 0s],		train_loss: 5.0708
10:	[0s / 0s],		train_loss: 5.0986
11:	[0s / 0s],		train_loss: 5.0725
12:	[0s / 0s],		train_loss: 5.0598
13:	[0s / 0s],		train_loss: 5.0317
14:	[0s / 0s],		train_loss: 5.0762
C-index TRAIN: 0.569839554574995
C-index TEST : 0.5390525888197981
Fitting deepsurv_vanilla.pt...
0:	[0s / 0s],		train_loss: 5.0162
1:	[0s / 0s],		train_loss: 4.9288
2:	[0s / 0s],		train_loss: 4.8901
3:	[0s / 0s],		train_loss: 4.8905
4:	[0s / 0s],		train_loss: 4.8777
5:	[0s / 0s],		train_loss: 4.8722
6:	[0s / 0s],		train_loss: 4.8758
7:	[0s / 0s],		train_loss: 4.8374
8:	[0s / 0s],		train_loss: 4.8336
9:	[0s / 0s],		train_loss: 4.8101
10:	[0s / 0s],		train_loss: 4.8077
11:	[0s / 0s],		train_loss: 4.7607
12:	[0s / 0s],		train_loss: 4.7825
13:	[0s / 0s],		train_loss: 4.7687
14:	[0s / 0s],		train_loss: 4.7382
15:	[0s / 0s],		train_loss: 4.7285
C-index TRAIN: 0.7204301792524727
C-index TEST : 0.5717838952598194
Fitting Cox model...
C-index TRAIN: 0.6102783202175022
C-index TEST : 0.5866356279098834
Evaluating method: knn
Fitting Random Survival Forest model...
C-index TRAIN: 0.8674933244245367
C-index TEST : 0.6830234665500109
Fitting deepsurv_simple.pt...
0:	[0s / 0s],		train_loss: 71.8161
1:	[0s / 0s],		train_loss: 14.1387
2:	[0s / 0s],		train_loss: 10.5299
3:	[0s / 0s],		train_loss: 8.0780
4:	[0s / 0s],		train_loss: 6.4322
5:	[0s / 0s],		train_loss: 5.9463
6:	[0s / 0s],		train_loss: 8.2739
7:	[0s / 0s],		train_loss: 7.3379
8:	[0s / 0s],		train_loss: 7.1728
9:	[0s / 0s],		train_loss: 7.6623
10:	[0s / 0s],		train_loss: 7.0203
11:	[0s / 0s],		train_loss: 6.5284
12:	[0s / 0s],		train_loss: 6.6541
13:	[0s / 0s],		train_loss: 8.4137
14:	[0s / 0s],		train_loss: 6.8036
C-index TRAIN: 0.574664442432183
C-index TEST : 0.5991250820235603
Fitting deepsurv_vanilla.pt...
0:	[0s / 0s],		train_loss: 4.9395
1:	[0s / 0s],		train_loss: 4.8508
2:	[0s / 0s],		train_loss: 4.7975
3:	[0s / 0s],		train_loss: 4.7765
4:	[0s / 0s],		train_loss: 4.7712
5:	[0s / 0s],		train_loss: 4.7568
6:	[0s / 0s],		train_loss: 4.8100
7:	[0s / 0s],		train_loss: 4.7474
8:	[0s / 0s],		train_loss: 4.7733
9:	[0s / 0s],		train_loss: 4.7483
10:	[0s / 0s],		train_loss: 4.7705
11:	[0s / 0s],		train_loss: 4.7291
12:	[0s / 0s],		train_loss: 4.7400
13:	[0s / 0s],		train_loss: 4.7381
14:	[0s / 0s],		train_loss: 4.7292
15:	[0s / 0s],		train_loss: 4.7151
C-index TRAIN: 0.6892301209969477
C-index TEST : 0.6590538387026216
Fitting Cox model...
C-index TRAIN: 0.698386651776673
C-index TEST : 0.6904915164203356
Evaluating method: imputer_bayesian
Fitting Random Survival Forest model...
C-index TRAIN: 0.8964517308320515
C-index TEST : 0.7072930662750367
Fitting deepsurv_simple.pt...
0:	[0s / 0s],		train_loss: 68.0791
1:	[0s / 0s],		train_loss: 13.9685
2:	[0s / 0s],		train_loss: 7.9034
3:	[0s / 0s],		train_loss: 8.1340
4:	[0s / 0s],		train_loss: 6.0681
5:	[0s / 0s],		train_loss: 6.0043
6:	[0s / 0s],		train_loss: 5.3613
7:	[0s / 0s],		train_loss: 7.5993
8:	[0s / 0s],		train_loss: 8.5169
9:	[0s / 0s],		train_loss: 6.3523
10:	[0s / 0s],		train_loss: 5.0133
11:	[0s / 0s],		train_loss: 4.7571
12:	[0s / 0s],		train_loss: 4.6878
13:	[0s / 0s],		train_loss: 4.7149
14:	[0s / 0s],		train_loss: 4.7977
C-index TRAIN: 0.6780133383658399
C-index TEST : 0.6625847576789676
Fitting deepsurv_vanilla.pt...
0:	[0s / 0s],		train_loss: 4.9046
1:	[0s / 0s],		train_loss: 4.7879
2:	[0s / 0s],		train_loss: 4.7465
3:	[0s / 0s],		train_loss: 4.7214
4:	[0s / 0s],		train_loss: 4.7008
5:	[0s / 0s],		train_loss: 4.6999
6:	[0s / 0s],		train_loss: 4.7015
7:	[0s / 0s],		train_loss: 4.6898
8:	[0s / 0s],		train_loss: 4.6788
9:	[0s / 0s],		train_loss: 4.6702
10:	[0s / 0s],		train_loss: 4.6964
11:	[0s / 0s],		train_loss: 4.6574
12:	[0s / 0s],		train_loss: 4.6703
13:	[0s / 0s],		train_loss: 4.6746
14:	[0s / 0s],		train_loss: 4.6448
15:	[0s / 0s],		train_loss: 4.6876
C-index TRAIN: 0.7130991364878404
C-index TEST : 0.6916570321532356
Fitting Cox model...
C-index TRAIN: 0.7217664987373338
C-index TEST : 0.7057463362809736
[fold=5, target=90%] actual NaN%: 90.0%
X_train shape: (5162, 76), X_test shape: (1290, 76)
Generating Tabicl Embeddings...
Warming up TabICL model (triggering checkpoint load)...
ARRIVATO QUI 1
Loading TabICL model checkpoint 'tabicl-classifier-v1.1-0506.ckpt'...
ARRIVATO QUI
Performing dummy prediction to ensure model is loaded...
Warming up TabICL model (triggering checkpoint load)...
ARRIVATO QUI 1
Loading TabICL model checkpoint 'tabicl-classifier-v1.1-0506.ckpt'...
ARRIVATO QUI
Performing dummy prediction to ensure model is loaded...
Successfully generated embeddings with shape: (5162, 512)
Fitting SimpleImputer (mean)...
Fitting SimpleImputer (median)...
Fitting SimpleImputer (constant, fill=-1)...
Fitting KNNImputer...
Fitting IterativeImputer (BayesianRidge, MICE-like)...
Fitting DeepSurv Simple pilot model...
0:	[0s / 0s],		train_loss: 15.4104,	val_loss: 7.7449
1:	[0s / 0s],		train_loss: 6.0553,	val_loss: 7.7518
2:	[0s / 0s],		train_loss: 7.3261,	val_loss: 7.6931
3:	[0s / 0s],		train_loss: 5.8093,	val_loss: 7.9281
4:	[0s / 0s],		train_loss: 5.5693,	val_loss: 7.4807
5:	[0s / 0s],		train_loss: 5.4186,	val_loss: 8.2370
6:	[0s / 0s],		train_loss: 5.8309,	val_loss: 7.2065
7:	[0s / 0s],		train_loss: 5.0816,	val_loss: 7.0865
8:	[0s / 0s],		train_loss: 4.9996,	val_loss: 6.9760
9:	[0s / 0s],		train_loss: 4.9350,	val_loss: 6.9346
10:	[0s / 0s],		train_loss: 4.9917,	val_loss: 6.9260
11:	[0s / 0s],		train_loss: 4.9432,	val_loss: 6.8879
12:	[0s / 0s],		train_loss: 5.9392,	val_loss: 7.7983
13:	[0s / 0s],		train_loss: 5.0924,	val_loss: 6.9072
14:	[0s / 0s],		train_loss: 4.9424,	val_loss: 6.8569
15:	[0s / 0s],		train_loss: 5.0529,	val_loss: 8.6434
16:	[0s / 0s],		train_loss: 8.7055,	val_loss: 10.6418
17:	[0s / 0s],		train_loss: 6.5677,	val_loss: 7.1946
18:	[0s / 0s],		train_loss: 4.9177,	val_loss: 6.9666
19:	[0s / 0s],		train_loss: 4.9627,	val_loss: 6.8562
20:	[0s / 0s],		train_loss: 4.9041,	val_loss: 7.0558
21:	[0s / 0s],		train_loss: 4.9458,	val_loss: 6.9511
22:	[0s / 0s],		train_loss: 4.8847,	val_loss: 6.9205
23:	[0s / 0s],		train_loss: 5.4757,	val_loss: 7.7658
24:	[0s / 0s],		train_loss: 5.9901,	val_loss: 7.3460
25:	[0s / 0s],		train_loss: 5.3257,	val_loss: 6.9146
26:	[0s / 0s],		train_loss: 5.2628,	val_loss: 7.1153
27:	[0s / 0s],		train_loss: 5.1538,	val_loss: 6.9810
28:	[0s / 0s],		train_loss: 5.2067,	val_loss: 7.1157
29:	[0s / 0s],		train_loss: 5.2208,	val_loss: 6.8401
30:	[0s / 0s],		train_loss: 4.8818,	val_loss: 6.7855
31:	[0s / 1s],		train_loss: 5.7760,	val_loss: 7.6461
32:	[0s / 1s],		train_loss: 5.2094,	val_loss: 6.7749
33:	[0s / 1s],		train_loss: 4.8924,	val_loss: 6.7406
34:	[0s / 1s],		train_loss: 4.8281,	val_loss: 6.8044
35:	[0s / 1s],		train_loss: 4.8168,	val_loss: 6.7866
36:	[0s / 1s],		train_loss: 4.8066,	val_loss: 6.7483
37:	[0s / 1s],		train_loss: 4.8207,	val_loss: 6.7372
38:	[0s / 1s],		train_loss: 4.8307,	val_loss: 6.7254
39:	[0s / 1s],		train_loss: 4.8533,	val_loss: 7.0226
40:	[0s / 1s],		train_loss: 6.7752,	val_loss: 8.3948
41:	[0s / 1s],		train_loss: 7.0705,	val_loss: 8.4712
42:	[0s / 1s],		train_loss: 5.8124,	val_loss: 7.1396
43:	[0s / 1s],		train_loss: 5.1451,	val_loss: 7.0308
44:	[0s / 1s],		train_loss: 4.8798,	val_loss: 6.7792
45:	[0s / 1s],		train_loss: 4.9690,	val_loss: 7.3364
46:	[0s / 1s],		train_loss: 6.1864,	val_loss: 7.4358
47:	[0s / 1s],		train_loss: 5.5701,	val_loss: 6.9357
48:	[0s / 1s],		train_loss: 5.0508,	val_loss: 6.8562
49:	[0s / 1s],		train_loss: 4.9514,	val_loss: 6.8308
50:	[0s / 1s],		train_loss: 4.9773,	val_loss: 7.1359
51:	[0s / 1s],		train_loss: 6.6127,	val_loss: 8.3512
52:	[0s / 1s],		train_loss: 6.0813,	val_loss: 7.1848
53:	[0s / 1s],		train_loss: 5.2980,	val_loss: 7.0857
54:	[0s / 1s],		train_loss: 5.1063,	val_loss: 6.8234
55:	[0s / 1s],		train_loss: 5.3990,	val_loss: 7.2527
56:	[0s / 1s],		train_loss: 4.9737,	val_loss: 7.0621
57:	[0s / 1s],		train_loss: 5.7009,	val_loss: 7.6420
58:	[0s / 1s],		train_loss: 5.2248,	val_loss: 7.0998
Saved fixed_epochs=39 → nan/tabicl/OrmoniTirodei/nan_percentage0.9/seed123/fold5/fixed_epochs_deepsurv_simple.json
Fitting DeepSurv Vanilla pilot model...
0:	[0s / 0s],		train_loss: 5.0221,	val_loss: 6.8857
1:	[0s / 0s],		train_loss: 4.9174,	val_loss: 15.6822
2:	[0s / 0s],		train_loss: 4.8822,	val_loss: 6.7894
3:	[0s / 0s],		train_loss: 4.8785,	val_loss: 6.7780
4:	[0s / 0s],		train_loss: 4.8928,	val_loss: 6.7828
5:	[0s / 0s],		train_loss: 4.8612,	val_loss: 6.7516
6:	[0s / 0s],		train_loss: 4.8529,	val_loss: 6.7766
7:	[0s / 0s],		train_loss: 4.8448,	val_loss: 6.7832
8:	[0s / 0s],		train_loss: 4.8345,	val_loss: 6.7395
9:	[0s / 0s],		train_loss: 4.8685,	val_loss: 6.7564
10:	[0s / 0s],		train_loss: 4.8521,	val_loss: 6.7512
11:	[0s / 0s],		train_loss: 4.8173,	val_loss: 6.7388
12:	[0s / 0s],		train_loss: 4.8379,	val_loss: 6.7318
13:	[0s / 0s],		train_loss: 4.8198,	val_loss: 10.5865
14:	[0s / 0s],		train_loss: 4.7969,	val_loss: 6.7521
15:	[0s / 0s],		train_loss: 4.8150,	val_loss: 6.7427
16:	[0s / 0s],		train_loss: 4.7975,	val_loss: 6.7193
17:	[0s / 0s],		train_loss: 4.8231,	val_loss: 6.7431
18:	[0s / 0s],		train_loss: 4.8044,	val_loss: 6.7396
19:	[0s / 0s],		train_loss: 4.7879,	val_loss: 6.7358
20:	[0s / 0s],		train_loss: 4.8036,	val_loss: 6.7693
21:	[0s / 1s],		train_loss: 4.8068,	val_loss: 6.7604
22:	[0s / 1s],		train_loss: 4.7973,	val_loss: 6.7859
23:	[0s / 1s],		train_loss: 4.7970,	val_loss: 6.7107
24:	[0s / 1s],		train_loss: 4.8079,	val_loss: 6.7692
25:	[0s / 1s],		train_loss: 4.7917,	val_loss: 6.7502
26:	[0s / 1s],		train_loss: 4.8011,	val_loss: 6.7294
27:	[0s / 1s],		train_loss: 4.7794,	val_loss: 6.7468
28:	[0s / 1s],		train_loss: 4.7843,	val_loss: 6.7352
29:	[0s / 1s],		train_loss: 4.7519,	val_loss: 6.7114
30:	[0s / 1s],		train_loss: 4.7629,	val_loss: 6.7277
31:	[0s / 1s],		train_loss: 4.8029,	val_loss: 6.8168
32:	[0s / 1s],		train_loss: 4.7988,	val_loss: 6.7131
33:	[0s / 1s],		train_loss: 4.8004,	val_loss: 6.7538
34:	[0s / 1s],		train_loss: 4.7932,	val_loss: 6.7285
35:	[0s / 1s],		train_loss: 4.7893,	val_loss: 6.7391
36:	[0s / 1s],		train_loss: 4.8028,	val_loss: 6.7955
37:	[0s / 1s],		train_loss: 4.7848,	val_loss: 6.7038
38:	[0s / 1s],		train_loss: 4.8023,	val_loss: 6.7163
39:	[0s / 1s],		train_loss: 4.7848,	val_loss: 6.7156
40:	[0s / 1s],		train_loss: 4.7924,	val_loss: 6.7574
41:	[0s / 1s],		train_loss: 4.7515,	val_loss: 6.7268
42:	[0s / 1s],		train_loss: 4.7766,	val_loss: 6.7306
43:	[0s / 2s],		train_loss: 4.7746,	val_loss: 6.7246
44:	[0s / 2s],		train_loss: 4.7628,	val_loss: 6.7254
45:	[0s / 2s],		train_loss: 4.7621,	val_loss: 6.7208
46:	[0s / 2s],		train_loss: 4.7766,	val_loss: 6.7710
47:	[0s / 2s],		train_loss: 4.7770,	val_loss: 6.7248
48:	[0s / 2s],		train_loss: 4.7731,	val_loss: 6.7468
49:	[0s / 2s],		train_loss: 4.7514,	val_loss: 6.7356
50:	[0s / 2s],		train_loss: 4.7492,	val_loss: 6.7244
51:	[0s / 2s],		train_loss: 4.7682,	val_loss: 6.7493
52:	[0s / 2s],		train_loss: 4.7378,	val_loss: 6.7298
53:	[0s / 2s],		train_loss: 4.7586,	val_loss: 6.7507
54:	[0s / 2s],		train_loss: 4.7614,	val_loss: 6.7380
55:	[0s / 2s],		train_loss: 4.7703,	val_loss: 6.7718
56:	[0s / 2s],		train_loss: 4.7690,	val_loss: 6.7629
57:	[0s / 2s],		train_loss: 4.7483,	val_loss: 6.7516
Saved fixed_epochs=38 → nan/tabicl/OrmoniTirodei/nan_percentage0.9/seed123/fold5/fixed_epochs_deepsurv_vanilla.json
Evaluating method: embeddings
Fitting Random Survival Forest model...
C-index TRAIN: 0.9838880115354833
C-index TEST : 0.5605443239696278
Fitting deepsurv_simple.pt...
0:	[0s / 0s],		train_loss: 3.5862
1:	[0s / 0s],		train_loss: 3.4420
2:	[0s / 0s],		train_loss: 3.3860
3:	[0s / 0s],		train_loss: 3.3329
4:	[0s / 0s],		train_loss: 3.3058
5:	[0s / 0s],		train_loss: 3.3120
6:	[0s / 0s],		train_loss: 3.3197
7:	[0s / 0s],		train_loss: 3.3454
8:	[0s / 0s],		train_loss: 3.3210
9:	[0s / 0s],		train_loss: 3.3093
10:	[0s / 0s],		train_loss: 3.2798
11:	[0s / 0s],		train_loss: 3.2902
12:	[0s / 0s],		train_loss: 3.2666
13:	[0s / 0s],		train_loss: 3.3308
14:	[0s / 0s],		train_loss: 3.2741
15:	[0s / 0s],		train_loss: 3.3557
16:	[0s / 0s],		train_loss: 3.2790
17:	[0s / 0s],		train_loss: 3.2670
18:	[0s / 0s],		train_loss: 3.2793
19:	[0s / 0s],		train_loss: 3.3034
20:	[0s / 0s],		train_loss: 3.2771
21:	[0s / 0s],		train_loss: 3.2828
22:	[0s / 0s],		train_loss: 3.3167
23:	[0s / 0s],		train_loss: 3.2472
24:	[0s / 0s],		train_loss: 3.3034
25:	[0s / 0s],		train_loss: 3.2565
26:	[0s / 0s],		train_loss: 3.2875
27:	[0s / 0s],		train_loss: 3.2643
28:	[0s / 1s],		train_loss: 3.2627
29:	[0s / 1s],		train_loss: 3.2448
30:	[0s / 1s],		train_loss: 3.2375
31:	[0s / 1s],		train_loss: 3.2545
32:	[0s / 1s],		train_loss: 3.2963
33:	[0s / 1s],		train_loss: 3.2781
34:	[0s / 1s],		train_loss: 3.2600
35:	[0s / 1s],		train_loss: 3.3002
36:	[0s / 1s],		train_loss: 3.2791
37:	[0s / 1s],		train_loss: 3.2536
38:	[0s / 1s],		train_loss: 3.2443
C-index TRAIN: 0.9173844381037827
C-index TEST : 0.5327406805611974
Fitting deepsurv_vanilla.pt...
0:	[0s / 0s],		train_loss: 3.4777
1:	[0s / 0s],		train_loss: 3.3590
2:	[0s / 0s],		train_loss: 3.3414
3:	[0s / 0s],		train_loss: 3.3340
4:	[0s / 0s],		train_loss: 3.3225
5:	[0s / 0s],		train_loss: 3.3209
6:	[0s / 0s],		train_loss: 3.3005
7:	[0s / 0s],		train_loss: 3.3111
8:	[0s / 0s],		train_loss: 3.3210
9:	[0s / 0s],		train_loss: 3.2979
10:	[0s / 0s],		train_loss: 3.2988
11:	[0s / 0s],		train_loss: 3.2952
12:	[0s / 0s],		train_loss: 3.2844
13:	[0s / 0s],		train_loss: 3.2931
14:	[0s / 0s],		train_loss: 3.2865
15:	[0s / 0s],		train_loss: 3.2964
16:	[0s / 0s],		train_loss: 3.2686
17:	[0s / 0s],		train_loss: 3.2790
18:	[0s / 0s],		train_loss: 3.2796
19:	[0s / 0s],		train_loss: 3.2765
20:	[0s / 0s],		train_loss: 3.2797
21:	[0s / 1s],		train_loss: 3.2694
22:	[0s / 1s],		train_loss: 3.2466
23:	[0s / 1s],		train_loss: 3.2624
24:	[0s / 1s],		train_loss: 3.2418
25:	[0s / 1s],		train_loss: 3.2555
26:	[0s / 1s],		train_loss: 3.2529
27:	[0s / 1s],		train_loss: 3.2585
28:	[0s / 1s],		train_loss: 3.2483
29:	[0s / 1s],		train_loss: 3.2474
30:	[0s / 1s],		train_loss: 3.2206
31:	[0s / 1s],		train_loss: 3.2170
32:	[0s / 1s],		train_loss: 3.2518
33:	[0s / 1s],		train_loss: 3.2295
34:	[0s / 1s],		train_loss: 3.2413
35:	[0s / 1s],		train_loss: 3.2380
36:	[0s / 1s],		train_loss: 3.2460
37:	[0s / 1s],		train_loss: 3.2396
C-index TRAIN: 0.9132144616746648
C-index TEST : 0.5215854763615911
Fitting Cox model...
C-index TRAIN: 0.9106928349595408
C-index TEST : 0.5721338624503953
Evaluating method: mean
Fitting Random Survival Forest model...
C-index TRAIN: 0.7412249372928561
C-index TEST : 0.6246695622285411
Fitting deepsurv_simple.pt...
0:	[0s / 0s],		train_loss: 47.8481
1:	[0s / 0s],		train_loss: 6.9747
2:	[0s / 0s],		train_loss: 6.5980
3:	[0s / 0s],		train_loss: 6.1352
4:	[0s / 0s],		train_loss: 5.7860
5:	[0s / 0s],		train_loss: 5.5770
6:	[0s / 0s],		train_loss: 5.3811
7:	[0s / 0s],		train_loss: 5.2671
8:	[0s / 0s],		train_loss: 5.1256
9:	[0s / 0s],		train_loss: 5.0197
10:	[0s / 0s],		train_loss: 4.9984
11:	[0s / 0s],		train_loss: 4.9618
12:	[0s / 0s],		train_loss: 5.0578
13:	[0s / 0s],		train_loss: 5.3689
14:	[0s / 0s],		train_loss: 5.7297
15:	[0s / 0s],		train_loss: 5.3948
16:	[0s / 0s],		train_loss: 5.1673
17:	[0s / 0s],		train_loss: 5.2316
18:	[0s / 0s],		train_loss: 5.0867
19:	[0s / 0s],		train_loss: 4.8861
20:	[0s / 0s],		train_loss: 4.7974
21:	[0s / 0s],		train_loss: 4.8519
22:	[0s / 0s],		train_loss: 4.9221
23:	[0s / 0s],		train_loss: 5.2343
24:	[0s / 0s],		train_loss: 6.0557
25:	[0s / 0s],		train_loss: 5.6086
26:	[0s / 0s],		train_loss: 5.2272
27:	[0s / 0s],		train_loss: 5.1849
28:	[0s / 0s],		train_loss: 5.8301
29:	[0s / 0s],		train_loss: 5.5373
30:	[0s / 0s],		train_loss: 5.9186
31:	[0s / 0s],		train_loss: 4.9021
32:	[0s / 0s],		train_loss: 4.8675
33:	[0s / 0s],		train_loss: 4.8853
34:	[0s / 1s],		train_loss: 5.8998
35:	[0s / 1s],		train_loss: 5.3529
36:	[0s / 1s],		train_loss: 5.1928
37:	[0s / 1s],		train_loss: 5.0725
38:	[0s / 1s],		train_loss: 5.0377
C-index TRAIN: 0.6372649512786291
C-index TEST : 0.6155672905665094
Fitting deepsurv_vanilla.pt...
0:	[0s / 0s],		train_loss: 4.9611
1:	[0s / 0s],		train_loss: 4.9230
2:	[0s / 0s],		train_loss: 4.8692
3:	[0s / 0s],		train_loss: 4.8959
4:	[0s / 0s],		train_loss: 4.8886
5:	[0s / 0s],		train_loss: 4.8615
6:	[0s / 0s],		train_loss: 4.8497
7:	[0s / 0s],		train_loss: 4.8208
8:	[0s / 0s],		train_loss: 4.8383
9:	[0s / 0s],		train_loss: 4.8536
10:	[0s / 0s],		train_loss: 4.8298
11:	[0s / 0s],		train_loss: 4.8060
12:	[0s / 0s],		train_loss: 4.8247
13:	[0s / 0s],		train_loss: 4.8215
14:	[0s / 0s],		train_loss: 4.8109
15:	[0s / 0s],		train_loss: 4.8112
16:	[0s / 0s],		train_loss: 4.7944
17:	[0s / 0s],		train_loss: 4.8178
18:	[0s / 0s],		train_loss: 4.8186
19:	[0s / 0s],		train_loss: 4.8111
20:	[0s / 0s],		train_loss: 4.8068
21:	[0s / 0s],		train_loss: 4.8154
22:	[0s / 0s],		train_loss: 4.8198
23:	[0s / 1s],		train_loss: 4.8161
24:	[0s / 1s],		train_loss: 4.7890
25:	[0s / 1s],		train_loss: 4.8009
26:	[0s / 1s],		train_loss: 4.7885
27:	[0s / 1s],		train_loss: 4.7881
28:	[0s / 1s],		train_loss: 4.7949
29:	[0s / 1s],		train_loss: 4.7640
30:	[0s / 1s],		train_loss: 4.7904
31:	[0s / 1s],		train_loss: 4.7806
32:	[0s / 1s],		train_loss: 4.7868
33:	[0s / 1s],		train_loss: 4.7954
34:	[0s / 1s],		train_loss: 4.7990
35:	[0s / 1s],		train_loss: 4.7868
36:	[0s / 1s],		train_loss: 4.7999
37:	[0s / 1s],		train_loss: 4.7700
C-index TRAIN: 0.6673149076147791
C-index TEST : 0.6336405961941068
Fitting Cox model...
C-index TRAIN: 0.6662431838349071
C-index TEST : 0.6260850545261382
Evaluating method: median
Fitting Random Survival Forest model...
C-index TRAIN: 0.6985667547355312
C-index TEST : 0.622452582570384
Fitting deepsurv_simple.pt...
0:	[0s / 0s],		train_loss: 59.6377
1:	[0s / 0s],		train_loss: 6.3813
2:	[0s / 0s],		train_loss: 5.6897
3:	[0s / 0s],		train_loss: 5.5051
4:	[0s / 0s],		train_loss: 5.3869
5:	[0s / 0s],		train_loss: 5.3305
6:	[0s / 0s],		train_loss: 5.2897
7:	[0s / 0s],		train_loss: 5.2745
8:	[0s / 0s],		train_loss: 5.2110
9:	[0s / 0s],		train_loss: 5.1516
10:	[0s / 0s],		train_loss: 5.1787
11:	[0s / 0s],		train_loss: 5.1123
12:	[0s / 0s],		train_loss: 5.1205
13:	[0s / 0s],		train_loss: 6.0279
14:	[0s / 0s],		train_loss: 5.4497
15:	[0s / 0s],		train_loss: 5.6651
16:	[0s / 0s],		train_loss: 5.1871
17:	[0s / 0s],		train_loss: 5.0804
18:	[0s / 0s],		train_loss: 5.0536
19:	[0s / 0s],		train_loss: 5.0185
20:	[0s / 0s],		train_loss: 5.0049
21:	[0s / 0s],		train_loss: 4.9993
22:	[0s / 0s],		train_loss: 5.0651
23:	[0s / 0s],		train_loss: 5.0664
24:	[0s / 0s],		train_loss: 5.3613
25:	[0s / 0s],		train_loss: 5.4721
26:	[0s / 0s],		train_loss: 5.4600
27:	[0s / 0s],		train_loss: 5.4701
28:	[0s / 0s],		train_loss: 5.4102
29:	[0s / 0s],		train_loss: 5.3104
30:	[0s / 0s],		train_loss: 5.3264
31:	[0s / 0s],		train_loss: 5.2930
32:	[0s / 0s],		train_loss: 5.3214
33:	[0s / 0s],		train_loss: 5.2382
34:	[0s / 1s],		train_loss: 5.2691
35:	[0s / 1s],		train_loss: 5.1742
36:	[0s / 1s],		train_loss: 5.1429
37:	[0s / 1s],		train_loss: 5.1306
38:	[0s / 1s],		train_loss: 5.1508
C-index TRAIN: 0.6377554168466306
C-index TEST : 0.617243695903509
Fitting deepsurv_vanilla.pt.../scratch.hpc/luca.cotugno/Foundation_model_clinical_data/.venv/lib/python3.12/site-packages/sklearn/impute/_iterative.py:867: ConvergenceWarning: [IterativeImputer] Early stopping criterion not reached.
  warnings.warn(
/scratch.hpc/luca.cotugno/Foundation_model_clinical_data/.venv/lib/python3.12/site-packages/pycox/models/cox.py:251: RuntimeWarning: overflow encountered in exp
  expg = np.exp(self.predict(input, batch_size, True, eval_, num_workers=num_workers)).reshape(1, -1)
/scratch.hpc/luca.cotugno/Foundation_model_clinical_data/.venv/lib/python3.12/site-packages/pycox/models/cox.py:231: RuntimeWarning: overflow encountered in exp
  .assign(expg=np.exp(self.predict(input, batch_size, True, eval_, num_workers=num_workers)))
/scratch.hpc/luca.cotugno/Foundation_model_clinical_data/.venv/lib/python3.12/site-packages/pycox/models/cox.py:251: RuntimeWarning: overflow encountered in exp
  expg = np.exp(self.predict(input, batch_size, True, eval_, num_workers=num_workers)).reshape(1, -1)
/scratch.hpc/luca.cotugno/Foundation_model_clinical_data/.venv/lib/python3.12/site-packages/pycox/models/cox.py:252: RuntimeWarning: invalid value encountered in dot
  return pd.DataFrame(bch.values.reshape(-1, 1).dot(expg),

0:	[0s / 0s],		train_loss: 5.0156
1:	[0s / 0s],		train_loss: 4.9256
2:	[0s / 0s],		train_loss: 4.8770
3:	[0s / 0s],		train_loss: 4.8716
4:	[0s / 0s],		train_loss: 4.8447
5:	[0s / 0s],		train_loss: 4.8845
6:	[0s / 0s],		train_loss: 4.8631
7:	[0s / 0s],		train_loss: 4.8289
8:	[0s / 0s],		train_loss: 4.8395
9:	[0s / 0s],		train_loss: 4.8516
10:	[0s / 0s],		train_loss: 4.8374
11:	[0s / 0s],		train_loss: 4.8177
12:	[0s / 0s],		train_loss: 4.8260
13:	[0s / 0s],		train_loss: 4.8227
14:	[0s / 0s],		train_loss: 4.8325
15:	[0s / 0s],		train_loss: 4.8094
16:	[0s / 0s],		train_loss: 4.8064
17:	[0s / 0s],		train_loss: 4.8161
18:	[0s / 0s],		train_loss: 4.8121
19:	[0s / 0s],		train_loss: 4.7998
20:	[0s / 0s],		train_loss: 4.8093
21:	[0s / 0s],		train_loss: 4.8000
22:	[0s / 0s],		train_loss: 4.8113
23:	[0s / 1s],		train_loss: 4.8080
24:	[0s / 1s],		train_loss: 4.7761
25:	[0s / 1s],		train_loss: 4.8077
26:	[0s / 1s],		train_loss: 4.7842
27:	[0s / 1s],		train_loss: 4.7724
28:	[0s / 1s],		train_loss: 4.7887
29:	[0s / 1s],		train_loss: 4.7628
30:	[0s / 1s],		train_loss: 4.7752
31:	[0s / 1s],		train_loss: 4.7518
32:	[0s / 1s],		train_loss: 4.7698
33:	[0s / 1s],		train_loss: 4.7774
34:	[0s / 1s],		train_loss: 4.7899
35:	[0s / 1s],		train_loss: 4.7764
36:	[0s / 1s],		train_loss: 4.7887
37:	[0s / 1s],		train_loss: 4.7659
C-index TRAIN: 0.6499232987450418
C-index TEST : 0.6032184482704747
Fitting Cox model...
C-index TRAIN: 0.6583738703959097
C-index TEST : 0.6234165546979971
Evaluating method: constant
Fitting Random Survival Forest model...
C-index TRAIN: 0.7696599889603557
C-index TEST : 0.6383057838327657
Fitting deepsurv_simple.pt...
0:	[0s / 0s],		train_loss: 80.0140
1:	[0s / 0s],		train_loss: 9.1030
2:	[0s / 0s],		train_loss: 6.4231
3:	[0s / 0s],		train_loss: 5.5101
4:	[0s / 0s],		train_loss: 5.4014
5:	[0s / 0s],		train_loss: 5.2925
6:	[0s / 0s],		train_loss: 5.2687
7:	[0s / 0s],		train_loss: 5.2316
8:	[0s / 0s],		train_loss: 5.1801
9:	[0s / 0s],		train_loss: 5.1241
10:	[0s / 0s],		train_loss: 5.1495
11:	[0s / 0s],		train_loss: 5.1213
12:	[0s / 0s],		train_loss: 5.1371
13:	[0s / 0s],		train_loss: 5.1321
14:	[0s / 0s],		train_loss: 5.1082
15:	[0s / 0s],		train_loss: 5.0598
16:	[0s / 0s],		train_loss: 5.0391
17:	[0s / 0s],		train_loss: 5.0168
18:	[0s / 0s],		train_loss: 5.1073
19:	[0s / 0s],		train_loss: 5.1097
20:	[0s / 0s],		train_loss: 5.0313
21:	[0s / 0s],		train_loss: 4.9697
22:	[0s / 0s],		train_loss: 4.9909
23:	[0s / 0s],		train_loss: 5.1788
24:	[0s / 0s],		train_loss: 5.1453
25:	[0s / 0s],		train_loss: 5.1703
26:	[0s / 0s],		train_loss: 5.1726
27:	[0s / 0s],		train_loss: 5.3174
28:	[0s / 0s],		train_loss: 5.0551
29:	[0s / 0s],		train_loss: 4.9807
30:	[0s / 0s],		train_loss: 4.9997
31:	[0s / 0s],		train_loss: 5.0027
32:	[0s / 0s],		train_loss: 5.0633
33:	[0s / 0s],		train_loss: 5.0071
34:	[0s / 1s],		train_loss: 5.5575
35:	[0s / 1s],		train_loss: 5.6390
36:	[0s / 1s],		train_loss: 6.0546
37:	[0s / 1s],		train_loss: 5.7255
38:	[0s / 1s],		train_loss: 5.7716
C-index TRAIN: 0.5448251620880307
C-index TEST : 0.5232478205168265
Fitting deepsurv_vanilla.pt...
0:	[0s / 0s],		train_loss: 5.1359
1:	[0s / 0s],		train_loss: 4.9442
2:	[0s / 0s],		train_loss: 4.9056
3:	[0s / 0s],		train_loss: 4.9151
4:	[0s / 0s],		train_loss: 4.8965
5:	[0s / 0s],		train_loss: 4.9055
6:	[0s / 0s],		train_loss: 4.9097
7:	[0s / 0s],		train_loss: 4.8972
8:	[0s / 0s],		train_loss: 4.9012
9:	[0s / 0s],		train_loss: 4.9076
10:	[0s / 0s],		train_loss: 4.9153
11:	[0s / 0s],		train_loss: 4.8705
12:	[0s / 0s],		train_loss: 4.8754
13:	[0s / 0s],		train_loss: 4.8689
14:	[0s / 0s],		train_loss: 4.8623
15:	[0s / 0s],		train_loss: 4.8635
16:	[0s / 0s],		train_loss: 4.8523
17:	[0s / 0s],		train_loss: 4.8525
18:	[0s / 0s],		train_loss: 4.8358
19:	[0s / 0s],		train_loss: 4.8370
20:	[0s / 0s],		train_loss: 4.8325
21:	[0s / 0s],		train_loss: 4.8195
22:	[0s / 0s],		train_loss: 4.8374
23:	[0s / 1s],		train_loss: 4.8265
24:	[0s / 1s],		train_loss: 4.8113
25:	[0s / 1s],		train_loss: 4.8252
26:	[0s / 1s],		train_loss: 4.8302
27:	[0s / 1s],		train_loss: 4.8165
28:	[0s / 1s],		train_loss: 4.8034
29:	[0s / 1s],		train_loss: 4.7981
30:	[0s / 1s],		train_loss: 4.7804
31:	[0s / 1s],		train_loss: 4.7826
32:	[0s / 1s],		train_loss: 4.7922
33:	[0s / 1s],		train_loss: 4.7760
34:	[0s / 1s],		train_loss: 4.7916
35:	[0s / 1s],		train_loss: 4.7765
36:	[0s / 1s],		train_loss: 4.7647
37:	[0s / 1s],		train_loss: 4.7623
C-index TRAIN: 0.6752799239120586
C-index TEST : 0.53868387338687
Fitting Cox model...
C-index TRAIN: 0.5735294417382678
C-index TEST : 0.5560259975627285
Evaluating method: knn
Fitting Random Survival Forest model...
C-index TRAIN: 0.8804786180544323
C-index TEST : 0.6036246601881073
Fitting deepsurv_simple.pt...
0:	[0s / 0s],		train_loss: 51.5764
1:	[0s / 0s],		train_loss: 13.0508
2:	[0s / 0s],		train_loss: 9.2193
3:	[0s / 0s],		train_loss: 8.4121
4:	[0s / 0s],		train_loss: 8.7347
5:	[0s / 0s],		train_loss: 7.1266
6:	[0s / 0s],		train_loss: 6.9761
7:	[0s / 0s],		train_loss: 5.9305
8:	[0s / 0s],		train_loss: 9.5282
9:	[0s / 0s],		train_loss: 9.6523
10:	[0s / 0s],		train_loss: 6.7776
11:	[0s / 0s],		train_loss: 5.5633
12:	[0s / 0s],		train_loss: 5.2193
13:	[0s / 0s],		train_loss: 6.7892
14:	[0s / 0s],		train_loss: 8.0256
15:	[0s / 0s],		train_loss: 6.9427
16:	[0s / 0s],		train_loss: 5.4073
17:	[0s / 0s],		train_loss: 4.9851
18:	[0s / 0s],		train_loss: 6.4267
19:	[0s / 0s],		train_loss: 5.6226
20:	[0s / 0s],		train_loss: 5.9299
21:	[0s / 0s],		train_loss: 5.9132
22:	[0s / 0s],		train_loss: 5.9084
23:	[0s / 0s],		train_loss: 10.1347
24:	[0s / 0s],		train_loss: 10.3747
25:	[0s / 0s],		train_loss: 7.2369
26:	[0s / 0s],		train_loss: 5.0880
27:	[0s / 0s],		train_loss: 5.0198
28:	[0s / 0s],		train_loss: 5.4905
29:	[0s / 0s],		train_loss: 5.5623
30:	[0s / 0s],		train_loss: 5.1355
31:	[0s / 0s],		train_loss: 5.1410
32:	[0s / 0s],		train_loss: 4.9425
33:	[0s / 0s],		train_loss: 5.1913
34:	[0s / 1s],		train_loss: 5.1319
35:	[0s / 1s],		train_loss: 6.7145
36:	[0s / 1s],		train_loss: 5.4235
37:	[0s / 1s],		train_loss: 9.3720
38:	[0s / 1s],		train_loss: 10.3848
C-index TRAIN: 0.5206247534470169
C-index TEST : 0.5173577477111521
Fitting deepsurv_vanilla.pt...
0:	[0s / 0s],		train_loss: 4.9867
1:	[0s / 0s],		train_loss: 4.9360
2:	[0s / 0s],		train_loss: 4.9207
3:	[0s / 0s],		train_loss: 4.9247
4:	[0s / 0s],		train_loss: 4.9044
5:	[0s / 0s],		train_loss: 4.8907
6:	[0s / 0s],		train_loss: 4.9087
7:	[0s / 0s],		train_loss: 4.8961
8:	[0s / 0s],		train_loss: 4.9087
9:	[0s / 0s],		train_loss: 4.9096
10:	[0s / 0s],		train_loss: 4.9033
11:	[0s / 0s],		train_loss: 4.8817
12:	[0s / 0s],		train_loss: 4.8864
13:	[0s / 0s],		train_loss: 4.8927
14:	[0s / 0s],		train_loss: 4.8829
15:	[0s / 0s],		train_loss: 4.8764
16:	[0s / 0s],		train_loss: 4.8621
17:	[0s / 0s],		train_loss: 4.8750
18:	[0s / 0s],		train_loss: 4.8726
19:	[0s / 0s],		train_loss: 4.8702
20:	[0s / 0s],		train_loss: 4.8872
21:	[0s / 0s],		train_loss: 4.8658
22:	[0s / 0s],		train_loss: 4.8690
23:	[0s / 1s],		train_loss: 4.8862
24:	[0s / 1s],		train_loss: 4.8485
25:	[0s / 1s],		train_loss: 4.8658
26:	[0s / 1s],		train_loss: 4.8643
27:	[0s / 1s],		train_loss: 4.8554
28:	[0s / 1s],		train_loss: 4.8781
29:	[0s / 1s],		train_loss: 4.8478
30:	[0s / 1s],		train_loss: 4.8612
31:	[0s / 1s],		train_loss: 4.8307
32:	[0s / 1s],		train_loss: 4.8468
33:	[0s / 1s],		train_loss: 4.8588
34:	[0s / 1s],		train_loss: 4.8462
35:	[0s / 1s],		train_loss: 4.8548
36:	[0s / 1s],		train_loss: 4.8487
37:	[0s / 1s],		train_loss: 4.8487
C-index TRAIN: 0.6158901394185898
C-index TEST : 0.5685716964034622
Fitting Cox model...
C-index TRAIN: 0.6151810303408634
C-index TEST : 0.6003249695341062
Evaluating method: imputer_bayesian
Fitting Random Survival Forest model...
C-index TRAIN: 0.8794865694518329
C-index TEST : 0.6096147236196606
Fitting deepsurv_simple.pt...
0:	[0s / 0s],		train_loss: 58.3450
1:	[0s / 0s],		train_loss: 12.2233
2:	[0s / 0s],		train_loss: 11.2483
3:	[0s / 0s],		train_loss: 7.4463
4:	[0s / 0s],		train_loss: 6.8426
5:	[0s / 0s],		train_loss: 5.7225
6:	[0s / 0s],		train_loss: 5.5219
7:	[0s / 0s],		train_loss: 5.3569
8:	[0s / 0s],		train_loss: 5.3256
9:	[0s / 0s],		train_loss: 5.6436
10:	[0s / 0s],		train_loss: 5.0240
11:	[0s / 0s],		train_loss: 4.9366
12:	[0s / 0s],		train_loss: 4.9868
13:	[0s / 0s],		train_loss: 5.4949
14:	[0s / 0s],		train_loss: 9.9850
15:	[0s / 0s],		train_loss: 9.1161
16:	[0s / 0s],		train_loss: 10.7848
17:	[0s / 0s],		train_loss: 8.9177
18:	[0s / 0s],		train_loss: 7.2620
19:	[0s / 0s],		train_loss: 8.2516
20:	[0s / 0s],		train_loss: 5.7153
21:	[0s / 0s],		train_loss: 5.2040
22:	[0s / 0s],		train_loss: 5.0080
23:	[0s / 0s],		train_loss: 5.2678
24:	[0s / 0s],		train_loss: 4.9861
25:	[0s / 0s],		train_loss: 4.8496
26:	[0s / 0s],		train_loss: 4.8588
27:	[0s / 0s],		train_loss: 4.8399
28:	[0s / 0s],		train_loss: 4.9139
29:	[0s / 0s],		train_loss: 4.8646
30:	[0s / 0s],		train_loss: 4.8380
31:	[0s / 0s],		train_loss: 4.8346
32:	[0s / 0s],		train_loss: 4.8647
33:	[0s / 1s],		train_loss: 4.8092
34:	[0s / 1s],		train_loss: 4.8201
35:	[0s / 1s],		train_loss: 4.8110
36:	[0s / 1s],		train_loss: 4.8057
37:	[0s / 1s],		train_loss: 4.8262
38:	[0s / 1s],		train_loss: 4.8387
C-index TRAIN: 0.6315490911193121
C-index TEST : 0.6118488891666406
Fitting deepsurv_vanilla.pt...
0:	[0s / 0s],		train_loss: 4.9933
1:	[0s / 0s],		train_loss: 4.9100
2:	[0s / 0s],		train_loss: 4.8958
3:	[0s / 0s],		train_loss: 4.8848
4:	[0s / 0s],		train_loss: 4.8732
5:	[0s / 0s],		train_loss: 4.8726
6:	[0s / 0s],		train_loss: 4.8698
7:	[0s / 0s],		train_loss: 4.8574
8:	[0s / 0s],		train_loss: 4.8729
9:	[0s / 0s],		train_loss: 4.8571
10:	[0s / 0s],		train_loss: 4.8577
11:	[0s / 0s],		train_loss: 4.8220
12:	[0s / 0s],		train_loss: 4.8424
13:	[0s / 0s],		train_loss: 4.8267
14:	[0s / 0s],		train_loss: 4.8302
15:	[0s / 0s],		train_loss: 4.8196
16:	[0s / 0s],		train_loss: 4.7992
17:	[0s / 0s],		train_loss: 4.8065
18:	[0s / 0s],		train_loss: 4.8114
19:	[0s / 0s],		train_loss: 4.8239
20:	[0s / 0s],		train_loss: 4.8171
21:	[0s / 0s],		train_loss: 4.7907
22:	[0s / 0s],		train_loss: 4.8119
23:	[0s / 1s],		train_loss: 4.8235
24:	[0s / 1s],		train_loss: 4.7989
25:	[0s / 1s],		train_loss: 4.8047
26:	[0s / 1s],		train_loss: 4.7910
27:	[0s / 1s],		train_loss: 4.7828
28:	[0s / 1s],		train_loss: 4.7918
29:	[0s / 1s],		train_loss: 4.7780
30:	[0s / 1s],		train_loss: 4.8037
31:	[0s / 1s],		train_loss: 4.7661
32:	[0s / 1s],		train_loss: 4.7911
33:	[0s / 1s],		train_loss: 4.7987
34:	[0s / 1s],		train_loss: 4.7859
35:	[0s / 1s],		train_loss: 4.7707
36:	[0s / 1s],		train_loss: 4.7939
37:	[0s / 1s],		train_loss: 4.7573
C-index TRAIN: 0.6718699189703448
C-index TEST : 0.633768709183514
Fitting Cox model...
C-index TRAIN: 0.6614812023095425
C-index TEST : 0.6214854857357123
  WARNING: 1 NaN fold(s) excluded from train mean for RSF/knn
  WARNING: 1 NaN fold(s) excluded from test mean for RSF/knn
  WARNING: 1 NaN fold(s) excluded from train mean for RSF/imputer_bayesian
  WARNING: 1 NaN fold(s) excluded from test mean for RSF/imputer_bayesian
  WARNING: 1 NaN fold(s) excluded from train mean for Cox Simple/knn
  WARNING: 1 NaN fold(s) excluded from test mean for Cox Simple/knn
  WARNING: 1 NaN fold(s) excluded from train mean for Cox Simple/imputer_bayesian
  WARNING: 1 NaN fold(s) excluded from test mean for Cox Simple/imputer_bayesian
  WARNING: 1 NaN fold(s) excluded from train mean for Cox Vanilla/knn
  WARNING: 1 NaN fold(s) excluded from test mean for Cox Vanilla/knn
  WARNING: 1 NaN fold(s) excluded from train mean for Cox Vanilla/imputer_bayesian
  WARNING: 1 NaN fold(s) excluded from test mean for Cox Vanilla/imputer_bayesian
  WARNING: 1 NaN fold(s) excluded from train mean for Cox/knn
  WARNING: 1 NaN fold(s) excluded from test mean for Cox/knn
  WARNING: 1 NaN fold(s) excluded from train mean for Cox/imputer_bayesian
  WARNING: 1 NaN fold(s) excluded from test mean for Cox/imputer_bayesian
  WARNING: 1 NaN fold(s) excluded from train mean for Cox/mean
  WARNING: 1 NaN fold(s) excluded from test mean for Cox/mean
  WARNING: 1 NaN fold(s) excluded from train mean for Cox/median
  WARNING: 1 NaN fold(s) excluded from test mean for Cox/median
  WARNING: 1 NaN fold(s) excluded from train mean for Cox/knn
  WARNING: 1 NaN fold(s) excluded from test mean for Cox/knn
  WARNING: 1 NaN fold(s) excluded from train mean for Cox/imputer_bayesian
  WARNING: 1 NaN fold(s) excluded from test mean for Cox/imputer_bayesian
|                      | constant      | embeddings    | imputer_bayesian   | knn           | mean          | median        |
|:---------------------|:--------------|:--------------|:-------------------|:--------------|:--------------|:--------------|
| (0.1, 'Cox')         | 0.733 ± 0.016 | 0.717 ± 0.011 | 0.791 ± 0.008      | 0.788 ± 0.008 | 0.789 ± 0.009 | 0.787 ± 0.008 |
| (0.1, 'Cox Simple')  | 0.689 ± 0.023 | 0.665 ± 0.058 | 0.746 ± 0.023      | 0.750 ± 0.015 | 0.733 ± 0.017 | 0.749 ± 0.020 |
| (0.1, 'Cox Vanilla') | 0.758 ± 0.008 | 0.685 ± 0.016 | 0.785 ± 0.013      | 0.783 ± 0.011 | 0.782 ± 0.010 | 0.779 ± 0.011 |
| (0.1, 'RSF')         | 0.790 ± 0.010 | 0.718 ± 0.006 | 0.795 ± 0.008      | 0.790 ± 0.009 | 0.789 ± 0.010 | 0.790 ± 0.010 |
| (0.3, 'Cox')         | 0.668 ± 0.010 | 0.689 ± 0.011 | 0.773 ± 0.005      | 0.768 ± 0.005 | 0.772 ± 0.005 | 0.768 ± 0.005 |
| (0.3, 'Cox Simple')  | 0.619 ± 0.020 | 0.598 ± 0.051 | 0.714 ± 0.028      | 0.709 ± 0.024 | 0.708 ± 0.031 | 0.733 ± 0.008 |
| (0.3, 'Cox Vanilla') | 0.699 ± 0.010 | 0.618 ± 0.050 | 0.768 ± 0.005      | 0.758 ± 0.004 | 0.766 ± 0.006 | 0.763 ± 0.004 |
| (0.3, 'RSF')         | 0.767 ± 0.008 | 0.704 ± 0.008 | 0.777 ± 0.005      | 0.770 ± 0.007 | 0.772 ± 0.007 | 0.771 ± 0.007 |
| (0.5, 'Cox')         | 0.614 ± 0.013 | 0.653 ± 0.016 | 0.750 ± 0.007      | 0.738 ± 0.011 | 0.747 ± 0.008 | 0.742 ± 0.007 |
| (0.5, 'Cox Simple')  | 0.583 ± 0.020 | 0.589 ± 0.056 | 0.637 ± 0.075      | 0.665 ± 0.010 | 0.687 ± 0.028 | 0.724 ± 0.008 |
| (0.5, 'Cox Vanilla') | 0.649 ± 0.020 | 0.632 ± 0.026 | 0.741 ± 0.013      | 0.727 ± 0.011 | 0.744 ± 0.008 | 0.737 ± 0.007 |
| (0.5, 'RSF')         | 0.736 ± 0.011 | 0.673 ± 0.013 | 0.756 ± 0.008      | 0.743 ± 0.015 | 0.747 ± 0.014 | 0.746 ± 0.012 |
| (0.7, 'Cox')         | 0.578 ± 0.012 | 0.631 ± 0.014 | 0.705 ± 0.010      | 0.685 ± 0.008 | 0.710 ± 0.008 | 0.705 ± 0.009 |
| (0.7, 'Cox Simple')  | 0.544 ± 0.014 | 0.553 ± 0.045 | 0.641 ± 0.015      | 0.608 ± 0.024 | 0.654 ± 0.040 | 0.663 ± 0.038 |
| (0.7, 'Cox Vanilla') | 0.579 ± 0.010 | 0.598 ± 0.039 | 0.697 ± 0.008      | 0.664 ± 0.008 | 0.703 ± 0.005 | 0.698 ± 0.017 |
| (0.7, 'RSF')         | 0.686 ± 0.006 | 0.635 ± 0.010 | 0.704 ± 0.011      | 0.685 ± 0.004 | 0.703 ± 0.011 | 0.701 ± 0.011 |
| (0.9, 'Cox')         | 0.529 ± 0.014 | 0.546 ± 0.017 | 0.626 ± 0.008      | 0.591 ± 0.011 | 0.629 ± 0.004 | 0.621 ± 0.005 |
| (0.9, 'Cox Simple')  | 0.514 ± 0.007 | 0.510 ± 0.025 | 0.572 ± 0.039      | 0.541 ± 0.024 | 0.605 ± 0.011 | 0.614 ± 0.006 |
| (0.9, 'Cox Vanilla') | 0.540 ± 0.012 | 0.541 ± 0.010 | 0.606 ± 0.024      | 0.565 ± 0.005 | 0.617 ± 0.013 | 0.615 ± 0.010 |
| (0.9, 'RSF')         | 0.612 ± 0.015 | 0.568 ± 0.008 | 0.616 ± 0.017      | 0.603 ± 0.014 | 0.624 ± 0.013 | 0.623 ± 0.008 |
|                      | constant      | embeddings    | imputer_bayesian   | knn           | mean          | median        |
|:---------------------|:--------------|:--------------|:-------------------|:--------------|:--------------|:--------------|
| (0.1, 'Cox')         | 0.740 ± 0.003 | 0.925 ± 0.001 | 0.796 ± 0.002      | 0.793 ± 0.002 | 0.794 ± 0.002 | 0.793 ± 0.002 |
| (0.1, 'Cox Simple')  | 0.695 ± 0.030 | 0.922 ± 0.005 | 0.749 ± 0.019      | 0.750 ± 0.016 | 0.736 ± 0.019 | 0.754 ± 0.019 |
| (0.1, 'Cox Vanilla') | 0.791 ± 0.006 | 0.931 ± 0.005 | 0.801 ± 0.004      | 0.799 ± 0.007 | 0.799 ± 0.005 | 0.795 ± 0.006 |
| (0.1, 'RSF')         | 0.908 ± 0.002 | 0.966 ± 0.001 | 0.904 ± 0.002      | 0.905 ± 0.002 | 0.902 ± 0.002 | 0.895 ± 0.003 |
| (0.3, 'Cox')         | 0.684 ± 0.006 | 0.922 ± 0.001 | 0.780 ± 0.002      | 0.774 ± 0.003 | 0.777 ± 0.004 | 0.776 ± 0.004 |
| (0.3, 'Cox Simple')  | 0.622 ± 0.026 | 0.923 ± 0.004 | 0.715 ± 0.032      | 0.715 ± 0.018 | 0.712 ± 0.036 | 0.740 ± 0.014 |
| (0.3, 'Cox Vanilla') | 0.809 ± 0.028 | 0.930 ± 0.007 | 0.791 ± 0.004      | 0.781 ± 0.009 | 0.784 ± 0.006 | 0.785 ± 0.004 |
| (0.3, 'RSF')         | 0.903 ± 0.003 | 0.969 ± 0.001 | 0.909 ± 0.002      | 0.900 ± 0.004 | 0.890 ± 0.004 | 0.875 ± 0.004 |
| (0.5, 'Cox')         | 0.644 ± 0.007 | 0.919 ± 0.002 | 0.760 ± 0.005      | 0.749 ± 0.006 | 0.757 ± 0.006 | 0.753 ± 0.006 |
| (0.5, 'Cox Simple')  | 0.611 ± 0.014 | 0.919 ± 0.003 | 0.632 ± 0.069      | 0.683 ± 0.005 | 0.685 ± 0.032 | 0.728 ± 0.010 |
| (0.5, 'Cox Vanilla') | 0.802 ± 0.036 | 0.927 ± 0.006 | 0.769 ± 0.011      | 0.757 ± 0.012 | 0.767 ± 0.010 | 0.763 ± 0.008 |
| (0.5, 'RSF')         | 0.882 ± 0.003 | 0.973 ± 0.001 | 0.908 ± 0.003      | 0.892 ± 0.005 | 0.869 ± 0.005 | 0.844 ± 0.005 |
| (0.7, 'Cox')         | 0.614 ± 0.012 | 0.917 ± 0.001 | 0.725 ± 0.002      | 0.710 ± 0.008 | 0.727 ± 0.004 | 0.720 ± 0.004 |
| (0.7, 'Cox Simple')  | 0.568 ± 0.012 | 0.918 ± 0.002 | 0.661 ± 0.017      | 0.623 ± 0.041 | 0.665 ± 0.036 | 0.675 ± 0.049 |
| (0.7, 'Cox Vanilla') | 0.753 ± 0.041 | 0.918 ± 0.004 | 0.724 ± 0.007      | 0.701 ± 0.008 | 0.729 ± 0.007 | 0.717 ± 0.017 |
| (0.7, 'RSF')         | 0.838 ± 0.004 | 0.975 ± 0.003 | 0.904 ± 0.005      | 0.879 ± 0.007 | 0.826 ± 0.006 | 0.799 ± 0.006 |
| (0.9, 'Cox')         | 0.582 ± 0.005 | 0.912 ± 0.001 | 0.656 ± 0.004      | 0.623 ± 0.007 | 0.660 ± 0.005 | 0.653 ± 0.003 |
| (0.9, 'Cox Simple')  | 0.556 ± 0.010 | 0.911 ± 0.005 | 0.595 ± 0.038      | 0.552 ± 0.030 | 0.627 ± 0.010 | 0.637 ± 0.006 |
| (0.9, 'Cox Vanilla') | 0.643 ± 0.022 | 0.911 ± 0.003 | 0.638 ± 0.022      | 0.604 ± 0.013 | 0.637 ± 0.020 | 0.648 ± 0.006 |
| (0.9, 'RSF')         | 0.767 ± 0.004 | 0.987 ± 0.002 | 0.885 ± 0.013      | 0.888 ± 0.011 | 0.742 ± 0.004 | 0.696 ± 0.005 |

=== NaN Ratio: 0.1 ===

-- Cox --
            constant | Train: 0.740 ± 0.003 | Test: 0.733 ± 0.016
          embeddings | Train: 0.925 ± 0.001 | Test: 0.717 ± 0.011
    imputer_bayesian | Train: 0.796 ± 0.002 | Test: 0.791 ± 0.008
                 knn | Train: 0.793 ± 0.002 | Test: 0.788 ± 0.008
                mean | Train: 0.794 ± 0.002 | Test: 0.789 ± 0.009
              median | Train: 0.793 ± 0.002 | Test: 0.787 ± 0.008

-- Cox Simple --
            constant | Train: 0.695 ± 0.030 | Test: 0.689 ± 0.023
          embeddings | Train: 0.922 ± 0.005 | Test: 0.665 ± 0.058
    imputer_bayesian | Train: 0.749 ± 0.019 | Test: 0.746 ± 0.023
                 knn | Train: 0.750 ± 0.016 | Test: 0.750 ± 0.015
                mean | Train: 0.736 ± 0.019 | Test: 0.733 ± 0.017
              median | Train: 0.754 ± 0.019 | Test: 0.749 ± 0.020

-- Cox Vanilla --
            constant | Train: 0.791 ± 0.006 | Test: 0.758 ± 0.008
          embeddings | Train: 0.931 ± 0.005 | Test: 0.685 ± 0.016
    imputer_bayesian | Train: 0.801 ± 0.004 | Test: 0.785 ± 0.013
                 knn | Train: 0.799 ± 0.007 | Test: 0.783 ± 0.011
                mean | Train: 0.799 ± 0.005 | Test: 0.782 ± 0.010
              median | Train: 0.795 ± 0.006 | Test: 0.779 ± 0.011

-- RSF --
            constant | Train: 0.908 ± 0.002 | Test: 0.790 ± 0.010
          embeddings | Train: 0.966 ± 0.001 | Test: 0.718 ± 0.006
    imputer_bayesian | Train: 0.904 ± 0.002 | Test: 0.795 ± 0.008
                 knn | Train: 0.905 ± 0.002 | Test: 0.790 ± 0.009
                mean | Train: 0.902 ± 0.002 | Test: 0.789 ± 0.010
              median | Train: 0.895 ± 0.003 | Test: 0.790 ± 0.010

=== NaN Ratio: 0.3 ===

-- Cox --
            constant | Train: 0.684 ± 0.006 | Test: 0.668 ± 0.010
          embeddings | Train: 0.922 ± 0.001 | Test: 0.689 ± 0.011
    imputer_bayesian | Train: 0.780 ± 0.002 | Test: 0.773 ± 0.005
                 knn | Train: 0.774 ± 0.003 | Test: 0.768 ± 0.005
                mean | Train: 0.777 ± 0.004 | Test: 0.772 ± 0.005
              median | Train: 0.776 ± 0.004 | Test: 0.768 ± 0.005

-- Cox Simple --
            constant | Train: 0.622 ± 0.026 | Test: 0.619 ± 0.020
          embeddings | Train: 0.923 ± 0.004 | Test: 0.598 ± 0.051
    imputer_bayesian | Train: 0.715 ± 0.032 | Test: 0.714 ± 0.028
                 knn | Train: 0.715 ± 0.018 | Test: 0.709 ± 0.024
                mean | Train: 0.712 ± 0.036 | Test: 0.708 ± 0.031
              median | Train: 0.740 ± 0.014 | Test: 0.733 ± 0.008

-- Cox Vanilla --
            constant | Train: 0.809 ± 0.028 | Test: 0.699 ± 0.010
          embeddings | Train: 0.930 ± 0.007 | Test: 0.618 ± 0.050
    imputer_bayesian | Train: 0.791 ± 0.004 | Test: 0.768 ± 0.005
                 knn | Train: 0.781 ± 0.009 | Test: 0.758 ± 0.004
                mean | Train: 0.784 ± 0.006 | Test: 0.766 ± 0.006
              median | Train: 0.785 ± 0.004 | Test: 0.763 ± 0.004

-- RSF --
            constant | Train: 0.903 ± 0.003 | Test: 0.767 ± 0.008
          embeddings | Train: 0.969 ± 0.001 | Test: 0.704 ± 0.008
    imputer_bayesian | Train: 0.909 ± 0.002 | Test: 0.777 ± 0.005
                 knn | Train: 0.900 ± 0.004 | Test: 0.770 ± 0.007
                mean | Train: 0.890 ± 0.004 | Test: 0.772 ± 0.007
              median | Train: 0.875 ± 0.004 | Test: 0.771 ± 0.007

=== NaN Ratio: 0.5 ===

-- Cox --
            constant | Train: 0.644 ± 0.007 | Test: 0.614 ± 0.013
          embeddings | Train: 0.919 ± 0.002 | Test: 0.653 ± 0.016
    imputer_bayesian | Train: 0.760 ± 0.005 | Test: 0.750 ± 0.007
                 knn | Train: 0.749 ± 0.006 | Test: 0.738 ± 0.011
                mean | Train: 0.757 ± 0.006 | Test: 0.747 ± 0.008
              median | Train: 0.753 ± 0.006 | Test: 0.742 ± 0.007

-- Cox Simple --
            constant | Train: 0.611 ± 0.014 | Test: 0.583 ± 0.020
          embeddings | Train: 0.919 ± 0.003 | Test: 0.589 ± 0.056
    imputer_bayesian | Train: 0.632 ± 0.069 | Test: 0.637 ± 0.075
                 knn | Train: 0.683 ± 0.005 | Test: 0.665 ± 0.010
                mean | Train: 0.685 ± 0.032 | Test: 0.687 ± 0.028
              median | Train: 0.728 ± 0.010 | Test: 0.724 ± 0.008

-- Cox Vanilla --
            constant | Train: 0.802 ± 0.036 | Test: 0.649 ± 0.020
          embeddings | Train: 0.927 ± 0.006 | Test: 0.632 ± 0.026
    imputer_bayesian | Train: 0.769 ± 0.011 | Test: 0.741 ± 0.013
                 knn | Train: 0.757 ± 0.012 | Test: 0.727 ± 0.011
                mean | Train: 0.767 ± 0.010 | Test: 0.744 ± 0.008
              median | Train: 0.763 ± 0.008 | Test: 0.737 ± 0.007

-- RSF --
            constant | Train: 0.882 ± 0.003 | Test: 0.736 ± 0.011
          embeddings | Train: 0.973 ± 0.001 | Test: 0.673 ± 0.013
    imputer_bayesian | Train: 0.908 ± 0.003 | Test: 0.756 ± 0.008
                 knn | Train: 0.892 ± 0.005 | Test: 0.743 ± 0.015
                mean | Train: 0.869 ± 0.005 | Test: 0.747 ± 0.014
              median | Train: 0.844 ± 0.005 | Test: 0.746 ± 0.012

=== NaN Ratio: 0.7 ===

-- Cox --
            constant | Train: 0.614 ± 0.012 | Test: 0.578 ± 0.012
          embeddings | Train: 0.917 ± 0.001 | Test: 0.631 ± 0.014
    imputer_bayesian | Train: 0.725 ± 0.002 | Test: 0.705 ± 0.010
                 knn | Train: 0.710 ± 0.008 | Test: 0.685 ± 0.008
                mean | Train: 0.727 ± 0.004 | Test: 0.710 ± 0.008
              median | Train: 0.720 ± 0.004 | Test: 0.705 ± 0.009

-- Cox Simple --
            constant | Train: 0.568 ± 0.012 | Test: 0.544 ± 0.014
          embeddings | Train: 0.918 ± 0.002 | Test: 0.553 ± 0.045
    imputer_bayesian | Train: 0.661 ± 0.017 | Test: 0.641 ± 0.015
                 knn | Train: 0.623 ± 0.041 | Test: 0.608 ± 0.024
                mean | Train: 0.665 ± 0.036 | Test: 0.654 ± 0.040
              median | Train: 0.675 ± 0.049 | Test: 0.663 ± 0.038

-- Cox Vanilla --
            constant | Train: 0.753 ± 0.041 | Test: 0.579 ± 0.010
          embeddings | Train: 0.918 ± 0.004 | Test: 0.598 ± 0.039
    imputer_bayesian | Train: 0.724 ± 0.007 | Test: 0.697 ± 0.008
                 knn | Train: 0.701 ± 0.008 | Test: 0.664 ± 0.008
                mean | Train: 0.729 ± 0.007 | Test: 0.703 ± 0.005
              median | Train: 0.717 ± 0.017 | Test: 0.698 ± 0.017

-- RSF --
            constant | Train: 0.838 ± 0.004 | Test: 0.686 ± 0.006
          embeddings | Train: 0.975 ± 0.003 | Test: 0.635 ± 0.010
    imputer_bayesian | Train: 0.904 ± 0.005 | Test: 0.704 ± 0.011
                 knn | Train: 0.879 ± 0.007 | Test: 0.685 ± 0.004
                mean | Train: 0.826 ± 0.006 | Test: 0.703 ± 0.011
              median | Train: 0.799 ± 0.006 | Test: 0.701 ± 0.011

=== NaN Ratio: 0.9 ===

-- Cox --
            constant | Train: 0.582 ± 0.005 | Test: 0.529 ± 0.014
          embeddings | Train: 0.912 ± 0.001 | Test: 0.546 ± 0.017
    imputer_bayesian | Train: 0.656 ± 0.004 | Test: 0.626 ± 0.008
                 knn | Train: 0.623 ± 0.007 | Test: 0.591 ± 0.011
                mean | Train: 0.660 ± 0.005 | Test: 0.629 ± 0.004
              median | Train: 0.653 ± 0.003 | Test: 0.621 ± 0.005

-- Cox Simple --
            constant | Train: 0.556 ± 0.010 | Test: 0.514 ± 0.007
          embeddings | Train: 0.911 ± 0.005 | Test: 0.510 ± 0.025
    imputer_bayesian | Train: 0.595 ± 0.038 | Test: 0.572 ± 0.039
                 knn | Train: 0.552 ± 0.030 | Test: 0.541 ± 0.024
                mean | Train: 0.627 ± 0.010 | Test: 0.605 ± 0.011
              median | Train: 0.637 ± 0.006 | Test: 0.614 ± 0.006

-- Cox Vanilla --
            constant | Train: 0.643 ± 0.022 | Test: 0.540 ± 0.012
          embeddings | Train: 0.911 ± 0.003 | Test: 0.541 ± 0.010
    imputer_bayesian | Train: 0.638 ± 0.022 | Test: 0.606 ± 0.024
                 knn | Train: 0.604 ± 0.013 | Test: 0.565 ± 0.005
                mean | Train: 0.637 ± 0.020 | Test: 0.617 ± 0.013
              median | Train: 0.648 ± 0.006 | Test: 0.615 ± 0.010

-- RSF --
            constant | Train: 0.767 ± 0.004 | Test: 0.612 ± 0.015
          embeddings | Train: 0.987 ± 0.002 | Test: 0.568 ± 0.008
    imputer_bayesian | Train: 0.885 ± 0.013 | Test: 0.616 ± 0.017
                 knn | Train: 0.888 ± 0.011 | Test: 0.603 ± 0.014
                mean | Train: 0.742 ± 0.004 | Test: 0.624 ± 0.013
              median | Train: 0.696 ± 0.005 | Test: 0.623 ± 0.008
Result saved in 'results_nan/results_cv_OrmoniTirodei_tabicl_nan_seed123.txt'

============================================================
Dataset: HURRAH
============================================================
Loading existing folds from tmp/splits/HURRAH_seed123.pkl
Generating NaN ordering → tmp/masks/HURRAH_tabicl_seed123_fold0_eval.npy
Generating NaN ordering → tmp/masks/HURRAH_tabicl_seed123_fold1_train.npy
Generating NaN ordering → tmp/masks/HURRAH_tabicl_seed123_fold1_test.npy
[fold=1, target=10%] actual NaN%: 10.0%
X_train shape: (13566, 61), X_test shape: (3392, 61)
Generating Tabicl Embeddings...
Warming up TabICL model (triggering checkpoint load)...
ARRIVATO QUI 1
Loading TabICL model checkpoint 'tabicl-classifier-v1.1-0506.ckpt'...
ARRIVATO QUI
Performing dummy prediction to ensure model is loaded...
Warming up TabICL model (triggering checkpoint load)...
ARRIVATO QUI 1
Loading TabICL model checkpoint 'tabicl-classifier-v1.1-0506.ckpt'...
ARRIVATO QUI
Performing dummy prediction to ensure model is loaded...
Successfully generated embeddings with shape: (13566, 512)
Fitting SimpleImputer (mean)...
Fitting SimpleImputer (median)...
Fitting SimpleImputer (constant, fill=-1)...
Fitting KNNImputer...
Fitting IterativeImputer (BayesianRidge, MICE-like)...
Fitting DeepSurv Simple pilot model...
0:	[0s / 0s],		train_loss: 6.1701,	val_loss: 7.3813
1:	[0s / 0s],		train_loss: 4.4936,	val_loss: 7.2058
2:	[0s / 0s],		train_loss: 4.4599,	val_loss: 7.4544
3:	[0s / 0s],		train_loss: 4.4905,	val_loss: 7.1901
4:	[0s / 0s],		train_loss: 4.4219,	val_loss: 7.2978
5:	[0s / 0s],		train_loss: 4.5271,	val_loss: 7.2838
6:	[0s / 0s],		train_loss: 4.4660,	val_loss: 7.2840
7:	[0s / 0s],		train_loss: 4.5101,	val_loss: 7.3713
8:	[0s / 0s],		train_loss: 4.4920,	val_loss: 7.2609
9:	[0s / 1s],		train_loss: 4.4974,	val_loss: 7.2107
10:	[0s / 1s],		train_loss: 4.5041,	val_loss: 7.5127
11:	[0s / 1s],		train_loss: 4.6085,	val_loss: 7.4532
12:	[0s / 1s],		train_loss: 4.6844,	val_loss: 7.3678
13:	[0s / 1s],		train_loss: 4.4871,	val_loss: 7.2949
14:	[0s / 1s],		train_loss: 4.4807,	val_loss: 7.2996
15:	[0s / 1s],		train_loss: 4.4665,	val_loss: 7.2371
16:	[0s / 1s],		train_loss: 4.5963,	val_loss: 7.2781
17:	[0s / 1s],		train_loss: 4.4922,	val_loss: 7.3155
18:	[0s / 1s],		train_loss: 4.4133,	val_loss: 7.3284
19:	[0s / 1s],		train_loss: 4.5973,	val_loss: 7.8204
20:	[0s / 1s],		train_loss: 4.5943,	val_loss: 7.5051
21:	[0s / 1s],		train_loss: 4.5866,	val_loss: 7.2647
22:	[0s / 1s],		train_loss: 4.4726,	val_loss: 7.2425
23:	[0s / 2s],		train_loss: 4.4824,	val_loss: 7.3613
Saved fixed_epochs=4 → nan/tabicl/HURRAH/nan_percentage0.1/seed123/fold1/fixed_epochs_deepsurv_simple.json
Fitting DeepSurv Vanilla pilot model...
0:	[0s / 0s],		train_loss: 4.6542,	val_loss: 14.5833
1:	[0s / 0s],		train_loss: 4.4835,	val_loss: 7.2462
2:	[0s / 0s],		train_loss: 4.4452,	val_loss: 7.2647
3:	[0s / 0s],		train_loss: 4.4049,	val_loss: 7.1669
4:	[0s / 0s],		train_loss: 4.3942,	val_loss: 7.1830
5:	[0s / 0s],		train_loss: 4.3814,	val_loss: 7.1435
6:	[0s / 0s],		train_loss: 4.3506,	val_loss: 7.2460
7:	[0s / 0s],		train_loss: 4.3546,	val_loss: 7.1194
8:	[0s / 1s],		train_loss: 4.3471,	val_loss: 7.1750
9:	[0s / 1s],		train_loss: 4.3246,	val_loss: 7.2605
10:	[0s / 1s],		train_loss: 4.3188,	val_loss: 11.5430
11:	[0s / 1s],		train_loss: 4.3287,	val_loss: 12.0715
12:	[0s / 1s],		train_loss: 4.3066,	val_loss: 7.2706
13:	[0s / 1s],		train_loss: 4.3094,	val_loss: 7.5624
14:	[0s / 1s],		train_loss: 4.3027,	val_loss: 16.9057
15:	[0s / 1s],		train_loss: 4.2740,	val_loss: 7.3365
16:	[0s / 1s],		train_loss: 4.2813,	val_loss: 7.2333
17:	[0s / 2s],		train_loss: 4.2924,	val_loss: 7.1861
18:	[0s / 2s],		train_loss: 4.2832,	val_loss: 7.2385
19:	[0s / 2s],		train_loss: 4.2850,	val_loss: 7.1972
20:	[0s / 2s],		train_loss: 4.2766,	val_loss: 7.2117
21:	[0s / 2s],		train_loss: 4.2751,	val_loss: 7.2762
22:	[0s / 2s],		train_loss: 4.2825,	val_loss: 7.2495
23:	[0s / 2s],		train_loss: 4.2668,	val_loss: 7.3710
24:	[0s / 2s],		train_loss: 4.2753,	val_loss: 7.3718
25:	[0s / 2s],		train_loss: 4.2871,	val_loss: 7.1826
26:	[0s / 3s],		train_loss: 4.2626,	val_loss: 7.1591
27:	[0s / 3s],		train_loss: 4.2534,	val_loss: 7.1947
Saved fixed_epochs=8 → nan/tabicl/HURRAH/nan_percentage0.1/seed123/fold1/fixed_epochs_deepsurv_vanilla.json
Evaluating method: embeddings
Fitting Random Survival Forest model...
C-index TRAIN: 0.986682754983867
C-index TEST : 0.737447305928627
Fitting deepsurv_simple.pt...
0:	[0s / 0s],		train_loss: 2.9695
1:	[0s / 0s],		train_loss: 2.6882
2:	[0s / 0s],		train_loss: 2.6767
3:	[0s / 0s],		train_loss: 2.6405
C-index TRAIN: 0.9648451627154526
C-index TEST : 0.706158963813275
Fitting deepsurv_vanilla.pt...
0:	[0s / 0s],		train_loss: 2.8706
1:	[0s / 0s],		train_loss: 2.7011
2:	[0s / 0s],		train_loss: 2.6526
3:	[0s / 0s],		train_loss: 2.6230
4:	[0s / 0s],		train_loss: 2.5995
5:	[0s / 0s],		train_loss: 2.5635
6:	[0s / 0s],		train_loss: 2.5510
7:	[0s / 0s],		train_loss: 2.5557
C-index TRAIN: 0.9649227186191627
C-index TEST : 0.7317429791544331
Fitting Cox model...
C-index TRAIN: 0.9638887250263989
C-index TEST : 0.7475576685014695
Evaluating method: mean
Fitting Random Survival Forest model...
C-index TRAIN: 0.9240803036861399
C-index TEST : 0.8257757798173768
Fitting deepsurv_simple.pt...
0:	[0s / 0s],		train_loss: 6.7999
1:	[0s / 0s],		train_loss: 4.4707
2:	[0s / 0s],		train_loss: 4.4780
3:	[0s / 0s],		train_loss: 4.4517
C-index TRAIN: 0.8151280489595583
C-index TEST : 0.8050611396266473
Fitting deepsurv_vanilla.pt...
0:	[0s / 0s],		train_loss: 4.6081
1:	[0s / 0s],		train_loss: 4.4718
2:	[0s / 0s],		train_loss: 4.4266
3:	[0s / 0s],		train_loss: 4.4047
4:	[0s / 0s],		train_loss: 4.3824
5:	[0s / 0s],		train_loss: 4.3573
6:	[0s / 0s],		train_loss: 4.3529
7:	[0s / 0s],		train_loss: 4.3424
C-index TRAIN: 0.8390089596604599
C-index TEST : 0.8248820287834873
Fitting Cox model...
C-index TRAIN: 0.8235077894269112
C-index TEST : 0.815081343103966
Evaluating method: median
Fitting Random Survival Forest model...
C-index TRAIN: 0.9196181195310894
C-index TEST : 0.8246342872688301
Fitting deepsurv_simple.pt...
0:	[0s / 0s],		train_loss: 6.8484
1:	[0s / 0s],		train_loss: 4.4675
2:	[0s / 0s],		train_loss: 4.4689
3:	[0s / 0s],		train_loss: 4.4552
C-index TRAIN: 0.8154619964580165
C-index TEST : 0.8032234620622286
Fitting deepsurv_vanilla.pt...
0:	[0s / 0s],		train_loss: 4.6089
1:	[0s / 0s],		train_loss: 4.4501
2:	[0s / 0s],		train_loss: 4.4245
3:	[0s / 0s],		train_loss: 4.4008
4:	[0s / 0s],		train_loss: 4.3717
5:	[0s / 0s],		train_loss: 4.3785
6:	[0s / 0s],		train_loss: 4.3554
7:	[0s / 0s],		train_loss: 4.3486
C-index TRAIN: 0.8382808483905937
C-index TEST : 0.8196379053925331
Fitting Cox model...
C-index TRAIN: 0.8233039019276613
C-index TEST : 0.8139257386969894
Evaluating method: constant
Fitting Random Survival Forest model...
C-index TRAIN: 0.92401829982239
C-index TEST : 0.8186853549485191
Fitting deepsurv_simple.pt...
0:	[0s / 0s],		train_loss: 9.1897
1:	[0s / 0s],		train_loss: 4.7414
2:	[0s / 0s],		train_loss: 4.6437
3:	[0s / 0s],		train_loss: 4.6240
C-index TRAIN: 0.7741074878348062
C-index TEST : 0.7528543193654681
Fitting deepsurv_vanilla.pt...
0:	[0s / 0s],		train_loss: 4.8317
1:	[0s / 0s],		train_loss: 4.5941
2:	[0s / 0s],		train_loss: 4.5401
3:	[0s / 0s],		train_loss: 4.4643
4:	[0s / 0s],		train_loss: 4.4384
5:	[0s / 0s],		train_loss: 4.4376
6:	[0s / 0s],		train_loss: 4.3923
7:	[0s / 0s],		train_loss: 4.3984
C-index TRAIN: 0.832512905767151
C-index TEST : 0.8123005230011533
Fitting Cox model...
C-index TRAIN: 0.7917308092551237
C-index TEST : 0.779572771325958
Evaluating method: knn
Fitting Random Survival Forest model...
C-index TRAIN: 0.921723952567555
C-index TEST : 0.8284891765965804
Fitting deepsurv_simple.pt...
0:	[0s / 0s],		train_loss: 6.7626
1:	[0s / 0s],		train_loss: 4.4365
2:	[0s / 0s],		train_loss: 4.4455
3:	[0s / 0s],		train_loss: 4.4243
C-index TRAIN: 0.8190323260259175
C-index TEST : 0.8117250727740699
Fitting deepsurv_vanilla.pt...
0:	[0s / 0s],		train_loss: 4.6021
1:	[0s / 0s],		train_loss: 4.4273
2:	[0s / 0s],		train_loss: 4.3896
3:	[0s / 0s],		train_loss: 4.3682
4:	[0s / 0s],		train_loss: 4.3538
5:	[0s / 0s],		train_loss: 4.3401
6:	[0s / 0s],		train_loss: 4.3320
7:	[0s / 0s],		train_loss: 4.3211
C-index TRAIN: 0.8410027618277861
C-index TEST : 0.8299481859597985
Fitting Cox model...
C-index TRAIN: 0.8251091132655837
C-index TEST : 0.8172506493414858
Evaluating method: imputer_bayesian
Fitting Random Survival Forest model...
C-index TRAIN: 0.924320862333802
C-index TEST : 0.8292363211012267
Fitting deepsurv_simple.pt...
0:	[0s / 0s],		train_loss: 6.5657
1:	[0s / 0s],		train_loss: 4.4329
2:	[0s / 0s],		train_loss: 4.4135
3:	[0s / 0s],		train_loss: 4.4121
C-index TRAIN: 0.822967860394266
C-index TEST : 0.8195571542026291
Fitting deepsurv_vanilla.pt...
0:	[0s / 0s],		train_loss: 4.5674
1:	[0s / 0s],		train_loss: 4.4026
2:	[0s / 0s],		train_loss: 4.3716
3:	[0s / 0s],		train_loss: 4.3503
4:	[0s / 0s],		train_loss: 4.3414
5:	[0s / 0s],		train_loss: 4.3277
6:	[0s / 0s],		train_loss: 4.3043
7:	[0s / 0s],		train_loss: 4.2995
C-index TRAIN: 0.8460297991386366
C-index TEST : 0.8348418648664117
Fitting Cox model...
C-index TRAIN: 0.8267728495601888
C-index TEST : 0.818871945076647
[fold=1, target=30%] actual NaN%: 30.0%
X_train shape: (13566, 61), X_test shape: (3392, 61)
Generating Tabicl Embeddings...
Warming up TabICL model (triggering checkpoint load)...
ARRIVATO QUI 1
Loading TabICL model checkpoint 'tabicl-classifier-v1.1-0506.ckpt'...
ARRIVATO QUI
Performing dummy prediction to ensure model is loaded...
Warming up TabICL model (triggering checkpoint load)...
ARRIVATO QUI 1
Loading TabICL model checkpoint 'tabicl-classifier-v1.1-0506.ckpt'...
ARRIVATO QUI
Performing dummy prediction to ensure model is loaded...
Successfully generated embeddings with shape: (13566, 512)
Fitting SimpleImputer (mean)...
Fitting SimpleImputer (median)...
Fitting SimpleImputer (constant, fill=-1)...
Fitting KNNImputer...
Fitting IterativeImputer (BayesianRidge, MICE-like)...
Fitting DeepSurv Simple pilot model...
0:	[0s / 0s],		train_loss: 5.9426,	val_loss: 7.4259
1:	[0s / 0s],		train_loss: 4.6233,	val_loss: 7.2802
2:	[0s / 0s],		train_loss: 4.5719,	val_loss: 7.4037
3:	[0s / 0s],		train_loss: 4.6142,	val_loss: 7.3821
4:	[0s / 0s],		train_loss: 4.5877,	val_loss: 7.3854
5:	[0s / 0s],		train_loss: 4.7548,	val_loss: 7.3462
6:	[0s / 0s],		train_loss: 4.6456,	val_loss: 7.3289
7:	[0s / 0s],		train_loss: 4.5995,	val_loss: 7.4738
8:	[0s / 0s],		train_loss: 4.5744,	val_loss: 7.5444
9:	[0s / 0s],		train_loss: 4.5986,	val_loss: 7.3471
10:	[0s / 0s],		train_loss: 4.6439,	val_loss: 7.4393
11:	[0s / 0s],		train_loss: 4.6279,	val_loss: 7.3561
12:	[0s / 1s],		train_loss: 4.6923,	val_loss: 7.3515
13:	[0s / 1s],		train_loss: 4.6342,	val_loss: 7.3411
14:	[0s / 1s],		train_loss: 4.5654,	val_loss: 7.2966
15:	[0s / 1s],		train_loss: 4.5804,	val_loss: 7.4502
16:	[0s / 1s],		train_loss: 4.6830,	val_loss: 7.3438
17:	[0s / 1s],		train_loss: 4.7531,	val_loss: 7.4239
18:	[0s / 1s],		train_loss: 4.6300,	val_loss: 7.3911
19:	[0s / 1s],		train_loss: 4.6320,	val_loss: 7.8209
20:	[0s / 1s],		train_loss: 4.6850,	val_loss: 7.4772
21:	[0s / 1s],		train_loss: 4.7331,	val_loss: 7.3236
Saved fixed_epochs=2 → nan/tabicl/HURRAH/nan_percentage0.3/seed123/fold1/fixed_epochs_deepsurv_simple.json
Fitting DeepSurv Vanilla pilot model...
0:	[0s / 0s],		train_loss: 4.7747,	val_loss: 7.4336
1:	[0s / 0s],		train_loss: 4.5747,	val_loss: 7.3029
2:	[0s / 0s],		train_loss: 4.5504,	val_loss: 7.2458
3:	[0s / 0s],		train_loss: 4.5049,	val_loss: 7.2903
4:	[0s / 0s],		train_loss: 4.4953,	val_loss: 7.2642
5:	[0s / 0s],		train_loss: 4.4741,	val_loss: 7.2296
6:	[0s / 0s],		train_loss: 4.4541,	val_loss: 7.2299
7:	[0s / 0s],		train_loss: 4.4486,	val_loss: 7.4298
8:	[0s / 1s],		train_loss: 4.4493,	val_loss: 7.2847
9:	[0s / 1s],		train_loss: 4.4325,	val_loss: 7.8711
10:	[0s / 1s],		train_loss: 4.4320,	val_loss: 16.2011
11:	[0s / 1s],		train_loss: 4.4464,	val_loss: 8.6795
12:	[0s / 1s],		train_loss: 4.4265,	val_loss: 7.7597
13:	[0s / 1s],		train_loss: 4.4087,	val_loss: 22.3266
14:	[0s / 1s],		train_loss: 4.4132,	val_loss: 7.2532
15:	[0s / 1s],		train_loss: 4.3933,	val_loss: 13.1732
16:	[0s / 1s],		train_loss: 4.3846,	val_loss: 12.1296
17:	[0s / 2s],		train_loss: 4.4043,	val_loss: 7.1999
18:	[0s / 2s],		train_loss: 4.3879,	val_loss: 7.2899
19:	[0s / 2s],		train_loss: 4.3903,	val_loss: 12.2227
20:	[0s / 2s],		train_loss: 4.3845,	val_loss: 71.3535
21:	[0s / 2s],		train_loss: 4.4010,	val_loss: 7.1921
22:	[0s / 2s],		train_loss: 4.3930,	val_loss: 10.8998
23:	[0s / 2s],		train_loss: 4.3765,	val_loss: 7.2805
24:	[0s / 2s],		train_loss: 4.3873,	val_loss: 8.6021
25:	[0s / 2s],		train_loss: 4.3817,	val_loss: 7.2267
26:	[0s / 3s],		train_loss: 4.3762,	val_loss: 7.2009
27:	[0s / 3s],		train_loss: 4.3614,	val_loss: 7.2651
28:	[0s / 3s],		train_loss: 4.3606,	val_loss: 7.2050
29:	[0s / 3s],		train_loss: 4.3729,	val_loss: 7.1841
30:	[0s / 3s],		train_loss: 4.3578,	val_loss: 7.1735
31:	[0s / 3s],		train_loss: 4.3441,	val_loss: 7.7888
32:	[0s / 3s],		train_loss: 4.3420,	val_loss: 7.2401
33:	[0s / 3s],		train_loss: 4.3547,	val_loss: 7.2145
34:	[0s / 3s],		train_loss: 4.3613,	val_loss: 7.2047
35:	[0s / 4s],		train_loss: 4.3322,	val_loss: 7.1855
36:	[0s / 4s],		train_loss: 4.3437,	val_loss: 7.2105
37:	[0s / 4s],		train_loss: 4.3396,	val_loss: 7.2549
38:	[0s / 4s],		train_loss: 4.3450,	val_loss: 7.2262
39:	[0s / 4s],		train_loss: 4.3517,	val_loss: 7.2018
40:	[0s / 4s],		train_loss: 4.3486,	val_loss: 8.1073
41:	[0s / 4s],		train_loss: 4.3361,	val_loss: 7.2252
42:	[0s / 4s],		train_loss: 4.3320,	val_loss: 7.3087
43:	[0s / 4s],		train_loss: 4.3159,	val_loss: 7.2703
44:	[0s / 5s],		train_loss: 4.3246,	val_loss: 7.3815
45:	[0s / 5s],		train_loss: 4.3342,	val_loss: 7.2580
46:	[0s / 5s],		train_loss: 4.3227,	val_loss: 7.3119
47:	[0s / 5s],		train_loss: 4.3326,	val_loss: 8.1546
48:	[0s / 5s],		train_loss: 4.3313,	val_loss: 7.5380
49:	[0s / 5s],		train_loss: 4.3286,	val_loss: 7.2076
50:	[0s / 5s],		train_loss: 4.3192,	val_loss: 8.5665
Saved fixed_epochs=31 → nan/tabicl/HURRAH/nan_percentage0.3/seed123/fold1/fixed_epochs_deepsurv_vanilla.json
Evaluating method: embeddings
Fitting Random Survival Forest model...
C-index TRAIN: 0.9866450112809748
C-index TEST : 0.6894050518885194
Fitting deepsurv_simple.pt...
0:	[0s / 0s],		train_loss: 3.0030
1:	[0s / 0s],		train_loss: 2.7747
C-index TRAIN: 0.9571722611874455
C-index TEST : 0.7424256559858191
Fitting deepsurv_vanilla.pt...
0:	[0s / 0s],		train_loss: 2.8434
1:	[0s / 0s],		train_loss: 2.7149
2:	[0s / 0s],		train_loss: 2.6788
3:	[0s / 0s],		train_loss: 2.6396
4:	[0s / 0s],		train_loss: 2.6435
5:	[0s / 0s],		train_loss: 2.6142
6:	[0s / 0s],		train_loss: 2.5929
7:	[0s / 0s],		train_loss: 2.5870
8:	[0s / 1s],		train_loss: 2.5843
9:	[0s / 1s],		train_loss: 2.5480
10:	[0s / 1s],		train_loss: 2.5716
11:	[0s / 1s],		train_loss: 2.5446
12:	[0s / 1s],		train_loss: 2.5392
13:	[0s / 1s],		train_loss: 2.5164
14:	[0s / 1s],		train_loss: 2.5046
15:	[0s / 1s],		train_loss: 2.4994
16:	[0s / 2s],		train_loss: 2.5059
17:	[0s / 2s],		train_loss: 2.4882
18:	[0s / 2s],		train_loss: 2.4836
19:	[0s / 2s],		train_loss: 2.4866
20:	[0s / 2s],		train_loss: 2.5059
21:	[0s / 2s],		train_loss: 2.4750
22:	[0s / 2s],		train_loss: 2.4896
23:	[0s / 3s],		train_loss: 2.4914
24:	[0s / 3s],		train_loss: 2.4705
25:	[0s / 3s],		train_loss: 2.4594
26:	[0s / 3s],		train_loss: 2.4860
27:	[0s / 3s],		train_loss: 2.4548
28:	[0s / 3s],		train_loss: 2.4642
29:	[0s / 3s],		train_loss: 2.4775
30:	[0s / 4s],		train_loss: 2.4579
C-index TRAIN: 0.968048908484289
C-index TEST : 0.7169137679210802
Fitting Cox model...
C-index TRAIN: 0.9618493392936718
C-index TEST : 0.7461198269258963
Evaluating method: mean
Fitting Random Survival Forest model...
C-index TRAIN: 0.9228952842077844
C-index TEST : 0.8115627864021269
Fitting deepsurv_simple.pt...
0:	[0s / 0s],		train_loss: 6.9501
1:	[0s / 0s],		train_loss: 4.6089
C-index TRAIN: 0.7709310411311875
C-index TEST : 0.765231595196637
Fitting deepsurv_vanilla.pt...
0:	[0s / 0s],		train_loss: 4.7461
1:	[0s / 0s],		train_loss: 4.5853
2:	[0s / 0s],		train_loss: 4.5264
3:	[0s / 0s],		train_loss: 4.5144
4:	[0s / 0s],		train_loss: 4.4832
5:	[0s / 0s],		train_loss: 4.4603
6:	[0s / 0s],		train_loss: 4.4553
7:	[0s / 0s],		train_loss: 4.4617
8:	[0s / 0s],		train_loss: 4.4409
9:	[0s / 1s],		train_loss: 4.4326
10:	[0s / 1s],		train_loss: 4.4113
11:	[0s / 1s],		train_loss: 4.4100
12:	[0s / 1s],		train_loss: 4.4114
13:	[0s / 1s],		train_loss: 4.3953
14:	[0s / 1s],		train_loss: 4.3842
15:	[0s / 1s],		train_loss: 4.3965
16:	[0s / 1s],		train_loss: 4.3732
17:	[0s / 1s],		train_loss: 4.3958
18:	[0s / 2s],		train_loss: 4.3884
19:	[0s / 2s],		train_loss: 4.3743
20:	[0s / 2s],		train_loss: 4.3791
21:	[0s / 2s],		train_loss: 4.3801
22:	[0s / 2s],		train_loss: 4.3712
23:	[0s / 2s],		train_loss: 4.3819
24:	[0s / 2s],		train_loss: 4.3422
25:	[0s / 2s],		train_loss: 4.3554
26:	[0s / 2s],		train_loss: 4.3418
27:	[0s / 3s],		train_loss: 4.3356
28:	[0s / 3s],		train_loss: 4.3417
29:	[0s / 3s],		train_loss: 4.3240
30:	[0s / 3s],		train_loss: 4.3362
C-index TRAIN: 0.5445857832903673
C-index TEST : 0.5377903808868989
Fitting Cox model...
C-index TRAIN: 0.8090550156605723
C-index TEST : 0.7959683988450228
Evaluating method: median
Fitting Random Survival Forest model...
C-index TRAIN: 0.9111829892859469
C-index TEST : 0.8070877592955987
Fitting deepsurv_simple.pt...
0:	[0s / 0s],		train_loss: 7.0455
1:	[0s / 0s],		train_loss: 4.5888
C-index TRAIN: 0.7784774323045748
C-index TEST : 0.7722926203604326
Fitting deepsurv_vanilla.pt...
0:	[0s / 0s],		train_loss: 4.7331
1:	[0s / 0s],		train_loss: 4.5852
2:	[0s / 0s],		train_loss: 4.5202
3:	[0s / 0s],		train_loss: 4.5167
4:	[0s / 0s],		train_loss: 4.4933
5:	[0s / 0s],		train_loss: 4.4632
6:	[0s / 0s],		train_loss: 4.4531
7:	[0s / 0s],		train_loss: 4.4321
8:	[0s / 0s],		train_loss: 4.4583
9:	[0s / 1s],		train_loss: 4.4389
10:	[0s / 1s],		train_loss: 4.4230
11:	[0s / 1s],		train_loss: 4.4196
12:	[0s / 1s],		train_loss: 4.4335
13:	[0s / 1s],		train_loss: 4.4089
14:	[0s / 1s],		train_loss: 4.4003
15:	[0s / 1s],		train_loss: 4.4078
16:	[0s / 1s],		train_loss: 4.3758
17:	[0s / 1s],		train_loss: 4.3909
18:	[0s / 2s],		train_loss: 4.3999
19:	[0s / 2s],		train_loss: 4.3978
20:	[0s / 2s],		train_loss: 4.3977
21:	[0s / 2s],		train_loss: 4.3768
22:	[0s / 2s],		train_loss: 4.3869
23:	[0s / 2s],		train_loss: 4.3748
24:	[0s / 2s],		train_loss: 4.3639
25:	[0s / 2s],		train_loss: 4.3648
26:	[0s / 2s],		train_loss: 4.3560
27:	[0s / 3s],		train_loss: 4.3729
28:	[0s / 3s],		train_loss: 4.3613
29:	[0s / 3s],		train_loss: 4.3581
30:	[0s / 3s],		train_loss: 4.3531
C-index TRAIN: 0.8263351196472828
C-index TEST : 0.7965297372136763
Fitting Cox model...
C-index TRAIN: 0.8080697977596379
C-index TEST : 0.7931773868444552
Evaluating method: constant
Fitting Random Survival Forest model...
C-index TRAIN: 0.9197417697404291
C-index TEST : 0.8040827174421786
Fitting deepsurv_simple.pt...
0:	[0s / 0s],		train_loss: 9.9772
1:	[0s / 0s],		train_loss: 4.7673
C-index TRAIN: 0.713682960556809
C-index TEST : 0.7014761787909743
Fitting deepsurv_vanilla.pt...
0:	[0s / 0s],		train_loss: 4.9933
1:	[0s / 0s],		train_loss: 4.8013
2:	[0s / 0s],		train_loss: 4.7039
3:	[0s / 0s],		train_loss: 4.6175
4:	[0s / 0s],		train_loss: 4.5686
5:	[0s / 0s],		train_loss: 4.5540
6:	[0s / 0s],		train_loss: 4.5192
7:	[0s / 0s],		train_loss: 4.4853
8:	[0s / 0s],		train_loss: 4.4800
9:	[0s / 1s],		train_loss: 4.4764
10:	[0s / 1s],		train_loss: 4.4618
11:	[0s / 1s],		train_loss: 4.4358
12:	[0s / 1s],		train_loss: 4.4514
13:	[0s / 1s],		train_loss: 4.4253
14:	[0s / 1s],		train_loss: 4.3923
15:	[0s / 1s],		train_loss: 4.4227
16:	[0s / 1s],		train_loss: 4.3933
17:	[0s / 1s],		train_loss: 4.3877
18:	[0s / 2s],		train_loss: 4.3829
19:	[0s / 2s],		train_loss: 4.3823
20:	[0s / 2s],		train_loss: 4.3674
21:	[0s / 2s],		train_loss: 4.3667
22:	[0s / 2s],		train_loss: 4.3613
23:	[0s / 2s],		train_loss: 4.3417
24:	[0s / 2s],		train_loss: 4.3423
25:	[0s / 2s],		train_loss: 4.3475
26:	[0s / 2s],		train_loss: 4.3468
27:	[0s / 2s],		train_loss: 4.3525
28:	[0s / 3s],		train_loss: 4.3249
29:	[0s / 3s],		train_loss: 4.3293
30:	[0s / 3s],		train_loss: 4.3166
C-index TRAIN: 0.8502438912276535
C-index TEST : 0.7848999978832213
Fitting Cox model...
C-index TRAIN: 0.763011069017604
C-index TEST : 0.7520703272304772
Evaluating method: knn
Fitting Random Survival Forest model...
C-index TRAIN: 0.9242746914171381
C-index TEST : 0.8134671032980197
Fitting deepsurv_simple.pt...
0:	[0s / 0s],		train_loss: 6.9416
1:	[0s / 0s],		train_loss: 4.5502
C-index TRAIN: 0.7867127609722961
C-index TEST : 0.784575425139335
Fitting deepsurv_vanilla.pt...
0:	[0s / 0s],		train_loss: 4.7225
1:	[0s / 0s],		train_loss: 4.5522
2:	[0s / 0s],		train_loss: 4.5190
3:	[0s / 0s],		train_loss: 4.4818
4:	[0s / 0s],		train_loss: 4.4849
5:	[0s / 0s],		train_loss: 4.4596
6:	[0s / 0s],		train_loss: 4.4595
7:	[0s / 0s],		train_loss: 4.4361
8:	[0s / 0s],		train_loss: 4.4498
9:	[0s / 1s],		train_loss: 4.4246
10:	[0s / 1s],		train_loss: 4.4351
11:	[0s / 1s],		train_loss: 4.4290
12:	[0s / 1s],		train_loss: 4.4287
13:	[0s / 1s],		train_loss: 4.4066
14:	[0s / 1s],		train_loss: 4.3960
15:	[0s / 1s],		train_loss: 4.4064
16:	[0s / 1s],		train_loss: 4.3730
17:	[0s / 1s],		train_loss: 4.3898
18:	[0s / 2s],		train_loss: 4.3945
19:	[0s / 2s],		train_loss: 4.3905
20:	[0s / 2s],		train_loss: 4.3905
21:	[0s / 2s],		train_loss: 4.3882
22:	[0s / 2s],		train_loss: 4.3887
23:	[0s / 2s],		train_loss: 4.3791
24:	[0s / 2s],		train_loss: 4.3752
25:	[0s / 2s],		train_loss: 4.3698
26:	[0s / 2s],		train_loss: 4.3697
27:	[0s / 2s],		train_loss: 4.3703
28:	[0s / 3s],		train_loss: 4.3587
29:	[0s / 3s],		train_loss: 4.3495
30:	[0s / 3s],		train_loss: 4.3489
C-index TRAIN: 0.8305713012511858
C-index TEST : 0.808007382069943
Fitting Cox model...
C-index TRAIN: 0.809777917380107
C-index TEST : 0.79707225977109
Evaluating method: imputer_bayesian
Fitting Random Survival Forest model...
C-index TRAIN: 0.9286576086887127
C-index TEST : 0.821369744018728
Fitting deepsurv_simple.pt...
0:	[0s / 0s],		train_loss: 6.5830
1:	[0s / 0s],		train_loss: 4.5261
C-index TRAIN: 0.7818141748289339
C-index TEST : 0.7767080640647013
Fitting deepsurv_vanilla.pt...
0:	[0s / 0s],		train_loss: 4.6297
1:	[0s / 0s],		train_loss: 4.4830
2:	[0s / 0s],		train_loss: 4.4536
3:	[0s / 0s],		train_loss: 4.4149
4:	[0s / 0s],		train_loss: 4.4104
5:	[0s / 0s],		train_loss: 4.4027
6:	[0s / 0s],		train_loss: 4.3863
7:	[0s / 0s],		train_loss: 4.3910
8:	[0s / 1s],		train_loss: 4.3976
9:	[0s / 1s],		train_loss: 4.3686
10:	[0s / 1s],		train_loss: 4.3690
11:	[0s / 1s],		train_loss: 4.3738
12:	[0s / 1s],		train_loss: 4.3722
13:	[0s / 1s],		train_loss: 4.3453
14:	[0s / 1s],		train_loss: 4.3483
15:	[0s / 1s],		train_loss: 4.3543
16:	[0s / 2s],		train_loss: 4.3290
17:	[0s / 2s],		train_loss: 4.3359
18:	[0s / 2s],		train_loss: 4.3368
19:	[0s / 2s],		train_loss: 4.3363
20:	[0s / 2s],		train_loss: 4.3307
21:	[0s / 2s],		train_loss: 4.3384
22:	[0s / 2s],		train_loss: 4.3309
23:	[0s / 2s],		train_loss: 4.3235
24:	[0s / 2s],		train_loss: 4.3072
25:	[0s / 3s],		train_loss: 4.3162
26:	[0s / 3s],		train_loss: 4.3054
27:	[0s / 3s],		train_loss: 4.3238
28:	[0s / 3s],		train_loss: 4.3218
29:	[0s / 3s],		train_loss: 4.3171
30:	[0s / 3s],		train_loss: 4.2991
C-index TRAIN: 0.8387146200667283
C-index TEST : 0.8152420614916391
Fitting Cox model...
C-index TRAIN: 0.815478033701194
C-index TEST : 0.8049004212389741
[fold=1, target=50%] actual NaN%: 50.0%
X_train shape: (13566, 61), X_test shape: (3392, 61)
Generating Tabicl Embeddings...
Warming up TabICL model (triggering checkpoint load)...
ARRIVATO QUI 1
Loading TabICL model checkpoint 'tabicl-classifier-v1.1-0506.ckpt'...
ARRIVATO QUI
Performing dummy prediction to ensure model is loaded...
Warming up TabICL model (triggering checkpoint load)...
ARRIVATO QUI 1
Loading TabICL model checkpoint 'tabicl-classifier-v1.1-0506.ckpt'...
ARRIVATO QUI
Performing dummy prediction to ensure model is loaded...
Successfully generated embeddings with shape: (13566, 512)
Fitting SimpleImputer (mean)...
Fitting SimpleImputer (median)...
Fitting SimpleImputer (constant, fill=-1)...
Fitting KNNImputer...
Fitting IterativeImputer (BayesianRidge, MICE-like)...
Fitting DeepSurv Simple pilot model...
0:	[0s / 0s],		train_loss: 5.8075,	val_loss: 7.6013
1:	[0s / 0s],		train_loss: 4.6659,	val_loss: 7.4582
2:	[0s / 0s],		train_loss: 4.6691,	val_loss: 7.4426
3:	[0s / 0s],		train_loss: 4.6538,	val_loss: 7.4702
4:	[0s / 0s],		train_loss: 4.6560,	val_loss: 7.3993
5:	[0s / 0s],		train_loss: 4.7482,	val_loss: 7.6354
6:	[0s / 0s],		train_loss: 4.6901,	val_loss: 7.3969
7:	[0s / 0s],		train_loss: 4.7961,	val_loss: 7.5826
8:	[0s / 0s],		train_loss: 4.6564,	val_loss: 7.4167
9:	[0s / 0s],		train_loss: 4.7208,	val_loss: 7.4508
10:	[0s / 0s],		train_loss: 4.6913,	val_loss: 7.4472
11:	[0s / 1s],		train_loss: 4.7052,	val_loss: 7.4809
12:	[0s / 1s],		train_loss: 4.7822,	val_loss: 7.4634
13:	[0s / 1s],		train_loss: 4.7460,	val_loss: 7.5365
14:	[0s / 1s],		train_loss: 4.7036,	val_loss: 7.4202
15:	[0s / 1s],		train_loss: 4.6467,	val_loss: 7.4013
16:	[0s / 1s],		train_loss: 4.7810,	val_loss: 7.4771
17:	[0s / 1s],		train_loss: 4.6835,	val_loss: 7.4999
18:	[0s / 1s],		train_loss: 4.6616,	val_loss: 7.4195
19:	[0s / 1s],		train_loss: 4.6853,	val_loss: 7.5811
20:	[0s / 1s],		train_loss: 4.6997,	val_loss: 7.5182
21:	[0s / 1s],		train_loss: 4.6970,	val_loss: 7.5035
22:	[0s / 1s],		train_loss: 4.7089,	val_loss: 7.4722
23:	[0s / 2s],		train_loss: 4.7349,	val_loss: 7.6550
24:	[0s / 2s],		train_loss: 4.7203,	val_loss: 7.4503
25:	[0s / 2s],		train_loss: 4.6698,	val_loss: 7.4414
26:	[0s / 2s],		train_loss: 4.7875,	val_loss: 7.4913
Saved fixed_epochs=7 → nan/tabicl/HURRAH/nan_percentage0.5/seed123/fold1/fixed_epochs_deepsurv_simple.json
Fitting DeepSurv Vanilla pilot model...
0:	[0s / 0s],		train_loss: 4.8739,	val_loss: 7.4964
1:	[0s / 0s],		train_loss: 4.7086,	val_loss: 7.5799
2:	[0s / 0s],		train_loss: 4.6539,	val_loss: 7.4594
3:	[0s / 0s],		train_loss: 4.6045,	val_loss: 7.3921
4:	[0s / 0s],		train_loss: 4.5814,	val_loss: 7.3662
5:	[0s / 0s],		train_loss: 4.5862,	val_loss: 7.3962
6:	[0s / 0s],		train_loss: 4.5496,	val_loss: 7.3424
7:	[0s / 0s],		train_loss: 4.5674,	val_loss: 7.3616
8:	[0s / 1s],		train_loss: 4.5640,	val_loss: 7.3030
9:	[0s / 1s],		train_loss: 4.5370,	val_loss: 7.3510
10:	[0s / 1s],		train_loss: 4.5340,	val_loss: 7.3087
11:	[0s / 1s],		train_loss: 4.5310,	val_loss: 7.3215
12:	[0s / 1s],		train_loss: 4.5377,	val_loss: 7.2983
13:	[0s / 1s],		train_loss: 4.5202,	val_loss: 7.3461
14:	[0s / 1s],		train_loss: 4.5151,	val_loss: 7.3473
15:	[0s / 1s],		train_loss: 4.4936,	val_loss: 7.3297
16:	[0s / 1s],		train_loss: 4.5063,	val_loss: 7.3485
17:	[0s / 2s],		train_loss: 4.5067,	val_loss: 7.3239
18:	[0s / 2s],		train_loss: 4.5133,	val_loss: 70.0054
19:	[0s / 2s],		train_loss: 4.5097,	val_loss: 42.2003
20:	[0s / 2s],		train_loss: 4.5007,	val_loss: 7.3720
21:	[0s / 2s],		train_loss: 4.4917,	val_loss: 16.7377
22:	[0s / 2s],		train_loss: 4.4968,	val_loss: 7.3048
23:	[0s / 2s],		train_loss: 4.4837,	val_loss: 40.0343
24:	[0s / 3s],		train_loss: 4.4818,	val_loss: 21.0817
25:	[0s / 3s],		train_loss: 4.5015,	val_loss: 24.6019
26:	[0s / 3s],		train_loss: 4.4894,	val_loss: 7.3074
27:	[0s / 4s],		train_loss: 4.4720,	val_loss: 7.3311
28:	[0s / 4s],		train_loss: 4.4709,	val_loss: 7.3425
29:	[0s / 4s],		train_loss: 4.4782,	val_loss: 7.3408
30:	[0s / 4s],		train_loss: 4.4762,	val_loss: 10.6586
31:	[0s / 4s],		train_loss: 4.4701,	val_loss: 7.3069
32:	[0s / 4s],		train_loss: 4.4603,	val_loss: 7.3021
Saved fixed_epochs=13 → nan/tabicl/HURRAH/nan_percentage0.5/seed123/fold1/fixed_epochs_deepsurv_vanilla.json
Evaluating method: embeddings
Fitting Random Survival Forest model...
C-index TRAIN: 0.9877063294759677
C-index TEST : 0.628263857256984
Fitting deepsurv_simple.pt...
0:	[0s / 0s],		train_loss: 3.0019
1:	[0s / 0s],		train_loss: 2.7341
2:	[0s / 0s],		train_loss: 2.7401
3:	[0s / 0s],		train_loss: 2.7342
4:	[0s / 0s],		train_loss: 2.7154
5:	[0s / 0s],		train_loss: 2.6949
6:	[0s / 0s],		train_loss: 2.6485
C-index TRAIN: 0.96091187560411
C-index TEST : 0.396554981760423
Fitting deepsurv_vanilla.pt...
0:	[0s / 0s],		train_loss: 2.8426
1:	[0s / 0s],		train_loss: 2.7194
2:	[0s / 0s],		train_loss: 2.7084
3:	[0s / 0s],		train_loss: 2.6767
4:	[0s / 0s],		train_loss: 2.6772
5:	[0s / 0s],		train_loss: 2.6620
6:	[0s / 0s],		train_loss: 2.6335
7:	[0s / 0s],		train_loss: 2.6450
8:	[0s / 0s],		train_loss: 2.6480
9:	[0s / 1s],		train_loss: 2.6249
10:	[0s / 1s],		train_loss: 2.6035
11:	[0s / 1s],		train_loss: 2.6097
12:	[0s / 1s],		train_loss: 2.5981
C-index TRAIN: 0.9626453024029051
C-index TEST : 0.6552731702995556
Fitting Cox model...
C-index TRAIN: 0.959692074716188
C-index TEST : 0.7160803842815849
Evaluating method: mean
Fitting Random Survival Forest model...
C-index TRAIN: 0.9083517008288037
C-index TEST : 0.7930370522522918
Fitting deepsurv_simple.pt...
0:	[0s / 0s],		train_loss: 6.4617
1:	[0s / 0s],		train_loss: 4.6730
2:	[0s / 0s],		train_loss: 4.6661
3:	[0s / 0s],		train_loss: 4.6407
4:	[0s / 0s],		train_loss: 4.6667
5:	[0s / 0s],		train_loss: 4.6652
6:	[0s / 0s],		train_loss: 4.6349
C-index TRAIN: 0.7716402039385732
C-index TEST : 0.7506089658908541
Fitting deepsurv_vanilla.pt...
0:	[0s / 0s],		train_loss: 4.8620
1:	[0s / 0s],		train_loss: 4.6911
2:	[0s / 0s],		train_loss: 4.6300
3:	[0s / 0s],		train_loss: 4.6188
4:	[0s / 0s],		train_loss: 4.5936
5:	[0s / 0s],		train_loss: 4.5504
6:	[0s / 0s],		train_loss: 4.5485
7:	[0s / 1s],		train_loss: 4.5434
8:	[0s / 1s],		train_loss: 4.5599
9:	[0s / 1s],		train_loss: 4.5296
10:	[0s / 1s],		train_loss: 4.5278
11:	[0s / 1s],		train_loss: 4.5120
12:	[0s / 1s],		train_loss: 4.5411
C-index TRAIN: 0.8020750354006821
C-index TEST : 0.7768687824523745
Fitting Cox model...
C-index TRAIN: 0.7903694822498618
C-index TEST : 0.778287024224573
Evaluating method: median
Fitting Random Survival Forest model...
C-index TRAIN: 0.8868275753756814
C-index TEST : 0.788626312500833
Fitting deepsurv_simple.pt...
0:	[0s / 0s],		train_loss: 6.4042
1:	[0s / 0s],		train_loss: 4.6712
2:	[0s / 0s],		train_loss: 4.6680
3:	[0s / 0s],		train_loss: 4.6444
4:	[0s / 0s],		train_loss: 4.6923
5:	[0s / 0s],		train_loss: 4.6598
6:	[0s / 0s],		train_loss: 4.6846
C-index TRAIN: 0.7755164158293719
C-index TEST : 0.7600501911764821
Fitting deepsurv_vanilla.pt...
0:	[0s / 0s],		train_loss: 4.8528
1:	[0s / 0s],		train_loss: 4.7143
2:	[0s / 0s],		train_loss: 4.6272
3:	[0s / 0s],		train_loss: 4.6041
4:	[0s / 0s],		train_loss: 4.5834
5:	[0s / 0s],		train_loss: 4.5633
6:	[0s / 0s],		train_loss: 4.5670
7:	[0s / 0s],		train_loss: 4.5474
8:	[0s / 0s],		train_loss: 4.5709
9:	[0s / 1s],		train_loss: 4.5263
10:	[0s / 1s],		train_loss: 4.5267
11:	[0s / 1s],		train_loss: 4.5121
12:	[0s / 1s],		train_loss: 4.5346
C-index TRAIN: 0.7020413010085843
C-index TEST : 0.6848653454308546
Fitting Cox model...
C-index TRAIN: 0.7880676781876894
C-index TEST : 0.7734544967044891
Evaluating method: constant
Fitting Random Survival Forest model...
C-index TRAIN: 0.9011251351865542
C-index TEST : 0.7735619036269828
Fitting deepsurv_simple.pt...
0:	[0s / 0s],		train_loss: 9.8642
1:	[0s / 0s],		train_loss: 4.8977
2:	[0s / 0s],		train_loss: 4.8855
3:	[0s / 0s],		train_loss: 4.8436
4:	[0s / 0s],		train_loss: 4.9100
5:	[0s / 0s],		train_loss: 4.9356
6:	[0s / 0s],		train_loss: 4.9430
C-index TRAIN: 0.6914316687032434
C-index TEST : 0.6713222732949543
Fitting deepsurv_vanilla.pt...
0:	[0s / 0s],		train_loss: 5.0943
1:	[0s / 0s],		train_loss: 4.9415
2:	[0s / 0s],		train_loss: 4.8320
3:	[0s / 0s],		train_loss: 4.7456
4:	[0s / 0s],		train_loss: 4.7065
5:	[0s / 0s],		train_loss: 4.6745
6:	[0s / 0s],		train_loss: 4.6459
7:	[0s / 0s],		train_loss: 4.6148
8:	[0s / 0s],		train_loss: 4.6071
9:	[0s / 1s],		train_loss: 4.6207
10:	[0s / 1s],		train_loss: 4.5992
11:	[0s / 1s],		train_loss: 4.5768
12:	[0s / 1s],		train_loss: 4.5436
C-index TRAIN: 0.810535242991048
C-index TEST : 0.7496924790850498
Fitting Cox model...
C-index TRAIN: 0.7358346836028127
C-index TEST : 0.7278677060311731
Evaluating method: knn
Fitting Random Survival Forest model...
C-index TRAIN: 0.9180677164932065
C-index TEST : 0.7981322171375976
Fitting deepsurv_simple.pt...
/scratch.hpc/luca.cotugno/Foundation_model_clinical_data/.venv/lib/python3.12/site-packages/pycox/models/cox.py:231: RuntimeWarning: overflow encountered in exp
  .assign(expg=np.exp(self.predict(input, batch_size, True, eval_, num_workers=num_workers)))
/scratch.hpc/luca.cotugno/Foundation_model_clinical_data/.venv/lib/python3.12/site-packages/pycox/models/cox.py:251: RuntimeWarning: overflow encountered in exp
  expg = np.exp(self.predict(input, batch_size, True, eval_, num_workers=num_workers)).reshape(1, -1)
/scratch.hpc/luca.cotugno/Foundation_model_clinical_data/.venv/lib/python3.12/site-packages/pycox/models/cox.py:252: RuntimeWarning: invalid value encountered in dot
  return pd.DataFrame(bch.values.reshape(-1, 1).dot(expg),
/scratch.hpc/luca.cotugno/Foundation_model_clinical_data/.venv/lib/python3.12/site-packages/pycox/models/cox.py:251: RuntimeWarning: overflow encountered in exp
  expg = np.exp(self.predict(input, batch_size, True, eval_, num_workers=num_workers)).reshape(1, -1)
/scratch.hpc/luca.cotugno/Foundation_model_clinical_data/.venv/lib/python3.12/site-packages/pycox/models/cox.py:252: RuntimeWarning: invalid value encountered in dot
  return pd.DataFrame(bch.values.reshape(-1, 1).dot(expg),
/scratch.hpc/luca.cotugno/Foundation_model_clinical_data/.venv/lib/python3.12/site-packages/sklearn/impute/_iterative.py:867: ConvergenceWarning: [IterativeImputer] Early stopping criterion not reached.
  warnings.warn(
/scratch.hpc/luca.cotugno/Foundation_model_clinical_data/.venv/lib/python3.12/site-packages/pycox/models/cox.py:251: RuntimeWarning: overflow encountered in exp
  expg = np.exp(self.predict(input, batch_size, True, eval_, num_workers=num_workers)).reshape(1, -1)
/scratch.hpc/luca.cotugno/Foundation_model_clinical_data/.venv/lib/python3.12/site-packages/pycox/models/cox.py:251: RuntimeWarning: overflow encountered in exp
  expg = np.exp(self.predict(input, batch_size, True, eval_, num_workers=num_workers)).reshape(1, -1)
/scratch.hpc/luca.cotugno/Foundation_model_clinical_data/.venv/lib/python3.12/site-packages/pycox/models/cox.py:252: RuntimeWarning: invalid value encountered in dot
  return pd.DataFrame(bch.values.reshape(-1, 1).dot(expg),
/scratch.hpc/luca.cotugno/Foundation_model_clinical_data/.venv/lib/python3.12/site-packages/pycox/models/cox.py:231: RuntimeWarning: overflow encountered in exp
  .assign(expg=np.exp(self.predict(input, batch_size, True, eval_, num_workers=num_workers)))
/scratch.hpc/luca.cotugno/Foundation_model_clinical_data/.venv/lib/python3.12/site-packages/pycox/models/cox.py:251: RuntimeWarning: overflow encountered in exp
  expg = np.exp(self.predict(input, batch_size, True, eval_, num_workers=num_workers)).reshape(1, -1)
0:	[0s / 0s],		train_loss: 6.1870
1:	[0s / 0s],		train_loss: 4.5889
2:	[0s / 0s],		train_loss: 4.5863
3:	[0s / 0s],		train_loss: 4.5903
4:	[0s / 0s],		train_loss: 4.6417
5:	[0s / 0s],		train_loss: 4.6051
6:	[0s / 0s],		train_loss: 4.5984
C-index TRAIN: 0.7846003138498705
C-index TEST : 0.7742169290557677
Fitting deepsurv_vanilla.pt...
0:	[0s / 0s],		train_loss: 4.7425
1:	[0s / 0s],		train_loss: 4.5898
2:	[0s / 0s],		train_loss: 4.5634
3:	[0s / 0s],		train_loss: 4.5559
4:	[0s / 0s],		train_loss: 4.5360
5:	[0s / 0s],		train_loss: 4.5152
6:	[0s / 0s],		train_loss: 4.5111
7:	[0s / 0s],		train_loss: 4.5123
8:	[0s / 0s],		train_loss: 4.5170
9:	[0s / 1s],		train_loss: 4.4988
10:	[0s / 1s],		train_loss: 4.4830
11:	[0s / 1s],		train_loss: 4.4873
12:	[0s / 1s],		train_loss: 4.4944
C-index TRAIN: 0.8072132608592949
C-index TEST : 0.7959793747349126
Fitting Cox model...
C-index TRAIN: 0.7947619503637109
C-index TEST : 0.7883197715760516
Evaluating method: imputer_bayesian
Fitting Random Survival Forest model...
C-index TRAIN: 0.9302169496805959
C-index TEST : 0.8045938803141927
Fitting deepsurv_simple.pt...
0:	[0s / 0s],		train_loss: 6.6636
1:	[0s / 0s],		train_loss: 4.5601
2:	[0s / 0s],		train_loss: 4.5691
3:	[0s / 0s],		train_loss: 4.5660
4:	[0s / 0s],		train_loss: 4.5751
5:	[0s / 0s],		train_loss: 4.5768
6:	[0s / 0s],		train_loss: 4.5887
C-index TRAIN: 0.7904595257521607
C-index TEST : 0.7844550823466139
Fitting deepsurv_vanilla.pt...
0:	[0s / 0s],		train_loss: 4.6961
1:	[0s / 0s],		train_loss: 4.5620
2:	[0s / 0s],		train_loss: 4.5419
3:	[0s / 0s],		train_loss: 4.5108
4:	[0s / 0s],		train_loss: 4.4915
5:	[0s / 0s],		train_loss: 4.4719
6:	[0s / 0s],		train_loss: 4.4746
7:	[0s / 0s],		train_loss: 4.4604
8:	[0s / 0s],		train_loss: 4.4659
9:	[0s / 1s],		train_loss: 4.4636
10:	[0s / 1s],		train_loss: 4.4582
11:	[0s / 1s],		train_loss: 4.4506
12:	[0s / 1s],		train_loss: 4.4479
C-index TRAIN: 0.8186096374127432
C-index TEST : 0.8003242591470322
Fitting Cox model...
C-index TRAIN: 0.7997692986387496
C-index TEST : 0.7933961206501177
[fold=1, target=70%] actual NaN%: 70.0%
X_train shape: (13566, 61), X_test shape: (3392, 61)
Generating Tabicl Embeddings...
Warming up TabICL model (triggering checkpoint load)...
ARRIVATO QUI 1
Loading TabICL model checkpoint 'tabicl-classifier-v1.1-0506.ckpt'...
ARRIVATO QUI
Performing dummy prediction to ensure model is loaded...
Warming up TabICL model (triggering checkpoint load)...
ARRIVATO QUI 1
Loading TabICL model checkpoint 'tabicl-classifier-v1.1-0506.ckpt'...
ARRIVATO QUI
Performing dummy prediction to ensure model is loaded...
Successfully generated embeddings with shape: (13566, 512)
Fitting SimpleImputer (mean)...
Fitting SimpleImputer (median)...
Fitting SimpleImputer (constant, fill=-1)...
Fitting KNNImputer...
Fitting IterativeImputer (BayesianRidge, MICE-like)...
Fitting DeepSurv Simple pilot model...
0:	[0s / 0s],		train_loss: 5.5589,	val_loss: 7.6844
1:	[0s / 0s],		train_loss: 4.7828,	val_loss: 7.4897
2:	[0s / 0s],		train_loss: 4.7548,	val_loss: 7.5984
3:	[0s / 0s],		train_loss: 4.7581,	val_loss: 7.5641
4:	[0s / 0s],		train_loss: 4.7665,	val_loss: 7.5280
5:	[0s / 0s],		train_loss: 4.7691,	val_loss: 7.6965
6:	[0s / 0s],		train_loss: 4.7728,	val_loss: 7.5181
7:	[0s / 0s],		train_loss: 4.7647,	val_loss: 7.5872
8:	[0s / 0s],		train_loss: 4.7708,	val_loss: 7.5316
9:	[0s / 0s],		train_loss: 4.7724,	val_loss: 7.5790
10:	[0s / 0s],		train_loss: 4.8016,	val_loss: 7.5539
11:	[0s / 0s],		train_loss: 4.7746,	val_loss: 7.5157
12:	[0s / 0s],		train_loss: 4.7916,	val_loss: 7.5204
13:	[0s / 1s],		train_loss: 4.8916,	val_loss: 7.5026
14:	[0s / 1s],		train_loss: 4.7648,	val_loss: 7.5031
15:	[0s / 1s],		train_loss: 4.7380,	val_loss: 7.5312
16:	[0s / 1s],		train_loss: 4.8287,	val_loss: 7.5803
17:	[0s / 1s],		train_loss: 4.7794,	val_loss: 7.8459
18:	[0s / 1s],		train_loss: 4.8152,	val_loss: 7.8434
19:	[0s / 1s],		train_loss: 4.7750,	val_loss: 7.5233
20:	[0s / 1s],		train_loss: 4.7524,	val_loss: 7.5995
21:	[0s / 1s],		train_loss: 4.7528,	val_loss: 7.5329
Saved fixed_epochs=2 → nan/tabicl/HURRAH/nan_percentage0.7/seed123/fold1/fixed_epochs_deepsurv_simple.json
Fitting DeepSurv Vanilla pilot model...
0:	[0s / 0s],		train_loss: 4.9600,	val_loss: 7.6857
1:	[0s / 0s],		train_loss: 4.8245,	val_loss: 7.7066
2:	[0s / 0s],		train_loss: 4.7627,	val_loss: 7.4617
3:	[0s / 0s],		train_loss: 4.7150,	val_loss: 7.4901
4:	[0s / 0s],		train_loss: 4.7021,	val_loss: 7.4560
5:	[0s / 0s],		train_loss: 4.6755,	val_loss: 7.5748
6:	[0s / 0s],		train_loss: 4.6444,	val_loss: 7.4626
7:	[0s / 0s],		train_loss: 4.6779,	val_loss: 7.4480
8:	[0s / 1s],		train_loss: 4.6597,	val_loss: 7.4593
9:	[0s / 1s],		train_loss: 4.6435,	val_loss: 7.5366
10:	[0s / 1s],		train_loss: 4.6582,	val_loss: 7.4395
11:	[0s / 1s],		train_loss: 4.6433,	val_loss: 7.4831
12:	[0s / 1s],		train_loss: 4.6461,	val_loss: 7.4499
13:	[0s / 1s],		train_loss: 4.6328,	val_loss: 7.4723
14:	[0s / 1s],		train_loss: 4.6285,	val_loss: 7.4358
15:	[0s / 1s],		train_loss: 4.6089,	val_loss: 7.5097
16:	[0s / 1s],		train_loss: 4.6206,	val_loss: 7.5129
17:	[0s / 2s],		train_loss: 4.6232,	val_loss: 7.4589
18:	[0s / 2s],		train_loss: 4.6217,	val_loss: 7.5066
19:	[0s / 2s],		train_loss: 4.6198,	val_loss: 7.5073
20:	[0s / 2s],		train_loss: 4.6149,	val_loss: 7.4844
21:	[0s / 2s],		train_loss: 4.6072,	val_loss: 7.4398
22:	[0s / 2s],		train_loss: 4.6158,	val_loss: 7.4492
23:	[0s / 2s],		train_loss: 4.6042,	val_loss: 7.4526
24:	[0s / 2s],		train_loss: 4.6056,	val_loss: 7.4517
25:	[0s / 2s],		train_loss: 4.6025,	val_loss: 7.4407
26:	[0s / 3s],		train_loss: 4.6179,	val_loss: 7.4455
27:	[0s / 3s],		train_loss: 4.5830,	val_loss: 7.4896
28:	[0s / 3s],		train_loss: 4.5895,	val_loss: 7.4519
29:	[0s / 3s],		train_loss: 4.6112,	val_loss: 7.5440
30:	[0s / 3s],		train_loss: 4.5874,	val_loss: 7.4833
31:	[0s / 3s],		train_loss: 4.5809,	val_loss: 7.4983
32:	[0s / 3s],		train_loss: 4.5814,	val_loss: 7.4783
33:	[0s / 3s],		train_loss: 4.5760,	val_loss: 7.5683
34:	[0s / 3s],		train_loss: 4.5875,	val_loss: 8.2603
Saved fixed_epochs=15 → nan/tabicl/HURRAH/nan_percentage0.7/seed123/fold1/fixed_epochs_deepsurv_vanilla.json
Evaluating method: embeddings
Fitting Random Survival Forest model...
C-index TRAIN: 0.9872036589429976
C-index TEST : 0.6359697159518096
Fitting deepsurv_simple.pt...
0:	[0s / 0s],		train_loss: 2.9749
1:	[0s / 0s],		train_loss: 2.7802
C-index TRAIN: 0.9516861194851228
C-index TEST : 0.6743461309596143
Fitting deepsurv_vanilla.pt...
0:	[0s / 0s],		train_loss: 2.8619
1:	[0s / 0s],		train_loss: 2.7435
2:	[0s / 0s],		train_loss: 2.7240
3:	[0s / 0s],		train_loss: 2.6933
4:	[0s / 0s],		train_loss: 2.6910
5:	[0s / 0s],		train_loss: 2.6670
6:	[0s / 0s],		train_loss: 2.6628
7:	[0s / 0s],		train_loss: 2.6649
8:	[0s / 0s],		train_loss: 2.6522
9:	[0s / 1s],		train_loss: 2.6407
10:	[0s / 1s],		train_loss: 2.6594
11:	[0s / 1s],		train_loss: 2.6382
12:	[0s / 1s],		train_loss: 2.6264
13:	[0s / 1s],		train_loss: 2.6363
14:	[0s / 1s],		train_loss: 2.6110
C-index TRAIN: 0.9606643964263506
C-index TEST : 0.509605863633976
Fitting Cox model...
C-index TRAIN: 0.9565438719472099
C-index TEST : 0.664800242723965
Evaluating method: mean
Fitting Random Survival Forest model...
C-index TRAIN: 0.8727281827734982
C-index TEST : 0.7429893463308777
Fitting deepsurv_simple.pt...
0:	[0s / 0s],		train_loss: 6.1900
1:	[0s / 0s],		train_loss: 4.7767
C-index TRAIN: 0.7565820242422849
C-index TEST : 0.7459003091280988
Fitting deepsurv_vanilla.pt...
0:	[0s / 0s],		train_loss: 5.0026
1:	[0s / 0s],		train_loss: 4.8407
2:	[0s / 0s],		train_loss: 4.7532
3:	[0s / 0s],		train_loss: 4.7324
4:	[0s / 0s],		train_loss: 4.6926
5:	[0s / 0s],		train_loss: 4.6555
6:	[0s / 0s],		train_loss: 4.6733
7:	[0s / 0s],		train_loss: 4.6699
8:	[0s / 1s],		train_loss: 4.6645
9:	[0s / 1s],		train_loss: 4.6568
10:	[0s / 1s],		train_loss: 4.6347
11:	[0s / 1s],		train_loss: 4.6350
12:	[0s / 1s],		train_loss: 4.6450
13:	[0s / 1s],		train_loss: 4.6273
14:	[0s / 1s],		train_loss: 4.6191
C-index TRAIN: 0.6238072108859173
C-index TEST : 0.616801892243417
Fitting Cox model...
C-index TRAIN: 0.7632178166621338
C-index TEST : 0.7450049901099393
Evaluating method: median
Fitting Random Survival Forest model...
C-index TRAIN: 0.8430619132073592
C-index TEST : 0.7412143881372583
Fitting deepsurv_simple.pt...
0:	[0s / 0s],		train_loss: 6.2178
1:	[0s / 0s],		train_loss: 4.7660
C-index TRAIN: 0.7492547406269592
C-index TEST : 0.7404476438292371
Fitting deepsurv_vanilla.pt...
0:	[0s / 0s],		train_loss: 4.9643
1:	[0s / 0s],		train_loss: 4.8331
2:	[0s / 0s],		train_loss: 4.7473
3:	[0s / 0s],		train_loss: 4.7328
4:	[0s / 0s],		train_loss: 4.6805
5:	[0s / 0s],		train_loss: 4.6683
6:	[0s / 0s],		train_loss: 4.6749
7:	[0s / 0s],		train_loss: 4.6458
8:	[0s / 1s],		train_loss: 4.6675
9:	[0s / 1s],		train_loss: 4.6581
10:	[0s / 1s],		train_loss: 4.6316
11:	[0s / 1s],		train_loss: 4.6399
12:	[0s / 1s],		train_loss: 4.6539
13:	[0s / 1s],		train_loss: 4.6405
14:	[0s / 1s],		train_loss: 4.6386
C-index TRAIN: 0.7725473296585574
C-index TEST : 0.7454808733358786
Fitting Cox model...
C-index TRAIN: 0.7609811830531285
C-index TEST : 0.7414370419035956
Evaluating method: constant
Fitting Random Survival Forest model...
C-index TRAIN: 0.8611936509882185
C-index TEST : 0.7300507321310553
Fitting deepsurv_simple.pt...
0:	[0s / 0s],		train_loss: 9.5421
1:	[0s / 0s],		train_loss: 4.9725
C-index TRAIN: 0.6498679864194173
C-index TEST : 0.649202719198321
Fitting deepsurv_vanilla.pt...
0:	[0s / 0s],		train_loss: 5.1515
1:	[0s / 0s],		train_loss: 5.0414
2:	[0s / 0s],		train_loss: 4.9721
3:	[0s / 0s],		train_loss: 4.9058
4:	[0s / 0s],		train_loss: 4.8389
5:	[0s / 0s],		train_loss: 4.8349
6:	[0s / 0s],		train_loss: 4.8030
7:	[0s / 0s],		train_loss: 4.7683
8:	[0s / 1s],		train_loss: 4.7511
9:	[0s / 1s],		train_loss: 4.7500
10:	[0s / 1s],		train_loss: 4.7224
11:	[0s / 1s],		train_loss: 4.7091
12:	[0s / 1s],		train_loss: 4.6843
13:	[0s / 1s],		train_loss: 4.6886
14:	[0s / 1s],		train_loss: 4.6673
C-index TRAIN: 0.7808524765155259
C-index TEST : 0.7039614338588955
Fitting Cox model...
C-index TRAIN: 0.7118767788124524
C-index TEST : 0.6925888439487176
Evaluating method: knn
Fitting Random Survival Forest model...
C-index TRAIN: 0.9237800395057567
C-index TEST : 0.7420618836351833
Fitting deepsurv_simple.pt...
0:	[0s / 0s],		train_loss: 6.2577
1:	[0s / 0s],		train_loss: 4.7618
C-index TRAIN: 0.7290701591083497
C-index TEST : 0.7191810731754739
Fitting deepsurv_vanilla.pt...
0:	[0s / 0s],		train_loss: 4.9283
1:	[0s / 0s],		train_loss: 4.7878
2:	[0s / 0s],		train_loss: 4.7479
3:	[0s / 0s],		train_loss: 4.7307
4:	[0s / 0s],		train_loss: 4.7108
5:	[0s / 0s],		train_loss: 4.6907
6:	[0s / 0s],		train_loss: 4.6918
7:	[0s / 0s],		train_loss: 4.6747
8:	[0s / 1s],		train_loss: 4.6864
9:	[0s / 1s],		train_loss: 4.6826
10:	[0s / 1s],		train_loss: 4.6678
11:	[0s / 1s],		train_loss: 4.6595
12:	[0s / 1s],		train_loss: 4.6540
13:	[0s / 1s],		train_loss: 4.6448
14:	[0s / 1s],		train_loss: 4.6565
C-index TRAIN: 0.6273897216082699
C-index TEST : 0.6190488137023009
Fitting Cox model...
C-index TRAIN: 0.7516024091616582
C-index TEST : 0.7317915866668026
Evaluating method: imputer_bayesian
Fitting Random Survival Forest model...
C-index TRAIN: 0.9257255001104475
C-index TEST : 0.7565202665886855
Fitting deepsurv_simple.pt...
0:	[0s / 0s],		train_loss: 7.0486
1:	[0s / 0s],		train_loss: 4.7533
C-index TRAIN: 0.7603548112367958
C-index TEST : 0.7472409356789332
Fitting deepsurv_vanilla.pt...
0:	[0s / 0s],		train_loss: 4.9360
1:	[0s / 0s],		train_loss: 4.7723
2:	[0s / 0s],		train_loss: 4.7209
3:	[0s / 0s],		train_loss: 4.7104
4:	[0s / 0s],		train_loss: 4.6650
5:	[0s / 0s],		train_loss: 4.6393
6:	[0s / 0s],		train_loss: 4.6401
7:	[0s / 0s],		train_loss: 4.6388
8:	[0s / 0s],		train_loss: 4.6362
9:	[0s / 1s],		train_loss: 4.6403
10:	[0s / 1s],		train_loss: 4.6018
11:	[0s / 1s],		train_loss: 4.6121
12:	[0s / 1s],		train_loss: 4.6214
13:	[0s / 1s],		train_loss: 4.6025
14:	[0s / 1s],		train_loss: 4.5882
C-index TRAIN: 0.7806278274259841
C-index TEST : 0.7602387412849474
Fitting Cox model...
C-index TRAIN: 0.7670714538348291
C-index TEST : 0.7486646653960768
[fold=1, target=90%] actual NaN%: 90.0%
X_train shape: (13566, 61), X_test shape: (3392, 61)
Generating Tabicl Embeddings...
Warming up TabICL model (triggering checkpoint load)...
ARRIVATO QUI 1
Loading TabICL model checkpoint 'tabicl-classifier-v1.1-0506.ckpt'...
ARRIVATO QUI
Performing dummy prediction to ensure model is loaded...
Warming up TabICL model (triggering checkpoint load)...
ARRIVATO QUI 1
Loading TabICL model checkpoint 'tabicl-classifier-v1.1-0506.ckpt'...
ARRIVATO QUI
Performing dummy prediction to ensure model is loaded...
Successfully generated embeddings with shape: (13566, 512)
Fitting SimpleImputer (mean)...
Fitting SimpleImputer (median)...
Fitting SimpleImputer (constant, fill=-1)...
Fitting KNNImputer...
Fitting IterativeImputer (BayesianRidge, MICE-like)...
Fitting DeepSurv Simple pilot model...
0:	[0s / 0s],		train_loss: 5.6492,	val_loss: 7.8227
1:	[0s / 0s],		train_loss: 4.9652,	val_loss: 7.7073
2:	[0s / 0s],		train_loss: 4.9200,	val_loss: 7.6972
3:	[0s / 0s],		train_loss: 4.9120,	val_loss: 7.6977
4:	[0s / 0s],		train_loss: 4.8995,	val_loss: 7.6880
5:	[0s / 0s],		train_loss: 4.9449,	val_loss: 7.7155
6:	[0s / 0s],		train_loss: 4.9297,	val_loss: 7.6879
7:	[0s / 0s],		train_loss: 4.9114,	val_loss: 7.6838
8:	[0s / 0s],		train_loss: 4.8958,	val_loss: 7.8676
9:	[0s / 0s],		train_loss: 4.9115,	val_loss: 7.6879
10:	[0s / 0s],		train_loss: 4.9322,	val_loss: 7.7955
11:	[0s / 0s],		train_loss: 4.9270,	val_loss: 7.7058
12:	[0s / 0s],		train_loss: 4.9372,	val_loss: 7.7015
13:	[0s / 1s],		train_loss: 5.2989,	val_loss: 9.5450
14:	[0s / 1s],		train_loss: 5.2164,	val_loss: 7.7219
15:	[0s / 1s],		train_loss: 4.9934,	val_loss: 7.6958
16:	[0s / 1s],		train_loss: 4.9158,	val_loss: 7.7280
17:	[0s / 1s],		train_loss: 4.8926,	val_loss: 7.7102
18:	[0s / 1s],		train_loss: 4.8784,	val_loss: 7.6787
19:	[0s / 1s],		train_loss: 4.9492,	val_loss: 7.7382
20:	[0s / 1s],		train_loss: 4.9036,	val_loss: 7.6587
21:	[0s / 1s],		train_loss: 4.8892,	val_loss: 7.7511
22:	[0s / 1s],		train_loss: 4.9167,	val_loss: 7.7160
23:	[0s / 1s],		train_loss: 4.9052,	val_loss: 7.7282
24:	[0s / 1s],		train_loss: 4.8963,	val_loss: 7.6734
25:	[0s / 1s],		train_loss: 4.8890,	val_loss: 7.6758
26:	[0s / 1s],		train_loss: 4.8990,	val_loss: 7.6939
27:	[0s / 2s],		train_loss: 4.9045,	val_loss: 7.7346
28:	[0s / 2s],		train_loss: 4.9106,	val_loss: 7.6855
29:	[0s / 2s],		train_loss: 4.9210,	val_loss: 7.6971
30:	[0s / 2s],		train_loss: 4.9278,	val_loss: 7.7145
31:	[0s / 2s],		train_loss: 4.8978,	val_loss: 7.6963
32:	[0s / 2s],		train_loss: 4.8948,	val_loss: 7.7575
33:	[0s / 2s],		train_loss: 4.9380,	val_loss: 7.7090
34:	[0s / 2s],		train_loss: 5.0112,	val_loss: 7.9767
35:	[0s / 2s],		train_loss: 5.4524,	val_loss: 7.9476
36:	[0s / 2s],		train_loss: 5.0010,	val_loss: 7.7932
37:	[0s / 2s],		train_loss: 4.9109,	val_loss: 7.7861
38:	[0s / 2s],		train_loss: 4.9417,	val_loss: 7.7097
39:	[0s / 2s],		train_loss: 4.8964,	val_loss: 7.7001
40:	[0s / 3s],		train_loss: 4.8940,	val_loss: 7.7578
Saved fixed_epochs=21 → nan/tabicl/HURRAH/nan_percentage0.9/seed123/fold1/fixed_epochs_deepsurv_simple.json
Fitting DeepSurv Vanilla pilot model...
0:	[0s / 0s],		train_loss: 5.1270,	val_loss: 7.8521
1:	[0s / 0s],		train_loss: 5.0281,	val_loss: 7.8394
2:	[0s / 0s],		train_loss: 5.0039,	val_loss: 7.7541
3:	[0s / 0s],		train_loss: 4.9359,	val_loss: 7.7296
4:	[0s / 0s],		train_loss: 4.9318,	val_loss: 7.6780
5:	[0s / 0s],		train_loss: 4.9251,	val_loss: 7.7270
6:	[0s / 0s],		train_loss: 4.8976,	val_loss: 7.6763
7:	[0s / 0s],		train_loss: 4.8921,	val_loss: 7.6666
8:	[0s / 0s],		train_loss: 4.8974,	val_loss: 7.6772
9:	[0s / 1s],		train_loss: 4.8881,	val_loss: 7.7499
10:	[0s / 1s],		train_loss: 4.8854,	val_loss: 7.6627
11:	[0s / 1s],		train_loss: 4.8804,	val_loss: 7.6994
12:	[0s / 1s],		train_loss: 4.8763,	val_loss: 7.6511
13:	[0s / 1s],		train_loss: 4.8765,	val_loss: 7.6608
14:	[0s / 1s],		train_loss: 4.8697,	val_loss: 7.6986
15:	[0s / 1s],		train_loss: 4.8640,	val_loss: 7.6832
16:	[0s / 1s],		train_loss: 4.8699,	val_loss: 7.6702
17:	[0s / 1s],		train_loss: 4.8655,	val_loss: 7.7597
18:	[0s / 2s],		train_loss: 4.8591,	val_loss: 7.7518
19:	[0s / 2s],		train_loss: 4.8697,	val_loss: 7.7190
20:	[0s / 2s],		train_loss: 4.8561,	val_loss: 7.6705
21:	[0s / 2s],		train_loss: 4.8625,	val_loss: 7.6580
22:	[0s / 2s],		train_loss: 4.8517,	val_loss: 7.7222
23:	[0s / 2s],		train_loss: 4.8639,	val_loss: 7.7109
24:	[0s / 2s],		train_loss: 4.8635,	val_loss: 7.7772
25:	[0s / 2s],		train_loss: 4.8523,	val_loss: 7.6746
26:	[0s / 2s],		train_loss: 4.8509,	val_loss: 7.8186
27:	[0s / 3s],		train_loss: 4.8476,	val_loss: 7.6805
28:	[0s / 3s],		train_loss: 4.8539,	val_loss: 7.6580
29:	[0s / 3s],		train_loss: 4.8527,	val_loss: 7.7224
30:	[0s / 3s],		train_loss: 4.8441,	val_loss: 7.6673
31:	[0s / 3s],		train_loss: 4.8409,	val_loss: 7.6946
32:	[0s / 3s],		train_loss: 4.8559,	val_loss: 7.6699
Saved fixed_epochs=13 → nan/tabicl/HURRAH/nan_percentage0.9/seed123/fold1/fixed_epochs_deepsurv_vanilla.json
Evaluating method: embeddings
Fitting Random Survival Forest model...
C-index TRAIN: 0.991015824009132
C-index TEST : 0.5767304862397621
Fitting deepsurv_simple.pt...
0:	[0s / 0s],		train_loss: 3.0278
1:	[0s / 0s],		train_loss: 2.7983
2:	[0s / 0s],		train_loss: 2.7639
3:	[0s / 0s],		train_loss: 2.7764
4:	[0s / 0s],		train_loss: 2.7720
5:	[0s / 0s],		train_loss: 2.7686
6:	[0s / 0s],		train_loss: 2.7981
7:	[0s / 0s],		train_loss: 2.7453
8:	[0s / 0s],		train_loss: 2.7207
9:	[0s / 0s],		train_loss: 2.7241
10:	[0s / 0s],		train_loss: 2.7458
11:	[0s / 0s],		train_loss: 2.7768
12:	[0s / 0s],		train_loss: 2.7426
13:	[0s / 1s],		train_loss: 2.7460
14:	[0s / 1s],		train_loss: 2.8121
15:	[0s / 1s],		train_loss: 2.7174
16:	[0s / 1s],		train_loss: 2.7187
17:	[0s / 1s],		train_loss: 2.8874
18:	[0s / 1s],		train_loss: 2.7501
19:	[0s / 1s],		train_loss: 2.7034
20:	[0s / 1s],		train_loss: 2.7530
C-index TRAIN: 0.956193402002357
C-index TEST : 0.4294548197092487
Fitting deepsurv_vanilla.pt...
0:	[0s / 0s],		train_loss: 2.8534
1:	[0s / 0s],		train_loss: 2.7492
2:	[0s / 0s],		train_loss: 2.7419
3:	[0s / 0s],		train_loss: 2.7213
4:	[0s / 0s],		train_loss: 2.7104
5:	[0s / 0s],		train_loss: 2.7010
6:	[0s / 0s],		train_loss: 2.6979
7:	[0s / 0s],		train_loss: 2.6979
8:	[0s / 0s],		train_loss: 2.6915
9:	[0s / 1s],		train_loss: 2.6905
10:	[0s / 1s],		train_loss: 2.6827
11:	[0s / 1s],		train_loss: 2.6782
12:	[0s / 1s],		train_loss: 2.6866
C-index TRAIN: 0.9527632961642132
C-index TEST : 0.5685828479768691
Fitting Cox model...
C-index TRAIN: 0.9551679888454334
C-index TEST : 0.5588315538018522
Evaluating method: mean
Fitting Random Survival Forest model...
C-index TRAIN: 0.7897630803764666
C-index TEST : 0.6633028177461324
Fitting deepsurv_simple.pt...
0:	[0s / 0s],		train_loss: 5.7838
1:	[0s / 0s],		train_loss: 5.1534
2:	[0s / 0s],		train_loss: 4.9237
3:	[0s / 0s],		train_loss: 4.9148
4:	[0s / 0s],		train_loss: 4.8904
5:	[0s / 0s],		train_loss: 4.8926
6:	[0s / 0s],		train_loss: 4.8963
7:	[0s / 0s],		train_loss: 4.9099
8:	[0s / 0s],		train_loss: 4.9005
9:	[0s / 0s],		train_loss: 4.9141
10:	[0s / 0s],		train_loss: 4.9511
11:	[0s / 0s],		train_loss: 4.9590
12:	[0s / 0s],		train_loss: 4.8897
13:	[0s / 1s],		train_loss: 4.9018
14:	[0s / 1s],		train_loss: 4.8984
15:	[0s / 1s],		train_loss: 4.9092
16:	[0s / 1s],		train_loss: 5.3750
17:	[0s / 1s],		train_loss: 5.2690
18:	[0s / 1s],		train_loss: 4.9424
19:	[0s / 1s],		train_loss: 4.9212
20:	[0s / 1s],		train_loss: 4.8927
C-index TRAIN: 0.6949762314266124
C-index TEST : 0.6904579533258123
Fitting deepsurv_vanilla.pt...
0:	[0s / 0s],		train_loss: 5.1718
1:	[0s / 0s],		train_loss: 5.0405
2:	[0s / 0s],		train_loss: 4.9723
3:	[0s / 0s],		train_loss: 4.9554
4:	[0s / 0s],		train_loss: 4.9219
5:	[0s / 0s],		train_loss: 4.8942
6:	[0s / 0s],		train_loss: 4.9128
7:	[0s / 0s],		train_loss: 4.8948
8:	[0s / 0s],		train_loss: 4.9006
9:	[0s / 1s],		train_loss: 4.8807
10:	[0s / 1s],		train_loss: 4.8896
11:	[0s / 1s],		train_loss: 4.8741
12:	[0s / 1s],		train_loss: 4.8880
C-index TRAIN: 0.6833338568420676
C-index TEST : 0.6763511908448534
Fitting Cox model...
C-index TRAIN: 0.6974994669148864
C-index TEST : 0.6937221045798468
Evaluating method: median
Fitting Random Survival Forest model...
C-index TRAIN: 0.7513047752934522
C-index TEST : 0.6566028209605002
Fitting deepsurv_simple.pt...
0:	[0s / 0s],		train_loss: 5.7449
1:	[0s / 0s],		train_loss: 5.1357
2:	[0s / 0s],		train_loss: 4.9448
3:	[0s / 0s],		train_loss: 4.9121
4:	[0s / 0s],		train_loss: 4.9056
5:	[0s / 0s],		train_loss: 4.9438
6:	[0s / 0s],		train_loss: 4.9086
7:	[0s / 0s],		train_loss: 4.9211
8:	[0s / 0s],		train_loss: 4.9133
9:	[0s / 0s],		train_loss: 4.9487
10:	[0s / 0s],		train_loss: 4.9158
11:	[0s / 0s],		train_loss: 4.9317
12:	[0s / 0s],		train_loss: 4.8999
13:	[0s / 0s],		train_loss: 4.9110
14:	[0s / 1s],		train_loss: 4.9160
15:	[0s / 1s],		train_loss: 4.9139
16:	[0s / 1s],		train_loss: 5.3869
17:	[0s / 1s],		train_loss: 5.4434
18:	[0s / 1s],		train_loss: 4.9340
19:	[0s / 1s],		train_loss: 4.9242
20:	[0s / 1s],		train_loss: 4.9043
C-index TRAIN: 0.6953049949117505
C-index TEST : 0.6899514944066081
Fitting deepsurv_vanilla.pt...
0:	[0s / 0s],		train_loss: 5.1651
1:	[0s / 0s],		train_loss: 5.0431
2:	[0s / 0s],		train_loss: 4.9694
3:	[0s / 0s],		train_loss: 4.9596
4:	[0s / 0s],		train_loss: 4.9302
5:	[0s / 0s],		train_loss: 4.9069
6:	[0s / 0s],		train_loss: 4.9135
7:	[0s / 0s],		train_loss: 4.8856
8:	[0s / 0s],		train_loss: 4.8986
9:	[0s / 1s],		train_loss: 4.8898
10:	[0s / 1s],		train_loss: 4.8965
11:	[0s / 1s],		train_loss: 4.8892
12:	[0s / 1s],		train_loss: 4.8898
C-index TRAIN: 0.6711643217305922
C-index TEST : 0.6574616843443827
Fitting Cox model...
C-index TRAIN: 0.6924304467572464
C-index TEST : 0.6904489374162598
Evaluating method: constant
Fitting Random Survival Forest model...
C-index TRAIN: 0.7648266994561893
C-index TEST : 0.6466057452511637
Fitting deepsurv_simple.pt...
0:	[0s / 0s],		train_loss: 8.6866
1:	[0s / 0s],		train_loss: 5.1505
2:	[0s / 0s],		train_loss: 5.0880
3:	[0s / 0s],		train_loss: 5.0689
4:	[0s / 0s],		train_loss: 5.0959
5:	[0s / 0s],		train_loss: 5.0699
6:	[0s / 0s],		train_loss: 5.0857
7:	[0s / 0s],		train_loss: 5.1805
8:	[0s / 0s],		train_loss: 5.0982
9:	[0s / 0s],		train_loss: 5.0967
10:	[0s / 0s],		train_loss: 5.0806
11:	[0s / 0s],		train_loss: 5.0988
12:	[0s / 0s],		train_loss: 5.0708
13:	[0s / 1s],		train_loss: 5.7245
14:	[0s / 1s],		train_loss: 5.0876
15:	[0s / 1s],		train_loss: 5.1013
16:	[0s / 1s],		train_loss: 5.0992
17:	[0s / 1s],		train_loss: 5.0577
18:	[0s / 1s],		train_loss: 5.1003
19:	[0s / 1s],		train_loss: 5.0954
20:	[0s / 1s],		train_loss: 5.1210
C-index TRAIN: 0.6299723051111051
C-index TEST : 0.6026555381596412
Fitting deepsurv_vanilla.pt...
0:	[0s / 0s],		train_loss: 5.1620
1:	[0s / 0s],		train_loss: 5.1044
2:	[0s / 0s],		train_loss: 5.0942
3:	[0s / 0s],		train_loss: 5.0896
4:	[0s / 0s],		train_loss: 5.0614
5:	[0s / 0s],		train_loss: 5.0553
6:	[0s / 0s],		train_loss: 5.0253
7:	[0s / 0s],		train_loss: 5.0310
8:	[0s / 0s],		train_loss: 5.0194
9:	[0s / 1s],		train_loss: 5.0120
10:	[0s / 1s],		train_loss: 5.0061
11:	[0s / 1s],		train_loss: 4.9817
12:	[0s / 1s],		train_loss: 4.9983
C-index TRAIN: 0.6802719691717198
C-index TEST : 0.618789312305619
Fitting Cox model...
C-index TRAIN: 0.6536671020727115
C-index TEST : 0.6229131109356711
Evaluating method: knn
Fitting Random Survival Forest model...
C-index TRAIN: 0.9082387506272528
C-index TEST : 0.645971495613956
Fitting deepsurv_simple.pt...
0:	[0s / 0s],		train_loss: 6.1671
1:	[0s / 0s],		train_loss: 5.0208
2:	[0s / 0s],		train_loss: 5.0185
3:	[0s / 0s],		train_loss: 5.0488
4:	[0s / 0s],		train_loss: 5.0155
5:	[0s / 0s],		train_loss: 5.0042
6:	[0s / 0s],		train_loss: 5.0124
7:	[0s / 0s],		train_loss: 5.0529
8:	[0s / 0s],		train_loss: 5.0373
9:	[0s / 0s],		train_loss: 5.0390
10:	[0s / 0s],		train_loss: 5.0187
11:	[0s / 0s],		train_loss: 5.0656
12:	[0s / 0s],		train_loss: 5.0556
13:	[0s / 1s],		train_loss: 5.0364
14:	[0s / 1s],		train_loss: 5.2106
15:	[0s / 1s],		train_loss: 5.0324
16:	[0s / 1s],		train_loss: 5.0624
17:	[0s / 1s],		train_loss: 5.0291
18:	[0s / 1s],		train_loss: 5.0180
19:	[0s / 1s],		train_loss: 5.0257
20:	[0s / 1s],		train_loss: 5.0480
C-index TRAIN: 0.6394735800464008
C-index TEST : 0.6269447904898618
Fitting deepsurv_vanilla.pt...
0:	[0s / 0s],		train_loss: 5.1555
1:	[0s / 0s],		train_loss: 5.0696
2:	[0s / 0s],		train_loss: 5.0413
3:	[0s / 0s],		train_loss: 5.0170
4:	[0s / 0s],		train_loss: 5.0027
5:	[0s / 0s],		train_loss: 4.9865
6:	[0s / 0s],		train_loss: 4.9928
7:	[0s / 0s],		train_loss: 4.9747
8:	[0s / 0s],		train_loss: 4.9756
9:	[0s / 1s],		train_loss: 4.9673
10:	[0s / 1s],		train_loss: 4.9745
11:	[0s / 1s],		train_loss: 4.9622
12:	[0s / 1s],		train_loss: 4.9598
C-index TRAIN: 0.6656357630522858
C-index TEST : 0.6410519449668881
Fitting Cox model...
C-index TRAIN: 0.6633457060153707
C-index TEST : 0.6529027700794106
Evaluating method: imputer_bayesian
Fitting Random Survival Forest model...
C-index TRAIN: 0.9148295979069866
C-index TEST : 0.6788560457161493
Fitting deepsurv_simple.pt...
0:	[0s / 0s],		train_loss: 7.2942
1:	[0s / 0s],		train_loss: 4.9760
2:	[0s / 0s],		train_loss: 4.9178
3:	[0s / 0s],		train_loss: 4.9043
4:	[0s / 0s],		train_loss: 4.9029
5:	[0s / 0s],		train_loss: 4.9110
6:	[0s / 0s],		train_loss: 4.9380
7:	[0s / 0s],		train_loss: 4.9613
8:	[0s / 0s],		train_loss: 4.9586
9:	[0s / 0s],		train_loss: 5.1528
10:	[0s / 0s],		train_loss: 4.9940
11:	[0s / 0s],		train_loss: 5.8022
12:	[0s / 0s],		train_loss: 5.3336
13:	[0s / 1s],		train_loss: 5.2790
14:	[0s / 1s],		train_loss: 4.9192
15:	[0s / 1s],		train_loss: 4.9073
16:	[0s / 1s],		train_loss: 4.8909
17:	[0s / 1s],		train_loss: 4.8897
18:	[0s / 1s],		train_loss: 4.8949
19:	[0s / 1s],		train_loss: 4.9235
20:	[0s / 1s],		train_loss: 4.8999
C-index TRAIN: 0.6911476971361519
C-index TEST : 0.6893701642385124
Fitting deepsurv_vanilla.pt...
0:	[0s / 0s],		train_loss: 5.2034
1:	[0s / 0s],		train_loss: 5.0654
2:	[0s / 0s],		train_loss: 4.9721
3:	[0s / 0s],		train_loss: 4.9514
4:	[0s / 0s],		train_loss: 4.9168
5:	[0s / 0s],		train_loss: 4.8966
6:	[0s / 0s],		train_loss: 4.9176
7:	[0s / 0s],		train_loss: 4.8866
8:	[0s / 0s],		train_loss: 4.8803
9:	[0s / 1s],		train_loss: 4.8735
10:	[0s / 1s],		train_loss: 4.8862
11:	[0s / 1s],		train_loss: 4.8713
12:	[0s / 1s],		train_loss: 4.8815
C-index TRAIN: 0.6867334459515537
C-index TEST : 0.6821825243449158
Fitting Cox model...
C-index TRAIN: 0.69584696690531
C-index TEST : 0.696462941083775
Generating NaN ordering → tmp/masks/HURRAH_tabicl_seed123_fold2_train.npy
Generating NaN ordering → tmp/masks/HURRAH_tabicl_seed123_fold2_test.npy
[fold=2, target=10%] actual NaN%: 10.0%
X_train shape: (13566, 61), X_test shape: (3392, 61)
Generating Tabicl Embeddings...
Warming up TabICL model (triggering checkpoint load)...
ARRIVATO QUI 1
Loading TabICL model checkpoint 'tabicl-classifier-v1.1-0506.ckpt'...
ARRIVATO QUI
Performing dummy prediction to ensure model is loaded...
Warming up TabICL model (triggering checkpoint load)...
ARRIVATO QUI 1
Loading TabICL model checkpoint 'tabicl-classifier-v1.1-0506.ckpt'...
ARRIVATO QUI
Performing dummy prediction to ensure model is loaded...
Successfully generated embeddings with shape: (13566, 512)
Fitting SimpleImputer (mean)...
Fitting SimpleImputer (median)...
Fitting SimpleImputer (constant, fill=-1)...
Fitting KNNImputer...
Fitting IterativeImputer (BayesianRidge, MICE-like)...
Fitting DeepSurv Simple pilot model...
0:	[0s / 0s],		train_loss: 9.2235,	val_loss: 7.5305
1:	[0s / 0s],		train_loss: 4.5516,	val_loss: 7.2378
2:	[0s / 0s],		train_loss: 4.4569,	val_loss: 7.1535
3:	[0s / 0s],		train_loss: 4.4671,	val_loss: 7.1927
4:	[0s / 0s],		train_loss: 4.4535,	val_loss: 7.2983
5:	[0s / 0s],		train_loss: 4.4667,	val_loss: 7.3544
6:	[0s / 0s],		train_loss: 4.4935,	val_loss: 7.2540
7:	[0s / 0s],		train_loss: 4.4633,	val_loss: 7.2785
8:	[0s / 0s],		train_loss: 4.4964,	val_loss: 7.2062
9:	[0s / 0s],		train_loss: 4.4576,	val_loss: 7.4003
10:	[0s / 0s],		train_loss: 4.4772,	val_loss: 7.2981
11:	[0s / 0s],		train_loss: 4.4836,	val_loss: 7.4934
12:	[0s / 0s],		train_loss: 4.6430,	val_loss: 7.3979
13:	[0s / 1s],		train_loss: 4.5669,	val_loss: 7.2658
14:	[0s / 1s],		train_loss: 4.4846,	val_loss: 7.2671
15:	[0s / 1s],		train_loss: 4.4894,	val_loss: 7.2013
16:	[0s / 1s],		train_loss: 4.4859,	val_loss: 7.2673
17:	[0s / 1s],		train_loss: 4.5446,	val_loss: 7.2799
18:	[0s / 1s],		train_loss: 4.5707,	val_loss: 7.6602
19:	[0s / 1s],		train_loss: 4.5536,	val_loss: 7.2989
20:	[0s / 1s],		train_loss: 4.4891,	val_loss: 7.2141
21:	[0s / 1s],		train_loss: 4.4445,	val_loss: 7.2010
22:	[0s / 1s],		train_loss: 4.4882,	val_loss: 7.3071
Saved fixed_epochs=3 → nan/tabicl/HURRAH/nan_percentage0.1/seed123/fold2/fixed_epochs_deepsurv_simple.json
Fitting DeepSurv Vanilla pilot model...
0:	[0s / 0s],		train_loss: 4.6698,	val_loss: 7.3321
1:	[0s / 0s],		train_loss: 4.5042,	val_loss: 7.2447
2:	[0s / 0s],		train_loss: 4.4576,	val_loss: 7.2097
3:	[0s / 0s],		train_loss: 4.4264,	val_loss: 7.1612
4:	[0s / 0s],		train_loss: 4.3766,	val_loss: 7.2854
5:	[0s / 0s],		train_loss: 4.3907,	val_loss: 7.5631
6:	[0s / 0s],		train_loss: 4.3863,	val_loss: 7.1511
7:	[0s / 0s],		train_loss: 4.3677,	val_loss: 24.8680
8:	[0s / 0s],		train_loss: 4.3629,	val_loss: 7.1581
9:	[0s / 1s],		train_loss: 4.3491,	val_loss: 8.3877
10:	[0s / 1s],		train_loss: 4.3495,	val_loss: 7.1129
11:	[0s / 1s],		train_loss: 4.3352,	val_loss: 11.9851
12:	[0s / 1s],		train_loss: 4.3280,	val_loss: 17.5184
13:	[0s / 1s],		train_loss: 4.3421,	val_loss: 7.1802
14:	[0s / 1s],		train_loss: 4.3166,	val_loss: 7.1933
15:	[0s / 1s],		train_loss: 4.3264,	val_loss: 14.0928
16:	[0s / 1s],		train_loss: 4.3396,	val_loss: 7.1093
17:	[0s / 1s],		train_loss: 4.3313,	val_loss: 7.1059
18:	[0s / 2s],		train_loss: 4.2980,	val_loss: 7.1581
19:	[0s / 2s],		train_loss: 4.3113,	val_loss: 7.0965
20:	[0s / 2s],		train_loss: 4.2834,	val_loss: 7.1242
21:	[0s / 2s],		train_loss: 4.2883,	val_loss: 7.1954
22:	[0s / 2s],		train_loss: 4.3025,	val_loss: 7.1038
23:	[0s / 2s],		train_loss: 4.2735,	val_loss: 7.1205
24:	[0s / 2s],		train_loss: 4.2860,	val_loss: 7.0971
25:	[0s / 2s],		train_loss: 4.2774,	val_loss: 7.1325
26:	[0s / 2s],		train_loss: 4.2890,	val_loss: 7.1317
27:	[0s / 3s],		train_loss: 4.2961,	val_loss: 7.0927
28:	[0s / 3s],		train_loss: 4.2765,	val_loss: 7.1205
29:	[0s / 3s],		train_loss: 4.2682,	val_loss: 7.1213
30:	[0s / 3s],		train_loss: 4.2860,	val_loss: 7.1291
31:	[0s / 3s],		train_loss: 4.2762,	val_loss: 7.1781
32:	[0s / 3s],		train_loss: 4.2680,	val_loss: 7.2467
33:	[0s / 3s],		train_loss: 4.2748,	val_loss: 7.2354
34:	[0s / 3s],		train_loss: 4.2776,	val_loss: 7.1611
35:	[0s / 3s],		train_loss: 4.2545,	val_loss: 11.4513
36:	[0s / 4s],		train_loss: 4.2563,	val_loss: 7.0940
37:	[0s / 4s],		train_loss: 4.2577,	val_loss: 39.7465
38:	[0s / 4s],		train_loss: 4.2566,	val_loss: 7.1159
39:	[0s / 4s],		train_loss: 4.2739,	val_loss: 7.1505
40:	[0s / 4s],		train_loss: 4.2464,	val_loss: 7.1301
41:	[0s / 4s],		train_loss: 4.2465,	val_loss: 7.1794
42:	[0s / 4s],		train_loss: 4.2549,	val_loss: 7.0645
43:	[0s / 4s],		train_loss: 4.2651,	val_loss: 7.2581
44:	[0s / 4s],		train_loss: 4.2539,	val_loss: 7.0546
45:	[0s / 5s],		train_loss: 4.2369,	val_loss: 7.3212
46:	[0s / 5s],		train_loss: 4.2409,	val_loss: 7.1833
47:	[0s / 5s],		train_loss: 4.2465,	val_loss: 7.1183
48:	[0s / 5s],		train_loss: 4.2113,	val_loss: 85.0497
49:	[0s / 5s],		train_loss: 4.2521,	val_loss: 15.1520
50:	[0s / 5s],		train_loss: 4.2328,	val_loss: 24.9648
51:	[0s / 5s],		train_loss: 4.2395,	val_loss: 7.1196
52:	[0s / 5s],		train_loss: 4.2368,	val_loss: 8.0349
53:	[0s / 5s],		train_loss: 4.2205,	val_loss: 7.1859
54:	[0s / 6s],		train_loss: 4.2394,	val_loss: 7.0720
55:	[0s / 6s],		train_loss: 4.2165,	val_loss: 7.5193
56:	[0s / 6s],		train_loss: 4.2212,	val_loss: 7.1066
57:	[0s / 6s],		train_loss: 4.2172,	val_loss: 7.1495
58:	[0s / 6s],		train_loss: 4.2110,	val_loss: 7.2063
59:	[0s / 6s],		train_loss: 4.2305,	val_loss: 7.3182
60:	[0s / 6s],		train_loss: 4.2080,	val_loss: 38.9500
61:	[0s / 6s],		train_loss: 4.2134,	val_loss: 7.1561
62:	[0s / 6s],		train_loss: 4.2221,	val_loss: 7.1833
63:	[0s / 6s],		train_loss: 4.2190,	val_loss: 7.1036
64:	[0s / 7s],		train_loss: 4.2163,	val_loss: 7.9947
Saved fixed_epochs=45 → nan/tabicl/HURRAH/nan_percentage0.1/seed123/fold2/fixed_epochs_deepsurv_vanilla.json
Evaluating method: embeddings
Fitting Random Survival Forest model...
C-index TRAIN: 0.9856346946195937
C-index TEST : 0.7291189693923519
Fitting deepsurv_simple.pt...
0:	[0s / 0s],		train_loss: 3.0486
1:	[0s / 0s],		train_loss: 2.7054
2:	[0s / 0s],		train_loss: 2.6696
C-index TRAIN: 0.9595021390781435
C-index TEST : 0.705895483838733
Fitting deepsurv_vanilla.pt...
0:	[0s / 0s],		train_loss: 2.8543
1:	[0s / 0s],		train_loss: 2.6986
2:	[0s / 0s],		train_loss: 2.6709
3:	[0s / 0s],		train_loss: 2.6287
4:	[0s / 0s],		train_loss: 2.6130
5:	[0s / 0s],		train_loss: 2.5809
6:	[0s / 0s],		train_loss: 2.5641
7:	[0s / 0s],		train_loss: 2.5423
8:	[0s / 1s],		train_loss: 2.5322
9:	[0s / 1s],		train_loss: 2.5345
10:	[0s / 1s],		train_loss: 2.5561
11:	[0s / 1s],		train_loss: 2.5160
12:	[0s / 1s],		train_loss: 2.5123
13:	[0s / 1s],		train_loss: 2.5311
14:	[0s / 1s],		train_loss: 2.5087
15:	[0s / 1s],		train_loss: 2.5007
16:	[0s / 1s],		train_loss: 2.5026
17:	[0s / 2s],		train_loss: 2.5011
18:	[0s / 2s],		train_loss: 2.4823
19:	[0s / 2s],		train_loss: 2.4925
20:	[0s / 2s],		train_loss: 2.4679
21:	[0s / 2s],		train_loss: 2.4803
22:	[0s / 2s],		train_loss: 2.4694
23:	[0s / 2s],		train_loss: 2.4794
24:	[0s / 2s],		train_loss: 2.4807
25:	[0s / 2s],		train_loss: 2.4858
26:	[0s / 3s],		train_loss: 2.4677
27:	[0s / 3s],		train_loss: 2.4666
28:	[0s / 3s],		train_loss: 2.4821
29:	[0s / 3s],		train_loss: 2.4612
30:	[0s / 3s],		train_loss: 2.4747
31:	[0s / 3s],		train_loss: 2.4546
32:	[0s / 3s],		train_loss: 2.4470
33:	[0s / 3s],		train_loss: 2.4551
34:	[0s / 4s],		train_loss: 2.4412
35:	[0s / 4s],		train_loss: 2.4564
36:	[0s / 4s],		train_loss: 2.4474
37:	[0s / 4s],		train_loss: 2.4695
38:	[0s / 4s],		train_loss: 2.4547
39:	[0s / 4s],		train_loss: 2.4427
40:	[0s / 4s],		train_loss: 2.4386
41:	[0s / 4s],		train_loss: 2.4378
42:	[0s / 4s],		train_loss: 2.4363
43:	[0s / 5s],		train_loss: 2.4524
44:	[0s / 5s],		train_loss: 2.4491
C-index TRAIN: 0.9680736164842432
C-index TEST : 0.7407226534955705
Fitting Cox model...
C-index TRAIN: 0.9631106082766203
C-index TEST : 0.7628735295942699
Evaluating method: mean
Fitting Random Survival Forest model...
C-index TRAIN: 0.9238515467443769
C-index TEST : 0.8516043610318004
Fitting deepsurv_simple.pt...
0:	[0s / 0s],		train_loss: 7.0249
1:	[0s / 0s],		train_loss: 4.5103
2:	[0s / 0s],		train_loss: 4.4820
C-index TRAIN: 0.8080281402474079
C-index TEST : 0.8147468085637912
Fitting deepsurv_vanilla.pt...
0:	[0s / 0s],		train_loss: 4.6752
1:	[0s / 0s],		train_loss: 4.4898
2:	[0s / 0s],		train_loss: 4.4460
3:	[0s / 0s],		train_loss: 4.4107
4:	[0s / 0s],		train_loss: 4.3908
5:	[0s / 0s],		train_loss: 4.4018
6:	[0s / 0s],		train_loss: 4.3890
7:	[0s / 0s],		train_loss: 4.3613
8:	[0s / 0s],		train_loss: 4.3473
9:	[0s / 1s],		train_loss: 4.3434
10:	[0s / 1s],		train_loss: 4.3334
11:	[0s / 1s],		train_loss: 4.3247
12:	[0s / 1s],		train_loss: 4.3248
13:	[0s / 1s],		train_loss: 4.3149
14:	[0s / 1s],		train_loss: 4.3143
15:	[0s / 1s],		train_loss: 4.3035
16:	[0s / 1s],		train_loss: 4.2944
17:	[0s / 1s],		train_loss: 4.2928
18:	[0s / 2s],		train_loss: 4.3058
19:	[0s / 2s],		train_loss: 4.2834
20:	[0s / 2s],		train_loss: 4.3100
21:	[0s / 2s],		train_loss: 4.3023
22:	[0s / 2s],		train_loss: 4.2900
23:	[0s / 2s],		train_loss: 4.2981
24:	[0s / 2s],		train_loss: 4.2764
25:	[0s / 2s],		train_loss: 4.2812
26:	[0s / 2s],		train_loss: 4.2706
27:	[0s / 2s],		train_loss: 4.2729
28:	[0s / 3s],		train_loss: 4.2640
29:	[0s / 3s],		train_loss: 4.2731
30:	[0s / 3s],		train_loss: 4.2758
31:	[0s / 3s],		train_loss: 4.2616
32:	[0s / 3s],		train_loss: 4.2610
33:	[0s / 3s],		train_loss: 4.2553
34:	[0s / 3s],		train_loss: 4.2615
35:	[0s / 3s],		train_loss: 4.2446
36:	[0s / 3s],		train_loss: 4.2665
37:	[0s / 4s],		train_loss: 4.2499
38:	[0s / 4s],		train_loss: 4.2431
39:	[0s / 4s],		train_loss: 4.2619
40:	[0s / 4s],		train_loss: 4.2649
41:	[0s / 4s],		train_loss: 4.2723
42:	[0s / 4s],		train_loss: 4.2437
43:	[0s / 4s],		train_loss: 4.2533
44:	[0s / 4s],		train_loss: 4.2410
C-index TRAIN: 0.8501844200778114
C-index TEST : 0.8439486211206553
Fitting Cox model...
C-index TRAIN: 0.8192938351509745
C-index TEST : 0.8288950188532669
Evaluating method: median
Fitting Random Survival Forest model...
C-index TRAIN: 0.9183925115958977
C-index TEST : 0.8540767620894206
Fitting deepsurv_simple.pt...
0:	[0s / 0s],		train_loss: 6.8347
1:	[0s / 0s],		train_loss: 4.5125
2:	[0s / 0s],		train_loss: 4.4981
C-index TRAIN: 0.8028108801937204
C-index TEST : 0.8143434719505778
Fitting deepsurv_vanilla.pt...
0:	[0s / 0s],		train_loss: 4.6639
1:	[0s / 0s],		train_loss: 4.4779
2:	[0s / 0s],		train_loss: 4.4554
3:	[0s / 0s],		train_loss: 4.4157
4:	[0s / 0s],		train_loss: 4.3896
5:	[0s / 0s],		train_loss: 4.4149
6:	[0s / 0s],		train_loss: 4.3912
7:	[0s / 0s],		train_loss: 4.3754
8:	[0s / 0s],		train_loss: 4.3566
9:	[0s / 1s],		train_loss: 4.3596
10:	[0s / 1s],		train_loss: 4.3632
11:	[0s / 1s],		train_loss: 4.3374
12:	[0s / 1s],		train_loss: 4.3342
13:	[0s / 1s],		train_loss: 4.3210
14:	[0s / 1s],		train_loss: 4.3229
15:	[0s / 1s],		train_loss: 4.3218
16:	[0s / 1s],		train_loss: 4.3156
17:	[0s / 1s],		train_loss: 4.3033
18:	[0s / 2s],		train_loss: 4.3088
19:	[0s / 2s],		train_loss: 4.3059
20:	[0s / 2s],		train_loss: 4.3133
21:	[0s / 2s],		train_loss: 4.3152
22:	[0s / 2s],		train_loss: 4.2940
23:	[0s / 2s],		train_loss: 4.2948
24:	[0s / 2s],		train_loss: 4.2772
25:	[0s / 2s],		train_loss: 4.2781
26:	[0s / 2s],		train_loss: 4.2675
27:	[0s / 2s],		train_loss: 4.2787
28:	[0s / 3s],		train_loss: 4.2584
29:	[0s / 3s],		train_loss: 4.2917
30:	[0s / 3s],		train_loss: 4.2788
31:	[0s / 3s],		train_loss: 4.2574
32:	[0s / 3s],		train_loss: 4.2711
33:	[0s / 3s],		train_loss: 4.2551
34:	[0s / 3s],		train_loss: 4.2713
35:	[0s / 3s],		train_loss: 4.2585
36:	[0s / 3s],		train_loss: 4.2678
37:	[0s / 4s],		train_loss: 4.2654
38:	[0s / 4s],		train_loss: 4.2509
39:	[0s / 4s],		train_loss: 4.2529
40:	[0s / 4s],		train_loss: 4.2578
41:	[0s / 4s],		train_loss: 4.2679
42:	[0s / 4s],		train_loss: 4.2475
43:	[0s / 4s],		train_loss: 4.2541
44:	[0s / 4s],		train_loss: 4.2529
C-index TRAIN: 0.8529636925016398
C-index TEST : 0.8450091425651887
Fitting Cox model...
C-index TRAIN: 0.8187103187957034
C-index TEST : 0.8295550242203434
Evaluating method: constant
Fitting Random Survival Forest model...
C-index TRAIN: 0.9240978865042684
C-index TEST : 0.8494688125302704
Fitting deepsurv_simple.pt...
0:	[0s / 0s],		train_loss: 8.1058
1:	[0s / 0s],		train_loss: 4.7342
2:	[0s / 0s],		train_loss: 4.7021
C-index TRAIN: 0.7673767797819419
C-index TEST : 0.7738857070559328
Fitting deepsurv_vanilla.pt...
0:	[0s / 0s],		train_loss: 4.8434
1:	[0s / 0s],		train_loss: 4.6064
2:	[0s / 0s],		train_loss: 4.5336
3:	[0s / 0s],		train_loss: 4.4719
4:	[0s / 0s],		train_loss: 4.4567
5:	[0s / 0s],		train_loss: 4.4423
6:	[0s / 0s],		train_loss: 4.4309
7:	[0s / 0s],		train_loss: 4.4216
8:	[0s / 0s],		train_loss: 4.4264
9:	[0s / 1s],		train_loss: 4.4024
10:	[0s / 1s],		train_loss: 4.4095
11:	[0s / 1s],		train_loss: 4.3756
12:	[0s / 1s],		train_loss: 4.3768
13:	[0s / 1s],		train_loss: 4.3769
14:	[0s / 1s],		train_loss: 4.3715
15:	[0s / 1s],		train_loss: 4.3565
16:	[0s / 1s],		train_loss: 4.3638
17:	[0s / 1s],		train_loss: 4.3595
18:	[0s / 2s],		train_loss: 4.3604
19:	[0s / 2s],		train_loss: 4.3375
20:	[0s / 2s],		train_loss: 4.3557
21:	[0s / 2s],		train_loss: 4.3480
22:	[0s / 2s],		train_loss: 4.3260
23:	[0s / 2s],		train_loss: 4.3394
24:	[0s / 2s],		train_loss: 4.3002
25:	[0s / 2s],		train_loss: 4.3336
26:	[0s / 2s],		train_loss: 4.3228
27:	[0s / 3s],		train_loss: 4.3105
28:	[0s / 3s],		train_loss: 4.3037
29:	[0s / 3s],		train_loss: 4.2990
30:	[0s / 3s],		train_loss: 4.3303
31:	[0s / 3s],		train_loss: 4.3078
32:	[0s / 3s],		train_loss: 4.3004
33:	[0s / 3s],		train_loss: 4.2731
34:	[0s / 3s],		train_loss: 4.2957
35:	[0s / 3s],		train_loss: 4.2602
36:	[0s / 3s],		train_loss: 4.2682
37:	[0s / 4s],		train_loss: 4.2718
38:	[0s / 4s],		train_loss: 4.2698
39:	[0s / 4s],		train_loss: 4.2701
40:	[0s / 4s],		train_loss: 4.2796
41:	[0s / 4s],		train_loss: 4.2691
42:	[0s / 4s],		train_loss: 4.2633
43:	[0s / 4s],		train_loss: 4.2607
44:	[0s / 4s],		train_loss: 4.2631
C-index TRAIN: 0.8467465171985676
C-index TEST : 0.8169359472446992
Fitting Cox model...
C-index TRAIN: 0.7851557699573117
C-index TEST : 0.7882849450277581
Evaluating method: knn
Fitting Random Survival Forest model...
C-index TRAIN: 0.9207091298526003
C-index TEST : 0.8517341056766102
Fitting deepsurv_simple.pt...
0:	[0s / 0s],		train_loss: 6.9427
1:	[0s / 0s],		train_loss: 4.4622
2:	[0s / 0s],		train_loss: 4.4593
C-index TRAIN: 0.8117162121333769
C-index TEST : 0.8210096067447874
Fitting deepsurv_vanilla.pt...
0:	[0s / 0s],		train_loss: 4.6332
1:	[0s / 0s],		train_loss: 4.4514
2:	[0s / 0s],		train_loss: 4.4183
3:	[0s / 0s],		train_loss: 4.3818
4:	[0s / 0s],		train_loss: 4.3541
5:	[0s / 0s],		train_loss: 4.3828
6:	[0s / 0s],		train_loss: 4.3559
7:	[0s / 0s],		train_loss: 4.3421
8:	[0s / 0s],		train_loss: 4.3267
9:	[0s / 1s],		train_loss: 4.3199
10:	[0s / 1s],		train_loss: 4.3295
11:	[0s / 1s],		train_loss: 4.3054
12:	[0s / 1s],		train_loss: 4.3036
13:	[0s / 1s],		train_loss: 4.2964
14:	[0s / 1s],		train_loss: 4.2994
15:	[0s / 1s],		train_loss: 4.2993
16:	[0s / 1s],		train_loss: 4.2888
17:	[0s / 1s],		train_loss: 4.2842
18:	[0s / 2s],		train_loss: 4.2934
19:	[0s / 2s],		train_loss: 4.2883
20:	[0s / 2s],		train_loss: 4.2809
21:	[0s / 2s],		train_loss: 4.2912
22:	[0s / 2s],		train_loss: 4.2674
23:	[0s / 2s],		train_loss: 4.2810
24:	[0s / 2s],		train_loss: 4.2554
25:	[0s / 2s],		train_loss: 4.2704
26:	[0s / 2s],		train_loss: 4.2851
27:	[0s / 2s],		train_loss: 4.2660
28:	[0s / 3s],		train_loss: 4.2529
29:	[0s / 3s],		train_loss: 4.2639
30:	[0s / 3s],		train_loss: 4.2761
31:	[0s / 3s],		train_loss: 4.2502
32:	[0s / 3s],		train_loss: 4.2529
33:	[0s / 3s],		train_loss: 4.2518
34:	[0s / 3s],		train_loss: 4.2569
35:	[0s / 3s],		train_loss: 4.2367
36:	[0s / 3s],		train_loss: 4.2415
37:	[0s / 4s],		train_loss: 4.2420
38:	[0s / 4s],		train_loss: 4.2306
39:	[0s / 4s],		train_loss: 4.2484
40:	[0s / 4s],		train_loss: 4.2389
41:	[0s / 4s],		train_loss: 4.2477
42:	[0s / 4s],		train_loss: 4.2357
43:	[0s / 4s],		train_loss: 4.2319
44:	[0s / 4s],		train_loss: 4.2385
C-index TRAIN: 0.8519687223061134
C-index TEST : 0.8457118589022958
Fitting Cox model...
C-index TRAIN: 0.8222861759979664
C-index TEST : 0.8312602395521311
Evaluating method: imputer_bayesian
Fitting Random Survival Forest model...
C-index TRAIN: 0.925038816136862
C-index TEST : 0.8550429970529431
Fitting deepsurv_simple.pt...
0:	[0s / 0s],		train_loss: 6.8316
1:	[0s / 0s],		train_loss: 4.4470
2:	[0s / 0s],		train_loss: 4.4539
C-index TRAIN: 0.8063158836499326
C-index TEST : 0.8120306326300529
Fitting deepsurv_vanilla.pt...
0:	[0s / 0s],		train_loss: 4.6327
1:	[0s / 0s],		train_loss: 4.4272
2:	[0s / 0s],		train_loss: 4.4095
3:	[0s / 0s],		train_loss: 4.3759
4:	[0s / 0s],		train_loss: 4.3506
5:	[0s / 0s],		train_loss: 4.3797
6:	[0s / 0s],		train_loss: 4.3607
7:	[0s / 0s],		train_loss: 4.3343
8:	[0s / 0s],		train_loss: 4.3177
9:	[0s / 1s],		train_loss: 4.3189
10:	[0s / 1s],		train_loss: 4.3228
11:	[0s / 1s],		train_loss: 4.3060
12:	[0s / 1s],		train_loss: 4.3040
13:	[0s / 1s],		train_loss: 4.2996
14:	[0s / 1s],		train_loss: 4.3118
15:	[0s / 1s],		train_loss: 4.3024
16:	[0s / 1s],		train_loss: 4.2847
17:	[0s / 1s],		train_loss: 4.2782
18:	[0s / 2s],		train_loss: 4.2939
19:	[0s / 2s],		train_loss: 4.2848
20:	[0s / 2s],		train_loss: 4.2831
21:	[0s / 2s],		train_loss: 4.2830
22:	[0s / 2s],		train_loss: 4.2605
23:	[0s / 2s],		train_loss: 4.2806
24:	[0s / 2s],		train_loss: 4.2607
25:	[0s / 2s],		train_loss: 4.2624
26:	[0s / 2s],		train_loss: 4.2662
27:	[0s / 3s],		train_loss: 4.2574
28:	[0s / 3s],		train_loss: 4.2404
29:	[0s / 3s],		train_loss: 4.2810
30:	[0s / 3s],		train_loss: 4.2795
31:	[0s / 3s],		train_loss: 4.2691
32:	[0s / 3s],		train_loss: 4.2517
33:	[0s / 3s],		train_loss: 4.2460
34:	[0s / 3s],		train_loss: 4.2646
35:	[0s / 3s],		train_loss: 4.2441
36:	[0s / 4s],		train_loss: 4.2525
37:	[0s / 4s],		train_loss: 4.2422
38:	[0s / 4s],		train_loss: 4.2386
39:	[0s / 4s],		train_loss: 4.2505
40:	[0s / 4s],		train_loss: 4.2502
41:	[0s / 4s],		train_loss: 4.2556
42:	[0s / 4s],		train_loss: 4.2439
43:	[0s / 4s],		train_loss: 4.2476
44:	[0s / 4s],		train_loss: 4.2338
C-index TRAIN: 0.8538844615300423
C-index TEST : 0.8457876104340483
Fitting Cox model...
C-index TRAIN: 0.8220597686090111
C-index TEST : 0.8307573783200728
[fold=2, target=30%] actual NaN%: 30.0%
X_train shape: (13566, 61), X_test shape: (3392, 61)
Generating Tabicl Embeddings...
Warming up TabICL model (triggering checkpoint load)...
ARRIVATO QUI 1
Loading TabICL model checkpoint 'tabicl-classifier-v1.1-0506.ckpt'...
ARRIVATO QUI
Performing dummy prediction to ensure model is loaded...
Warming up TabICL model (triggering checkpoint load)...
ARRIVATO QUI 1
Loading TabICL model checkpoint 'tabicl-classifier-v1.1-0506.ckpt'...
ARRIVATO QUI
Performing dummy prediction to ensure model is loaded...
Successfully generated embeddings with shape: (13566, 512)
Fitting SimpleImputer (mean)...
Fitting SimpleImputer (median)...
Fitting SimpleImputer (constant, fill=-1)...
Fitting KNNImputer...
Fitting IterativeImputer (BayesianRidge, MICE-like)...
Fitting DeepSurv Simple pilot model...
0:	[0s / 0s],		train_loss: 9.0892,	val_loss: 7.4591
1:	[0s / 0s],		train_loss: 4.5788,	val_loss: 7.2269
2:	[0s / 0s],		train_loss: 4.5402,	val_loss: 7.2587
3:	[0s / 0s],		train_loss: 4.5629,	val_loss: 7.3096
4:	[0s / 0s],		train_loss: 4.5640,	val_loss: 7.3932
5:	[0s / 0s],		train_loss: 4.5474,	val_loss: 7.3425
6:	[0s / 0s],		train_loss: 4.6038,	val_loss: 7.3628
7:	[0s / 0s],		train_loss: 4.5796,	val_loss: 7.3475
8:	[0s / 0s],		train_loss: 4.6397,	val_loss: 7.4933
9:	[0s / 0s],		train_loss: 4.5824,	val_loss: 7.3575
10:	[0s / 0s],		train_loss: 4.5725,	val_loss: 7.2973
11:	[0s / 0s],		train_loss: 4.6076,	val_loss: 7.6921
12:	[0s / 0s],		train_loss: 4.8204,	val_loss: 7.4225
13:	[0s / 1s],		train_loss: 4.8135,	val_loss: 7.4765
14:	[0s / 1s],		train_loss: 4.5953,	val_loss: 7.2875
15:	[0s / 1s],		train_loss: 4.5786,	val_loss: 7.3140
16:	[0s / 1s],		train_loss: 4.5972,	val_loss: 7.3514
17:	[0s / 1s],		train_loss: 4.5827,	val_loss: 7.3453
18:	[0s / 1s],		train_loss: 4.6277,	val_loss: 7.5309
19:	[0s / 1s],		train_loss: 4.5996,	val_loss: 7.4025
20:	[0s / 1s],		train_loss: 4.6400,	val_loss: 7.3490
21:	[0s / 1s],		train_loss: 4.5457,	val_loss: 7.2876
Saved fixed_epochs=2 → nan/tabicl/HURRAH/nan_percentage0.3/seed123/fold2/fixed_epochs_deepsurv_simple.json
Fitting DeepSurv Vanilla pilot model...
0:	[0s / 0s],		train_loss: 4.7446,	val_loss: 7.4263
1:	[0s / 0s],		train_loss: 4.5915,	val_loss: 7.3499
2:	[0s / 0s],		train_loss: 4.5395,	val_loss: 19.4290
3:	[0s / 0s],		train_loss: 4.5241,	val_loss: 7.2938
4:	[0s / 0s],		train_loss: 4.4790,	val_loss: 72.3057
5:	[0s / 0s],		train_loss: 4.4579,	val_loss: 8.5356
6:	[0s / 0s],		train_loss: 4.4586,	val_loss: 34.0843
7:	[0s / 0s],		train_loss: 4.4452,	val_loss: 24.3218
8:	[0s / 0s],		train_loss: 4.4251,	val_loss: 63.5732
9:	[0s / 1s],		train_loss: 4.4392,	val_loss: 42.3559
10:	[0s / 1s],		train_loss: 4.4350,	val_loss: 50.3875
11:	[0s / 1s],		train_loss: 4.4217,	val_loss: 148.7067
12:	[0s / 1s],		train_loss: 4.4058,	val_loss: 231.5113
13:	[0s / 1s],		train_loss: 4.4062,	val_loss: 184.2923
14:	[0s / 1s],		train_loss: 4.4057,	val_loss: 135.8078
15:	[0s / 1s],		train_loss: 4.4030,	val_loss: 131.0374
16:	[0s / 1s],		train_loss: 4.4155,	val_loss: 50.2381
17:	[0s / 1s],		train_loss: 4.4082,	val_loss: 80.1816
18:	[0s / 2s],		train_loss: 4.3922,	val_loss: 9.0522
19:	[0s / 2s],		train_loss: 4.3988,	val_loss: 18.8659
20:	[0s / 2s],		train_loss: 4.3817,	val_loss: 12.0112
21:	[0s / 2s],		train_loss: 4.3829,	val_loss: 7.3282
22:	[0s / 2s],		train_loss: 4.3915,	val_loss: 7.3277
23:	[0s / 2s],		train_loss: 4.3754,	val_loss: 7.3549
Saved fixed_epochs=4 → nan/tabicl/HURRAH/nan_percentage0.3/seed123/fold2/fixed_epochs_deepsurv_vanilla.json
Evaluating method: embeddings
Fitting Random Survival Forest model...
C-index TRAIN: 0.9862683715724627
C-index TEST : 0.6837703954955238
Fitting deepsurv_simple.pt...
0:	[0s / 0s],		train_loss: 2.9010
1:	[0s / 0s],		train_loss: 2.7518
C-index TRAIN: 0.9549114046686684
C-index TEST : 0.7602415667995542
Fitting deepsurv_vanilla.pt...
0:	[0s / 0s],		train_loss: 2.8778
1:	[0s / 0s],		train_loss: 2.7215
2:	[0s / 0s],		train_loss: 2.6901
3:	[0s / 0s],		train_loss: 2.6599
C-index TRAIN: 0.9619673879023493
C-index TEST : 0.6193880404448711
Fitting Cox model...
C-index TRAIN: 0.9613478360520394
C-index TEST : 0.756393550160005
Evaluating method: mean
Fitting Random Survival Forest model...
C-index TRAIN: 0.9189687752055101
C-index TEST : 0.8353919215020723
Fitting deepsurv_simple.pt...
0:	[0s / 0s],		train_loss: 6.8563
1:	[0s / 0s],		train_loss: 4.6143
C-index TRAIN: 0.7966419128259532
C-index TEST : 0.8027083590203554
Fitting deepsurv_vanilla.pt...
0:	[0s / 0s],		train_loss: 4.7561
1:	[0s / 0s],		train_loss: 4.5836
2:	[0s / 0s],		train_loss: 4.5353
3:	[0s / 0s],		train_loss: 4.5044
C-index TRAIN: 0.7956785656158689
C-index TEST : 0.7993003459588572
Fitting Cox model...
C-index TRAIN: 0.8049438974764046
C-index TEST : 0.8091520744234624
Evaluating method: median
Fitting Random Survival Forest model...
C-index TRAIN: 0.9072671547849026
C-index TEST : 0.8328002520753099
Fitting deepsurv_simple.pt...
0:	[0s / 0s],		train_loss: 6.8618
1:	[0s / 0s],		train_loss: 4.6103
C-index TRAIN: 0.7974961645401498
C-index TEST : 0.8024375875877086
Fitting deepsurv_vanilla.pt...
0:	[0s / 0s],		train_loss: 4.7616
1:	[0s / 0s],		train_loss: 4.5930
2:	[0s / 0s],		train_loss: 4.5309
3:	[0s / 0s],		train_loss: 4.5087
C-index TRAIN: 0.7980064433798181
C-index TEST : 0.7991226522061827
Fitting Cox model...
C-index TRAIN: 0.8038460448013764
C-index TEST : 0.8077329420041438
Evaluating method: constant
Fitting Random Survival Forest model...
C-index TRAIN: 0.9161854453015927
C-index TEST : 0.828434868591239
Fitting deepsurv_simple.pt...
0:	[0s / 0s],		train_loss: 8.4397
1:	[0s / 0s],		train_loss: 4.9288
C-index TRAIN: 0.7227312612763077
C-index TEST : 0.7313173755478891
Fitting deepsurv_vanilla.pt...
0:	[0s / 0s],		train_loss: 5.0106
1:	[0s / 0s],		train_loss: 4.7937
2:	[0s / 0s],		train_loss: 4.6891
3:	[0s / 0s],		train_loss: 4.6530
C-index TRAIN: 0.7832349081647708
C-index TEST : 0.772867090714071
Fitting Cox model...
C-index TRAIN: 0.7494165724021058
C-index TEST : 0.7600586349090458
Evaluating method: knn
Fitting Random Survival Forest model...
C-index TRAIN: 0.9230653085401689
C-index TEST : 0.8358085549267104
Fitting deepsurv_simple.pt...
0:	[0s / 0s],		train_loss: 6.9252
1:	[0s / 0s],		train_loss: 4.5735
C-index TRAIN: 0.7905310942197088
C-index TEST : 0.8002069467378087
Fitting deepsurv_vanilla.pt...
0:	[0s / 0s],		train_loss: 4.7132
1:	[0s / 0s],		train_loss: 4.5622
2:	[0s / 0s],		train_loss: 4.5256
3:	[0s / 0s],		train_loss: 4.5067
C-index TRAIN: 0.785631509497724
C-index TEST : 0.7821639795019578
Fitting Cox model...
C-index TRAIN: 0.805875951371304
C-index TEST : 0.813490864284684
Evaluating method: imputer_bayesian
Fitting Random Survival Forest model...
C-index TRAIN: 0.9273732873059555
C-index TEST : 0.8423868501787817
Fitting deepsurv_simple.pt...
0:	[0s / 0s],		train_loss: 6.8887
1:	[0s / 0s],		train_loss: 4.5315
C-index TRAIN: 0.8032528665716439
C-index TEST : 0.8072526450581393
Fitting deepsurv_vanilla.pt...
0:	[0s / 0s],		train_loss: 4.6465
1:	[0s / 0s],		train_loss: 4.4904
2:	[0s / 0s],		train_loss: 4.4640
3:	[0s / 0s],		train_loss: 4.4475
C-index TRAIN: 0.8152597362911822
C-index TEST : 0.8094172047845957
Fitting Cox model...
C-index TRAIN: 0.8119546144478447
C-index TEST : 0.8172196125550911
[fold=2, target=50%] actual NaN%: 50.0%
X_train shape: (13566, 61), X_test shape: (3392, 61)
Generating Tabicl Embeddings...
Warming up TabICL model (triggering checkpoint load)...
ARRIVATO QUI 1
Loading TabICL model checkpoint 'tabicl-classifier-v1.1-0506.ckpt'...
ARRIVATO QUI
Performing dummy prediction to ensure model is loaded...
Warming up TabICL model (triggering checkpoint load)...
ARRIVATO QUI 1
Loading TabICL model checkpoint 'tabicl-classifier-v1.1-0506.ckpt'...
ARRIVATO QUI
Performing dummy prediction to ensure model is loaded...
Successfully generated embeddings with shape: (13566, 512)
Fitting SimpleImputer (mean)...
Fitting SimpleImputer (median)...
Fitting SimpleImputer (constant, fill=-1)...
Fitting KNNImputer...
Fitting IterativeImputer (BayesianRidge, MICE-like)...
Fitting DeepSurv Simple pilot model...
0:	[0s / 0s],		train_loss: 8.3083,	val_loss: 7.5287
1:	[0s / 0s],		train_loss: 4.6952,	val_loss: 7.3695
2:	[0s / 0s],		train_loss: 4.6259,	val_loss: 7.3738
3:	[0s / 0s],		train_loss: 4.6578,	val_loss: 7.3889
4:	[0s / 0s],		train_loss: 4.6436,	val_loss: 7.3488
5:	[0s / 0s],		train_loss: 4.6427,	val_loss: 7.4539
6:	[0s / 0s],		train_loss: 4.6709,	val_loss: 7.4335
7:	[0s / 0s],		train_loss: 4.6465,	val_loss: 7.3898
8:	[0s / 0s],		train_loss: 4.6753,	val_loss: 7.4170
9:	[0s / 0s],		train_loss: 4.6769,	val_loss: 7.8371
10:	[0s / 1s],		train_loss: 4.7499,	val_loss: 7.4212
11:	[0s / 1s],		train_loss: 4.6721,	val_loss: 7.3985
12:	[0s / 1s],		train_loss: 4.6602,	val_loss: 7.4143
13:	[0s / 1s],		train_loss: 4.6799,	val_loss: 7.3895
14:	[0s / 1s],		train_loss: 4.6754,	val_loss: 7.4530
15:	[0s / 1s],		train_loss: 4.6664,	val_loss: 7.5407
16:	[0s / 1s],		train_loss: 4.7576,	val_loss: 7.5411
17:	[0s / 1s],		train_loss: 4.7231,	val_loss: 7.4468
18:	[0s / 1s],		train_loss: 4.7169,	val_loss: 7.5528
19:	[0s / 1s],		train_loss: 4.7286,	val_loss: 7.4368
20:	[0s / 1s],		train_loss: 4.6880,	val_loss: 7.4850
21:	[0s / 1s],		train_loss: 4.7085,	val_loss: 7.5262
22:	[0s / 2s],		train_loss: 4.6904,	val_loss: 7.4961
23:	[0s / 2s],		train_loss: 4.7759,	val_loss: 7.6656
24:	[0s / 2s],		train_loss: 4.7495,	val_loss: 7.4723
Saved fixed_epochs=5 → nan/tabicl/HURRAH/nan_percentage0.5/seed123/fold2/fixed_epochs_deepsurv_simple.json
Fitting DeepSurv Vanilla pilot model...
0:	[0s / 0s],		train_loss: 4.8570,	val_loss: 7.4428
1:	[0s / 0s],		train_loss: 4.7055,	val_loss: 7.5223
2:	[0s / 0s],		train_loss: 4.6606,	val_loss: 7.3876
3:	[0s / 0s],		train_loss: 4.6248,	val_loss: 7.3830
4:	[0s / 0s],		train_loss: 4.5886,	val_loss: 7.3625
5:	[0s / 0s],		train_loss: 4.5899,	val_loss: 7.3332
6:	[0s / 0s],		train_loss: 4.5791,	val_loss: 7.3371
7:	[0s / 1s],		train_loss: 4.5603,	val_loss: 7.3220
8:	[0s / 1s],		train_loss: 4.5528,	val_loss: 7.4304
9:	[0s / 1s],		train_loss: 4.5614,	val_loss: 7.3375
10:	[0s / 1s],		train_loss: 4.5604,	val_loss: 7.3729
11:	[0s / 1s],		train_loss: 4.5477,	val_loss: 7.3912
12:	[0s / 1s],		train_loss: 4.5377,	val_loss: 7.3565
13:	[0s / 1s],		train_loss: 4.5535,	val_loss: 7.3315
14:	[0s / 1s],		train_loss: 4.5468,	val_loss: 7.3362
15:	[0s / 2s],		train_loss: 4.5337,	val_loss: 7.3187
16:	[0s / 2s],		train_loss: 4.5280,	val_loss: 8.4622
17:	[0s / 2s],		train_loss: 4.5276,	val_loss: 83.0418
18:	[0s / 2s],		train_loss: 4.5155,	val_loss: 94.6013
19:	[0s / 2s],		train_loss: 4.5225,	val_loss: 160.4649
20:	[0s / 2s],		train_loss: 4.5111,	val_loss: 156.7309
21:	[0s / 2s],		train_loss: 4.5018,	val_loss: 70.6396
22:	[0s / 2s],		train_loss: 4.5049,	val_loss: 89.8700
23:	[0s / 3s],		train_loss: 4.4952,	val_loss: 49.4702
24:	[0s / 3s],		train_loss: 4.5064,	val_loss: 104.7919
25:	[0s / 3s],		train_loss: 4.4951,	val_loss: 160.3470
26:	[0s / 3s],		train_loss: 4.5179,	val_loss: 109.9353
27:	[0s / 3s],		train_loss: 4.4957,	val_loss: 58.3549
28:	[0s / 3s],		train_loss: 4.4890,	val_loss: 124.1929
29:	[0s / 3s],		train_loss: 4.4831,	val_loss: 169.8188
30:	[0s / 3s],		train_loss: 4.4691,	val_loss: 109.4718
31:	[0s / 4s],		train_loss: 4.4780,	val_loss: 130.4300
32:	[0s / 4s],		train_loss: 4.4825,	val_loss: 114.0828
33:	[0s / 4s],		train_loss: 4.4791,	val_loss: 94.4356
34:	[0s / 4s],		train_loss: 4.4724,	val_loss: 145.7202
35:	[0s / 4s],		train_loss: 4.4564,	val_loss: 7.3297
Saved fixed_epochs=16 → nan/tabicl/HURRAH/nan_percentage0.5/seed123/fold2/fixed_epochs_deepsurv_vanilla.json
Evaluating method: embeddings
Fitting Random Survival Forest model...
C-index TRAIN: 0.9868861229159831
C-index TEST : 0.6573629280062278
Fitting deepsurv_simple.pt...
0:	[0s / 0s],		train_loss: 2.9388
1:	[0s / 0s],		train_loss: 2.7865
2:	[0s / 0s],		train_loss: 2.8018
3:	[0s / 0s],		train_loss: 2.7337
4:	[0s / 0s],		train_loss: 2.7879
C-index TRAIN: 0.9617903549742246
C-index TEST : 0.548557940654316
Fitting deepsurv_vanilla.pt...
0:	[0s / 0s],		train_loss: 2.8863
1:	[0s / 0s],		train_loss: 2.7452
2:	[0s / 0s],		train_loss: 2.7099
3:	[0s / 0s],		train_loss: 2.6654
4:	[0s / 0s],		train_loss: 2.6680
5:	[0s / 0s],		train_loss: 2.6461
6:	[0s / 0s],		train_loss: 2.6411/scratch.hpc/luca.cotugno/Foundation_model_clinical_data/.venv/lib/python3.12/site-packages/pycox/models/cox.py:251: RuntimeWarning: overflow encountered in exp
  expg = np.exp(self.predict(input, batch_size, True, eval_, num_workers=num_workers)).reshape(1, -1)
/scratch.hpc/luca.cotugno/Foundation_model_clinical_data/.venv/lib/python3.12/site-packages/pycox/models/cox.py:252: RuntimeWarning: invalid value encountered in dot
  return pd.DataFrame(bch.values.reshape(-1, 1).dot(expg),
/scratch.hpc/luca.cotugno/Foundation_model_clinical_data/.venv/lib/python3.12/site-packages/sklearn/impute/_iterative.py:867: ConvergenceWarning: [IterativeImputer] Early stopping criterion not reached.
  warnings.warn(

7:	[0s / 0s],		train_loss: 2.6222
8:	[0s / 0s],		train_loss: 2.6048
9:	[0s / 1s],		train_loss: 2.6060
10:	[0s / 1s],		train_loss: 2.6111
11:	[0s / 1s],		train_loss: 2.5986
12:	[0s / 1s],		train_loss: 2.6063
13:	[0s / 1s],		train_loss: 2.5768
14:	[0s / 1s],		train_loss: 2.5742
15:	[0s / 1s],		train_loss: 2.5816
C-index TRAIN: 0.9617020540637921
C-index TEST : 0.7184444503541384
Fitting Cox model...
C-index TRAIN: 0.9603857568044829
C-index TEST : 0.7116316477005784
Evaluating method: mean
Fitting Random Survival Forest model...
C-index TRAIN: 0.9031861413115835
C-index TEST : 0.8083663537483712
Fitting deepsurv_simple.pt...
0:	[0s / 0s],		train_loss: 6.4981
1:	[0s / 0s],		train_loss: 4.7102
2:	[0s / 0s],		train_loss: 4.6750
3:	[0s / 0s],		train_loss: 4.6623
4:	[0s / 0s],		train_loss: 4.6664
C-index TRAIN: 0.7659377944684476
C-index TEST : 0.769994979446353
Fitting deepsurv_vanilla.pt...
0:	[0s / 0s],		train_loss: 4.8970
1:	[0s / 0s],		train_loss: 4.7053
2:	[0s / 0s],		train_loss: 4.6451
3:	[0s / 0s],		train_loss: 4.6213
4:	[0s / 0s],		train_loss: 4.6093
5:	[0s / 0s],		train_loss: 4.5964
6:	[0s / 0s],		train_loss: 4.5727
7:	[0s / 0s],		train_loss: 4.5514
8:	[0s / 0s],		train_loss: 4.5592
9:	[0s / 1s],		train_loss: 4.5520
10:	[0s / 1s],		train_loss: 4.5597
11:	[0s / 1s],		train_loss: 4.5291
12:	[0s / 1s],		train_loss: 4.5443
13:	[0s / 1s],		train_loss: 4.5279
14:	[0s / 1s],		train_loss: 4.5360
15:	[0s / 1s],		train_loss: 4.5239
C-index TRAIN: 0.7972761223230839
C-index TEST : 0.786823907505768
Fitting Cox model...
C-index TRAIN: 0.7831935218678651
C-index TEST : 0.7884050192642592
Evaluating method: median
Fitting Random Survival Forest model...
C-index TRAIN: 0.8846131783605863
C-index TEST : 0.8035408200022726
Fitting deepsurv_simple.pt...
0:	[0s / 0s],		train_loss: 6.7004
1:	[0s / 0s],		train_loss: 4.7225
2:	[0s / 0s],		train_loss: 4.6821
3:	[0s / 0s],		train_loss: 4.6706
4:	[0s / 0s],		train_loss: 4.6816
C-index TRAIN: 0.7631800774075908
C-index TEST : 0.7675169373172193
Fitting deepsurv_vanilla.pt...
0:	[0s / 0s],		train_loss: 4.8925
1:	[0s / 0s],		train_loss: 4.7143
2:	[0s / 0s],		train_loss: 4.6736
3:	[0s / 0s],		train_loss: 4.6430
4:	[0s / 0s],		train_loss: 4.6143
5:	[0s / 0s],		train_loss: 4.6185
6:	[0s / 0s],		train_loss: 4.5997
7:	[0s / 0s],		train_loss: 4.5692
8:	[0s / 0s],		train_loss: 4.5741
9:	[0s / 1s],		train_loss: 4.5557
10:	[0s / 1s],		train_loss: 4.5733
11:	[0s / 1s],		train_loss: 4.5345
12:	[0s / 1s],		train_loss: 4.5532
13:	[0s / 1s],		train_loss: 4.5550
14:	[0s / 1s],		train_loss: 4.5461
15:	[0s / 1s],		train_loss: 4.5295
C-index TRAIN: 0.7951966891368223
C-index TEST : 0.7882257137768666
Fitting Cox model...
C-index TRAIN: 0.7790967349407006
C-index TEST : 0.7842685021101636
Evaluating method: constant
Fitting Random Survival Forest model...
C-index TRAIN: 0.8955482900739177
C-index TEST : 0.7930016866803825
Fitting deepsurv_simple.pt...
0:	[0s / 0s],		train_loss: 8.3742
1:	[0s / 0s],		train_loss: 4.9348
2:	[0s / 0s],		train_loss: 4.9205
3:	[0s / 0s],		train_loss: 4.9870
4:	[0s / 0s],		train_loss: 4.9696
C-index TRAIN: 0.6877861125744807
C-index TEST : 0.7022336225591285
Fitting deepsurv_vanilla.pt...
0:	[0s / 0s],		train_loss: 5.1043
1:	[0s / 0s],		train_loss: 4.9442
2:	[0s / 0s],		train_loss: 4.8618
3:	[0s / 0s],		train_loss: 4.7891
4:	[0s / 0s],		train_loss: 4.7325
5:	[0s / 0s],		train_loss: 4.7098
6:	[0s / 0s],		train_loss: 4.6569
7:	[0s / 0s],		train_loss: 4.6616
8:	[0s / 0s],		train_loss: 4.6509
9:	[0s / 1s],		train_loss: 4.6087
10:	[0s / 1s],		train_loss: 4.6237
11:	[0s / 1s],		train_loss: 4.5753
12:	[0s / 1s],		train_loss: 4.5862
13:	[0s / 1s],		train_loss: 4.5760
14:	[0s / 1s],		train_loss: 4.5807
15:	[0s / 1s],		train_loss: 4.5511
C-index TRAIN: 0.8064298988404279
C-index TEST : 0.7611699259972005
Fitting Cox model...
C-index TRAIN: 0.726874785302245
C-index TEST : 0.7333981250690024
Evaluating method: knn
Fitting Random Survival Forest model...
C-index TRAIN: 0.9163828924264141
C-index TEST : 0.8147818637939107
Fitting deepsurv_simple.pt...
0:	[0s / 0s],		train_loss: 6.8260
1:	[0s / 0s],		train_loss: 4.6240
2:	[0s / 0s],		train_loss: 4.6314
3:	[0s / 0s],		train_loss: 4.6520
4:	[0s / 0s],		train_loss: 4.6008
C-index TRAIN: 0.7792104204609389
C-index TEST : 0.7797540331646653
Fitting deepsurv_vanilla.pt...
0:	[0s / 0s],		train_loss: 4.7613
1:	[0s / 0s],		train_loss: 4.6145
2:	[0s / 0s],		train_loss: 4.5896
3:	[0s / 0s],		train_loss: 4.5678
4:	[0s / 0s],		train_loss: 4.5669
5:	[0s / 0s],		train_loss: 4.5577
6:	[0s / 0s],		train_loss: 4.5373
7:	[0s / 0s],		train_loss: 4.5270
8:	[0s / 1s],		train_loss: 4.5198
9:	[0s / 1s],		train_loss: 4.5202
10:	[0s / 1s],		train_loss: 4.5175
11:	[0s / 1s],		train_loss: 4.4962
12:	[0s / 1s],		train_loss: 4.5071
13:	[0s / 1s],		train_loss: 4.4971
14:	[0s / 1s],		train_loss: 4.5046
15:	[0s / 1s],		train_loss: 4.4984
C-index TRAIN: 0.6290921018056242
C-index TEST : 0.6179926811126449
Fitting Cox model...
C-index TRAIN: 0.7865207569776865
C-index TEST : 0.7911957379287113
Evaluating method: imputer_bayesian
Fitting Random Survival Forest model...
C-index TRAIN: 0.9289435828188237
C-index TEST : 0.8218404559919864
Fitting deepsurv_simple.pt...
0:	[0s / 0s],		train_loss: 6.9780
1:	[0s / 0s],		train_loss: 4.6068
2:	[0s / 0s],		train_loss: 4.6314
3:	[0s / 0s],		train_loss: 4.6377
4:	[0s / 0s],		train_loss: 4.5807
C-index TRAIN: 0.7857995652511521
C-index TEST : 0.7844337049187726
Fitting deepsurv_vanilla.pt...
0:	[0s / 0s],		train_loss: 4.7369
1:	[0s / 0s],		train_loss: 4.5815
2:	[0s / 0s],		train_loss: 4.5480
3:	[0s / 0s],		train_loss: 4.5316
4:	[0s / 0s],		train_loss: 4.5133
5:	[0s / 0s],		train_loss: 4.5176
6:	[0s / 0s],		train_loss: 4.5090
7:	[0s / 0s],		train_loss: 4.4870
8:	[0s / 0s],		train_loss: 4.4899
9:	[0s / 1s],		train_loss: 4.4791
10:	[0s / 1s],		train_loss: 4.4806
11:	[0s / 1s],		train_loss: 4.4564
12:	[0s / 1s],		train_loss: 4.4670
13:	[0s / 1s],		train_loss: 4.4514
14:	[0s / 1s],		train_loss: 4.4552
15:	[0s / 1s],		train_loss: 4.4788
C-index TRAIN: 0.810201174427468
C-index TEST : 0.8083341190540084
Fitting Cox model...
C-index TRAIN: 0.7917328437442609
C-index TEST : 0.8008097355223914
[fold=2, target=70%] actual NaN%: 70.0%
X_train shape: (13566, 61), X_test shape: (3392, 61)
Generating Tabicl Embeddings...
Warming up TabICL model (triggering checkpoint load)...
ARRIVATO QUI 1
Loading TabICL model checkpoint 'tabicl-classifier-v1.1-0506.ckpt'...
ARRIVATO QUI
Performing dummy prediction to ensure model is loaded...
Warming up TabICL model (triggering checkpoint load)...
ARRIVATO QUI 1
Loading TabICL model checkpoint 'tabicl-classifier-v1.1-0506.ckpt'...
ARRIVATO QUI
Performing dummy prediction to ensure model is loaded...
Successfully generated embeddings with shape: (13566, 512)
Fitting SimpleImputer (mean)...
Fitting SimpleImputer (median)...
Fitting SimpleImputer (constant, fill=-1)...
Fitting KNNImputer...
Fitting IterativeImputer (BayesianRidge, MICE-like)...
Fitting DeepSurv Simple pilot model...
0:	[0s / 0s],		train_loss: 7.2505,	val_loss: 7.5835
1:	[0s / 0s],		train_loss: 4.7799,	val_loss: 7.4812
2:	[0s / 0s],		train_loss: 4.7364,	val_loss: 7.4829
3:	[0s / 0s],		train_loss: 4.7471,	val_loss: 7.4922
4:	[0s / 0s],		train_loss: 4.7566,	val_loss: 7.5059
5:	[0s / 0s],		train_loss: 4.7476,	val_loss: 7.4977
6:	[0s / 0s],		train_loss: 4.7533,	val_loss: 7.5626
7:	[0s / 0s],		train_loss: 4.8009,	val_loss: 7.4947
8:	[0s / 0s],		train_loss: 4.7975,	val_loss: 7.5413
9:	[0s / 0s],		train_loss: 4.7665,	val_loss: 7.5991
10:	[0s / 0s],		train_loss: 4.7755,	val_loss: 7.4663
11:	[0s / 0s],		train_loss: 4.7936,	val_loss: 7.5658
12:	[0s / 0s],		train_loss: 4.7596,	val_loss: 7.5430
13:	[0s / 1s],		train_loss: 4.8080,	val_loss: 7.4890
14:	[0s / 1s],		train_loss: 4.7629,	val_loss: 7.5060
15:	[0s / 1s],		train_loss: 4.7993,	val_loss: 7.5756
16:	[0s / 1s],		train_loss: 4.7811,	val_loss: 7.5251
17:	[0s / 1s],		train_loss: 4.8067,	val_loss: 7.5727
18:	[0s / 1s],		train_loss: 4.8014,	val_loss: 7.4952
19:	[0s / 1s],		train_loss: 4.7637,	val_loss: 7.5409
20:	[0s / 1s],		train_loss: 4.8669,	val_loss: 7.5155
21:	[0s / 1s],		train_loss: 4.8227,	val_loss: 7.6081
22:	[0s / 1s],		train_loss: 4.7978,	val_loss: 7.7729
23:	[0s / 1s],		train_loss: 4.8472,	val_loss: 7.5394
24:	[0s / 1s],		train_loss: 4.7532,	val_loss: 7.5103
25:	[0s / 1s],		train_loss: 4.7592,	val_loss: 7.5099
26:	[0s / 1s],		train_loss: 4.7768,	val_loss: 7.5670
27:	[0s / 2s],		train_loss: 4.8073,	val_loss: 7.4835
28:	[0s / 2s],		train_loss: 4.7643,	val_loss: 7.5448
29:	[0s / 2s],		train_loss: 4.8806,	val_loss: 7.7425
30:	[0s / 2s],		train_loss: 4.9334,	val_loss: 7.5244
Saved fixed_epochs=11 → nan/tabicl/HURRAH/nan_percentage0.7/seed123/fold2/fixed_epochs_deepsurv_simple.json
Fitting DeepSurv Vanilla pilot model...
0:	[0s / 0s],		train_loss: 4.9803,	val_loss: 7.6856
1:	[0s / 0s],		train_loss: 4.8484,	val_loss: 7.5753
2:	[0s / 0s],		train_loss: 4.7868,	val_loss: 7.8293
3:	[0s / 0s],		train_loss: 4.7376,	val_loss: 7.5409
4:	[0s / 0s],		train_loss: 4.7068,	val_loss: 7.4939
5:	[0s / 0s],		train_loss: 4.7054,	val_loss: 47.3978
6:	[0s / 0s],		train_loss: 4.7087,	val_loss: 57.1304
7:	[0s / 0s],		train_loss: 4.6880,	val_loss: 7.4594
8:	[0s / 0s],		train_loss: 4.6932,	val_loss: 7.5197
9:	[0s / 1s],		train_loss: 4.6869,	val_loss: 7.4813
10:	[0s / 1s],		train_loss: 4.6782,	val_loss: 7.4767
11:	[0s / 1s],		train_loss: 4.6697,	val_loss: 7.6692
12:	[0s / 1s],		train_loss: 4.6609,	val_loss: 7.4422
13:	[0s / 1s],		train_loss: 4.6731,	val_loss: 7.4984
14:	[0s / 1s],		train_loss: 4.6619,	val_loss: 7.4684
15:	[0s / 1s],		train_loss: 4.6449,	val_loss: 7.4911
16:	[0s / 1s],		train_loss: 4.6600,	val_loss: 7.4331
17:	[0s / 1s],		train_loss: 4.6678,	val_loss: 7.4716
18:	[0s / 2s],		train_loss: 4.6541,	val_loss: 7.5384
19:	[0s / 2s],		train_loss: 4.6489,	val_loss: 7.4533
20:	[0s / 2s],		train_loss: 4.6576,	val_loss: 7.4551
21:	[0s / 2s],		train_loss: 4.6433,	val_loss: 7.4804
22:	[0s / 2s],		train_loss: 4.6409,	val_loss: 7.4545
23:	[0s / 2s],		train_loss: 4.6415,	val_loss: 7.4411
24:	[0s / 2s],		train_loss: 4.6463,	val_loss: 7.4242
25:	[0s / 2s],		train_loss: 4.6508,	val_loss: 7.6109
26:	[0s / 2s],		train_loss: 4.6440,	val_loss: 7.4666
27:	[0s / 3s],		train_loss: 4.6335,	val_loss: 7.4221
28:	[0s / 3s],		train_loss: 4.6287,	val_loss: 7.4506
29:	[0s / 3s],		train_loss: 4.6300,	val_loss: 7.4502
30:	[0s / 3s],		train_loss: 4.6370,	val_loss: 7.5221
31:	[0s / 3s],		train_loss: 4.6287,	val_loss: 7.5129
32:	[0s / 3s],		train_loss: 4.6230,	val_loss: 7.5330
33:	[0s / 3s],		train_loss: 4.6238,	val_loss: 7.4717
34:	[0s / 3s],		train_loss: 4.6351,	val_loss: 7.5937
35:	[0s / 3s],		train_loss: 4.6139,	val_loss: 7.5013
36:	[0s / 4s],		train_loss: 4.6094,	val_loss: 7.5266
37:	[0s / 4s],		train_loss: 4.6111,	val_loss: 7.4796
38:	[0s / 4s],		train_loss: 4.6204,	val_loss: 7.4627
39:	[0s / 4s],		train_loss: 4.6173,	val_loss: 7.6168
40:	[0s / 4s],		train_loss: 4.6201,	val_loss: 7.4547
41:	[0s / 4s],		train_loss: 4.6152,	val_loss: 7.4510
42:	[0s / 4s],		train_loss: 4.6275,	val_loss: 7.4308
43:	[0s / 4s],		train_loss: 4.6164,	val_loss: 7.5036
44:	[0s / 4s],		train_loss: 4.6067,	val_loss: 7.7979
45:	[0s / 5s],		train_loss: 4.6141,	val_loss: 7.5969
46:	[0s / 5s],		train_loss: 4.6147,	val_loss: 7.9038
47:	[0s / 5s],		train_loss: 4.6121,	val_loss: 8.0067
Saved fixed_epochs=28 → nan/tabicl/HURRAH/nan_percentage0.7/seed123/fold2/fixed_epochs_deepsurv_vanilla.json
Evaluating method: embeddings
Fitting Random Survival Forest model...
C-index TRAIN: 0.986370366478195
C-index TEST : 0.6388827777280827
Fitting deepsurv_simple.pt...
0:	[0s / 0s],		train_loss: 2.9577
1:	[0s / 0s],		train_loss: 2.7783
2:	[0s / 0s],		train_loss: 2.7539
3:	[0s / 0s],		train_loss: 2.7227
4:	[0s / 0s],		train_loss: 2.7817
5:	[0s / 0s],		train_loss: 2.7529
6:	[0s / 0s],		train_loss: 2.7404
7:	[0s / 0s],		train_loss: 2.7602
8:	[0s / 0s],		train_loss: 2.7253
9:	[0s / 0s],		train_loss: 2.7192
10:	[0s / 0s],		train_loss: 2.7442
C-index TRAIN: 0.9556314552289279
C-index TEST : 0.6784097658230042
Fitting deepsurv_vanilla.pt...
0:	[0s / 0s],		train_loss: 2.9080
1:	[0s / 0s],		train_loss: 2.7588
2:	[0s / 0s],		train_loss: 2.7358
3:	[0s / 0s],		train_loss: 2.7160
4:	[0s / 0s],		train_loss: 2.6971
5:	[0s / 0s],		train_loss: 2.6762
6:	[0s / 0s],		train_loss: 2.6849
7:	[0s / 0s],		train_loss: 2.6663
8:	[0s / 1s],		train_loss: 2.6584
9:	[0s / 1s],		train_loss: 2.6539
10:	[0s / 1s],		train_loss: 2.6669
11:	[0s / 1s],		train_loss: 2.6475
12:	[0s / 1s],		train_loss: 2.6609
13:	[0s / 1s],		train_loss: 2.6397
14:	[0s / 1s],		train_loss: 2.6406
15:	[0s / 1s],		train_loss: 2.6249
16:	[0s / 1s],		train_loss: 2.6293
17:	[0s / 2s],		train_loss: 2.6319
18:	[0s / 2s],		train_loss: 2.6156
19:	[0s / 2s],		train_loss: 2.6219
20:	[0s / 2s],		train_loss: 2.6381
21:	[0s / 2s],		train_loss: 2.6049
22:	[0s / 2s],		train_loss: 2.5997
23:	[0s / 2s],		train_loss: 2.5852
24:	[0s / 2s],		train_loss: 2.5971
25:	[0s / 2s],		train_loss: 2.5764
26:	[0s / 3s],		train_loss: 2.5815
27:	[0s / 3s],		train_loss: 2.6004
C-index TRAIN: 0.9609645056206496
C-index TEST : 0.47965869905608755
Fitting Cox model...
C-index TRAIN: 0.9577646753856166
C-index TEST : 0.6886442812831665
Evaluating method: mean
Fitting Random Survival Forest model...
C-index TRAIN: 0.8658468257648565
C-index TEST : 0.762708326785661
Fitting deepsurv_simple.pt...
0:	[0s / 0s],		train_loss: 6.1520
1:	[0s / 0s],		train_loss: 4.8028
2:	[0s / 0s],		train_loss: 4.7829
3:	[0s / 0s],		train_loss: 4.7895
4:	[0s / 0s],		train_loss: 4.8063
5:	[0s / 0s],		train_loss: 4.7589
6:	[0s / 0s],		train_loss: 4.7349
7:	[0s / 0s],		train_loss: 4.8391
8:	[0s / 0s],		train_loss: 4.8228
9:	[0s / 0s],		train_loss: 4.8127
10:	[0s / 0s],		train_loss: 4.8443
C-index TRAIN: 0.7203243640876292
C-index TEST : 0.7306839638036617
Fitting deepsurv_vanilla.pt...
0:	[0s / 0s],		train_loss: 4.9917
1:	[0s / 0s],		train_loss: 4.8195
2:	[0s / 0s],		train_loss: 4.7770
3:	[0s / 0s],		train_loss: 4.7486
4:	[0s / 0s],		train_loss: 4.7317
5:	[0s / 0s],		train_loss: 4.7234
6:	[0s / 0s],		train_loss: 4.7012
7:	[0s / 0s],		train_loss: 4.6975
8:	[0s / 0s],		train_loss: 4.6814
9:	[0s / 1s],		train_loss: 4.6864
10:	[0s / 1s],		train_loss: 4.6777
11:	[0s / 1s],		train_loss: 4.6590
12:	[0s / 1s],		train_loss: 4.6672
13:	[0s / 1s],		train_loss: 4.6637
14:	[0s / 1s],		train_loss: 4.6763
15:	[0s / 1s],		train_loss: 4.6698
16:	[0s / 1s],		train_loss: 4.6445
17:	[0s / 1s],		train_loss: 4.6448
18:	[0s / 2s],		train_loss: 4.6584
19:	[0s / 2s],		train_loss: 4.6546
20:	[0s / 2s],		train_loss: 4.6609
21:	[0s / 2s],		train_loss: 4.6950
22:	[0s / 2s],		train_loss: 4.6532
23:	[0s / 2s],		train_loss: 4.6470
24:	[0s / 2s],		train_loss: 4.6208
25:	[0s / 2s],		train_loss: 4.6447
26:	[0s / 2s],		train_loss: 4.6191
27:	[0s / 3s],		train_loss: 4.6288
C-index TRAIN: 0.7796375716772878
C-index TEST : 0.75933738362268
Fitting Cox model...
C-index TRAIN: 0.7562211693850346
C-index TEST : 0.7571760473656599
Evaluating method: median
Fitting Random Survival Forest model...
C-index TRAIN: 0.8339457507811536
C-index TEST : 0.7613411728110023
Fitting deepsurv_simple.pt...
0:	[0s / 0s],		train_loss: 6.6394
1:	[0s / 0s],		train_loss: 4.8310
2:	[0s / 0s],		train_loss: 4.8001
3:	[0s / 0s],		train_loss: 4.7866
4:	[0s / 0s],		train_loss: 4.7909
5:	[0s / 0s],		train_loss: 4.7752
6:	[0s / 0s],		train_loss: 4.7612
7:	[0s / 0s],		train_loss: 4.8685
8:	[0s / 0s],		train_loss: 4.7805
9:	[0s / 0s],		train_loss: 4.7943
10:	[0s / 0s],		train_loss: 4.8970
C-index TRAIN: 0.6813385738393667
C-index TEST : 0.6836978674332077
Fitting deepsurv_vanilla.pt...
0:	[0s / 0s],		train_loss: 4.9893
1:	[0s / 0s],		train_loss: 4.8598
2:	[0s / 0s],		train_loss: 4.7894
3:	[0s / 0s],		train_loss: 4.7596
4:	[0s / 0s],		train_loss: 4.7400
5:	[0s / 0s],		train_loss: 4.7424
6:	[0s / 0s],		train_loss: 4.7110
7:	[0s / 0s],		train_loss: 4.7187
8:	[0s / 0s],		train_loss: 4.7065
9:	[0s / 1s],		train_loss: 4.7070
10:	[0s / 1s],		train_loss: 4.7063
11:	[0s / 1s],		train_loss: 4.6811
12:	[0s / 1s],		train_loss: 4.6944
13:	[0s / 1s],		train_loss: 4.6812
14:	[0s / 1s],		train_loss: 4.6823
15:	[0s / 1s],		train_loss: 4.6659
16:	[0s / 1s],		train_loss: 4.6629
17:	[0s / 1s],		train_loss: 4.6618
18:	[0s / 2s],		train_loss: 4.6601
19:	[0s / 2s],		train_loss: 4.6536
20:	[0s / 2s],		train_loss: 4.6539
21:	[0s / 2s],		train_loss: 4.6493
22:	[0s / 2s],		train_loss: 4.6389
23:	[0s / 2s],		train_loss: 4.6472
24:	[0s / 2s],		train_loss: 4.6169
25:	[0s / 2s],		train_loss: 4.6469
26:	[0s / 2s],		train_loss: 4.6217
27:	[0s / 2s],		train_loss: 4.6324
C-index TRAIN: 0.7745484011981536
C-index TEST : 0.7524560822435992
Fitting Cox model...
C-index TRAIN: 0.750713089445982
C-index TEST : 0.7538655442546089
Evaluating method: constant
Fitting Random Survival Forest model...
C-index TRAIN: 0.8527144871464356
C-index TEST : 0.7519838439711855
Fitting deepsurv_simple.pt...
0:	[0s / 0s],		train_loss: 9.3091
1:	[0s / 0s],		train_loss: 5.0230
2:	[0s / 0s],		train_loss: 4.9839
3:	[0s / 0s],		train_loss: 5.1190
4:	[0s / 0s],		train_loss: 4.9769
5:	[0s / 0s],		train_loss: 4.9713
6:	[0s / 0s],		train_loss: 5.0177
7:	[0s / 0s],		train_loss: 5.0380
8:	[0s / 0s],		train_loss: 5.0792
9:	[0s / 0s],		train_loss: 5.0125
10:	[0s / 0s],		train_loss: 5.0048
C-index TRAIN: 0.6759413899029912
C-index TEST : 0.6719934499101055
Fitting deepsurv_vanilla.pt...
0:	[0s / 0s],		train_loss: 5.1567
1:	[0s / 0s],		train_loss: 5.0751
2:	[0s / 0s],		train_loss: 5.0193
3:	[0s / 0s],		train_loss: 4.9607
4:	[0s / 0s],		train_loss: 4.9122
5:	[0s / 0s],		train_loss: 4.8945
6:	[0s / 0s],		train_loss: 4.8468
7:	[0s / 0s],		train_loss: 4.8328
8:	[0s / 0s],		train_loss: 4.8120
9:	[0s / 1s],		train_loss: 4.7826
10:	[0s / 1s],		train_loss: 4.7975
11:	[0s / 1s],		train_loss: 4.7489
12:	[0s / 1s],		train_loss: 4.7694
13:	[0s / 1s],		train_loss: 4.7446
14:	[0s / 1s],		train_loss: 4.7373
15:	[0s / 1s],		train_loss: 4.7225
16:	[0s / 1s],		train_loss: 4.6962
17:	[0s / 1s],		train_loss: 4.6965
18:	[0s / 2s],		train_loss: 4.6774
19:	[0s / 2s],		train_loss: 4.6898
20:	[0s / 2s],		train_loss: 4.6727
21:	[0s / 2s],		train_loss: 4.6661
22:	[0s / 2s],		train_loss: 4.6473
23:	[0s / 2s],		train_loss: 4.6723
24:	[0s / 2s],		train_loss: 4.6535
25:	[0s / 2s],		train_loss: 4.6587
26:	[0s / 2s],		train_loss: 4.6343
27:	[0s / 2s],		train_loss: 4.6313
C-index TRAIN: 0.7955252943055143
C-index TEST : 0.7084516951016965
Fitting Cox model...
C-index TRAIN: 0.7010447149014152
C-index TEST : 0.6955118829171432
Evaluating method: knn
Fitting Random Survival Forest model...
C-index TRAIN: 0.9183684203078705
C-index TEST : 0.7630379265355198
Fitting deepsurv_simple.pt...
0:	[0s / 0s],		train_loss: 6.6237
1:	[0s / 0s],		train_loss: 4.8045
2:	[0s / 0s],		train_loss: 4.7766
3:	[0s / 0s],		train_loss: 4.7727
4:	[0s / 0s],		train_loss: 4.7965
5:	[0s / 0s],		train_loss: 4.7889
6:	[0s / 0s],		train_loss: 4.7803
7:	[0s / 0s],		train_loss: 4.8216
8:	[0s / 0s],		train_loss: 4.7587
9:	[0s / 0s],		train_loss: 4.7975
10:	[0s / 0s],		train_loss: 4.8036
C-index TRAIN: 0.7317589769591428
C-index TEST : 0.7308129025811125
Fitting deepsurv_vanilla.pt...
0:	[0s / 0s],		train_loss: 4.9573
1:	[0s / 0s],		train_loss: 4.8182
2:	[0s / 0s],		train_loss: 4.7612
3:	[0s / 0s],		train_loss: 4.7459
4:	[0s / 0s],		train_loss: 4.7374
5:	[0s / 0s],		train_loss: 4.7084
6:	[0s / 0s],		train_loss: 4.7066
7:	[0s / 0s],		train_loss: 4.7020
8:	[0s / 0s],		train_loss: 4.6961
9:	[0s / 1s],		train_loss: 4.6802
10:	[0s / 1s],		train_loss: 4.6908
11:	[0s / 1s],		train_loss: 4.6618
12:	[0s / 1s],		train_loss: 4.6700
13:	[0s / 1s],		train_loss: 4.6642
14:	[0s / 1s],		train_loss: 4.6561
15:	[0s / 1s],		train_loss: 4.6586
16:	[0s / 1s],		train_loss: 4.6549
17:	[0s / 1s],		train_loss: 4.6605
18:	[0s / 1s],		train_loss: 4.6519
19:	[0s / 2s],		train_loss: 4.6310
20:	[0s / 2s],		train_loss: 4.6367
21:	[0s / 2s],		train_loss: 4.6293
22:	[0s / 2s],		train_loss: 4.6255
23:	[0s / 2s],		train_loss: 4.6494
24:	[0s / 2s],		train_loss: 4.6235
25:	[0s / 2s],		train_loss: 4.6401
26:	[0s / 2s],		train_loss: 4.6049
27:	[0s / 2s],		train_loss: 4.6128
C-index TRAIN: 0.7618407285895271
C-index TEST : 0.7312529061591636
Fitting Cox model...
C-index TRAIN: 0.7501855155974353
C-index TEST : 0.7526220909195672
Evaluating method: imputer_bayesian
Fitting Random Survival Forest model...
C-index TRAIN: 0.9227782925423871
C-index TEST : 0.7883187914568389
Fitting deepsurv_simple.pt...
0:	[0s / 0s],		train_loss: 6.0999
1:	[0s / 0s],		train_loss: 4.7968
2:	[0s / 0s],		train_loss: 4.7690
3:	[0s / 0s],		train_loss: 4.7918
4:	[0s / 0s],		train_loss: 4.8128
5:	[0s / 0s],		train_loss: 4.7869
6:	[0s / 0s],		train_loss: 4.7608
7:	[0s / 0s],		train_loss: 4.8349
8:	[0s / 0s],		train_loss: 4.8348
9:	[0s / 0s],		train_loss: 4.8031
10:	[0s / 0s],		train_loss: 4.9082
C-index TRAIN: 0.7232057835726934
C-index TEST : 0.7131144436412633
Fitting deepsurv_vanilla.pt...
0:	[0s / 0s],		train_loss: 4.9763
1:	[0s / 0s],		train_loss: 4.7964
2:	[0s / 0s],		train_loss: 4.7614
3:	[0s / 0s],		train_loss: 4.7248
4:	[0s / 0s],		train_loss: 4.7174
5:	[0s / 0s],		train_loss: 4.6982
6:	[0s / 0s],		train_loss: 4.6968
7:	[0s / 0s],		train_loss: 4.6788
8:	[0s / 0s],		train_loss: 4.6721
9:	[0s / 1s],		train_loss: 4.6779
10:	[0s / 1s],		train_loss: 4.6711
11:	[0s / 1s],		train_loss: 4.6437
12:	[0s / 1s],		train_loss: 4.6509
13:	[0s / 1s],		train_loss: 4.6394
14:	[0s / 1s],		train_loss: 4.6526
15:	[0s / 1s],		train_loss: 4.6354
16:	[0s / 1s],		train_loss: 4.6278
17:	[0s / 1s],		train_loss: 4.6281
18:	[0s / 2s],		train_loss: 4.6479
19:	[0s / 2s],		train_loss: 4.6243
20:	[0s / 2s],		train_loss: 4.6124
21:	[0s / 2s],		train_loss: 4.6471
22:	[0s / 2s],		train_loss: 4.6254
23:	[0s / 2s],		train_loss: 4.6231
24:	[0s / 2s],		train_loss: 4.6237
25:	[0s / 2s],		train_loss: 4.6353
26:	[0s / 2s],		train_loss: 4.6108
27:	[0s / 3s],		train_loss: 4.6103
C-index TRAIN: 0.7797382479019912
C-index TEST : 0.7593615596434521
Fitting Cox model...
C-index TRAIN: 0.7557210342455885
C-index TEST : 0.7593768711232743
[fold=2, target=90%] actual NaN%: 90.0%
X_train shape: (13566, 61), X_test shape: (3392, 61)
Generating Tabicl Embeddings...
Warming up TabICL model (triggering checkpoint load)...
ARRIVATO QUI 1
Loading TabICL model checkpoint 'tabicl-classifier-v1.1-0506.ckpt'...
ARRIVATO QUI
Performing dummy prediction to ensure model is loaded...
Warming up TabICL model (triggering checkpoint load)...
ARRIVATO QUI 1
Loading TabICL model checkpoint 'tabicl-classifier-v1.1-0506.ckpt'...
ARRIVATO QUI
Performing dummy prediction to ensure model is loaded...
Successfully generated embeddings with shape: (13566, 512)
Fitting SimpleImputer (mean)...
Fitting SimpleImputer (median)...
Fitting SimpleImputer (constant, fill=-1)...
Fitting KNNImputer...
Fitting IterativeImputer (BayesianRidge, MICE-like)...
Fitting DeepSurv Simple pilot model...
0:	[0s / 0s],		train_loss: 6.6761,	val_loss: 7.8759
1:	[0s / 0s],		train_loss: 4.9851,	val_loss: 7.6980
2:	[0s / 0s],		train_loss: 4.9460,	val_loss: 7.6730
3:	[0s / 0s],		train_loss: 4.9398,	val_loss: 7.7430
4:	[0s / 0s],		train_loss: 4.9450,	val_loss: 7.6783
5:	[0s / 0s],		train_loss: 4.9300,	val_loss: 7.6685
6:	[0s / 0s],		train_loss: 4.9280,	val_loss: 7.7053
7:	[0s / 0s],		train_loss: 4.9322,	val_loss: 7.6853
8:	[0s / 0s],		train_loss: 4.9579,	val_loss: 7.6957
9:	[0s / 0s],		train_loss: 4.9464,	val_loss: 7.7036
10:	[0s / 0s],		train_loss: 4.9461,	val_loss: 7.6705
11:	[0s / 0s],		train_loss: 4.9326,	val_loss: 7.6985
12:	[0s / 0s],		train_loss: 4.9376,	val_loss: 7.7108
13:	[0s / 1s],		train_loss: 4.9596,	val_loss: 7.7150
14:	[0s / 1s],		train_loss: 4.9421,	val_loss: 7.7162
15:	[0s / 1s],		train_loss: 4.9436,	val_loss: 7.6971
16:	[0s / 1s],		train_loss: 4.9383,	val_loss: 7.6889
17:	[0s / 1s],		train_loss: 4.9642,	val_loss: 7.7125
18:	[0s / 1s],		train_loss: 4.9936,	val_loss: 7.7013
19:	[0s / 1s],		train_loss: 4.9646,	val_loss: 7.7636
20:	[0s / 1s],		train_loss: 5.1481,	val_loss: 7.8658
21:	[0s / 1s],		train_loss: 5.0074,	val_loss: 7.7267
22:	[0s / 1s],		train_loss: 4.9394,	val_loss: 7.7601
23:	[0s / 1s],		train_loss: 4.9695,	val_loss: 7.7364
24:	[0s / 1s],		train_loss: 4.9369,	val_loss: 7.6714
25:	[0s / 1s],		train_loss: 4.9422,	val_loss: 7.6832
Saved fixed_epochs=6 → nan/tabicl/HURRAH/nan_percentage0.9/seed123/fold2/fixed_epochs_deepsurv_simple.json
Fitting DeepSurv Vanilla pilot model...
0:	[0s / 0s],		train_loss: 5.1255,	val_loss: 7.8120
1:	[0s / 0s],		train_loss: 5.0436,	val_loss: 7.7952
2:	[0s / 0s],		train_loss: 5.0110,	val_loss: 7.8057
3:	[0s / 0s],		train_loss: 4.9724,	val_loss: 7.8559
4:	[0s / 0s],		train_loss: 4.9692,	val_loss: 7.7536
5:	[0s / 0s],		train_loss: 4.9372,	val_loss: 7.6895
6:	[0s / 0s],		train_loss: 4.9275,	val_loss: 7.6845
7:	[0s / 0s],		train_loss: 4.9177,	val_loss: 7.6832
8:	[0s / 0s],		train_loss: 4.9297,	val_loss: 7.7010
9:	[0s / 1s],		train_loss: 4.9122,	val_loss: 7.6827
10:	[0s / 1s],		train_loss: 4.9209,	val_loss: 7.6911
11:	[0s / 1s],		train_loss: 4.9121,	val_loss: 7.7483
12:	[0s / 1s],		train_loss: 4.9078,	val_loss: 7.6843
13:	[0s / 1s],		train_loss: 4.9005,	val_loss: 7.6575
14:	[0s / 1s],		train_loss: 4.8997,	val_loss: 7.7044
15:	[0s / 1s],		train_loss: 4.8992,	val_loss: 7.7231
16:	[0s / 1s],		train_loss: 4.9037,	val_loss: 7.7120
17:	[0s / 1s],		train_loss: 4.8936,	val_loss: 7.6691
18:	[0s / 2s],		train_loss: 4.8946,	val_loss: 7.7918
19:	[0s / 2s],		train_loss: 4.8933,	val_loss: 7.7319
20:	[0s / 2s],		train_loss: 4.9085,	val_loss: 7.6926
21:	[0s / 2s],		train_loss: 4.8894,	val_loss: 7.7321
22:	[0s / 2s],		train_loss: 4.8871,	val_loss: 7.7516
23:	[0s / 2s],		train_loss: 4.8908,	val_loss: 7.6741
24:	[0s / 2s],		train_loss: 4.8755,	val_loss: 7.7290
25:	[0s / 2s],		train_loss: 4.8784,	val_loss: 7.6494
26:	[0s / 2s],		train_loss: 4.8969,	val_loss: 7.6907
27:	[0s / 3s],		train_loss: 4.8826,	val_loss: 7.7101
28:	[0s / 3s],		train_loss: 4.8824,	val_loss: 7.7565
29:	[0s / 3s],		train_loss: 4.8753,	val_loss: 7.6430
30:	[0s / 3s],		train_loss: 4.8632,	val_loss: 7.6791
31:	[0s / 3s],		train_loss: 4.8747,	val_loss: 7.7268
32:	[0s / 3s],		train_loss: 4.8733,	val_loss: 7.7251
33:	[0s / 3s],		train_loss: 4.8663,	val_loss: 7.7117
34:	[0s / 3s],		train_loss: 4.8790,	val_loss: 7.6909
35:	[0s / 3s],		train_loss: 4.8655,	val_loss: 7.8782
36:	[0s / 4s],		train_loss: 4.8694,	val_loss: 7.7072
37:	[0s / 4s],		train_loss: 4.8728,	val_loss: 7.7990
38:	[0s / 4s],		train_loss: 4.8638,	val_loss: 7.6506
39:	[0s / 4s],		train_loss: 4.8801,	val_loss: 7.6947
40:	[0s / 4s],		train_loss: 4.8699,	val_loss: 7.8531
41:	[0s / 4s],		train_loss: 4.8766,	val_loss: 7.7515
42:	[0s / 4s],		train_loss: 4.8748,	val_loss: 7.6589
43:	[0s / 4s],		train_loss: 4.8711,	val_loss: 7.7635
44:	[0s / 4s],		train_loss: 4.8784,	val_loss: 7.7055
45:	[0s / 5s],		train_loss: 4.8677,	val_loss: 7.6694
46:	[0s / 5s],		train_loss: 4.8711,	val_loss: 7.6723
47:	[0s / 5s],		train_loss: 4.8575,	val_loss: 7.6732
48:	[0s / 5s],		train_loss: 4.8521,	val_loss: 7.6934
49:	[0s / 5s],		train_loss: 4.8768,	val_loss: 7.7580
Saved fixed_epochs=30 → nan/tabicl/HURRAH/nan_percentage0.9/seed123/fold2/fixed_epochs_deepsurv_vanilla.json
Evaluating method: embeddings
Fitting Random Survival Forest model...
C-index TRAIN: 0.9912126139346749
C-index TEST : 0.5461834524808223
Fitting deepsurv_simple.pt...
0:	[0s / 0s],		train_loss: 2.9611
1:	[0s / 0s],		train_loss: 2.8058
2:	[0s / 0s],		train_loss: 2.8299
3:	[0s / 0s],		train_loss: 2.7974
4:	[0s / 0s],		train_loss: 2.7627
5:	[0s / 0s],		train_loss: 2.8008
C-index TRAIN: 0.9540101369039429
C-index TEST : 0.43562731535765603
Fitting deepsurv_vanilla.pt...
0:	[0s / 0s],		train_loss: 2.8805
1:	[0s / 0s],		train_loss: 2.7613
2:	[0s / 0s],		train_loss: 2.7463
3:	[0s / 0s],		train_loss: 2.7262
4:	[0s / 0s],		train_loss: 2.7189
5:	[0s / 0s],		train_loss: 2.7080
6:	[0s / 0s],		train_loss: 2.6944
7:	[0s / 0s],		train_loss: 2.6908
8:	[0s / 1s],		train_loss: 2.6805
9:	[0s / 1s],		train_loss: 2.6918
10:	[0s / 1s],		train_loss: 2.6869
11:	[0s / 1s],		train_loss: 2.6733
12:	[0s / 1s],		train_loss: 2.6867
13:	[0s / 1s],		train_loss: 2.6790
14:	[0s / 1s],		train_loss: 2.6722
15:	[0s / 1s],		train_loss: 2.6755
16:	[0s / 2s],		train_loss: 2.6637
17:	[0s / 2s],		train_loss: 2.6730
18:	[0s / 2s],		train_loss: 2.6655
19:	[0s / 2s],		train_loss: 2.6725
20:	[0s / 2s],		train_loss: 2.6647
21:	[0s / 2s],		train_loss: 2.6713
22:	[0s / 2s],		train_loss: 2.6617
23:	[0s / 2s],		train_loss: 2.6534
24:	[0s / 2s],		train_loss: 2.6608
25:	[0s / 3s],		train_loss: 2.6565
26:	[0s / 3s],		train_loss: 2.6540
27:	[0s / 3s],		train_loss: 2.6509
28:	[0s / 3s],		train_loss: 2.6529
29:	[0s / 3s],		train_loss: 2.6501
C-index TRAIN: 0.956237541317193
C-index TEST : 0.5901322347749495
Fitting Cox model...
C-index TRAIN: 0.9559061973494409
C-index TEST : 0.5531638755450685
Evaluating method: mean
Fitting Random Survival Forest model...
C-index TRAIN: 0.7749000832848507
C-index TEST : 0.6554155495330402
Fitting deepsurv_simple.pt...
0:	[0s / 0s],		train_loss: 5.8206
1:	[0s / 0s],		train_loss: 4.9971
2:	[0s / 0s],		train_loss: 4.9523
3:	[0s / 0s],		train_loss: 4.9454
4:	[0s / 0s],		train_loss: 4.9577
5:	[0s / 0s],		train_loss: 4.9563
C-index TRAIN: 0.6796036714311458
C-index TEST : 0.6615719732226394
Fitting deepsurv_vanilla.pt...
0:	[0s / 0s],		train_loss: 5.1484
1:	[0s / 0s],		train_loss: 5.0404
2:	[0s / 0s],		train_loss: 5.0103
3:	[0s / 0s],		train_loss: 4.9924
4:	[0s / 0s],		train_loss: 4.9698
5:	[0s / 0s],		train_loss: 4.9515
6:	[0s / 0s],		train_loss: 4.9406
7:	[0s / 0s],		train_loss: 4.9407
8:	[0s / 1s],		train_loss: 4.9367
9:	[0s / 1s],		train_loss: 4.9162
10:	[0s / 1s],		train_loss: 4.9132
11:	[0s / 1s],		train_loss: 4.9056
12:	[0s / 1s],		train_loss: 4.9007
13:	[0s / 1s],		train_loss: 4.9084
14:	[0s / 1s],		train_loss: 4.9030
15:	[0s / 1s],		train_loss: 4.9044
16:	[0s / 1s],		train_loss: 4.8896
17:	[0s / 2s],		train_loss: 4.9054
18:	[0s / 2s],		train_loss: 4.9086
19:	[0s / 2s],		train_loss: 4.8886
20:	[0s / 2s],		train_loss: 4.8863
21:	[0s / 2s],		train_loss: 4.9009
22:	[0s / 2s],		train_loss: 4.8932
23:	[0s / 2s],		train_loss: 4.8888
24:	[0s / 2s],		train_loss: 4.8761
25:	[0s / 2s],		train_loss: 4.8830
26:	[0s / 3s],		train_loss: 4.8751
27:	[0s / 3s],		train_loss: 4.8850
28:	[0s / 3s],		train_loss: 4.8796
29:	[0s / 3s],		train_loss: 4.8791
C-index TRAIN: 0.7069009519913377
C-index TEST : 0.6790625183838491
Fitting Cox model...
C-index TRAIN: 0.6928493405402971
C-index TEST : 0.679660069030598
Evaluating method: median
Fitting Random Survival Forest model...
C-index TRAIN: 0.7372857973843556
C-index TEST : 0.647402810381828
Fitting deepsurv_simple.pt...
0:	[0s / 0s],		train_loss: 5.9751
1:	[0s / 0s],		train_loss: 5.0595
2:	[0s / 0s],		train_loss: 4.9892
3:	[0s / 0s],		train_loss: 4.9848
4:	[0s / 0s],		train_loss: 4.9847
5:	[0s / 0s],		train_loss: 4.9544
C-index TRAIN: 0.6711939099658355
C-index TEST : 0.6557661018342347
Fitting deepsurv_vanilla.pt...
0:	[0s / 0s],		train_loss: 5.1412
1:	[0s / 0s],		train_loss: 5.0476
2:	[0s / 0s],		train_loss: 5.0100
3:	[0s / 0s],		train_loss: 5.0034
4:	[0s / 0s],		train_loss: 4.9600
5:	[0s / 0s],		train_loss: 4.9503
6:	[0s / 0s],		train_loss: 4.9321
7:	[0s / 1s],		train_loss: 4.9409
8:	[0s / 1s],		train_loss: 4.9355
9:	[0s / 1s],		train_loss: 4.9175
10:	[0s / 1s],		train_loss: 4.9291
11:	[0s / 1s],		train_loss: 4.9071
12:	[0s / 1s],		train_loss: 4.9021
13:	[0s / 1s],		train_loss: 4.9110
14:	[0s / 1s],		train_loss: 4.9135
15:	[0s / 2s],		train_loss: 4.9193
16:	[0s / 2s],		train_loss: 4.8941
17:	[0s / 2s],		train_loss: 4.9114
18:	[0s / 2s],		train_loss: 4.9064
19:	[0s / 2s],		train_loss: 4.9015
20:	[0s / 2s],		train_loss: 4.8906
21:	[0s / 2s],		train_loss: 4.9082
22:	[0s / 2s],		train_loss: 4.8960
23:	[0s / 2s],		train_loss: 4.8856
24:	[0s / 3s],		train_loss: 4.8883
25:	[0s / 3s],		train_loss: 4.8946
26:	[0s / 3s],		train_loss: 4.8913
27:	[0s / 3s],		train_loss: 4.8883
28:	[0s / 3s],		train_loss: 4.8847
29:	[0s / 3s],		train_loss: 4.8888
C-index TRAIN: 0.6921434404418474
C-index TEST : 0.6670941793006522
Fitting Cox model...
C-index TRAIN: 0.688614624649364
C-index TEST : 0.6781071626296741
Evaluating method: constant
Fitting Random Survival Forest model...
C-index TRAIN: 0.7537865038169983
C-index TEST : 0.6415856568503964
Fitting deepsurv_simple.pt...
0:	[0s / 0s],		train_loss: 8.3747
1:	[0s / 0s],		train_loss: 5.1390
2:	[0s / 0s],		train_loss: 5.0969
3:	[0s / 0s],		train_loss: 5.0850
4:	[0s / 0s],		train_loss: 5.1138
5:	[0s / 0s],		train_loss: 5.1019
C-index TRAIN: 0.5976603504719432
C-index TEST : 0.5727956102793217
Fitting deepsurv_vanilla.pt...
0:	[0s / 0s],		train_loss: 5.2052
1:	[0s / 0s],		train_loss: 5.1294
2:	[0s / 0s],		train_loss: 5.1183
3:	[0s / 0s],		train_loss: 5.1089
4:	[0s / 0s],		train_loss: 5.0969
5:	[0s / 0s],		train_loss: 5.0888
6:	[0s / 0s],		train_loss: 5.0755
7:	[0s / 0s],		train_loss: 5.0594
8:	[0s / 0s],		train_loss: 5.0535
9:	[0s / 1s],		train_loss: 5.0338
10:	[0s / 1s],		train_loss: 5.0390
11:	[0s / 1s],		train_loss: 5.0212
12:	[0s / 1s],		train_loss: 5.0092
13:	[0s / 1s],		train_loss: 5.0092
14:	[0s / 1s],		train_loss: 5.0044
15:	[0s / 1s],		train_loss: 4.9957
16:	[0s / 1s],		train_loss: 4.9931
17:	[0s / 1s],		train_loss: 4.9832
18:	[0s / 2s],		train_loss: 4.9899
19:	[0s / 2s],		train_loss: 4.9689
20:	[0s / 2s],		train_loss: 4.9531
21:	[0s / 2s],		train_loss: 4.9689
22:	[0s / 2s],		train_loss: 4.9549
23:	[0s / 2s],		train_loss: 4.9411
24:	[0s / 2s],		train_loss: 4.9415
25:	[0s / 2s],		train_loss: 4.9315
26:	[0s / 2s],		train_loss: 4.9440
27:	[0s / 3s],		train_loss: 4.9155
28:	[0s / 3s],		train_loss: 4.9285
29:	[0s / 3s],		train_loss: 4.9240
C-index TRAIN: 0.6852552593690893
C-index TEST : 0.603448789949867
Fitting Cox model...
C-index TRAIN: 0.6414326231847151
C-index TEST : 0.6196378593261821
Evaluating method: knn
Fitting Random Survival Forest model...
C-index TRAIN: 0.9247280385213102
C-index TEST : 0.6561762883200003
Fitting deepsurv_simple.pt...
0:	[0s / 0s],		train_loss: 6.2270
1:	[0s / 0s],		train_loss: 5.0284
2:	[0s / 0s],		train_loss: 5.0248
3:	[0s / 0s],		train_loss: 5.0232
4:	[0s / 0s],		train_loss: 5.0350
5:	[0s / 0s],		train_loss: 5.0493
C-index TRAIN: 0.639457974421747
C-index TEST : 0.6073689317180528
Fitting deepsurv_vanilla.pt...
0:	[0s / 0s],		train_loss: 5.1444
1:	[0s / 0s],		train_loss: 5.0905
2:	[0s / 0s],		train_loss: 5.0554
3:	[0s / 0s],		train_loss: 5.0472
4:	[0s / 0s],		train_loss: 5.0234
5:	[0s / 0s],		train_loss: 5.0107
6:	[0s / 0s],		train_loss: 4.9981
7:	[0s / 0s],		train_loss: 4.9908
8:	[0s / 1s],		train_loss: 4.9847
9:	[0s / 1s],		train_loss: 4.9771
10:	[0s / 1s],		train_loss: 4.9823
11:	[0s / 1s],		train_loss: 4.9629
12:	[0s / 1s],		train_loss: 4.9625
13:	[0s / 1s],		train_loss: 4.9647
14:	[0s / 1s],		train_loss: 4.9616
15:	[0s / 1s],		train_loss: 4.9577
16:	[0s / 1s],		train_loss: 4.9426
17:	[0s / 2s],		train_loss: 4.9551
18:	[0s / 2s],		train_loss: 4.9477
19:	[0s / 2s],		train_loss: 4.9401
20:	[0s / 2s],		train_loss: 4.9262
21:	[0s / 2s],		train_loss: 4.9389
22:	[0s / 2s],		train_loss: 4.9381
23:	[0s / 2s],		train_loss: 4.9492
24:	[0s / 2s],		train_loss: 4.9335
25:	[0s / 3s],		train_loss: 4.9288
26:	[0s / 3s],		train_loss: 4.9335
27:	[0s / 3s],		train_loss: 4.9303
28:	[0s / 3s],		train_loss: 4.9300
29:	[0s / 3s],		train_loss: 4.9236
C-index TRAIN: 0.6810771706846455
C-index TEST : 0.6354139216809749
Fitting Cox model...
C-index TRAIN: 0.6606583586042492
C-index TEST : 0.6504223953762555
Evaluating method: imputer_bayesian
Fitting Random Survival Forest model...
C-index TRAIN: 0.8997788470477598
C-index TEST : 0.6804369251647394
Fitting deepsurv_simple.pt...
0:	[0s / 0s],		train_loss: 6.5519
1:	[0s / 0s],		train_loss: 5.0637
2:	[0s / 0s],		train_loss: 4.9738
3:	[0s / 0s],		train_loss: 4.9619
4:	[0s / 0s],		train_loss: 4.9626
5:	[0s / 0s],		train_loss: 4.9659
C-index TRAIN: 0.6663639363866243
C-index TEST : 0.6512226216638098
Fitting deepsurv_vanilla.pt...
0:	[0s / 0s],		train_loss: 5.1381
1:	[0s / 0s],		train_loss: 5.0368
2:	[0s / 0s],		train_loss: 5.0272
3:	[0s / 0s],		train_loss: 4.9969
4:	[0s / 0s],		train_loss: 4.9811
5:	[0s / 0s],		train_loss: 4.9528
6:	[0s / 0s],		train_loss: 4.9370
7:	[0s / 0s],		train_loss: 4.9485
8:	[0s / 0s],		train_loss: 4.9249
9:	[0s / 1s],		train_loss: 4.9362
10:	[0s / 1s],		train_loss: 4.9230
11:	[0s / 1s],		train_loss: 4.9125
12:	[0s / 1s],		train_loss: 4.9217
13:	[0s / 1s],		train_loss: 4.9160
14:	[0s / 1s],		train_loss: 4.9090
15:	[0s / 1s],		train_loss: 4.9099
16:	[0s / 1s],		train_loss: 4.8987
17:	[0s / 1s],		train_loss: 4.8992
18:	[0s / 1s],		train_loss: 4.9039
19:	[0s / 2s],		train_loss: 4.8855
20:	[0s / 2s],		train_loss: 4.8849
21:	[0s / 2s],		train_loss: 4.9010
22:	[0s / 2s],		train_loss: 4.8851
23:	[0s / 2s],		train_loss: 4.8863
24:	[0s / 2s],		train_loss: 4.8792
25:	[0s / 2s],		train_loss: 4.8892
26:	[0s / 2s],		train_loss: 4.8910
27:	[0s / 2s],		train_loss: 4.8717
28:	[0s / 3s],		train_loss: 4.8703
29:	[0s / 3s],		train_loss: 4.8772
C-index TRAIN: 0.6341046873480822
C-index TEST : 0.6162959273881274
Fitting Cox model...
C-index TRAIN: 0.683268818554613
C-index TEST : 0.6694191066315631
Generating NaN ordering → tmp/masks/HURRAH_tabicl_seed123_fold3_train.npy
Generating NaN ordering → tmp/masks/HURRAH_tabicl_seed123_fold3_test.npy
[fold=3, target=10%] actual NaN%: 10.0%
X_train shape: (13566, 61), X_test shape: (3392, 61)
Generating Tabicl Embeddings...
Warming up TabICL model (triggering checkpoint load)...
ARRIVATO QUI 1
Loading TabICL model checkpoint 'tabicl-classifier-v1.1-0506.ckpt'...
ARRIVATO QUI
Performing dummy prediction to ensure model is loaded...
Warming up TabICL model (triggering checkpoint load)...
ARRIVATO QUI 1
Loading TabICL model checkpoint 'tabicl-classifier-v1.1-0506.ckpt'...
ARRIVATO QUI
Performing dummy prediction to ensure model is loaded...
Successfully generated embeddings with shape: (13566, 512)
Fitting SimpleImputer (mean)...
Fitting SimpleImputer (median)...
Fitting SimpleImputer (constant, fill=-1)...
Fitting KNNImputer...
Fitting IterativeImputer (BayesianRidge, MICE-like)...
Fitting DeepSurv Simple pilot model...
0:	[0s / 0s],		train_loss: 7.2450,	val_loss: 7.2425
1:	[0s / 0s],		train_loss: 4.5292,	val_loss: 7.1833
2:	[0s / 0s],		train_loss: 4.4490,	val_loss: 7.2027
3:	[0s / 0s],		train_loss: 4.4829,	val_loss: 7.1887
4:	[0s / 0s],		train_loss: 4.4524,	val_loss: 7.1609
5:	[0s / 0s],		train_loss: 4.4563,	val_loss: 7.1674
6:	[0s / 0s],		train_loss: 4.4447,	val_loss: 7.2351
7:	[0s / 0s],		train_loss: 4.4819,	val_loss: 7.3280
8:	[0s / 0s],		train_loss: 4.5105,	val_loss: 7.3241
9:	[0s / 0s],		train_loss: 4.4689,	val_loss: 7.1932
10:	[0s / 0s],		train_loss: 4.6381,	val_loss: 7.3598
11:	[0s / 0s],		train_loss: 4.5250,	val_loss: 7.2247
12:	[0s / 1s],		train_loss: 4.6496,	val_loss: 7.5373
13:	[0s / 1s],		train_loss: 4.5671,	val_loss: 7.3636
14:	[0s / 1s],		train_loss: 4.4636,	val_loss: 7.3207
15:	[0s / 1s],		train_loss: 4.5460,	val_loss: 7.2493
16:	[0s / 1s],		train_loss: 4.4714,	val_loss: 7.2663
17:	[0s / 1s],		train_loss: 4.5983,	val_loss: 7.2810
18:	[0s / 1s],		train_loss: 4.4946,	val_loss: 7.1885
19:	[0s / 1s],		train_loss: 4.4408,	val_loss: 7.1754
20:	[0s / 1s],		train_loss: 4.4736,	val_loss: 7.2851
21:	[0s / 1s],		train_loss: 4.5142,	val_loss: 7.2520
22:	[0s / 1s],		train_loss: 4.5065,	val_loss: 7.2408
23:	[0s / 1s],		train_loss: 4.5295,	val_loss: 7.2511
24:	[0s / 1s],		train_loss: 4.4819,	val_loss: 7.2656
Saved fixed_epochs=5 → nan/tabicl/HURRAH/nan_percentage0.1/seed123/fold3/fixed_epochs_deepsurv_simple.json
Fitting DeepSurv Vanilla pilot model...
0:	[0s / 0s],		train_loss: 4.6097,	val_loss: 7.2401
1:	[0s / 0s],		train_loss: 4.4660,	val_loss: 7.2143
2:	[0s / 0s],		train_loss: 4.4489,	val_loss: 7.1927
3:	[0s / 0s],		train_loss: 4.4097,	val_loss: 7.2254
4:	[0s / 0s],		train_loss: 4.3941,	val_loss: 7.1742
5:	[0s / 0s],		train_loss: 4.3828,	val_loss: 7.1392
6:	[0s / 0s],		train_loss: 4.3674,	val_loss: 7.1469
7:	[0s / 0s],		train_loss: 4.3853,	val_loss: 7.1567
8:	[0s / 1s],		train_loss: 4.3574,	val_loss: 7.1306
9:	[0s / 1s],		train_loss: 4.3572,	val_loss: 7.4208
10:	[0s / 1s],		train_loss: 4.3475,	val_loss: 54.8836
11:	[0s / 1s],		train_loss: 4.3258,	val_loss: 70.8576
12:	[0s / 1s],		train_loss: 4.3408,	val_loss: 40.2528
13:	[0s / 1s],		train_loss: 4.3238,	val_loss: 7.2179
14:	[0s / 1s],		train_loss: 4.3270,	val_loss: 7.1768
15:	[0s / 1s],		train_loss: 4.3079,	val_loss: 7.3911
16:	[0s / 1s],		train_loss: 4.2970,	val_loss: 7.5866
17:	[0s / 1s],		train_loss: 4.2989,	val_loss: 7.1987
18:	[0s / 2s],		train_loss: 4.2903,	val_loss: 7.0651
19:	[0s / 2s],		train_loss: 4.2945,	val_loss: 7.1281
20:	[0s / 2s],		train_loss: 4.2917,	val_loss: 7.0643
21:	[0s / 2s],		train_loss: 4.3013,	val_loss: 7.0806
22:	[0s / 2s],		train_loss: 4.3192,	val_loss: 7.1061
23:	[0s / 2s],		train_loss: 4.2849,	val_loss: 7.0750
24:	[0s / 2s],		train_loss: 4.2903,	val_loss: 7.0878
25:	[0s / 2s],		train_loss: 4.2762,	val_loss: 7.0973
26:	[0s / 2s],		train_loss: 4.2799,	val_loss: 7.1229
27:	[0s / 3s],		train_loss: 4.3052,	val_loss: 7.1031
28:	[0s / 3s],		train_loss: 4.2848,	val_loss: 7.0958
29:	[0s / 3s],		train_loss: 4.2726,	val_loss: 7.0714
30:	[0s / 3s],		train_loss: 4.2890,	val_loss: 7.1011
31:	[0s / 3s],		train_loss: 4.2567,	val_loss: 7.0795
32:	[0s / 3s],		train_loss: 4.2709,	val_loss: 7.0688
33:	[0s / 3s],		train_loss: 4.2684,	val_loss: 7.0767
34:	[0s / 3s],		train_loss: 4.2634,	val_loss: 7.0842
35:	[0s / 3s],		train_loss: 4.2838,	val_loss: 7.1003
36:	[0s / 4s],		train_loss: 4.2647,	val_loss: 7.0627
37:	[0s / 4s],		train_loss: 4.2667,	val_loss: 7.0630
38:	[0s / 4s],		train_loss: 4.2770,	val_loss: 7.1381
39:	[0s / 4s],		train_loss: 4.2799,	val_loss: 7.0759
40:	[0s / 4s],		train_loss: 4.2549,	val_loss: 7.0444
41:	[0s / 4s],		train_loss: 4.2531,	val_loss: 7.0432
42:	[0s / 4s],		train_loss: 4.2414,	val_loss: 7.0660
43:	[0s / 4s],		train_loss: 4.2633,	val_loss: 7.0938
44:	[0s / 4s],		train_loss: 4.2639,	val_loss: 7.0481
45:	[0s / 5s],		train_loss: 4.2382,	val_loss: 7.0721
46:	[0s / 5s],		train_loss: 4.2249,	val_loss: 7.0691
47:	[0s / 5s],		train_loss: 4.2390,	val_loss: 7.0297
48:	[0s / 5s],		train_loss: 4.2521,	val_loss: 7.0810
49:	[0s / 5s],		train_loss: 4.2694,	val_loss: 7.0862
50:	[0s / 5s],		train_loss: 4.2350,	val_loss: 7.0519
51:	[0s / 5s],		train_loss: 4.2475,	val_loss: 7.0663
52:	[0s / 5s],		train_loss: 4.2407,	val_loss: 7.0932
53:	[0s / 5s],		train_loss: 4.2518,	val_loss: 7.1048
54:	[0s / 6s],		train_loss: 4.2574,	val_loss: 7.0696
55:	[0s / 6s],		train_loss: 4.2516,	val_loss: 7.0591
56:	[0s / 6s],		train_loss: 4.2578,	val_loss: 7.0461
57:	[0s / 6s],		train_loss: 4.2636,	val_loss: 7.0224
58:	[0s / 6s],		train_loss: 4.2466,	val_loss: 7.0512
59:	[0s / 6s],		train_loss: 4.2275,	val_loss: 7.0498
60:	[0s / 6s],		train_loss: 4.2419,	val_loss: 7.0515
61:	[0s / 6s],		train_loss: 4.2316,	val_loss: 7.0350
62:	[0s / 6s],		train_loss: 4.2365,	val_loss: 7.0671
63:	[0s / 7s],		train_loss: 4.2469,	val_loss: 7.0666
64:	[0s / 7s],		train_loss: 4.2205,	val_loss: 7.0546
65:	[0s / 7s],		train_loss: 4.2402,	val_loss: 7.0667
66:	[0s / 7s],		train_loss: 4.2199,	val_loss: 7.0586
67:	[0s / 7s],		train_loss: 4.2156,	val_loss: 7.0890
68:	[0s / 7s],		train_loss: 4.2320,	val_loss: 7.0713
69:	[0s / 7s],		train_loss: 4.2314,	val_loss: 7.1186
70:	[0s / 7s],		train_loss: 4.2427,	val_loss: 7.0974
71:	[0s / 8s],		train_loss: 4.2416,	val_loss: 7.0572
72:	[0s / 8s],		train_loss: 4.2276,	val_loss: 7.0635
73:	[0s / 8s],		train_loss: 4.2179,	val_loss: 7.0798
74:	[0s / 8s],		train_loss: 4.2334,	val_loss: 7.0790
75:	[0s / 8s],		train_loss: 4.2404,	val_loss: 7.0729
76:	[0s / 8s],		train_loss: 4.2376,	val_loss: 7.0573
77:	[0s / 8s],		train_loss: 4.2137,	val_loss: 7.1006
Saved fixed_epochs=58 → nan/tabicl/HURRAH/nan_percentage0.1/seed123/fold3/fixed_epochs_deepsurv_vanilla.json
Evaluating method: embeddings
Fitting Random Survival Forest model...
C-index TRAIN: 0.9865278072252214
C-index TEST : 0.7458489925005467
Fitting deepsurv_simple.pt...
0:	[0s / 0s],		train_loss: 2.8835
1:	[0s / 0s],		train_loss: 2.7002
2:	[0s / 0s],		train_loss: 2.6832
3:	[0s / 0s],		train_loss: 2.6935
4:	[0s / 0s],		train_loss: 2.7205
C-index TRAIN: 0.9589857610921211
C-index TEST : 0.670636166361486
Fitting deepsurv_vanilla.pt...
0:	[0s / 0s],		train_loss: 2.8341
1:	[0s / 0s],		train_loss: 2.6894
2:	[0s / 0s],		train_loss: 2.6790
3:	[0s / 0s],		train_loss: 2.6500
4:	[0s / 0s],		train_loss: 2.6404
5:	[0s / 0s],		train_loss: 2.6028
6:	[0s / 0s],		train_loss: 2.5754
7:	[0s / 0s],		train_loss: 2.5594
8:	[0s / 1s],		train_loss: 2.5511
9:	[0s / 1s],		train_loss: 2.5462
10:	[0s / 1s],		train_loss: 2.5192
11:	[0s / 1s],		train_loss: 2.5072
12:	[0s / 1s],		train_loss: 2.5159
13:	[0s / 1s],		train_loss: 2.5024
14:	[0s / 1s],		train_loss: 2.4920
15:	[0s / 1s],		train_loss: 2.5147
16:	[0s / 1s],		train_loss: 2.5034
17:	[0s / 2s],		train_loss: 2.5153
18:	[0s / 2s],		train_loss: 2.4744
19:	[0s / 2s],		train_loss: 2.4867
20:	[0s / 2s],		train_loss: 2.4870
21:	[0s / 2s],		train_loss: 2.4779
22:	[0s / 2s],		train_loss: 2.4732
23:	[0s / 2s],		train_loss: 2.4555
24:	[0s / 2s],		train_loss: 2.4705
25:	[0s / 2s],		train_loss: 2.4597
26:	[0s / 3s],		train_loss: 2.4597
27:	[0s / 3s],		train_loss: 2.4567
28:	[0s / 3s],		train_loss: 2.4705
29:	[0s / 3s],		train_loss: 2.4464
30:	[0s / 3s],		train_loss: 2.4582
31:	[0s / 3s],		train_loss: 2.4603
32:	[0s / 3s],		train_loss: 2.4462
33:	[0s / 3s],		train_loss: 2.4530
34:	[0s / 3s],		train_loss: 2.4532
35:	[0s / 4s],		train_loss: 2.4533
36:	[0s / 4s],		train_loss: 2.4492
37:	[0s / 4s],		train_loss: 2.4489
38:	[0s / 4s],		train_loss: 2.4356
39:	[0s / 4s],		train_loss: 2.4426
40:	[0s / 4s],		train_loss: 2.4422
41:	[0s / 4s],		train_loss: 2.4299
42:	[0s / 4s],		train_loss: 2.4370
43:	[0s / 4s],		train_loss: 2.4362
44:	[0s / 5s],		train_loss: 2.4505
45:	[0s / 5s],		train_loss: 2.4373
46:	[0s / 5s],		train_loss: 2.4249
47:	[0s / 5s],		train_loss: 2.4203
48:	[0s / 5s],		train_loss: 2.4133
49:	[0s / 5s],		train_loss: 2.4312
50:	[0s / 5s],		train_loss: 2.4018
51:	[0s / 5s],		train_loss: 2.4211
52:	[0s / 5s],		train_loss: 2.4216
53:	[0s / 6s],		train_loss: 2.4045
54:	[0s / 6s],		train_loss: 2.4037
55:	[0s / 6s],		train_loss: 2.4231
56:	[0s / 6s],		train_loss: 2.3979
57:	[0s / 6s],		train_loss: 2.4165
C-index TRAIN: 0.9691376257414291
C-index TEST : 0.637840079989864
Fitting Cox model...
C-index TRAIN: 0.962621890869616
C-index TEST : 0.7660280335744382
Evaluating method: mean
Fitting Random Survival Forest model...
C-index TRAIN: 0.9210225646338855
C-index TEST : 0.8484477753827804
Fitting deepsurv_simple.pt...
0:	[0s / 0s],		train_loss: 12.3891
1:	[0s / 0s],		train_loss: 4.5210
2:	[0s / 0s],		train_loss: 4.5441
3:	[0s / 0s],		train_loss: 4.4371
4:	[0s / 0s],		train_loss: 4.4559
C-index TRAIN: 0.8164038247843813
C-index TEST : 0.8129260456907398
Fitting deepsurv_vanilla.pt...
0:	[0s / 0s],		train_loss: 4.6733
1:	[0s / 0s],		train_loss: 4.4673
2:	[0s / 0s],		train_loss: 4.4324
3:	[0s / 0s],		train_loss: 4.4055
4:	[0s / 0s],		train_loss: 4.3808
5:	[0s / 0s],		train_loss: 4.3794
6:	[0s / 0s],		train_loss: 4.3898
7:	[0s / 0s],		train_loss: 4.3606
8:	[0s / 0s],		train_loss: 4.3621
9:	[0s / 1s],		train_loss: 4.3426
10:	[0s / 1s],		train_loss: 4.3561
11:	[0s / 1s],		train_loss: 4.3350
12:	[0s / 1s],		train_loss: 4.3382
13:	[0s / 1s],		train_loss: 4.3312
14:	[0s / 1s],		train_loss: 4.3193
15:	[0s / 1s],		train_loss: 4.3201
16:	[0s / 1s],		train_loss: 4.3004
17:	[0s / 1s],		train_loss: 4.3203
18:	[0s / 2s],		train_loss: 4.3141
19:	[0s / 2s],		train_loss: 4.3046
20:	[0s / 2s],		train_loss: 4.2979
21:	[0s / 2s],		train_loss: 4.3118
22:	[0s / 2s],		train_loss: 4.3051
23:	[0s / 2s],		train_loss: 4.2820
24:	[0s / 2s],		train_loss: 4.2806
25:	[0s / 2s],		train_loss: 4.2756
26:	[0s / 2s],		train_loss: 4.2907
27:	[0s / 3s],		train_loss: 4.2827
28:	[0s / 3s],		train_loss: 4.2743
29:	[0s / 3s],		train_loss: 4.2849
30:	[0s / 3s],		train_loss: 4.2806
31:	[0s / 3s],		train_loss: 4.2750
32:	[0s / 3s],		train_loss: 4.2717
33:	[0s / 3s],		train_loss: 4.2633
34:	[0s / 3s],		train_loss: 4.2724
35:	[0s / 3s],		train_loss: 4.2650
36:	[0s / 3s],		train_loss: 4.2591
37:	[0s / 4s],		train_loss: 4.2611
38:	[0s / 4s],		train_loss: 4.2563
39:	[0s / 4s],		train_loss: 4.2607
40:	[0s / 4s],		train_loss: 4.2638
41:	[0s / 4s],		train_loss: 4.2533
42:	[0s / 4s],		train_loss: 4.2429
43:	[0s / 4s],		train_loss: 4.2479
44:	[0s / 4s],		train_loss: 4.2464
45:	[0s / 4s],		train_loss: 4.2496
46:	[0s / 5s],		train_loss: 4.2469
47:	[0s / 5s],		train_loss: 4.2511
48:	[0s / 5s],		train_loss: 4.2536
49:	[0s / 5s],		train_loss: 4.2406
50:	[0s / 5s],		train_loss: 4.2337
51:	[0s / 5s],		train_loss: 4.2519
52:	[0s / 5s],		train_loss: 4.2327
53:	[0s / 5s],		train_loss: 4.2389
54:	[0s / 5s],		train_loss: 4.2578
55:	[0s / 6s],		train_loss: 4.2274
56:	[0s / 6s],		train_loss: 4.2434
57:	[0s / 6s],		train_loss: 4.2358
C-index TRAIN: 0.854809265232119
C-index TEST : 0.8349321353145728
Fitting Cox model...
C-index TRAIN: 0.8197107684763739
C-index TEST : 0.8223865095383394
Evaluating method: median
Fitting Random Survival Forest model...
C-index TRAIN: 0.9171104062652128
C-index TEST : 0.8444385981760181
Fitting deepsurv_simple.pt...
0:	[0s / 0s],		train_loss: 12.4853
1:	[0s / 0s],		train_loss: 4.5434
2:	[0s / 0s],		train_loss: 4.4571
3:	[0s / 0s],		train_loss: 4.4442
4:	[0s / 0s],		train_loss: 4.4524
C-index TRAIN: 0.8156393404191741
C-index TEST : 0.8117445973351238
Fitting deepsurv_vanilla.pt...
0:	[0s / 0s],		train_loss: 4.6610
1:	[0s / 0s],		train_loss: 4.4733
2:	[0s / 0s],		train_loss: 4.4403
3:	[0s / 0s],		train_loss: 4.4161
4:	[0s / 0s],		train_loss: 4.3933
5:	[0s / 0s],		train_loss: 4.3786
6:	[0s / 0s],		train_loss: 4.3804
7:	[0s / 0s],		train_loss: 4.3557
8:	[0s / 0s],		train_loss: 4.3650
9:	[0s / 1s],		train_loss: 4.3525
10:	[0s / 1s],		train_loss: 4.3678
11:	[0s / 1s],		train_loss: 4.3472
12:	[0s / 1s],		train_loss: 4.3352
13:	[0s / 1s],		train_loss: 4.3412
14:	[0s / 1s],		train_loss: 4.3141
15:	[0s / 1s],		train_loss: 4.3268
16:	[0s / 1s],		train_loss: 4.3090
17:	[0s / 1s],		train_loss: 4.3154
18:	[0s / 2s],		train_loss: 4.3190
19:	[0s / 2s],		train_loss: 4.3046
20:	[0s / 2s],		train_loss: 4.3140
21:	[0s / 2s],		train_loss: 4.3098
22:	[0s / 2s],		train_loss: 4.3118
23:	[0s / 2s],		train_loss: 4.2933
24:	[0s / 2s],		train_loss: 4.2850
25:	[0s / 2s],		train_loss: 4.2853
26:	[0s / 2s],		train_loss: 4.2827
27:	[0s / 2s],		train_loss: 4.2957
28:	[0s / 3s],		train_loss: 4.2807
29:	[0s / 3s],		train_loss: 4.2895
30:	[0s / 3s],		train_loss: 4.2899
31:	[0s / 3s],		train_loss: 4.2784
32:	[0s / 3s],		train_loss: 4.2717
33:	[0s / 3s],		train_loss: 4.2738
34:	[0s / 3s],		train_loss: 4.2743
35:	[0s / 3s],		train_loss: 4.2647
36:	[0s / 3s],		train_loss: 4.2441
37:	[0s / 4s],		train_loss: 4.2582
38:	[0s / 4s],		train_loss: 4.2680
39:	[0s / 4s],		train_loss: 4.2677
40:	[0s / 4s],		train_loss: 4.2716
41:	[0s / 4s],		train_loss: 4.2593
42:	[0s / 4s],		train_loss: 4.2606
43:	[0s / 4s],		train_loss: 4.2494
44:	[0s / 4s],		train_loss: 4.2529
45:	[0s / 4s],		train_loss: 4.2602
46:	[0s / 5s],		train_loss: 4.2455
47:	[0s / 5s],		train_loss: 4.2498
48:	[0s / 5s],		train_loss: 4.2531
49:	[0s / 5s],		train_loss: 4.2404
50:	[0s / 5s],		train_loss: 4.2320
51:	[0s / 5s],		train_loss: 4.2647
52:	[0s / 5s],		train_loss: 4.2608
53:	[0s / 5s],		train_loss: 4.2417
54:	[0s / 5s],		train_loss: 4.2527
55:	[0s / 5s],		train_loss: 4.2405
56:	[0s / 6s],		train_loss: 4.2216
57:	[0s / 6s],		train_loss: 4.2422
C-index TRAIN: 0.8520506270252194
C-index TEST : 0.8262133046902047
Fitting Cox model...
C-index TRAIN: 0.8190635499999341
C-index TEST : 0.8225567865895927
Evaluating method: constant
Fitting Random Survival Forest model...
C-index TRAIN: 0.9236088529104501
C-index TEST : 0.8438995220137562
Fitting deepsurv_simple.pt...
0:	[0s / 0s],		train_loss: 14.2167
1:	[0s / 0s],		train_loss: 4.7491
2:	[0s / 0s],		train_loss: 4.7115
3:	[0s / 0s],		train_loss: 4.6949
4:	[0s / 0s],		train_loss: 4.6656
C-index TRAIN: 0.7631004705540942
C-index TEST : 0.7716035982526831
Fitting deepsurv_vanilla.pt...
0:	[0s / 0s],		train_loss: 4.8493
1:	[0s / 0s],		train_loss: 4.5989
2:	[0s / 0s],		train_loss: 4.5579
3:	[0s / 0s],		train_loss: 4.4881
4:	[0s / 0s],		train_loss: 4.4836
5:	[0s / 0s],		train_loss: 4.4621
6:	[0s / 0s],		train_loss: 4.4543
7:	[0s / 0s],		train_loss: 4.4243
8:	[0s / 0s],		train_loss: 4.4290
9:	[0s / 1s],		train_loss: 4.4069
10:	[0s / 1s],		train_loss: 4.4230
11:	[0s / 1s],		train_loss: 4.4072
12:	[0s / 1s],		train_loss: 4.3847
13:	[0s / 1s],		train_loss: 4.3939
14:	[0s / 1s],		train_loss: 4.3758
15:	[0s / 1s],		train_loss: 4.3653
16:	[0s / 1s],		train_loss: 4.3624
17:	[0s / 1s],		train_loss: 4.3650
18:	[0s / 2s],		train_loss: 4.3688
19:	[0s / 2s],		train_loss: 4.3579
20:	[0s / 2s],		train_loss: 4.3503
21:	[0s / 2s],		train_loss: 4.3674
22:	[0s / 2s],		train_loss: 4.3560
23:	[0s / 2s],		train_loss: 4.3657
24:	[0s / 2s],		train_loss: 4.3527
25:	[0s / 2s],		train_loss: 4.3381
26:	[0s / 2s],		train_loss: 4.3232
27:	[0s / 2s],		train_loss: 4.3390
28:	[0s / 3s],		train_loss: 4.3273
29:	[0s / 3s],		train_loss: 4.3309
30:	[0s / 3s],		train_loss: 4.3371
31:	[0s / 3s],		train_loss: 4.3103
32:	[0s / 3s],		train_loss: 4.3233
33:	[0s / 3s],		train_loss: 4.3034
34:	[0s / 3s],		train_loss: 4.3044
35:	[0s / 3s],		train_loss: 4.3080
36:	[0s / 3s],		train_loss: 4.2965
37:	[0s / 4s],		train_loss: 4.3005
38:	[0s / 4s],		train_loss: 4.3032
39:	[0s / 4s],		train_loss: 4.2929
40:	[0s / 4s],		train_loss: 4.2931
41:	[0s / 4s],		train_loss: 4.2827
42:	[0s / 4s],		train_loss: 4.3019
43:	[0s / 4s],		train_loss: 4.2941
44:	[0s / 4s],		train_loss: 4.2870
45:	[0s / 4s],		train_loss: 4.2965
46:	[0s / 4s],		train_loss: 4.2636
47:	[0s / 5s],		train_loss: 4.2923
48:	[0s / 5s],		train_loss: 4.2917
49:	[0s / 5s],		train_loss: 4.2646
50:	[0s / 5s],		train_loss: 4.2507
51:	[0s / 5s],		train_loss: 4.2663
52:	[0s / 5s],		train_loss: 4.2716
53:	[0s / 5s],		train_loss: 4.2555
54:	[0s / 5s],		train_loss: 4.2652
55:	[0s / 5s],		train_loss: 4.2515
56:	[0s / 6s],		train_loss: 4.2338
57:	[0s / 6s],		train_loss: 4.2474
C-index TRAIN: 0.861173487302989
C-index TEST : 0.8248357552755623
Fitting Cox model...
C-index TRAIN: 0.7831415049963989
C-index TEST : 0.7917334123117571
Evaluating method: knn
Fitting Random Survival Forest model...
C-index TRAIN: 0.9195639655764538
C-index TEST : 0.8461930167040981
Fitting deepsurv_simple.pt...
0:	[0s / 0s],		train_loss: 12.3640
1:	[0s / 0s],		train_loss: 4.5444
2:	[0s / 0s],		train_loss: 4.4303
3:	[0s / 0s],		train_loss: 4.4073
4:	[0s / 0s],		train_loss: 4.4123
C-index TRAIN: 0.8214385011137978
C-index TEST : 0.8164946007648748
Fitting deepsurv_vanilla.pt...
0:	[0s / 0s],		train_loss: 4.6500
1:	[0s / 0s],		train_loss: 4.4399
2:	[0s / 0s],		train_loss: 4.4157
3:	[0s / 0s],		train_loss: 4.3883
4:	[0s / 0s],		train_loss: 4.3691
5:	[0s / 0s],		train_loss: 4.3573
6:	[0s / 0s],		train_loss: 4.3574
7:	[0s / 0s],		train_loss: 4.3375
8:	[0s / 0s],		train_loss: 4.3426
9:	[0s / 1s],		train_loss: 4.3306
10:	[0s / 1s],		train_loss: 4.3332
11:	[0s / 1s],		train_loss: 4.3264
12:	[0s / 1s],		train_loss: 4.3246
13:	[0s / 1s],		train_loss: 4.3193
14:	[0s / 1s],		train_loss: 4.3135
15:	[0s / 1s],		train_loss: 4.3065
16:	[0s / 1s],		train_loss: 4.3056
17:	[0s / 1s],		train_loss: 4.3006
18:	[0s / 2s],		train_loss: 4.2945
19:	[0s / 2s],		train_loss: 4.2907
20:	[0s / 2s],		train_loss: 4.2914
21:	[0s / 2s],		train_loss: 4.2932
22:	[0s / 2s],		train_loss: 4.2905
23:	[0s / 2s],		train_loss: 4.2662
24:	[0s / 2s],		train_loss: 4.2822
25:	[0s / 2s],		train_loss: 4.2696
26:	[0s / 2s],		train_loss: 4.2616
27:	[0s / 3s],		train_loss: 4.2724
28:	[0s / 3s],		train_loss: 4.2559
29:	[0s / 3s],		train_loss: 4.2683
30:	[0s / 3s],		train_loss: 4.2771
31:	[0s / 3s],		train_loss: 4.2832
32:	[0s / 3s],		train_loss: 4.2677
33:	[0s / 3s],		train_loss: 4.2655
34:	[0s / 3s],		train_loss: 4.2618
35:	[0s / 3s],		train_loss: 4.2412
36:	[0s / 3s],		train_loss: 4.2405
37:	[0s / 4s],		train_loss: 4.2378
38:	[0s / 4s],		train_loss: 4.2281
39:	[0s / 4s],		train_loss: 4.2433
40:	[0s / 4s],		train_loss: 4.2524
41:	[0s / 4s],		train_loss: 4.2561
42:	[0s / 4s],		train_loss: 4.2471
43:	[0s / 4s],		train_loss: 4.2444
44:	[0s / 4s],		train_loss: 4.2457
45:	[0s / 4s],		train_loss: 4.2378
46:	[0s / 5s],		train_loss: 4.2414
47:	[0s / 5s],		train_loss: 4.2441
48:	[0s / 5s],		train_loss: 4.2445
49:	[0s / 5s],		train_loss: 4.2261
50:	[0s / 5s],		train_loss: 4.2256
51:	[0s / 5s],		train_loss: 4.2459
52:	[0s / 5s],		train_loss: 4.2388
53:	[0s / 5s],		train_loss: 4.2427
54:	[0s / 5s],		train_loss: 4.2451
55:	[0s / 6s],		train_loss: 4.2307
56:	[0s / 6s],		train_loss: 4.2258
57:	[0s / 6s],		train_loss: 4.2243
C-index TRAIN: 0.8555966146711845
C-index TEST : 0.8392552356158259
Fitting Cox model...
C-index TRAIN: 0.8219894682760028
C-index TEST : 0.8250722063467341
Evaluating method: imputer_bayesian
Fitting Random Survival Forest model...
C-index TRAIN: 0.923826451351691
C-index TEST : 0.8463068037383479
Fitting deepsurv_simple.pt...
0:	[0s / 0s],		train_loss: 12.3300
1:	[0s / 0s],		train_loss: 4.5415
2:	[0s / 1s],		train_loss: 4.4219
3:	[0s / 1s],		train_loss: 4.4199
4:	[0s / 1s],		train_loss: 4.4012
C-index TRAIN: 0.8174608147895557
C-index TEST : 0.8066613028050521
Fitting deepsurv_vanilla.pt...
0:	[0s / 0s],		train_loss: 4.6366
1:	[0s / 0s],		train_loss: 4.4415
2:	[0s / 0s],		train_loss: 4.4040
3:	[0s / 0s],		train_loss: 4.3713
4:	[0s / 0s],		train_loss: 4.3535
5:	[0s / 0s],		train_loss: 4.3480/scratch.hpc/luca.cotugno/Foundation_model_clinical_data/.venv/lib/python3.12/site-packages/pycox/models/cox.py:251: RuntimeWarning: overflow encountered in exp
  expg = np.exp(self.predict(input, batch_size, True, eval_, num_workers=num_workers)).reshape(1, -1)
/scratch.hpc/luca.cotugno/Foundation_model_clinical_data/.venv/lib/python3.12/site-packages/pycox/models/cox.py:251: RuntimeWarning: overflow encountered in exp
  expg = np.exp(self.predict(input, batch_size, True, eval_, num_workers=num_workers)).reshape(1, -1)
/scratch.hpc/luca.cotugno/Foundation_model_clinical_data/.venv/lib/python3.12/site-packages/pycox/models/cox.py:251: RuntimeWarning: overflow encountered in exp
  expg = np.exp(self.predict(input, batch_size, True, eval_, num_workers=num_workers)).reshape(1, -1)
/scratch.hpc/luca.cotugno/Foundation_model_clinical_data/.venv/lib/python3.12/site-packages/pycox/models/cox.py:251: RuntimeWarning: overflow encountered in exp
  expg = np.exp(self.predict(input, batch_size, True, eval_, num_workers=num_workers)).reshape(1, -1)
/scratch.hpc/luca.cotugno/Foundation_model_clinical_data/.venv/lib/python3.12/site-packages/sklearn/impute/_iterative.py:867: ConvergenceWarning: [IterativeImputer] Early stopping criterion not reached.
  warnings.warn(

6:	[0s / 0s],		train_loss: 4.3551
7:	[0s / 0s],		train_loss: 4.3195
8:	[0s / 0s],		train_loss: 4.3306
9:	[0s / 1s],		train_loss: 4.3239
10:	[0s / 1s],		train_loss: 4.3189
11:	[0s / 1s],		train_loss: 4.3123
12:	[0s / 1s],		train_loss: 4.2983
13:	[0s / 1s],		train_loss: 4.2997
14:	[0s / 1s],		train_loss: 4.2834
15:	[0s / 1s],		train_loss: 4.2960
16:	[0s / 1s],		train_loss: 4.2734
17:	[0s / 1s],		train_loss: 4.2877
18:	[0s / 1s],		train_loss: 4.2848
19:	[0s / 2s],		train_loss: 4.2760
20:	[0s / 2s],		train_loss: 4.2724
21:	[0s / 2s],		train_loss: 4.2817
22:	[0s / 2s],		train_loss: 4.2818
23:	[0s / 2s],		train_loss: 4.2670
24:	[0s / 2s],		train_loss: 4.2711
25:	[0s / 2s],		train_loss: 4.2538
26:	[0s / 2s],		train_loss: 4.2640
27:	[0s / 2s],		train_loss: 4.2659
28:	[0s / 3s],		train_loss: 4.2442
29:	[0s / 3s],		train_loss: 4.2698
30:	[0s / 3s],		train_loss: 4.2638
31:	[0s / 3s],		train_loss: 4.2557
32:	[0s / 3s],		train_loss: 4.2483
33:	[0s / 3s],		train_loss: 4.2485
34:	[0s / 3s],		train_loss: 4.2441
35:	[0s / 3s],		train_loss: 4.2367
36:	[0s / 3s],		train_loss: 4.2134
37:	[0s / 4s],		train_loss: 4.2188
38:	[0s / 4s],		train_loss: 4.2293
39:	[0s / 4s],		train_loss: 4.2347
40:	[0s / 4s],		train_loss: 4.2403
41:	[0s / 4s],		train_loss: 4.2257
42:	[0s / 4s],		train_loss: 4.2305
43:	[0s / 4s],		train_loss: 4.2325
44:	[0s / 4s],		train_loss: 4.2326
45:	[0s / 4s],		train_loss: 4.2316
46:	[0s / 4s],		train_loss: 4.2357
47:	[0s / 5s],		train_loss: 4.2351
48:	[0s / 5s],		train_loss: 4.2236
49:	[0s / 5s],		train_loss: 4.2076
50:	[0s / 5s],		train_loss: 4.2078
51:	[0s / 5s],		train_loss: 4.2256
52:	[0s / 5s],		train_loss: 4.2108
53:	[0s / 5s],		train_loss: 4.2268
54:	[0s / 5s],		train_loss: 4.2317
55:	[0s / 5s],		train_loss: 4.2210
56:	[0s / 6s],		train_loss: 4.2003
57:	[0s / 6s],		train_loss: 4.2203
C-index TRAIN: 0.8588093096441028
C-index TEST : 0.8413090512340244
Fitting Cox model...
C-index TRAIN: 0.8233272525418509
C-index TEST : 0.8232734028052943
[fold=3, target=30%] actual NaN%: 30.0%
X_train shape: (13566, 61), X_test shape: (3392, 61)
Generating Tabicl Embeddings...
Warming up TabICL model (triggering checkpoint load)...
ARRIVATO QUI 1
Loading TabICL model checkpoint 'tabicl-classifier-v1.1-0506.ckpt'...
ARRIVATO QUI
Performing dummy prediction to ensure model is loaded...
Warming up TabICL model (triggering checkpoint load)...
ARRIVATO QUI 1
Loading TabICL model checkpoint 'tabicl-classifier-v1.1-0506.ckpt'...
ARRIVATO QUI
Performing dummy prediction to ensure model is loaded...
Successfully generated embeddings with shape: (13566, 512)
Fitting SimpleImputer (mean)...
Fitting SimpleImputer (median)...
Fitting SimpleImputer (constant, fill=-1)...
Fitting KNNImputer...
Fitting IterativeImputer (BayesianRidge, MICE-like)...
Fitting DeepSurv Simple pilot model...
0:	[0s / 0s],		train_loss: 7.4471,	val_loss: 7.4781
1:	[0s / 0s],		train_loss: 4.6144,	val_loss: 7.2776
2:	[0s / 0s],		train_loss: 4.5520,	val_loss: 7.3060
3:	[0s / 0s],		train_loss: 4.6320,	val_loss: 7.2539
4:	[0s / 0s],		train_loss: 4.5424,	val_loss: 7.3075
5:	[0s / 0s],		train_loss: 4.5674,	val_loss: 7.2661
6:	[0s / 0s],		train_loss: 4.5481,	val_loss: 7.3100
7:	[0s / 0s],		train_loss: 4.5783,	val_loss: 7.3506
8:	[0s / 0s],		train_loss: 4.6271,	val_loss: 7.3708
9:	[0s / 0s],		train_loss: 4.5821,	val_loss: 7.3510
10:	[0s / 0s],		train_loss: 4.6632,	val_loss: 7.3176
11:	[0s / 0s],		train_loss: 4.6168,	val_loss: 7.2949
12:	[0s / 0s],		train_loss: 4.6627,	val_loss: 7.3344
13:	[0s / 1s],		train_loss: 4.6440,	val_loss: 7.5221
14:	[0s / 1s],		train_loss: 4.6493,	val_loss: 7.5067
15:	[0s / 1s],		train_loss: 4.7390,	val_loss: 7.3086
16:	[0s / 1s],		train_loss: 4.6102,	val_loss: 7.3393
17:	[0s / 1s],		train_loss: 4.6727,	val_loss: 7.3869
18:	[0s / 1s],		train_loss: 4.6611,	val_loss: 7.3285
19:	[0s / 1s],		train_loss: 4.7657,	val_loss: 7.4583
20:	[0s / 1s],		train_loss: 4.6196,	val_loss: 7.3391
21:	[0s / 1s],		train_loss: 4.6376,	val_loss: 7.3545
22:	[0s / 1s],		train_loss: 4.5753,	val_loss: 7.3906
23:	[0s / 1s],		train_loss: 4.6202,	val_loss: 7.3002
Saved fixed_epochs=4 → nan/tabicl/HURRAH/nan_percentage0.3/seed123/fold3/fixed_epochs_deepsurv_simple.json
Fitting DeepSurv Vanilla pilot model...
0:	[0s / 0s],		train_loss: 4.7219,	val_loss: 7.3321
1:	[0s / 0s],		train_loss: 4.5804,	val_loss: 7.2823
2:	[0s / 0s],		train_loss: 4.5497,	val_loss: 7.3227
3:	[0s / 0s],		train_loss: 4.5257,	val_loss: 7.2928
4:	[0s / 0s],		train_loss: 4.5050,	val_loss: 7.3013
5:	[0s / 0s],		train_loss: 4.5029,	val_loss: 7.3025
6:	[0s / 0s],		train_loss: 4.4713,	val_loss: 7.2803
7:	[0s / 0s],		train_loss: 4.4784,	val_loss: 7.3338
8:	[0s / 0s],		train_loss: 4.4576,	val_loss: 8.3005
9:	[0s / 1s],		train_loss: 4.4507,	val_loss: 7.2735
10:	[0s / 1s],		train_loss: 4.4480,	val_loss: 7.3124
11:	[0s / 1s],		train_loss: 4.4214,	val_loss: 7.2945
12:	[0s / 1s],		train_loss: 4.4276,	val_loss: 7.2283
13:	[0s / 1s],		train_loss: 4.4245,	val_loss: 7.2344
14:	[0s / 1s],		train_loss: 4.4104,	val_loss: 7.2473
15:	[0s / 1s],		train_loss: 4.3997,	val_loss: 7.2396
16:	[0s / 1s],		train_loss: 4.4082,	val_loss: 7.2308
17:	[0s / 1s],		train_loss: 4.4087,	val_loss: 7.2456
18:	[0s / 2s],		train_loss: 4.3836,	val_loss: 7.2448
19:	[0s / 2s],		train_loss: 4.3974,	val_loss: 7.3066
20:	[0s / 2s],		train_loss: 4.4061,	val_loss: 7.2740
21:	[0s / 2s],		train_loss: 4.3894,	val_loss: 7.3365
22:	[0s / 2s],		train_loss: 4.3855,	val_loss: 7.2771
23:	[0s / 2s],		train_loss: 4.3810,	val_loss: 7.2808
24:	[0s / 2s],		train_loss: 4.3914,	val_loss: 7.2300
25:	[0s / 2s],		train_loss: 4.3648,	val_loss: 7.2332
26:	[0s / 2s],		train_loss: 4.3745,	val_loss: 7.3607
27:	[0s / 3s],		train_loss: 4.3973,	val_loss: 7.2851
28:	[0s / 3s],		train_loss: 4.3955,	val_loss: 7.3195
29:	[0s / 3s],		train_loss: 4.3750,	val_loss: 7.7910
30:	[0s / 3s],		train_loss: 4.3696,	val_loss: 7.3281
31:	[0s / 3s],		train_loss: 4.3500,	val_loss: 7.4007
32:	[0s / 3s],		train_loss: 4.3532,	val_loss: 7.3123
Saved fixed_epochs=13 → nan/tabicl/HURRAH/nan_percentage0.3/seed123/fold3/fixed_epochs_deepsurv_vanilla.json
Evaluating method: embeddings
Fitting Random Survival Forest model...
C-index TRAIN: 0.9873518117605163
C-index TEST : 0.7057378524270935
Fitting deepsurv_simple.pt...
0:	[0s / 0s],		train_loss: 2.9166
1:	[0s / 0s],		train_loss: 2.7566
2:	[0s / 0s],		train_loss: 2.8367
3:	[0s / 0s],		train_loss: 2.7713
C-index TRAIN: 0.9608125081181151
C-index TEST : 0.6354666922754744
Fitting deepsurv_vanilla.pt...
0:	[0s / 0s],		train_loss: 2.8464
1:	[0s / 0s],		train_loss: 2.6953
2:	[0s / 0s],		train_loss: 2.6883
3:	[0s / 0s],		train_loss: 2.6717
4:	[0s / 0s],		train_loss: 2.6535
5:	[0s / 0s],		train_loss: 2.6435
6:	[0s / 0s],		train_loss: 2.6119
7:	[0s / 0s],		train_loss: 2.5975
8:	[0s / 1s],		train_loss: 2.5847
9:	[0s / 1s],		train_loss: 2.5818
10:	[0s / 1s],		train_loss: 2.5597
11:	[0s / 1s],		train_loss: 2.5683
12:	[0s / 1s],		train_loss: 2.5475
C-index TRAIN: 0.9642146638028035
C-index TEST : 0.7385359562993229
Fitting Cox model...
C-index TRAIN: 0.9607860434428291
C-index TEST : 0.7624925655102622
Evaluating method: mean
Fitting Random Survival Forest model...
C-index TRAIN: 0.917175807474253
C-index TEST : 0.8306130700145341
Fitting deepsurv_simple.pt...
0:	[0s / 0s],		train_loss: 12.9747
1:	[0s / 0s],		train_loss: 4.6395
2:	[0s / 0s],		train_loss: 4.5696
3:	[0s / 0s],		train_loss: 4.5613
C-index TRAIN: 0.7964547069250146
C-index TEST : 0.8015416932640497
Fitting deepsurv_vanilla.pt...
0:	[0s / 0s],		train_loss: 4.7781
1:	[0s / 0s],		train_loss: 4.5834
2:	[0s / 0s],		train_loss: 4.5494
3:	[0s / 0s],		train_loss: 4.5313
4:	[0s / 0s],		train_loss: 4.5007
5:	[0s / 0s],		train_loss: 4.4877
6:	[0s / 0s],		train_loss: 4.4825
7:	[0s / 0s],		train_loss: 4.4629
8:	[0s / 0s],		train_loss: 4.4709
9:	[0s / 1s],		train_loss: 4.4594
10:	[0s / 1s],		train_loss: 4.4464
11:	[0s / 1s],		train_loss: 4.4331
12:	[0s / 1s],		train_loss: 4.4373
C-index TRAIN: 0.8127958327363571
C-index TEST : 0.8096802907137675
Fitting Cox model...
C-index TRAIN: 0.8021402520309103
C-index TEST : 0.8067815458412453
Evaluating method: median
Fitting Random Survival Forest model...
C-index TRAIN: 0.9039255732213178
C-index TEST : 0.8299343828102492
Fitting deepsurv_simple.pt...
0:	[0s / 0s],		train_loss: 13.0047
1:	[0s / 0s],		train_loss: 4.6403
2:	[0s / 0s],		train_loss: 4.5766
3:	[0s / 0s],		train_loss: 4.5686
C-index TRAIN: 0.7952895514318656
C-index TEST : 0.7996404006917606
Fitting deepsurv_vanilla.pt...
0:	[0s / 0s],		train_loss: 4.7935
1:	[0s / 0s],		train_loss: 4.5895
2:	[0s / 0s],		train_loss: 4.5508
3:	[0s / 0s],		train_loss: 4.5357
4:	[0s / 0s],		train_loss: 4.5118
5:	[0s / 0s],		train_loss: 4.4958
6:	[0s / 0s],		train_loss: 4.4882
7:	[0s / 0s],		train_loss: 4.4724
8:	[0s / 0s],		train_loss: 4.4717
9:	[0s / 1s],		train_loss: 4.4642
10:	[0s / 1s],		train_loss: 4.4534
11:	[0s / 1s],		train_loss: 4.4404
12:	[0s / 1s],		train_loss: 4.4458
C-index TRAIN: 0.8188608569505211
C-index TEST : 0.8108076700531087
Fitting Cox model...
C-index TRAIN: 0.801245522932351
C-index TEST : 0.8059358095866787
Evaluating method: constant
Fitting Random Survival Forest model...
C-index TRAIN: 0.914598340756117
C-index TEST : 0.8246533732206653
Fitting deepsurv_simple.pt...
0:	[0s / 0s],		train_loss: 16.2243
1:	[0s / 0s],		train_loss: 4.9358
2:	[0s / 0s],		train_loss: 4.8224
3:	[0s / 0s],		train_loss: 4.8247
C-index TRAIN: 0.7287486376015582
C-index TEST : 0.7353059378270873
Fitting deepsurv_vanilla.pt...
0:	[0s / 0s],		train_loss: 5.0236
1:	[0s / 0s],		train_loss: 4.8484
2:	[0s / 0s],		train_loss: 4.7232
3:	[0s / 0s],		train_loss: 4.6377
4:	[0s / 0s],		train_loss: 4.5941
5:	[0s / 0s],		train_loss: 4.5421
6:	[0s / 0s],		train_loss: 4.5491
7:	[0s / 0s],		train_loss: 4.5352
8:	[0s / 0s],		train_loss: 4.5024
9:	[0s / 1s],		train_loss: 4.5111
10:	[0s / 1s],		train_loss: 4.4984
11:	[0s / 1s],		train_loss: 4.4715
12:	[0s / 1s],		train_loss: 4.4776
C-index TRAIN: 0.8194874410920157
C-index TEST : 0.7888903504559955
Fitting Cox model...
C-index TRAIN: 0.7505655176637512
C-index TEST : 0.755989757552917
Evaluating method: knn
Fitting Random Survival Forest model...
C-index TRAIN: 0.9220659420618293
C-index TEST : 0.8289684035194894
Fitting deepsurv_simple.pt...
0:	[0s / 0s],		train_loss: 12.3158
1:	[0s / 0s],		train_loss: 4.6324
2:	[0s / 0s],		train_loss: 4.5312
3:	[0s / 0s],		train_loss: 4.5330
C-index TRAIN: 0.8028751791055203
C-index TEST : 0.8055411864678971
Fitting deepsurv_vanilla.pt...
0:	[0s / 0s],		train_loss: 4.7480
1:	[0s / 0s],		train_loss: 4.5701
2:	[0s / 0s],		train_loss: 4.5356
3:	[0s / 0s],		train_loss: 4.5189
4:	[0s / 0s],		train_loss: 4.5007
5:	[0s / 0s],		train_loss: 4.4821
6:	[0s / 0s],		train_loss: 4.4808
7:	[0s / 0s],		train_loss: 4.4626
8:	[0s / 0s],		train_loss: 4.4543
9:	[0s / 1s],		train_loss: 4.4522
10:	[0s / 1s],		train_loss: 4.4546
11:	[0s / 1s],		train_loss: 4.4390
12:	[0s / 1s],		train_loss: 4.4467
C-index TRAIN: 0.8155670188496424
C-index TEST : 0.8158893505826945
Fitting Cox model...
C-index TRAIN: 0.8042575781496284
C-index TEST : 0.8099925998077725
Evaluating method: imputer_bayesian
Fitting Random Survival Forest model...
C-index TRAIN: 0.9251771130649004
C-index TEST : 0.8323118055258535
Fitting deepsurv_simple.pt...
0:	[0s / 0s],		train_loss: 13.0931
1:	[0s / 0s],		train_loss: 4.6586
2:	[0s / 0s],		train_loss: 4.5253
3:	[0s / 0s],		train_loss: 4.5671
C-index TRAIN: 0.7858281258254368
C-index TEST : 0.7860731126080069
Fitting deepsurv_vanilla.pt...
0:	[0s / 0s],		train_loss: 4.6739
1:	[0s / 0s],		train_loss: 4.4923
2:	[0s / 0s],		train_loss: 4.4697
3:	[0s / 0s],		train_loss: 4.4587
4:	[0s / 0s],		train_loss: 4.4405
5:	[0s / 0s],		train_loss: 4.4293
6:	[0s / 0s],		train_loss: 4.4334
7:	[0s / 0s],		train_loss: 4.4036
8:	[0s / 0s],		train_loss: 4.4176
9:	[0s / 1s],		train_loss: 4.3981
10:	[0s / 1s],		train_loss: 4.3958
11:	[0s / 1s],		train_loss: 4.3887
12:	[0s / 1s],		train_loss: 4.4071
C-index TRAIN: 0.8144476695521274
C-index TEST : 0.8058502675609306
Fitting Cox model...
C-index TRAIN: 0.8119570242064578
C-index TEST : 0.8115775482848421
[fold=3, target=50%] actual NaN%: 50.0%
X_train shape: (13566, 61), X_test shape: (3392, 61)
Generating Tabicl Embeddings...
Warming up TabICL model (triggering checkpoint load)...
ARRIVATO QUI 1
Loading TabICL model checkpoint 'tabicl-classifier-v1.1-0506.ckpt'...
ARRIVATO QUI
Performing dummy prediction to ensure model is loaded...
Warming up TabICL model (triggering checkpoint load)...
ARRIVATO QUI 1
Loading TabICL model checkpoint 'tabicl-classifier-v1.1-0506.ckpt'...
ARRIVATO QUI
Performing dummy prediction to ensure model is loaded...
Successfully generated embeddings with shape: (13566, 512)
Fitting SimpleImputer (mean)...
Fitting SimpleImputer (median)...
Fitting SimpleImputer (constant, fill=-1)...
Fitting KNNImputer...
Fitting IterativeImputer (BayesianRidge, MICE-like)...
Fitting DeepSurv Simple pilot model...
0:	[0s / 0s],		train_loss: 6.9358,	val_loss: 7.5626
1:	[0s / 0s],		train_loss: 4.6925,	val_loss: 7.4486
2:	[0s / 0s],		train_loss: 4.6719,	val_loss: 7.4196
3:	[0s / 0s],		train_loss: 4.6648,	val_loss: 7.3768
4:	[0s / 0s],		train_loss: 4.6313,	val_loss: 7.3849
5:	[0s / 0s],		train_loss: 4.7109,	val_loss: 8.0507
6:	[0s / 0s],		train_loss: 4.7874,	val_loss: 7.5081
7:	[0s / 0s],		train_loss: 4.7267,	val_loss: 7.4397
8:	[0s / 0s],		train_loss: 4.6675,	val_loss: 7.3840
9:	[0s / 0s],		train_loss: 4.6521,	val_loss: 7.3992
10:	[0s / 0s],		train_loss: 4.7357,	val_loss: 7.4460
11:	[0s / 0s],		train_loss: 4.8546,	val_loss: 7.5367
12:	[0s / 0s],		train_loss: 4.6813,	val_loss: 7.4158
13:	[0s / 1s],		train_loss: 4.6748,	val_loss: 7.6050
14:	[0s / 1s],		train_loss: 4.6994,	val_loss: 7.3720
15:	[0s / 1s],		train_loss: 4.7558,	val_loss: 7.5980
16:	[0s / 1s],		train_loss: 4.8085,	val_loss: 7.5358
17:	[0s / 1s],		train_loss: 4.6704,	val_loss: 7.3842
18:	[0s / 1s],		train_loss: 4.7152,	val_loss: 7.5052
19:	[0s / 1s],		train_loss: 4.7065,	val_loss: 7.4625
20:	[0s / 1s],		train_loss: 4.7153,	val_loss: 7.4833
21:	[0s / 1s],		train_loss: 5.0416,	val_loss: 8.7171
22:	[0s / 1s],		train_loss: 5.0869,	val_loss: 7.5441
23:	[0s / 1s],		train_loss: 4.7118,	val_loss: 7.4912
24:	[0s / 1s],		train_loss: 4.7339,	val_loss: 7.4421
25:	[0s / 1s],		train_loss: 4.7374,	val_loss: 7.5211
26:	[0s / 2s],		train_loss: 4.6951,	val_loss: 7.4281
27:	[0s / 2s],		train_loss: 4.6748,	val_loss: 7.4084
28:	[0s / 2s],		train_loss: 4.6808,	val_loss: 7.5392
29:	[0s / 2s],		train_loss: 4.6710,	val_loss: 7.4361
30:	[0s / 2s],		train_loss: 4.6977,	val_loss: 7.5029
31:	[0s / 2s],		train_loss: 4.6771,	val_loss: 7.4187
32:	[0s / 2s],		train_loss: 4.6837,	val_loss: 7.4923
33:	[0s / 2s],		train_loss: 4.7147,	val_loss: 7.4890
34:	[0s / 2s],		train_loss: 4.6687,	val_loss: 7.4375
Saved fixed_epochs=15 → nan/tabicl/HURRAH/nan_percentage0.5/seed123/fold3/fixed_epochs_deepsurv_simple.json
Fitting DeepSurv Vanilla pilot model...
0:	[0s / 0s],		train_loss: 4.8725,	val_loss: 7.5257
1:	[0s / 0s],		train_loss: 4.7033,	val_loss: 7.4598
2:	[0s / 0s],		train_loss: 4.6434,	val_loss: 7.5494
3:	[0s / 0s],		train_loss: 4.6382,	val_loss: 7.4472
4:	[0s / 0s],		train_loss: 4.6118,	val_loss: 7.4087
5:	[0s / 0s],		train_loss: 4.6032,	val_loss: 7.3848
6:	[0s / 0s],		train_loss: 4.5757,	val_loss: 7.4586
7:	[0s / 0s],		train_loss: 4.5775,	val_loss: 7.4935
8:	[0s / 0s],		train_loss: 4.5638,	val_loss: 7.3930
9:	[0s / 1s],		train_loss: 4.5752,	val_loss: 7.5130
10:	[0s / 1s],		train_loss: 4.5491,	val_loss: 7.4381
11:	[0s / 1s],		train_loss: 4.5388,	val_loss: 7.3674
12:	[0s / 1s],		train_loss: 4.5495,	val_loss: 7.3532
13:	[0s / 1s],		train_loss: 4.5320,	val_loss: 7.4523
14:	[0s / 1s],		train_loss: 4.5404,	val_loss: 7.4824
15:	[0s / 1s],		train_loss: 4.5186,	val_loss: 7.4831
16:	[0s / 1s],		train_loss: 4.5123,	val_loss: 7.3710
17:	[0s / 2s],		train_loss: 4.5096,	val_loss: 7.4663
18:	[0s / 2s],		train_loss: 4.5186,	val_loss: 7.7665
19:	[0s / 2s],		train_loss: 4.5157,	val_loss: 7.3979
20:	[0s / 2s],		train_loss: 4.5114,	val_loss: 7.6271
21:	[0s / 2s],		train_loss: 4.4940,	val_loss: 7.4107
22:	[0s / 2s],		train_loss: 4.5274,	val_loss: 7.6440
23:	[0s / 2s],		train_loss: 4.5165,	val_loss: 7.4116
24:	[0s / 2s],		train_loss: 4.5130,	val_loss: 7.4879
25:	[0s / 2s],		train_loss: 4.4798,	val_loss: 7.5099
26:	[0s / 3s],		train_loss: 4.4908,	val_loss: 7.5913
27:	[0s / 3s],		train_loss: 4.5050,	val_loss: 7.4363
28:	[0s / 3s],		train_loss: 4.4926,	val_loss: 7.9158
29:	[0s / 3s],		train_loss: 4.4984,	val_loss: 7.6409
30:	[0s / 3s],		train_loss: 4.4774,	val_loss: 7.8283
31:	[0s / 3s],		train_loss: 4.4870,	val_loss: 7.9943
32:	[0s / 3s],		train_loss: 4.4750,	val_loss: 7.5413
Saved fixed_epochs=13 → nan/tabicl/HURRAH/nan_percentage0.5/seed123/fold3/fixed_epochs_deepsurv_vanilla.json
Evaluating method: embeddings
Fitting Random Survival Forest model...
C-index TRAIN: 0.9877244465562106
C-index TEST : 0.6820322202916983
Fitting deepsurv_simple.pt...
0:	[0s / 0s],		train_loss: 2.9225
1:	[0s / 0s],		train_loss: 2.8071
2:	[0s / 0s],		train_loss: 2.8614
3:	[0s / 0s],		train_loss: 2.7782
4:	[0s / 0s],		train_loss: 2.7396
5:	[0s / 0s],		train_loss: 2.7154
6:	[0s / 0s],		train_loss: 2.6926
7:	[0s / 0s],		train_loss: 2.7268
8:	[0s / 0s],		train_loss: 2.6751
9:	[0s / 1s],		train_loss: 2.7389
10:	[0s / 1s],		train_loss: 2.6887
11:	[0s / 1s],		train_loss: 2.6759
12:	[0s / 1s],		train_loss: 2.6806
13:	[0s / 1s],		train_loss: 2.6259
14:	[0s / 1s],		train_loss: 2.6637
C-index TRAIN: 0.9602949006423819
C-index TEST : 0.6260054214276318
Fitting deepsurv_vanilla.pt...
0:	[0s / 0s],		train_loss: 2.8714
1:	[0s / 0s],		train_loss: 2.7183
2:	[0s / 0s],		train_loss: 2.7091
3:	[0s / 0s],		train_loss: 2.6946
4:	[0s / 0s],		train_loss: 2.6851
5:	[0s / 0s],		train_loss: 2.6638
6:	[0s / 0s],		train_loss: 2.6512
7:	[0s / 0s],		train_loss: 2.6425
8:	[0s / 1s],		train_loss: 2.6429
9:	[0s / 1s],		train_loss: 2.6383
10:	[0s / 1s],		train_loss: 2.6046
11:	[0s / 1s],		train_loss: 2.6113
12:	[0s / 1s],		train_loss: 2.6131
C-index TRAIN: 0.9623820864364686
C-index TEST : 0.7413176861366235
Fitting Cox model...
C-index TRAIN: 0.9597768875777551
C-index TEST : 0.722842222575509
Evaluating method: mean
Fitting Random Survival Forest model...
C-index TRAIN: 0.9025576232815326
C-index TEST : 0.8101394738519816
Fitting deepsurv_simple.pt...
0:	[0s / 0s],		train_loss: 11.6672
1:	[0s / 0s],		train_loss: 4.7204
2:	[0s / 0s],		train_loss: 4.6508
3:	[0s / 0s],		train_loss: 4.6483
4:	[0s / 0s],		train_loss: 4.6723
5:	[0s / 0s],		train_loss: 4.6280
6:	[0s / 0s],		train_loss: 4.6258
7:	[0s / 0s],		train_loss: 4.6609
8:	[0s / 0s],		train_loss: 4.6867
9:	[0s / 0s],		train_loss: 4.6420
10:	[0s / 0s],		train_loss: 4.6602
11:	[0s / 0s],		train_loss: 4.6554
12:	[0s / 1s],		train_loss: 4.6665
13:	[0s / 1s],		train_loss: 4.6690
14:	[0s / 1s],		train_loss: 4.6929
C-index TRAIN: 0.7648439197611325
C-index TEST : 0.7691660540189823
Fitting deepsurv_vanilla.pt...
0:	[0s / 0s],		train_loss: 4.8706
1:	[0s / 0s],		train_loss: 4.6913
2:	[0s / 0s],		train_loss: 4.6597
3:	[0s / 0s],		train_loss: 4.6338
4:	[0s / 0s],		train_loss: 4.6017
5:	[0s / 0s],		train_loss: 4.6055
6:	[0s / 0s],		train_loss: 4.6007
7:	[0s / 0s],		train_loss: 4.5815
8:	[0s / 0s],		train_loss: 4.5865
9:	[0s / 1s],		train_loss: 4.5636
10:	[0s / 1s],		train_loss: 4.5710
11:	[0s / 1s],		train_loss: 4.5476
12:	[0s / 1s],		train_loss: 4.5494
C-index TRAIN: 0.794116334859463
C-index TEST : 0.7880413862004573
Fitting Cox model...
C-index TRAIN: 0.7820522960235152
C-index TEST : 0.7847472112089106
Evaluating method: median
Fitting Random Survival Forest model...
C-index TRAIN: 0.8793957090520241
C-index TEST : 0.8097254827273703
Fitting deepsurv_simple.pt...
0:	[0s / 0s],		train_loss: 12.1509
1:	[0s / 0s],		train_loss: 4.7699
2:	[0s / 0s],		train_loss: 4.6545
3:	[0s / 0s],		train_loss: 4.6574
4:	[0s / 0s],		train_loss: 4.6674
5:	[0s / 0s],		train_loss: 4.6314
6:	[0s / 0s],		train_loss: 4.6445
7:	[0s / 0s],		train_loss: 4.6645
8:	[0s / 0s],		train_loss: 4.6788
9:	[0s / 0s],		train_loss: 4.6435
10:	[0s / 0s],		train_loss: 4.6522
11:	[0s / 0s],		train_loss: 4.6662
12:	[0s / 0s],		train_loss: 4.6593
13:	[0s / 0s],		train_loss: 4.6723
14:	[0s / 1s],		train_loss: 4.6800
C-index TRAIN: 0.769594709214564
C-index TEST : 0.7745096061273914
Fitting deepsurv_vanilla.pt...
0:	[0s / 0s],		train_loss: 4.9042
1:	[0s / 0s],		train_loss: 4.6896
2:	[0s / 0s],		train_loss: 4.6580
3:	[0s / 0s],		train_loss: 4.6520
4:	[0s / 0s],		train_loss: 4.6138
5:	[0s / 0s],		train_loss: 4.6186
6:	[0s / 0s],		train_loss: 4.6005
7:	[0s / 0s],		train_loss: 4.5864
8:	[0s / 0s],		train_loss: 4.5768
9:	[0s / 1s],		train_loss: 4.5654
10:	[0s / 1s],		train_loss: 4.5935
11:	[0s / 1s],		train_loss: 4.5603
12:	[0s / 1s],		train_loss: 4.5519
C-index TRAIN: 0.7930295594199389
C-index TEST : 0.7853742503976494
Fitting Cox model...
C-index TRAIN: 0.7803699132942203
C-index TEST : 0.782963740672086
Evaluating method: constant
Fitting Random Survival Forest model...
C-index TRAIN: 0.8947771101446603
C-index TEST : 0.804812465248552
Fitting deepsurv_simple.pt...
0:	[0s / 0s],		train_loss: 15.2313
1:	[0s / 0s],		train_loss: 4.9517
2:	[0s / 0s],		train_loss: 4.8956
3:	[0s / 0s],		train_loss: 4.8692
4:	[0s / 0s],		train_loss: 4.9365
5:	[0s / 0s],		train_loss: 4.9538
6:	[0s / 0s],		train_loss: 4.9527
7:	[0s / 0s],		train_loss: 4.9113
8:	[0s / 0s],		train_loss: 4.9631
9:	[0s / 0s],		train_loss: 4.9896
10:	[0s / 0s],		train_loss: 4.9994
11:	[0s / 0s],		train_loss: 4.9994
12:	[0s / 0s],		train_loss: 4.9808
13:	[0s / 0s],		train_loss: 4.9533
14:	[0s / 1s],		train_loss: 4.9468
C-index TRAIN: 0.68212315240317
C-index TEST : 0.6698989716395904
Fitting deepsurv_vanilla.pt...
0:	[0s / 0s],		train_loss: 5.0892
1:	[0s / 0s],		train_loss: 4.9661
2:	[0s / 0s],		train_loss: 4.8677
3:	[0s / 0s],		train_loss: 4.7983
4:	[0s / 0s],		train_loss: 4.7243
5:	[0s / 0s],		train_loss: 4.6851
6:	[0s / 0s],		train_loss: 4.6980
7:	[0s / 0s],		train_loss: 4.6424
8:	[0s / 1s],		train_loss: 4.6265
9:	[0s / 1s],		train_loss: 4.6115
10:	[0s / 1s],		train_loss: 4.6143
11:	[0s / 1s],		train_loss: 4.5857
12:	[0s / 1s],		train_loss: 4.5737
C-index TRAIN: 0.7985948474189793
C-index TEST : 0.7578886291244774
Fitting Cox model...
C-index TRAIN: 0.7310698735363691
C-index TEST : 0.7344299390634117
Evaluating method: knn
Fitting Random Survival Forest model...
C-index TRAIN: 0.9153838143465511
C-index TEST : 0.8151638573643211
Fitting deepsurv_simple.pt...
0:	[0s / 0s],		train_loss: 11.6281
1:	[0s / 0s],		train_loss: 4.7237
2:	[0s / 0s],		train_loss: 4.6119
3:	[0s / 0s],		train_loss: 4.5902
4:	[0s / 0s],		train_loss: 4.6143
5:	[0s / 0s],		train_loss: 4.5932
6:	[0s / 0s],		train_loss: 4.5873
7:	[0s / 0s],		train_loss: 4.6217
8:	[0s / 0s],		train_loss: 4.6289
9:	[0s / 0s],		train_loss: 4.6222
10:	[0s / 0s],		train_loss: 4.6352
11:	[0s / 1s],		train_loss: 4.6817
12:	[0s / 1s],		train_loss: 4.5971
13:	[0s / 1s],		train_loss: 4.5892
14:	[0s / 1s],		train_loss: 4.5760
C-index TRAIN: 0.7795679119563854
C-index TEST : 0.7747178121900614
Fitting deepsurv_vanilla.pt...
0:	[0s / 0s],		train_loss: 4.7816
1:	[0s / 0s],		train_loss: 4.6309
2:	[0s / 0s],		train_loss: 4.6078
3:	[0s / 0s],		train_loss: 4.5831
4:	[0s / 0s],		train_loss: 4.5644
5:	[0s / 0s],		train_loss: 4.5638
6:	[0s / 0s],		train_loss: 4.5600
7:	[0s / 0s],		train_loss: 4.5388
8:	[0s / 1s],		train_loss: 4.5342
9:	[0s / 1s],		train_loss: 4.5300
10:	[0s / 1s],		train_loss: 4.5202
11:	[0s / 1s],		train_loss: 4.5249
12:	[0s / 1s],		train_loss: 4.5137
C-index TRAIN: 0.8020682346530487
C-index TEST : 0.7904284929189763
Fitting Cox model...
C-index TRAIN: 0.7854150335376386
C-index TEST : 0.7836561468805002
Evaluating method: imputer_bayesian
Fitting Random Survival Forest model...
C-index TRAIN: 0.9266828618311751
C-index TEST : 0.8199743858122901
Fitting deepsurv_simple.pt...
0:	[0s / 0s],		train_loss: 11.7397
1:	[0s / 0s],		train_loss: 4.6590
2:	[0s / 0s],		train_loss: 4.5904
3:	[0s / 0s],		train_loss: 4.5750
4:	[0s / 0s],		train_loss: 4.5791
5:	[0s / 0s],		train_loss: 4.5578
6:	[0s / 0s],		train_loss: 4.5861
7:	[0s / 0s],		train_loss: 4.6423
8:	[0s / 0s],		train_loss: 4.5819
9:	[0s / 0s],		train_loss: 4.6008
10:	[0s / 0s],		train_loss: 4.7095
11:	[0s / 1s],		train_loss: 4.6384
12:	[0s / 1s],		train_loss: 4.6120
13:	[0s / 1s],		train_loss: 4.5955
14:	[0s / 1s],		train_loss: 4.5403
C-index TRAIN: 0.788773005382266
C-index TEST : 0.7871165639220857
Fitting deepsurv_vanilla.pt...
0:	[0s / 0s],		train_loss: 4.7354
1:	[0s / 0s],		train_loss: 4.5874
2:	[0s / 0s],		train_loss: 4.5670
3:	[0s / 0s],		train_loss: 4.5604
4:	[0s / 0s],		train_loss: 4.5476
5:	[0s / 0s],		train_loss: 4.5344
6:	[0s / 0s],		train_loss: 4.5262
7:	[0s / 1s],		train_loss: 4.5087
8:	[0s / 1s],		train_loss: 4.5294
9:	[0s / 1s],		train_loss: 4.4969
10:	[0s / 1s],		train_loss: 4.5036
11:	[0s / 1s],		train_loss: 4.5013
12:	[0s / 1s],		train_loss: 4.5046
C-index TRAIN: 0.7959321816839503
C-index TEST : 0.7881454892317923
Fitting Cox model...
C-index TRAIN: 0.78964862110423
C-index TEST : 0.7920255463996895
[fold=3, target=70%] actual NaN%: 70.0%
X_train shape: (13566, 61), X_test shape: (3392, 61)
Generating Tabicl Embeddings...
Warming up TabICL model (triggering checkpoint load)...
ARRIVATO QUI 1
Loading TabICL model checkpoint 'tabicl-classifier-v1.1-0506.ckpt'...
ARRIVATO QUI
Performing dummy prediction to ensure model is loaded...
Warming up TabICL model (triggering checkpoint load)...
ARRIVATO QUI 1
Loading TabICL model checkpoint 'tabicl-classifier-v1.1-0506.ckpt'...
ARRIVATO QUI
Performing dummy prediction to ensure model is loaded...
Successfully generated embeddings with shape: (13566, 512)
Fitting SimpleImputer (mean)...
Fitting SimpleImputer (median)...
Fitting SimpleImputer (constant, fill=-1)...
Fitting KNNImputer...
Fitting IterativeImputer (BayesianRidge, MICE-like)...
Fitting DeepSurv Simple pilot model...
0:	[0s / 0s],		train_loss: 6.7468,	val_loss: 7.5379
1:	[0s / 0s],		train_loss: 4.7955,	val_loss: 7.5099
2:	[0s / 0s],		train_loss: 4.7909,	val_loss: 7.5191
3:	[0s / 0s],		train_loss: 4.8433,	val_loss: 7.6288
4:	[0s / 0s],		train_loss: 4.8092,	val_loss: 7.5250
5:	[0s / 0s],		train_loss: 4.7999,	val_loss: 7.5800
6:	[0s / 0s],		train_loss: 4.8165,	val_loss: 7.5092
7:	[0s / 0s],		train_loss: 4.7753,	val_loss: 7.5036
8:	[0s / 0s],		train_loss: 4.7554,	val_loss: 7.4815
9:	[0s / 0s],		train_loss: 4.7821,	val_loss: 7.4941
10:	[0s / 1s],		train_loss: 4.8084,	val_loss: 7.4817
11:	[0s / 1s],		train_loss: 4.7849,	val_loss: 7.5194
12:	[0s / 1s],		train_loss: 5.0015,	val_loss: 7.6078
13:	[0s / 1s],		train_loss: 4.8330,	val_loss: 7.7667
14:	[0s / 1s],		train_loss: 4.8139,	val_loss: 7.4852
15:	[0s / 1s],		train_loss: 4.7698,	val_loss: 7.4870
16:	[0s / 1s],		train_loss: 4.7626,	val_loss: 7.4925
17:	[0s / 1s],		train_loss: 4.7749,	val_loss: 7.5272
18:	[0s / 1s],		train_loss: 4.7685,	val_loss: 7.5943
19:	[0s / 1s],		train_loss: 4.7774,	val_loss: 7.4869
20:	[0s / 1s],		train_loss: 4.7966,	val_loss: 7.7140
21:	[0s / 1s],		train_loss: 5.0970,	val_loss: 10.6979
22:	[0s / 2s],		train_loss: 5.2170,	val_loss: 7.6206
23:	[0s / 2s],		train_loss: 4.8277,	val_loss: 7.4833
24:	[0s / 2s],		train_loss: 4.7551,	val_loss: 7.4987
25:	[0s / 2s],		train_loss: 4.7557,	val_loss: 7.4957
26:	[0s / 2s],		train_loss: 4.7729,	val_loss: 7.4987
27:	[0s / 2s],		train_loss: 4.7538,	val_loss: 7.5233
28:	[0s / 2s],		train_loss: 4.7690,	val_loss: 7.5622
Saved fixed_epochs=9 → nan/tabicl/HURRAH/nan_percentage0.7/seed123/fold3/fixed_epochs_deepsurv_simple.json
Fitting DeepSurv Vanilla pilot model...
0:	[0s / 0s],		train_loss: 4.9826,	val_loss: 10.3053
1:	[0s / 0s],		train_loss: 4.8443,	val_loss: 38.1122
2:	[0s / 0s],		train_loss: 4.8090,	val_loss: 30.4526
3:	[0s / 0s],		train_loss: 4.7620,	val_loss: 7.5700
4:	[0s / 0s],		train_loss: 4.7351,	val_loss: 7.4402
5:	[0s / 0s],		train_loss: 4.7231,	val_loss: 60.2112
6:	[0s / 0s],		train_loss: 4.6981,	val_loss: 7.5201
7:	[0s / 1s],		train_loss: 4.7101,	val_loss: 7.6938
8:	[0s / 1s],		train_loss: 4.7046,	val_loss: 7.4448
9:	[0s / 1s],		train_loss: 4.6894,	val_loss: 7.5208
10:	[0s / 1s],		train_loss: 4.6819,	val_loss: 7.5392
11:	[0s / 1s],		train_loss: 4.6850,	val_loss: 7.4963
12:	[0s / 1s],		train_loss: 4.6857,	val_loss: 7.4658
13:	[0s / 1s],		train_loss: 4.6816,	val_loss: 20.7780
14:	[0s / 1s],		train_loss: 4.6660,	val_loss: 9.1047
15:	[0s / 2s],		train_loss: 4.6521,	val_loss: 7.4319
16:	[0s / 2s],		train_loss: 4.6444,	val_loss: 7.4033
17:	[0s / 2s],		train_loss: 4.6437,	val_loss: 7.4259
18:	[0s / 2s],		train_loss: 4.6344,	val_loss: 7.4686
19:	[0s / 2s],		train_loss: 4.6573,	val_loss: 7.4895
20:	[0s / 2s],		train_loss: 4.6388,	val_loss: 7.4272
21:	[0s / 2s],		train_loss: 4.6307,	val_loss: 7.4197
22:	[0s / 2s],		train_loss: 4.6312,	val_loss: 7.4122
23:	[0s / 3s],		train_loss: 4.6384,	val_loss: 7.4317
24:	[0s / 3s],		train_loss: 4.6205,	val_loss: 7.4242
25:	[0s / 3s],		train_loss: 4.6305,	val_loss: 7.4973
26:	[0s / 3s],		train_loss: 4.6354,	val_loss: 7.6253
27:	[0s / 3s],		train_loss: 4.6263,	val_loss: 7.4230
28:	[0s / 3s],		train_loss: 4.6057,	val_loss: 7.7605
29:	[0s / 3s],		train_loss: 4.6256,	val_loss: 7.3897
30:	[0s / 3s],		train_loss: 4.6054,	val_loss: 7.4559
31:	[0s / 4s],		train_loss: 4.6145,	val_loss: 7.3938
32:	[0s / 4s],		train_loss: 4.6092,	val_loss: 7.5048
33:	[0s / 4s],		train_loss: 4.5949,	val_loss: 7.4039
34:	[0s / 4s],		train_loss: 4.6130,	val_loss: 7.4998
35:	[0s / 4s],		train_loss: 4.6049,	val_loss: 7.4059
36:	[0s / 4s],		train_loss: 4.6010,	val_loss: 7.4652
37:	[0s / 4s],		train_loss: 4.6157,	val_loss: 7.4173
38:	[0s / 5s],		train_loss: 4.6164,	val_loss: 7.4518
39:	[0s / 5s],		train_loss: 4.6093,	val_loss: 7.5291
40:	[0s / 5s],		train_loss: 4.6051,	val_loss: 7.4213
41:	[0s / 5s],		train_loss: 4.5909,	val_loss: 7.4072
42:	[0s / 5s],		train_loss: 4.5962,	val_loss: 7.6264
43:	[0s / 5s],		train_loss: 4.5965,	val_loss: 7.4410
44:	[0s / 5s],		train_loss: 4.5942,	val_loss: 7.4226
45:	[0s / 5s],		train_loss: 4.5935,	val_loss: 7.6851
46:	[0s / 6s],		train_loss: 4.5718,	val_loss: 7.5460
47:	[0s / 6s],		train_loss: 4.5772,	val_loss: 7.5057
48:	[0s / 6s],		train_loss: 4.5879,	val_loss: 7.5054
49:	[0s / 6s],		train_loss: 4.5902,	val_loss: 7.5170
Saved fixed_epochs=30 → nan/tabicl/HURRAH/nan_percentage0.7/seed123/fold3/fixed_epochs_deepsurv_vanilla.json
Evaluating method: embeddings
Fitting Random Survival Forest model...
C-index TRAIN: 0.98763947568307
C-index TEST : 0.6560121114596456
Fitting deepsurv_simple.pt...
0:	[0s / 0s],		train_loss: 2.9678
1:	[0s / 0s],		train_loss: 2.7543
2:	[0s / 0s],		train_loss: 2.7824
3:	[0s / 0s],		train_loss: 2.7225
4:	[0s / 0s],		train_loss: 2.8197
5:	[0s / 0s],		train_loss: 2.8816
6:	[0s / 0s],		train_loss: 2.7676
7:	[0s / 0s],		train_loss: 2.7550
8:	[0s / 0s],		train_loss: 2.7429
C-index TRAIN: 0.9535849393893028
C-index TEST : 0.6647930811027174
Fitting deepsurv_vanilla.pt...
0:	[0s / 0s],		train_loss: 2.8827
1:	[0s / 0s],		train_loss: 2.7449
2:	[0s / 0s],		train_loss: 2.7306
3:	[0s / 0s],		train_loss: 2.7170
4:	[0s / 0s],		train_loss: 2.7100
5:	[0s / 0s],		train_loss: 2.6941
6:	[0s / 0s],		train_loss: 2.6795
7:	[0s / 0s],		train_loss: 2.6750
8:	[0s / 1s],		train_loss: 2.6719
9:	[0s / 1s],		train_loss: 2.6686
10:	[0s / 1s],		train_loss: 2.6564
11:	[0s / 1s],		train_loss: 2.6611
12:	[0s / 1s],		train_loss: 2.6604
13:	[0s / 1s],		train_loss: 2.6416
14:	[0s / 1s],		train_loss: 2.6284
15:	[0s / 1s],		train_loss: 2.6378
16:	[0s / 2s],		train_loss: 2.6182
17:	[0s / 2s],		train_loss: 2.6432
18:	[0s / 2s],		train_loss: 2.6223
19:	[0s / 2s],		train_loss: 2.6234
20:	[0s / 2s],		train_loss: 2.6205
21:	[0s / 2s],		train_loss: 2.6082
22:	[0s / 2s],		train_loss: 2.6036
23:	[0s / 2s],		train_loss: 2.6167
24:	[0s / 3s],		train_loss: 2.6048
25:	[0s / 3s],		train_loss: 2.6054
26:	[0s / 3s],		train_loss: 2.5812
27:	[0s / 3s],		train_loss: 2.6014
28:	[0s / 3s],		train_loss: 2.5898
29:	[0s / 3s],		train_loss: 2.5938
C-index TRAIN: 0.9622771403103343
C-index TEST : 0.6062258454739795
Fitting Cox model...
C-index TRAIN: 0.9567325880434625
C-index TEST : 0.6746247650620543
Evaluating method: mean
Fitting Random Survival Forest model...
C-index TRAIN: 0.8731453307136346
C-index TEST : 0.7791748745316373
Fitting deepsurv_simple.pt...
0:	[0s / 0s],		train_loss: 10.5507
1:	[0s / 0s],		train_loss: 4.8720
2:	[0s / 0s],		train_loss: 4.7882
3:	[0s / 0s],		train_loss: 4.7699
4:	[0s / 0s],		train_loss: 4.7514
5:	[0s / 0s],		train_loss: 4.7424
6:	[0s / 0s],		train_loss: 4.7419
7:	[0s / 0s],		train_loss: 4.7390
8:	[0s / 0s],		train_loss: 4.7578
C-index TRAIN: 0.7412068581431552
C-index TEST : 0.764995073263517
Fitting deepsurv_vanilla.pt...
0:	[0s / 0s],		train_loss: 5.0034
1:	[0s / 0s],		train_loss: 4.8498
2:	[0s / 0s],		train_loss: 4.7754
3:	[0s / 0s],		train_loss: 4.7584
4:	[0s / 0s],		train_loss: 4.7301
5:	[0s / 0s],		train_loss: 4.7289
6:	[0s / 0s],		train_loss: 4.7173
7:	[0s / 0s],		train_loss: 4.6975
8:	[0s / 0s],		train_loss: 4.6907
9:	[0s / 1s],		train_loss: 4.6875
10:	[0s / 1s],		train_loss: 4.6894
11:	[0s / 1s],		train_loss: 4.6884
12:	[0s / 1s],		train_loss: 4.6749
13:	[0s / 1s],		train_loss: 4.6686
14:	[0s / 1s],		train_loss: 4.6550
15:	[0s / 1s],		train_loss: 4.6737
16:	[0s / 1s],		train_loss: 4.6667
17:	[0s / 1s],		train_loss: 4.6537
18:	[0s / 2s],		train_loss: 4.6458
19:	[0s / 2s],		train_loss: 4.6516
20:	[0s / 2s],		train_loss: 4.6378
21:	[0s / 2s],		train_loss: 4.6273
22:	[0s / 2s],		train_loss: 4.6479
23:	[0s / 2s],		train_loss: 4.6421
24:	[0s / 2s],		train_loss: 4.6344
25:	[0s / 2s],		train_loss: 4.6086
26:	[0s / 2s],		train_loss: 4.6262
27:	[0s / 2s],		train_loss: 4.6312
28:	[0s / 3s],		train_loss: 4.6268
29:	[0s / 3s],		train_loss: 4.6447
C-index TRAIN: 0.7702197470484029
C-index TEST : 0.7573253429549283
Fitting Cox model...
C-index TRAIN: 0.7539476220475283
C-index TEST : 0.7689784264625064
Evaluating method: median
Fitting Random Survival Forest model...
C-index TRAIN: 0.8339619707686001
C-index TEST : 0.7716746142740589
Fitting deepsurv_simple.pt...
0:	[0s / 0s],		train_loss: 10.6831
1:	[0s / 0s],		train_loss: 4.9262
2:	[0s / 0s],		train_loss: 4.7954
3:	[0s / 0s],		train_loss: 4.7785
4:	[0s / 0s],		train_loss: 4.7649
5:	[0s / 0s],		train_loss: 4.7593
6:	[0s / 0s],		train_loss: 4.7601
7:	[0s / 0s],		train_loss: 4.7594
8:	[0s / 0s],		train_loss: 4.7633
C-index TRAIN: 0.7391803332379185
C-index TEST : 0.7615693572323765
Fitting deepsurv_vanilla.pt...
0:	[0s / 0s],		train_loss: 5.0082
1:	[0s / 0s],		train_loss: 4.8549
2:	[0s / 0s],		train_loss: 4.7873
3:	[0s / 0s],		train_loss: 4.7728
4:	[0s / 0s],		train_loss: 4.7374
5:	[0s / 0s],		train_loss: 4.7478
6:	[0s / 0s],		train_loss: 4.7322
7:	[0s / 0s],		train_loss: 4.7104
8:	[0s / 0s],		train_loss: 4.7151
9:	[0s / 1s],		train_loss: 4.6898
10:	[0s / 1s],		train_loss: 4.7002
11:	[0s / 1s],		train_loss: 4.6989
12:	[0s / 1s],		train_loss: 4.6768
13:	[0s / 1s],		train_loss: 4.6793
14:	[0s / 1s],		train_loss: 4.6651
15:	[0s / 1s],		train_loss: 4.6738
16:	[0s / 1s],		train_loss: 4.6667
17:	[0s / 1s],		train_loss: 4.6630
18:	[0s / 2s],		train_loss: 4.6601
19:	[0s / 2s],		train_loss: 4.6608
20:	[0s / 2s],		train_loss: 4.6544
21:	[0s / 2s],		train_loss: 4.6518
22:	[0s / 2s],		train_loss: 4.6683
23:	[0s / 2s],		train_loss: 4.6658
24:	[0s / 2s],		train_loss: 4.6561
25:	[0s / 2s],		train_loss: 4.6329
26:	[0s / 2s],		train_loss: 4.6434
27:	[0s / 3s],		train_loss: 4.6487
28:	[0s / 3s],		train_loss: 4.6471
29:	[0s / 3s],		train_loss: 4.6391
C-index TRAIN: 0.7710411913038091
C-index TEST : 0.7633891427801319
Fitting Cox model...
C-index TRAIN: 0.7509545534603171
C-index TEST : 0.7655922534432683
Evaluating method: constant
Fitting Random Survival Forest model...
C-index TRAIN: 0.8580113388458948
C-index TEST : 0.7720482553865249
Fitting deepsurv_simple.pt...
0:	[0s / 0s],		train_loss: 15.2040
1:	[0s / 0s],		train_loss: 5.0525
2:	[0s / 0s],		train_loss: 4.9715
3:	[0s / 0s],		train_loss: 4.9590
4:	[0s / 0s],		train_loss: 4.9904
5:	[0s / 0s],		train_loss: 4.9505
6:	[0s / 0s],		train_loss: 4.9785
7:	[0s / 0s],		train_loss: 4.9676
8:	[0s / 0s],		train_loss: 5.0201
C-index TRAIN: 0.6501708086925406
C-index TEST : 0.6318376121831213
Fitting deepsurv_vanilla.pt...
0:	[0s / 0s],		train_loss: 5.1397
1:	[0s / 0s],		train_loss: 5.0472
2:	[0s / 0s],		train_loss: 4.9782
3:	[0s / 0s],		train_loss: 4.9258
4:	[0s / 0s],		train_loss: 4.9011
5:	[0s / 0s],		train_loss: 4.8439
6:	[0s / 0s],		train_loss: 4.8453
7:	[0s / 0s],		train_loss: 4.8062
8:	[0s / 0s],		train_loss: 4.7819
9:	[0s / 1s],		train_loss: 4.7808
10:	[0s / 1s],		train_loss: 4.7656
11:	[0s / 1s],		train_loss: 4.7537
12:	[0s / 1s],		train_loss: 4.7525
13:	[0s / 1s],		train_loss: 4.7177
14:	[0s / 1s],		train_loss: 4.7114
15:	[0s / 1s],		train_loss: 4.7083
16:	[0s / 1s],		train_loss: 4.6982
17:	[0s / 1s],		train_loss: 4.6729
18:	[0s / 2s],		train_loss: 4.6809
19:	[0s / 2s],		train_loss: 4.6922
20:	[0s / 2s],		train_loss: 4.6532
21:	[0s / 2s],		train_loss: 4.6560
22:	[0s / 2s],		train_loss: 4.6372
23:	[0s / 2s],		train_loss: 4.6554
24:	[0s / 2s],		train_loss: 4.6355
25:	[0s / 2s],		train_loss: 4.6216
26:	[0s / 2s],		train_loss: 4.6094
27:	[0s / 2s],		train_loss: 4.6154
28:	[0s / 3s],		train_loss: 4.6351
29:	[0s / 3s],		train_loss: 4.5973
C-index TRAIN: 0.8023211953759216
C-index TEST : 0.7186014362990323
Fitting Cox model...
C-index TRAIN: 0.7063608658227781
C-index TEST : 0.7115256581692231
Evaluating method: knn
Fitting Random Survival Forest model...
C-index TRAIN: 0.9211803894119802
C-index TEST : 0.7798850347453955
Fitting deepsurv_simple.pt...
0:	[0s / 0s],		train_loss: 10.2957
1:	[0s / 0s],		train_loss: 4.8567
2:	[0s / 0s],		train_loss: 4.7838
3:	[0s / 0s],		train_loss: 4.7821
4:	[0s / 0s],		train_loss: 4.7622
5:	[0s / 0s],		train_loss: 4.7460
6:	[0s / 0s],		train_loss: 4.7652
7:	[0s / 0s],		train_loss: 4.8112
8:	[0s / 0s],		train_loss: 4.9311
C-index TRAIN: 0.7356624072735067
C-index TEST : 0.7525826025273633
Fitting deepsurv_vanilla.pt...
0:	[0s / 0s],		train_loss: 4.9470
1:	[0s / 0s],		train_loss: 4.8340
2:	[0s / 0s],		train_loss: 4.7881
3:	[0s / 0s],		train_loss: 4.7766
4:	[0s / 0s],		train_loss: 4.7489
5:	[0s / 0s],		train_loss: 4.7383
6:	[0s / 0s],		train_loss: 4.7289
7:	[0s / 0s],		train_loss: 4.7060
8:	[0s / 1s],		train_loss: 4.7022
9:	[0s / 1s],		train_loss: 4.7043
10:	[0s / 1s],		train_loss: 4.6951
11:	[0s / 1s],		train_loss: 4.6942
12:	[0s / 1s],		train_loss: 4.6882
13:	[0s / 1s],		train_loss: 4.6781
14:	[0s / 1s],		train_loss: 4.6725
15:	[0s / 1s],		train_loss: 4.6818
16:	[0s / 1s],		train_loss: 4.6643
17:	[0s / 1s],		train_loss: 4.6620
18:	[0s / 2s],		train_loss: 4.6699
19:	[0s / 2s],		train_loss: 4.6604
20:	[0s / 2s],		train_loss: 4.6565
21:	[0s / 2s],		train_loss: 4.6561
22:	[0s / 2s],		train_loss: 4.6578
23:	[0s / 2s],		train_loss: 4.6608
24:	[0s / 2s],		train_loss: 4.6487
25:	[0s / 2s],		train_loss: 4.6392
26:	[0s / 2s],		train_loss: 4.6429
27:	[0s / 3s],		train_loss: 4.6521
28:	[0s / 3s],		train_loss: 4.6328
29:	[0s / 3s],		train_loss: 4.6497
C-index TRAIN: 0.7651236240016556
C-index TEST : 0.7404247403678469
Fitting Cox model...
C-index TRAIN: 0.7492605860982582
C-index TEST : 0.7621867124182005
Evaluating method: imputer_bayesian
Fitting Random Survival Forest model...
C-index TRAIN: 0.9271018858565373
C-index TEST : 0.7956885205022447
Fitting deepsurv_simple.pt...
0:	[0s / 0s],		train_loss: 10.8014
1:	[0s / 0s],		train_loss: 4.8055
2:	[0s / 0s],		train_loss: 4.7271
3:	[0s / 0s],		train_loss: 4.7330
4:	[0s / 0s],		train_loss: 4.7129
5:	[0s / 0s],		train_loss: 4.7005
6:	[0s / 0s],		train_loss: 4.7090
7:	[0s / 0s],		train_loss: 4.7753
8:	[0s / 0s],		train_loss: 4.7436
C-index TRAIN: 0.7507528490338314
C-index TEST : 0.7695078186218534
Fitting deepsurv_vanilla.pt...
0:	[0s / 0s],		train_loss: 4.8792
1:	[0s / 0s],		train_loss: 4.7389
2:	[0s / 0s],		train_loss: 4.7104
3:	[0s / 0s],		train_loss: 4.6937
4:	[0s / 0s],		train_loss: 4.6906
5:	[0s / 0s],		train_loss: 4.6817
6:	[0s / 0s],		train_loss: 4.6743
7:	[0s / 0s],		train_loss: 4.6630
8:	[0s / 1s],		train_loss: 4.6597
9:	[0s / 1s],		train_loss: 4.6483
10:	[0s / 1s],		train_loss: 4.6486
11:	[0s / 1s],		train_loss: 4.6502
12:	[0s / 1s],		train_loss: 4.6464
13:	[0s / 1s],		train_loss: 4.6286
14:	[0s / 1s],		train_loss: 4.6266
15:	[0s / 1s],		train_loss: 4.6349
16:	[0s / 1s],		train_loss: 4.6276
17:	[0s / 2s],		train_loss: 4.6202
18:	[0s / 2s],		train_loss: 4.6261
19:	[0s / 2s],		train_loss: 4.6095
20:	[0s / 2s],		train_loss: 4.6091
21:	[0s / 2s],		train_loss: 4.6147
22:	[0s / 2s],		train_loss: 4.6141
23:	[0s / 2s],		train_loss: 4.6284
24:	[0s / 2s],		train_loss: 4.6054
25:	[0s / 3s],		train_loss: 4.6016
26:	[0s / 3s],		train_loss: 4.6033
27:	[0s / 3s],		train_loss: 4.6124
28:	[0s / 3s],		train_loss: 4.6023
29:	[0s / 3s],		train_loss: 4.6295
C-index TRAIN: 0.7776317319771252
C-index TEST : 0.7688961124377298
Fitting Cox model...
C-index TRAIN: 0.7593489000378516
C-index TEST : 0.769824162717073
[fold=3, target=90%] actual NaN%: 90.0%
X_train shape: (13566, 61), X_test shape: (3392, 61)
Generating Tabicl Embeddings...
Warming up TabICL model (triggering checkpoint load)...
ARRIVATO QUI 1
Loading TabICL model checkpoint 'tabicl-classifier-v1.1-0506.ckpt'...
ARRIVATO QUI
Performing dummy prediction to ensure model is loaded...
Warming up TabICL model (triggering checkpoint load)...
ARRIVATO QUI 1
Loading TabICL model checkpoint 'tabicl-classifier-v1.1-0506.ckpt'...
ARRIVATO QUI
Performing dummy prediction to ensure model is loaded...
Successfully generated embeddings with shape: (13566, 512)
Fitting SimpleImputer (mean)...
Fitting SimpleImputer (median)...
Fitting SimpleImputer (constant, fill=-1)...
Fitting KNNImputer...
Fitting IterativeImputer (BayesianRidge, MICE-like)...
Fitting DeepSurv Simple pilot model...
0:	[0s / 0s],		train_loss: 6.0817,	val_loss: 7.9294
1:	[0s / 0s],		train_loss: 5.0261,	val_loss: 8.0315
2:	[0s / 0s],		train_loss: 5.0312,	val_loss: 7.7720
3:	[0s / 0s],		train_loss: 4.9580,	val_loss: 7.7149
4:	[0s / 0s],		train_loss: 4.9277,	val_loss: 7.6983
5:	[0s / 0s],		train_loss: 4.9579,	val_loss: 7.7089
6:	[0s / 0s],		train_loss: 4.9633,	val_loss: 7.7890
7:	[0s / 0s],		train_loss: 4.9592,	val_loss: 7.6932
8:	[0s / 0s],		train_loss: 4.9259,	val_loss: 7.6957
9:	[0s / 0s],		train_loss: 4.9456,	val_loss: 7.8082
10:	[0s / 0s],		train_loss: 4.9498,	val_loss: 7.6834
11:	[0s / 0s],		train_loss: 4.9508,	val_loss: 7.7226
12:	[0s / 0s],		train_loss: 4.9434,	val_loss: 7.7161
13:	[0s / 1s],		train_loss: 4.9440,	val_loss: 7.7297
14:	[0s / 1s],		train_loss: 4.9632,	val_loss: 7.8433
15:	[0s / 1s],		train_loss: 4.9635,	val_loss: 7.7230
16:	[0s / 1s],		train_loss: 4.9664,	val_loss: 7.8216
17:	[0s / 1s],		train_loss: 4.9641,	val_loss: 7.7145
18:	[0s / 1s],		train_loss: 5.0413,	val_loss: 8.0191
19:	[0s / 1s],		train_loss: 5.1588,	val_loss: 7.8567
20:	[0s / 1s],		train_loss: 4.9343,	val_loss: 7.6906
21:	[0s / 1s],		train_loss: 4.9431,	val_loss: 7.7336
22:	[0s / 1s],		train_loss: 5.0016,	val_loss: 7.7282
23:	[0s / 1s],		train_loss: 5.0953,	val_loss: 7.7504
24:	[0s / 1s],		train_loss: 5.0065,	val_loss: 7.6952
25:	[0s / 1s],		train_loss: 4.9459,	val_loss: 7.6898
26:	[0s / 2s],		train_loss: 4.9688,	val_loss: 7.7121
27:	[0s / 2s],		train_loss: 4.9413,	val_loss: 7.7269
28:	[0s / 2s],		train_loss: 5.0775,	val_loss: 7.8801
29:	[0s / 2s],		train_loss: 5.0184,	val_loss: 7.6930
30:	[0s / 2s],		train_loss: 4.9874,	val_loss: 7.7971
Saved fixed_epochs=11 → nan/tabicl/HURRAH/nan_percentage0.9/seed123/fold3/fixed_epochs_deepsurv_simple.json
Fitting DeepSurv Vanilla pilot model...
0:	[0s / 0s],		train_loss: 5.1726,	val_loss: 7.8382
1:	[0s / 0s],		train_loss: 5.0499,	val_loss: 7.7414
2:	[0s / 0s],		train_loss: 5.0415,	val_loss: 7.7696
3:	[0s / 0s],		train_loss: 4.9860,	val_loss: 7.7837
4:	[0s / 0s],		train_loss: 4.9558,	val_loss: 7.7034
5:	[0s / 0s],		train_loss: 4.9520,	val_loss: 7.7217
6:	[0s / 0s],		train_loss: 4.9278,	val_loss: 7.7196
7:	[0s / 0s],		train_loss: 4.9308,	val_loss: 7.7505
8:	[0s / 0s],		train_loss: 4.9292,	val_loss: 7.6792
9:	[0s / 1s],		train_loss: 4.9254,	val_loss: 26.8472
10:	[0s / 1s],		train_loss: 4.9316,	val_loss: 64.1535
11:	[0s / 1s],		train_loss: 4.9104,	val_loss: 15.4573
12:	[0s / 1s],		train_loss: 4.9072,	val_loss: 16.3515
13:	[0s / 1s],		train_loss: 4.8982,	val_loss: 52.1951
14:	[0s / 1s],		train_loss: 4.9018,	val_loss: 46.5649
15:	[0s / 1s],		train_loss: 4.8936,	val_loss: 13.9667
16:	[0s / 1s],		train_loss: 4.8792,	val_loss: 7.6701
17:	[0s / 1s],		train_loss: 4.8747,	val_loss: 54.4567
18:	[0s / 2s],		train_loss: 4.8836,	val_loss: 9.0244
19:	[0s / 2s],		train_loss: 4.8901,	val_loss: 7.7203
20:	[0s / 2s],		train_loss: 4.8762,	val_loss: 36.2834
21:	[0s / 2s],		train_loss: 4.8724,	val_loss: 28.7140
22:	[0s / 2s],		train_loss: 4.8812,	val_loss: 22.5047
23:	[0s / 2s],		train_loss: 4.8764,	val_loss: 28.5602
24:	[0s / 2s],		train_loss: 4.8744,	val_loss: 19.5357
25:	[0s / 2s],		train_loss: 4.8658,	val_loss: 22.3232
26:	[0s / 2s],		train_loss: 4.8716,	val_loss: 31.6933
27:	[0s / 3s],		train_loss: 4.8663,	val_loss: 20.1941
28:	[0s / 3s],		train_loss: 4.8699,	val_loss: 7.7354
29:	[0s / 3s],		train_loss: 4.8662,	val_loss: 16.3558
30:	[0s / 3s],		train_loss: 4.8619,	val_loss: 12.9570
31:	[0s / 3s],		train_loss: 4.8715,	val_loss: 8.2002
32:	[0s / 3s],		train_loss: 4.8763,	val_loss: 33.9811
33:	[0s / 3s],		train_loss: 4.8721,	val_loss: 37.5470
34:	[0s / 3s],		train_loss: 4.8702,	val_loss: 7.8864
35:	[0s / 3s],		train_loss: 4.8663,	val_loss: 37.4428
36:	[0s / 4s],		train_loss: 4.8732,	val_loss: 18.2594
Saved fixed_epochs=17 → nan/tabicl/HURRAH/nan_percentage0.9/seed123/fold3/fixed_epochs_deepsurv_vanilla.json
Evaluating method: embeddings
Fitting Random Survival Forest model...
C-index TRAIN: 0.9900257072380279
C-index TEST : 0.5360426483488372
Fitting deepsurv_simple.pt...
0:	[0s / 0s],		train_loss: 2.9584
1:	[0s / 0s],		train_loss: 2.7882
2:	[0s / 0s],		train_loss: 2.7858
3:	[0s / 0s],		train_loss: 2.7600
4:	[0s / 0s],		train_loss: 2.7546
5:	[0s / 0s],		train_loss: 2.7824
6:	[0s / 0s],		train_loss: 2.7526
7:	[0s / 0s],		train_loss: 2.7769
8:	[0s / 0s],		train_loss: 2.7809
9:	[0s / 1s],		train_loss: 2.8115
10:	[0s / 1s],		train_loss: 2.7719
C-index TRAIN: 0.9561489963246549
C-index TEST : 0.5538834062189053
Fitting deepsurv_vanilla.pt...
0:	[0s / 0s],		train_loss: 2.8757
1:	[0s / 0s],		train_loss: 2.7425
2:	[0s / 0s],		train_loss: 2.7344
3:	[0s / 0s],		train_loss: 2.7201
4:	[0s / 0s],		train_loss: 2.7305
5:	[0s / 0s],		train_loss: 2.7089
6:	[0s / 0s],		train_loss: 2.6923
7:	[0s / 1s],		train_loss: 2.6985
8:	[0s / 1s],		train_loss: 2.6932
9:	[0s / 1s],		train_loss: 2.6975
10:	[0s / 1s],		train_loss: 2.6818
11:	[0s / 1s],		train_loss: 2.6890
12:	[0s / 1s],		train_loss: 2.6837
13:	[0s / 1s],		train_loss: 2.6797
14:	[0s / 2s],		train_loss: 2.6780
15:	[0s / 2s],		train_loss: 2.6756
16:	[0s / 2s],		train_loss: 2.6690
C-index TRAIN: 0.9574347384656349
C-index TEST : 0.6001140291343228
Fitting Cox model...
C-index TRAIN: 0.956561936516618
C-index TEST : 0.5670883511935937
Evaluating method: mean
Fitting Random Survival Forest model...
C-index TRAIN: 0.786379371830006
C-index TEST : 0.6802689247609464
Fitting deepsurv_simple.pt...
0:	[0s / 0s],		train_loss: 7.1592
1:	[0s / 0s],		train_loss: 4.9918
2:	[0s / 0s],		train_loss: 4.9677
3:	[0s / 0s],		train_loss: 4.9538
4:	[0s / 0s],		train_loss: 4.9585
5:	[0s / 0s],		train_loss: 4.9295
6:	[0s / 0s],		train_loss: 4.9562
7:	[0s / 0s],		train_loss: 5.0107
8:	[0s / 0s],		train_loss: 4.9570
9:	[0s / 0s],		train_loss: 4.9489
10:	[0s / 0s],		train_loss: 4.9514
C-index TRAIN: 0.6743195206993813
C-index TEST : 0.6691222339057924
Fitting deepsurv_vanilla.pt...
0:	[0s / 0s],		train_loss: 5.1310
1:	[0s / 0s],		train_loss: 5.0523
2:	[0s / 0s],		train_loss: 5.0087
3:	[0s / 0s],		train_loss: 4.9691
4:	[0s / 0s],		train_loss: 4.9517
5:	[0s / 0s],		train_loss: 4.9426
6:	[0s / 0s],		train_loss: 4.9338
7:	[0s / 0s],		train_loss: 4.9240
8:	[0s / 0s],		train_loss: 4.9170
9:	[0s / 1s],		train_loss: 4.9193
10:	[0s / 1s],		train_loss: 4.9079
11:	[0s / 1s],		train_loss: 4.9203
12:	[0s / 1s],		train_loss: 4.9096
13:	[0s / 1s],		train_loss: 4.9010
14:	[0s / 1s],		train_loss: 4.9064
15:	[0s / 1s],		train_loss: 4.8997
16:	[0s / 1s],		train_loss: 4.8916
C-index TRAIN: 0.6962132852061552
C-index TEST : 0.6862395160580943
Fitting Cox model...
C-index TRAIN: 0.6899125884956941
C-index TEST : 0.6948744186572
Evaluating method: median
Fitting Random Survival Forest model...
C-index TRAIN: 0.7388806790937076
C-index TEST : 0.6796878845860532
Fitting deepsurv_simple.pt...
0:	[0s / 0s],		train_loss: 7.2338
1:	[0s / 0s],		train_loss: 5.0374
2:	[0s / 0s],		train_loss: 4.9787
3:	[0s / 0s],		train_loss: 4.9724
4:	[0s / 0s],		train_loss: 4.9732
5:	[0s / 0s],		train_loss: 4.9549
6:	[0s / 0s],		train_loss: 4.9807
7:	[0s / 0s],		train_loss: 5.0358
8:	[0s / 0s],		train_loss: 4.9651
9:	[0s / 0s],		train_loss: 4.9586
10:	[0s / 0s],		train_loss: 4.9683
C-index TRAIN: 0.6628234330605444
C-index TEST : 0.662039192773797
Fitting deepsurv_vanilla.pt...
0:	[0s / 0s],		train_loss: 5.1292
1:	[0s / 0s],		train_loss: 5.0391
2:	[0s / 0s],		train_loss: 5.0136
3:	[0s / 0s],		train_loss: 4.9793
4:	[0s / 0s],		train_loss: 4.9602
5:	[0s / 0s],		train_loss: 4.9655
6:	[0s / 0s],		train_loss: 4.9574
7:	[0s / 0s],		train_loss: 4.9420
8:	[0s / 0s],		train_loss: 4.9282
9:	[0s / 1s],		train_loss: 4.9269
10:	[0s / 1s],		train_loss: 4.9403
11:	[0s / 1s],		train_loss: 4.9465
12:	[0s / 1s],		train_loss: 4.9249
13:	[0s / 1s],		train_loss: 4.9201
14:	[0s / 1s],		train_loss: 4.9131
15:	[0s / 1s],		train_loss: 4.9233
16:	[0s / 1s],		train_loss: 4.9125
C-index TRAIN: 0.6868792905601314
C-index TEST : 0.6837604113118838
Fitting Cox model...
C-index TRAIN: 0.6781052113812704
C-index TEST : 0.6848030556257197
Evaluating method: constant
Fitting Random Survival Forest model...
C-index TRAIN: 0.7539123104645078
C-index TEST : 0.6661008249963484
Fitting deepsurv_simple.pt...
0:	[0s / 0s],		train_loss: 13.2092
1:	[0s / 0s],		train_loss: 5.2429
2:	[0s / 0s],		train_loss: 5.0692
3:	[0s / 0s],		train_loss: 5.0624
4:	[0s / 0s],		train_loss: 5.0869
5:	[0s / 0s],		train_loss: 5.0534
6:	[0s / 0s],		train_loss: 5.0375
7:	[0s / 0s],		train_loss: 5.0599
8:	[0s / 0s],		train_loss: 5.0817
9:	[0s / 0s],		train_loss: 5.0858
10:	[0s / 0s],		train_loss: 5.0758
C-index TRAIN: 0.6139587929796213
C-index TEST : 0.6106518383062033
Fitting deepsurv_vanilla.pt...
0:	[0s / 0s],		train_loss: 5.1707
1:	[0s / 0s],		train_loss: 5.1418
2:	[0s / 0s],		train_loss: 5.1108
3:	[0s / 0s],		train_loss: 5.1040
4:	[0s / 0s],		train_loss: 5.0792
5:	[0s / 0s],		train_loss: 5.0712
6:	[0s / 0s],		train_loss: 5.0589
7:	[0s / 0s],		train_loss: 5.0495
8:	[0s / 1s],		train_loss: 5.0247
9:	[0s / 1s],		train_loss: 5.0258
10:	[0s / 1s],		train_loss: 5.0261
11:	[0s / 1s],		train_loss: 5.0017
12:	[0s / 1s],		train_loss: 5.0092
13:	[0s / 1s],		train_loss: 4.9940
14:	[0s / 1s],		train_loss: 4.9950
15:	[0s / 1s],		train_loss: 5.0031
16:	[0s / 2s],		train_loss: 4.9745
C-index TRAIN: 0.6736385369475765
C-index TEST : 0.6168084431593414
Fitting Cox model...
C-index TRAIN: 0.6456244613906243
C-index TEST : 0.6378703424989731
Evaluating method: knn
Fitting Random Survival Forest model...
C-index TRAIN: 0.9173256725703172
C-index TEST : 0.6669505962521295
Fitting deepsurv_simple.pt...
0:	[0s / 0s],		train_loss: 8.2040
1:	[0s / 0s],		train_loss: 5.0341
2:	[0s / 0s],		train_loss: 5.0249
3:	[0s / 0s],		train_loss: 5.0097
4:	[0s / 0s],		train_loss: 5.0130
5:	[0s / 0s],		train_loss: 4.9990
6:	[0s / 0s],		train_loss: 5.0141
7:	[0s / 0s],		train_loss: 5.0549
8:	[0s / 0s],		train_loss: 5.0210
9:	[0s / 0s],		train_loss: 5.0189
10:	[0s / 0s],		train_loss: 5.0241
C-index TRAIN: 0.648285530119386
C-index TEST : 0.634214631398604
Fitting deepsurv_vanilla.pt...
0:	[0s / 0s],		train_loss: 5.1313
1:	[0s / 0s],		train_loss: 5.0737
2:	[0s / 0s],		train_loss: 5.0369
3:	[0s / 0s],		train_loss: 5.0080
4:	[0s / 0s],		train_loss: 5.0077
5:	[0s / 0s],		train_loss: 4.9804
6:	[0s / 0s],		train_loss: 4.9768
7:	[0s / 0s],		train_loss: 4.9706
8:	[0s / 0s],		train_loss: 4.9754
9:	[0s / 1s],		train_loss: 4.9619
10:	[0s / 1s],		train_loss: 4.9579
11:	[0s / 1s],		train_loss: 4.9634
12:	[0s / 1s],		train_loss: 4.9535
13:	[0s / 1s],		train_loss: 4.9484
14:	[0s / 1s],		train_loss: 4.9474
15:	[0s / 1s],		train_loss: 4.9474
16:	[0s / 1s],		train_loss: 4.9367
C-index TRAIN: 0.672787104463374
C-index TEST : 0.6393092239320765
Fitting Cox model...
C-index TRAIN: 0.6637540821254643
C-index TEST : 0.6552353737258475
Evaluating method: imputer_bayesian
Fitting Random Survival Forest model...
C-index TRAIN: 0.8994337269269351
C-index TEST : 0.6901106962233196
Fitting deepsurv_simple.pt...
0:	[0s / 0s],		train_loss: 7.3289
1:	[0s / 0s],		train_loss: 4.9889
2:	[0s / 0s],		train_loss: 4.9611
3:	[0s / 0s],		train_loss: 4.9503
4:	[0s / 0s],		train_loss: 4.9435
5:	[0s / 0s],		train_loss: 4.9266
6:	[0s / 0s],		train_loss: 4.9445
7:	[0s / 0s],		train_loss: 4.9819
8:	[0s / 0s],		train_loss: 4.9597
9:	[0s / 0s],		train_loss: 4.9405
10:	[0s / 0s],		train_loss: 4.9486
C-index TRAIN: 0.6696578340559406
C-index TEST : 0.6661044564974414
Fitting deepsurv_vanilla.pt...
0:	[0s / 0s],		train_loss: 5.1159
1:	[0s / 1s],		train_loss: 5.0165
2:	[0s / 1s],		train_loss: 4.9773
3:	[0s / 1s],		train_loss: 4.9553
4:	[0s / 2s],		train_loss: 4.9423
5:	[0s / 2s],		train_loss: 4.9353
6:	[0s / 2s],		train_loss: 4.9288
7:	[0s / 2s],		train_loss: 4.9203
8:	[0s / 2s],		train_loss: 4.9077
9:	[0s / 2s],		train_loss: 4.9192
10:	[0s / 3s],		train_loss: 4.9065
11:	[0s / 3s],		train_loss: 4.9177
12:	[0s / 3s],		train_loss: 4.9042
13:	[0s / 3s],		train_loss: 4.8943
14:	[0s / 3s],		train_loss: 4.8991
15:	[0s / 3s],		train_loss: 4.8998
16:	[0s / 3s],		train_loss: 4.8908
C-index TRAIN: 0.6774214645551303
C-index TEST : 0.6569131272308513
Fitting Cox model...
C-index TRAIN: 0.6867635456297138
C-index TEST : 0.6914567726284886
Generating NaN ordering → tmp/masks/HURRAH_tabicl_seed123_fold4_train.npy
Generating NaN ordering → tmp/masks/HURRAH_tabicl_seed123_fold4_test.npy
[fold=4, target=10%] actual NaN%: 10.0%
X_train shape: (13567, 61), X_test shape: (3391, 61)
Generating Tabicl Embeddings...
Warming up TabICL model (triggering checkpoint load)...
ARRIVATO QUI 1
Loading TabICL model checkpoint 'tabicl-classifier-v1.1-0506.ckpt'...
ARRIVATO QUI
Performing dummy prediction to ensure model is loaded...
Warming up TabICL model (triggering checkpoint load)...
ARRIVATO QUI 1
Loading TabICL model checkpoint 'tabicl-classifier-v1.1-0506.ckpt'...
ARRIVATO QUI
Performing dummy prediction to ensure model is loaded...
Successfully generated embeddings with shape: (13567, 512)
Fitting SimpleImputer (mean)...
Fitting SimpleImputer (median)...
Fitting SimpleImputer (constant, fill=-1)...
Fitting KNNImputer...
Fitting IterativeImputer (BayesianRidge, MICE-like)...
Fitting DeepSurv Simple pilot model...
0:	[0s / 0s],		train_loss: 6.8807,	val_loss: 7.2847
1:	[0s / 0s],		train_loss: 4.6347,	val_loss: 7.6225
2:	[0s / 0s],		train_loss: 4.5009,	val_loss: 7.2704
3:	[0s / 0s],		train_loss: 4.4702,	val_loss: 7.2308
4:	[0s / 0s],		train_loss: 4.4949,	val_loss: 7.4402
5:	[0s / 0s],		train_loss: 4.4502,	val_loss: 7.2971
6:	[0s / 0s],		train_loss: 4.4367,	val_loss: 7.2754
7:	[0s / 0s],		train_loss: 4.4123,	val_loss: 7.2818
8:	[0s / 0s],		train_loss: 4.4756,	val_loss: 7.2286
9:	[0s / 0s],		train_loss: 4.5005,	val_loss: 7.2030
10:	[0s / 0s],		train_loss: 4.4909,	val_loss: 7.2927
11:	[0s / 0s],		train_loss: 4.4903,	val_loss: 7.2947
12:	[0s / 0s],		train_loss: 4.4601,	val_loss: 7.2852
13:	[0s / 1s],		train_loss: 4.4444,	val_loss: 7.2386
14:	[0s / 1s],		train_loss: 4.6425,	val_loss: 7.4679
15:	[0s / 1s],		train_loss: 4.4917,	val_loss: 7.3958
16:	[0s / 1s],		train_loss: 4.4537,	val_loss: 7.2385
17:	[0s / 1s],		train_loss: 4.4849,	val_loss: 7.2338
18:	[0s / 1s],		train_loss: 4.5374,	val_loss: 7.4953
19:	[0s / 1s],		train_loss: 4.4467,	val_loss: 7.3605
20:	[0s / 1s],		train_loss: 4.5101,	val_loss: 7.4495
21:	[0s / 1s],		train_loss: 4.4708,	val_loss: 7.3384
22:	[0s / 1s],		train_loss: 4.7530,	val_loss: 9.6672
23:	[0s / 1s],		train_loss: 4.7567,	val_loss: 7.4446
24:	[0s / 1s],		train_loss: 4.5723,	val_loss: 7.2409
25:	[0s / 1s],		train_loss: 4.4443,	val_loss: 7.2223
26:	[0s / 2s],		train_loss: 4.4386,	val_loss: 7.4342
27:	[0s / 2s],		train_loss: 4.5261,	val_loss: 7.2499
28:	[0s / 2s],		train_loss: 4.4530,	val_loss: 7.3122
29:	[0s / 2s],		train_loss: 4.4424,	val_loss: 7.2164
Saved fixed_epochs=10 → nan/tabicl/HURRAH/nan_percentage0.1/seed123/fold4/fixed_epochs_deepsurv_simple.json
Fitting DeepSurv Vanilla pilot model...
0:	[0s / 0s],		train_loss: 4.6355,	val_loss: 7.3310
1:	[0s / 0s],		train_loss: 4.4604,	val_loss: 7.1878
2:	[0s / 0s],		train_loss: 4.4293,	val_loss: 7.1939
3:	[0s / 0s],		train_loss: 4.3789,	val_loss: 7.1652
4:	[0s / 0s],		train_loss: 4.3894,	val_loss: 7.1543
5:	[0s / 0s],		train_loss: 4.3477,	val_loss: 7.1102
6:	[0s / 0s],		train_loss: 4.3570,	val_loss: 7.1571
7:	[0s / 0s],		train_loss: 4.3406,	val_loss: 7.1443
8:	[0s / 1s],		train_loss: 4.3258,	val_loss: 7.1189
9:	[0s / 1s],		train_loss: 4.3371,	val_loss: 7.1349
10:	[0s / 1s],		train_loss: 4.3239,	val_loss: 7.1110
11:	[0s / 1s],		train_loss: 4.3119,	val_loss: 7.1014
12:	[0s / 1s],		train_loss: 4.3083,	val_loss: 7.0956
13:	[0s / 1s],		train_loss: 4.2991,	val_loss: 7.0953
14:	[0s / 1s],		train_loss: 4.3179,	val_loss: 7.1149
15:	[0s / 1s],		train_loss: 4.2969,	val_loss: 7.1680
16:	[0s / 1s],		train_loss: 4.2860,	val_loss: 7.0973
17:	[0s / 2s],		train_loss: 4.2871,	val_loss: 7.1150
18:	[0s / 2s],		train_loss: 4.2910,	val_loss: 7.0920
19:	[0s / 2s],		train_loss: 4.2766,	val_loss: 7.0814
20:	[0s / 2s],		train_loss: 4.2806,	val_loss: 7.1070
21:	[0s / 2s],		train_loss: 4.2760,	val_loss: 7.1159
22:	[0s / 2s],		train_loss: 4.2681,	val_loss: 7.1441
23:	[0s / 2s],		train_loss: 4.2783,	val_loss: 7.1044
24:	[0s / 2s],		train_loss: 4.2521,	val_loss: 7.0956
25:	[0s / 2s],		train_loss: 4.2480,	val_loss: 7.0999
26:	[0s / 3s],		train_loss: 4.2587,	val_loss: 7.1459
27:	[0s / 3s],		train_loss: 4.2569,	val_loss: 7.0815
28:	[0s / 3s],		train_loss: 4.2522,	val_loss: 7.1060
29:	[0s / 3s],		train_loss: 4.2507,	val_loss: 7.0902
30:	[0s / 3s],		train_loss: 4.2394,	val_loss: 7.1048
31:	[0s / 3s],		train_loss: 4.2560,	val_loss: 7.0825
32:	[0s / 3s],		train_loss: 4.2540,	val_loss: 7.0757
33:	[0s / 3s],		train_loss: 4.2346,	val_loss: 7.0960
34:	[0s / 3s],		train_loss: 4.2629,	val_loss: 7.0838
35:	[0s / 4s],		train_loss: 4.2576,	val_loss: 7.1108
36:	[0s / 4s],		train_loss: 4.2274,	val_loss: 7.0773
37:	[0s / 4s],		train_loss: 4.2445,	val_loss: 7.0710
38:	[0s / 4s],		train_loss: 4.2330,	val_loss: 7.0689
39:	[0s / 4s],		train_loss: 4.2410,	val_loss: 7.1209
40:	[0s / 4s],		train_loss: 4.2386,	val_loss: 7.0936
41:	[0s / 4s],		train_loss: 4.2198,	val_loss: 7.2110
42:	[0s / 4s],		train_loss: 4.2318,	val_loss: 7.0922
43:	[0s / 4s],		train_loss: 4.2325,	val_loss: 7.0868
44:	[0s / 5s],		train_loss: 4.2072,	val_loss: 7.0827
45:	[0s / 5s],		train_loss: 4.2266,	val_loss: 7.1188
46:	[0s / 5s],		train_loss: 4.2217,	val_loss: 7.0973
47:	[0s / 5s],		train_loss: 4.2096,	val_loss: 7.1057
48:	[0s / 5s],		train_loss: 4.2134,	val_loss: 7.0946
49:	[0s / 5s],		train_loss: 4.2381,	val_loss: 7.1493
50:	[0s / 5s],		train_loss: 4.2249,	val_loss: 7.1108
51:	[0s / 5s],		train_loss: 4.2288,	val_loss: 7.0692
52:	[0s / 5s],		train_loss: 4.2160,	val_loss: 7.0729
53:	[0s / 6s],		train_loss: 4.2053,	val_loss: 7.1088
54:	[0s / 6s],		train_loss: 4.1940,	val_loss: 7.1223
55:	[0s / 6s],		train_loss: 4.2137,	val_loss: 7.0693
56:	[0s / 6s],		train_loss: 4.1937,	val_loss: 7.0681
57:	[0s / 6s],		train_loss: 4.2192,	val_loss: 7.1105
58:	[0s / 6s],		train_loss: 4.1970,	val_loss: 7.0830
59:	[0s / 6s],		train_loss: 4.1993,	val_loss: 7.0949
60:	[0s / 6s],		train_loss: 4.1851,	val_loss: 7.0965
61:	[0s / 6s],		train_loss: 4.1890,	val_loss: 7.0920
62:	[0s / 6s],		train_loss: 4.2089,	val_loss: 7.0691
63:	[0s / 7s],		train_loss: 4.2016,	val_loss: 7.0776
64:	[0s / 7s],		train_loss: 4.1900,	val_loss: 7.0740
65:	[0s / 7s],		train_loss: 4.2062,	val_loss: 7.0549
66:	[0s / 7s],		train_loss: 4.2099,	val_loss: 7.0798
67:	[0s / 7s],		train_loss: 4.1862,	val_loss: 7.1074
68:	[0s / 7s],		train_loss: 4.2283,	val_loss: 7.0775
69:	[0s / 7s],		train_loss: 4.2259,	val_loss: 7.0488
70:	[0s / 7s],		train_loss: 4.2063,	val_loss: 7.1264
71:	[0s / 7s],		train_loss: 4.1847,	val_loss: 7.0818
72:	[0s / 8s],		train_loss: 4.2000,	val_loss: 7.1010
73:	[0s / 8s],		train_loss: 4.1974,	val_loss: 7.1030
74:	[0s / 8s],		train_loss: 4.1819,	val_loss: 7.1216
75:	[0s / 8s],		train_loss: 4.1958,	val_loss: 7.0654
76:	[0s / 8s],		train_loss: 4.1815,	val_loss: 7.0912
77:	[0s / 8s],		train_loss: 4.1756,	val_loss: 7.0825
78:	[0s / 8s],		train_loss: 4.1930,	val_loss: 7.0579
79:	[0s / 8s],		train_loss: 4.1765,	val_loss: 7.0645
80:	[0s / 8s],		train_loss: 4.1837,	val_loss: 7.0767
81:	[0s / 9s],		train_loss: 4.1543,	val_loss: 7.0681
82:	[0s / 9s],		train_loss: 4.1789,	val_loss: 7.0856
83:	[0s / 9s],		train_loss: 4.1752,	val_loss: 7.0615
84:	[0s / 9s],		train_loss: 4.1621,	val_loss: 7.0772
85:	[0s / 9s],		train_loss: 4.1657,	val_loss: 7.0463
86:	[0s / 9s],		train_loss: 4.1618,	val_loss: 7.0611
87:	[0s / 9s],		train_loss: 4.1803,	val_loss: 7.0855
88:	[0s / 9s],		train_loss: 4.1916,	val_loss: 7.0343
89:	[0s / 9s],		train_loss: 4.1697,	val_loss: 7.0585
90:	[0s / 10s],		train_loss: 4.1677,	val_loss: 7.0498
91:	[0s / 10s],		train_loss: 4.1500,	val_loss: 7.0943
92:	[0s / 10s],		train_loss: 4.1618,	val_loss: 7.0724
93:	[0s / 10s],		train_loss: 4.1461,	val_loss: 7.0783
94:	[0s / 10s],		train_loss: 4.1647,	val_loss: 7.0662
95:	[0s / 10s],		train_loss: 4.1391,	val_loss: 7.2233
96:	[0s / 10s],		train_loss: 4.1644,	val_loss: 7.0842
97:	[0s / 10s],		train_loss: 4.1462,	val_loss: 7.0626
98:	[0s / 10s],		train_loss: 4.1678,	val_loss: 7.0648
99:	[0s / 11s],		train_loss: 4.1579,	val_loss: 7.0992
Saved fixed_epochs=89 → nan/tabicl/HURRAH/nan_percentage0.1/seed123/fold4/fixed_epochs_deepsurv_vanilla.json
Evaluating method: embeddings
Fitting Random Survival Forest model...
C-index TRAIN: 0.986485348304594
C-index TEST : 0.7174441611623534
Fitting deepsurv_simple.pt...
0:	[0s / 0s],		train_loss: 2.9881
1:	[0s / 0s],		train_loss: 2.7021
2:	[0s / 0s],		train_loss: 2.6847
3:	[0s / 0s],		train_loss: 2.7173
4:	[0s / 0s],		train_loss: 2.7399
5:	[0s / 0s],		train_loss: 2.6440
6:	[0s / 0s],		train_loss: 2.6473
7:	[0s / 0s],		train_loss: 2.5896
8:	[0s / 1s],		train_loss: 2.6661
9:	[0s / 1s],		train_loss: 2.6452
C-index TRAIN: 0.9647212975487564
C-index TEST : 0.6647692782212947
Fitting deepsurv_vanilla.pt...
0:	[0s / 0s],		train_loss: 2.8643
1:	[0s / 0s],		train_loss: 2.7093
2:	[0s / 0s],		train_loss: 2.6929
3:	[0s / 0s],		train_loss: 2.6792
4:	[0s / 0s],		train_loss: 2.6629
5:	[0s / 0s],		train_loss: 2.6069
6:	[0s / 0s],		train_loss: 2.5760
7:	[0s / 1s],		train_loss: 2.5698
8:	[0s / 1s],		train_loss: 2.5673
9:	[0s / 1s],		train_loss: 2.6142
10:	[0s / 1s],		train_loss: 2.5721
11:	[0s / 1s],		train_loss: 2.5383
12:	[0s / 1s],		train_loss: 2.5528
13:	[0s / 1s],		train_loss: 2.5257
14:	[0s / 2s],		train_loss: 2.5237
15:	[0s / 2s],		train_loss: 2.5178
16:	[0s / 2s],		train_loss: 2.5126
17:	[0s / 2s],		train_loss: 2.5161
18:	[0s / 2s],		train_loss: 2.5047
19:	[0s / 2s],		train_loss: 2.4902
20:	[0s / 2s],		train_loss: 2.5027
21:	[0s / 3s],		train_loss: 2.5169
22:	[0s / 3s],		train_loss: 2.5139
23:	[0s / 3s],		train_loss: 2.4942
24:	[0s / 3s],		train_loss: 2.4919
25:	[0s / 3s],		train_loss: 2.4965
26:	[0s / 3s],		train_loss: 2.4874
27:	[0s / 3s],		train_loss: 2.4958
28:	[0s / 4s],		train_loss: 2.4811
29:	[0s / 4s],		train_loss: 2.4769
30:	[0s / 4s],		train_loss: 2.4759
31:	[0s / 4s],		train_loss: 2.4778
32:	[0s / 4s],		train_loss: 2.4646
33:	[0s / 4s],		train_loss: 2.4702
34:	[0s / 4s],		train_loss: 2.4648
35:	[0s / 4s],		train_loss: 2.4690
36:	[0s / 5s],		train_loss: 2.4702
37:	[0s / 5s],		train_loss: 2.4805
38:	[0s / 5s],		train_loss: 2.4564
39:	[0s / 5s],		train_loss: 2.4537
40:	[0s / 5s],		train_loss: 2.4700
41:	[0s / 5s],		train_loss: 2.4494
42:	[0s / 5s],		train_loss: 2.4523
43:	[0s / 6s],		train_loss: 2.4433
44:	[0s / 6s],		train_loss: 2.4548
45:	[0s / 6s],		train_loss: 2.4523
46:	[0s / 6s],		train_loss: 2.4677
47:	[0s / 6s],		train_loss: 2.4858
48:	[0s / 6s],		train_loss: 2.4600
49:	[0s / 6s],		train_loss: 2.4424
50:	[0s / 7s],		train_loss: 2.4344
51:	[0s / 7s],		train_loss: 2.4558
52:	[0s / 7s],		train_loss: 2.4560
53:	[0s / 7s],		train_loss: 2.4351
54:	[0s / 7s],		train_loss: 2.4401
55:	[0s / 7s],		train_loss: 2.4504
56:	[0s / 7s],		train_loss: 2.4506
57:	[0s / 7s],		train_loss: 2.4425
58:	[0s / 8s],		train_loss: 2.4400
59:	[0s / 8s],		train_loss: 2.4349
60:	[0s / 8s],		train_loss: 2.4217
61:	[0s / 8s],		train_loss: 2.4352
62:	[0s / 8s],		train_loss: 2.4151
63:	[0s / 8s],		train_loss: 2.4265
64:	[0s / 8s],		train_loss: 2.4351
65:	[0s / 9s],		train_loss: 2.4258
66:	[0s / 9s],		train_loss: 2.4364
67:	[0s / 9s],		train_loss: 2.4196
68:	[0s / 9s],		train_loss: 2.4237
69:	[0s / 9s],		train_loss: 2.4133
70:	[0s / 9s],		train_loss: 2.4223
71:	[0s / 9s],		train_loss: 2.4236
72:	[0s / 9s],		train_loss: 2.4057
73:	[0s / 10s],		train_loss: 2.4201
74:	[0s / 10s],		train_loss: 2.4106
75:	[0s / 10s],		train_loss: 2.4167
76:	[0s / 10s],		train_loss: 2.4241
77:	[0s / 10s],		train_loss: 2.4151
78:	[0s / 10s],		train_loss: 2.4289
79:	[0s / 10s],		train_loss: 2.4042
80:	[0s / 10s],		train_loss: 2.3995
81:	[0s / 10s],		train_loss: 2.4088
82:	[0s / 11s],		train_loss: 2.4171
83:	[0s / 11s],		train_loss: 2.4206
84:	[0s / 11s],		train_loss: 2.4000
85:	[0s / 11s],		train_loss: 2.4098
86:	[0s / 11s],		train_loss: 2.4061
87:	[0s / 11s],		train_loss: 2.4109
88:	[0s / 11s],		train_loss: 2.4010
C-index TRAIN: 0.9698265319086237
C-index TEST : 0.7075446005230328
Fitting Cox model...
C-index TRAIN: 0.9614523095045301
C-index TEST : 0.7621045671854338
Evaluating method: mean
Fitting Random Survival Forest model...
C-index TRAIN: 0.9234845022123827
C-index TEST : 0.8380673708250072
Fitting deepsurv_simple.pt...
0:	[0s / 0s],		train_loss: 7.6145
1:	[0s / 0s],		train_loss: 4.4762
2:	[0s / 0s],		train_loss: 4.4713
3:	[0s / 0s],		train_loss: 4.4250
4:	[0s / 0s],		train_loss: 4.4469
5:	[0s / 0s],		train_loss: 4.4541
6:	[0s / 0s],		train_loss: 4.5146
7:	[0s / 0s],		train_loss: 4.4572
8:	[0s / 0s],		train_loss: 4.4690
9:	[0s / 0s],		train_loss: 4.4404
C-index TRAIN: 0.8236820533318845
C-index TEST : 0.8066763791955007
Fitting deepsurv_vanilla.pt...
0:	[0s / 0s],		train_loss: 4.6499
1:	[0s / 0s],		train_loss: 4.4538
2:	[0s / 0s],		train_loss: 4.4339
3:	[0s / 0s],		train_loss: 4.3998
4:	[0s / 0s],		train_loss: 4.3620
5:	[0s / 0s],		train_loss: 4.3588
6:	[0s / 0s],		train_loss: 4.3682
7:	[0s / 0s],		train_loss: 4.3381
8:	[0s / 0s],		train_loss: 4.3396
9:	[0s / 1s],		train_loss: 4.3533
10:	[0s / 1s],		train_loss: 4.3273
11:	[0s / 1s],		train_loss: 4.3183
12:	[0s / 1s],		train_loss: 4.3052
13:	[0s / 1s],		train_loss: 4.3051
14:	[0s / 1s],		train_loss: 4.2980
15:	[0s / 1s],		train_loss: 4.2865
16:	[0s / 1s],		train_loss: 4.2969
17:	[0s / 1s],		train_loss: 4.2808
18:	[0s / 2s],		train_loss: 4.2956
19:	[0s / 2s],		train_loss: 4.2872
20:	[0s / 2s],		train_loss: 4.2843
21:	[0s / 2s],		train_loss: 4.2870
22:	[0s / 2s],		train_loss: 4.2808
23:	[0s / 2s],		train_loss: 4.2861
24:	[0s / 2s],		train_loss: 4.2630
25:	[0s / 2s],		train_loss: 4.2723
26:	[0s / 2s],		train_loss: 4.2441
27:	[0s / 2s],		train_loss: 4.2786
28:	[0s / 3s],		train_loss: 4.2506
29:	[0s / 3s],		train_loss: 4.2623
30:	[0s / 3s],		train_loss: 4.2646
31:	[0s / 3s],		train_loss: 4.2488
32:	[0s / 3s],		train_loss: 4.2501
33:	[0s / 3s],		train_loss: 4.2467
34:	[0s / 3s],		train_loss: 4.2368
35:	[0s / 3s],		train_loss: 4.2453
36:	[0s / 3s],		train_loss: 4.2490
37:	[0s / 4s],		train_loss: 4.2583
38:	[0s / 4s],		train_loss: 4.2494
39:	[0s / 4s],		train_loss: 4.2317
40:	[0s / 4s],		train_loss: 4.2387
41:	[0s / 4s],		train_loss: 4.2425
42:	[0s / 4s],		train_loss: 4.2257
43:	[0s / 4s],		train_loss: 4.2200
44:	[0s / 4s],		train_loss: 4.2254
45:	[0s / 4s],		train_loss: 4.2239
46:	[0s / 5s],		train_loss: 4.2440
47:	[0s / 5s],		train_loss: 4.2372
48:	[0s / 5s],		train_loss: 4.2286
49:	[0s / 5s],		train_loss: 4.2371
50:	[0s / 5s],		train_loss: 4.2203
51:	[0s / 5s],		train_loss: 4.2333
52:	[0s / 5s],		train_loss: 4.2281
53:	[0s / 5s],		train_loss: 4.2196
54:	[0s / 5s],		train_loss: 4.2270
55:	[0s / 5s],		train_loss: 4.2227
56:	[0s / 6s],		train_loss: 4.2214
57:	[0s / 6s],		train_loss: 4.2129
58:	[0s / 6s],		train_loss: 4.2123
59:	[0s / 6s],		train_loss: 4.2007
60:	[0s / 6s],		train_loss: 4.2104
61:	[0s / 6s],		train_loss: 4.1984
62:	[0s / 6s],		train_loss: 4.2463
63:	[0s / 6s],		train_loss: 4.2072
64:	[0s / 6s],		train_loss: 4.2114
65:	[0s / 7s],		train_loss: 4.2113
66:	[0s / 7s],		train_loss: 4.2141
67:	[0s / 7s],		train_loss: 4.2213
68:	[0s / 7s],		train_loss: 4.2139
69:	[0s / 7s],		train_loss: 4.2135
70:	[0s / 7s],		train_loss: 4.1994
71:	[0s / 7s],		train_loss: 4.2136
72:	[0s / 7s],		train_loss: 4.1946
73:	[0s / 7s],		train_loss: 4.2263
74:	[0s / 8s],		train_loss: 4.2044
75:	[0s / 8s],		train_loss: 4.1861
76:	[0s / 8s],		train_loss: 4.2007
77:	[0s / 8s],		train_loss: 4.1961
78:	[0s / 8s],		train_loss: 4.1840
79:	[0s / 8s],		train_loss: 4.1812
80:	[0s / 8s],		train_loss: 4.1959
81:	[0s / 8s],		train_loss: 4.1877
82:	[0s / 8s],		train_loss: 4.1804
83:	[0s / 8s],		train_loss: 4.1814
84:	[0s / 9s],		train_loss: 4.1844
85:	[0s / 9s],		train_loss: 4.1887
86:	[0s / 9s],		train_loss: 4.1977
87:	[0s / 9s],		train_loss: 4.1929
88:	[0s / 9s],		train_loss: 4.1942
C-index TRAIN: 0.8535646204188773
C-index TEST : 0.8128562217606583
Fitting Cox model...
C-index TRAIN: 0.8228519427501167
C-index TEST : 0.8039742617985897
Evaluating method: median
Fitting Random Survival Forest model...
C-index TRAIN: 0.9182413158400217
C-index TEST : 0.8350190805253953
Fitting deepsurv_simple.pt...
0:	[0s / 0s],		train_loss: 7.5898
1:	[0s / 0s],		train_loss: 4.4793
2:	[0s / 0s],		train_loss: 4.4690
3:	[0s / 0s],		train_loss: 4.4271
4:	[0s / 0s],		train_loss: 4.4503
5:	[0s / 0s],		train_loss: 4.4645
6:	[0s / 0s],		train_loss: 4.5156
7:	[0s / 0s],		train_loss: 4.4677
8:	[0s / 0s],		train_loss: 4.5243
9:	[0s / 0s],		train_loss: 4.4206
C-index TRAIN: 0.8243286402718483
C-index TEST : 0.8078305623094818
Fitting deepsurv_vanilla.pt...
0:	[0s / 0s],		train_loss: 4.6571
1:	[0s / 0s],		train_loss: 4.4633
2:	[0s / 0s],		train_loss: 4.4480
3:	[0s / 0s],		train_loss: 4.3998
4:	[0s / 0s],		train_loss: 4.3686
5:	[0s / 0s],		train_loss: 4.3640
6:	[0s / 0s],		train_loss: 4.3691
7:	[0s / 0s],		train_loss: 4.3425
8:	[0s / 0s],		train_loss: 4.3488
9:	[0s / 1s],		train_loss: 4.3464
10:	[0s / 1s],		train_loss: 4.3351
11:	[0s / 1s],		train_loss: 4.3137
12:	[0s / 1s],		train_loss: 4.3139
13:	[0s / 1s],		train_loss: 4.3189
14:	[0s / 1s],		train_loss: 4.3015
15:	[0s / 1s],		train_loss: 4.2852
16:	[0s / 1s],		train_loss: 4.3098
17:	[0s / 1s],		train_loss: 4.2793
18:	[0s / 2s],		train_loss: 4.2982
19:	[0s / 2s],		train_loss: 4.2810
20:	[0s / 2s],		train_loss: 4.2899
21:	[0s / 2s],		train_loss: 4.2869
22:	[0s / 2s],		train_loss: 4.2784
23:	[0s / 2s],		train_loss: 4.2904
24:	[0s / 2s],		train_loss: 4.2613
25:	[0s / 2s],		train_loss: 4.2732
26:	[0s / 2s],		train_loss: 4.2455
27:	[0s / 2s],		train_loss: 4.2670
28:	[0s / 3s],		train_loss: 4.2557
29:	[0s / 3s],		train_loss: 4.2780
30:	[0s / 3s],		train_loss: 4.2719
31:	[0s / 3s],		train_loss: 4.2633
32:	[0s / 3s],		train_loss: 4.2590
33:	[0s / 3s],		train_loss: 4.2581
34:	[0s / 3s],		train_loss: 4.2477
35:	[0s / 3s],		train_loss: 4.2553
36:	[0s / 3s],		train_loss: 4.2462
37:	[0s / 4s],		train_loss: 4.2525
38:	[0s / 4s],		train_loss: 4.2420
39:	[0s / 4s],		train_loss: 4.2403
40:	[0s / 4s],		train_loss: 4.2329
41:	[0s / 4s],		train_loss: 4.2413
42:	[0s / 4s],		train_loss: 4.2343
43:	[0s / 4s],		train_loss: 4.2327
44:	[0s / 4s],		train_loss: 4.2482
45:	[0s / 4s],		train_loss: 4.2184
46:	[0s / 5s],		train_loss: 4.2485
47:	[0s / 5s],		train_loss: 4.2272
48:	[0s / 5s],		train_loss: 4.2270
49:	[0s / 5s],		train_loss: 4.2328
50:	[0s / 5s],		train_loss: 4.2271
51:	[0s / 5s],		train_loss: 4.2341
52:	[0s / 5s],		train_loss: 4.2309
53:	[0s / 5s],		train_loss: 4.2172
54:	[0s / 5s],		train_loss: 4.2201
55:	[0s / 5s],		train_loss: 4.2272
56:	[0s / 6s],		train_loss: 4.2239
57:	[0s / 6s],		train_loss: 4.2175
58:	[0s / 6s],		train_loss: 4.2199
59:	[0s / 6s],		train_loss: 4.2042
60:	[0s / 6s],		train_loss: 4.2086
61:	[0s / 6s],		train_loss: 4.1966
62:	[0s / 6s],		train_loss: 4.2188
63:	[0s / 6s],		train_loss: 4.1852
64:	[0s / 6s],		train_loss: 4.2103
65:	[0s / 7s],		train_loss: 4.2071
66:	[0s / 7s],		train_loss: 4.2045
67:	[0s / 7s],		train_loss: 4.2169
68:	[0s / 7s],		train_loss: 4.2049
69:	[0s / 7s],		train_loss: 4.2108
70:	[0s / 7s],		train_loss: 4.1866
71:	[0s / 7s],		train_loss: 4.2183
72:	[0s / 7s],		train_loss: 4.1886
73:	[0s / 7s],		train_loss: 4.2162
74:	[0s / 8s],		train_loss: 4.2066
75:	[0s / 8s],		train_loss: 4.1826
76:	[0s / 8s],		train_loss: 4.1955
77:	[0s / 8s],		train_loss: 4.2041
78:	[0s / 8s],		train_loss: 4.1756
79:	[0s / 8s],		train_loss: 4.1912
80:	[0s / 8s],		train_loss: 4.1869
81:	[0s / 8s],		train_loss: 4.1721
82:	[0s / 8s],		train_loss: 4.1875
83:	[0s / 8s],		train_loss: 4.1773
84:	[0s / 9s],		train_loss: 4.1816
85:	[0s / 9s],		train_loss: 4.1861
86:	[0s / 9s],		train_loss: 4.1844
87:	[0s / 9s],		train_loss: 4.1810
88:	[0s / 9s],		train_loss: 4.1688
C-index TRAIN: 0.6597937496225508
C-index TEST : 0.6381328319568449
Fitting Cox model...
C-index TRAIN: 0.8225883089809992
C-index TEST : 0.8035403151978108
Evaluating method: constant
Fitting Random Survival Forest model...
C-index TRAIN: 0.9242554580420873
C-index TEST : 0.8341651326777376
Fitting deepsurv_simple.pt...
0:	[0s / 0s],		train_loss: 9.1181
1:	[0s / 0s],		train_loss: 4.7097
2:	[0s / 0s],		train_loss: 4.6629
3:	[0s / 0s],		train_loss: 4.6774
4:	[0s / 0s],		train_loss: 4.6861
5:	[0s / 0s],		train_loss: 4.6915
6:	[0s / 0s],		train_loss: 4.6493
7:	[0s / 0s],		train_loss: 4.6507
8:	[0s / 0s],		train_loss: 4.6793
9:	[0s / 0s],		train_loss: 4.7427
C-index TRAIN: 0.7132687618271633
C-index TEST : 0.6990879738549224
Fitting deepsurv_vanilla.pt...
0:	[0s / 0s],		train_loss: 4.8287
1:	[0s / 0s],		train_loss: 4.6005
2:	[0s / 0s],		train_loss: 4.5379
3:	[0s / 0s],		train_loss: 4.4724
4:	[0s / 0s],		train_loss: 4.4238
5:	[0s / 0s],		train_loss: 4.4307
6:	[0s / 0s],		train_loss: 4.4255
7:	[0s / 0s],		train_loss: 4.4056
8:	[0s / 0s],		train_loss: 4.3971
9:	[0s / 1s],		train_loss: 4.3850
10:	[0s / 1s],		train_loss: 4.3961
11:	[0s / 1s],		train_loss: 4.3606
12:	[0s / 1s],		train_loss: 4.3415
13:	[0s / 1s],		train_loss: 4.3745
14:	[0s / 1s],		train_loss: 4.3662
15:	[0s / 1s],		train_loss: 4.3404
16:	[0s / 1s],		train_loss: 4.3415
17:	[0s / 1s],		train_loss: 4.3129
18:	[0s / 2s],		train_loss: 4.3422
19:	[0s / 2s],		train_loss: 4.3357
20:	[0s / 2s],		train_loss: 4.3215
21:	[0s / 2s],		train_loss: 4.3302
22:	[0s / 2s],		train_loss: 4.2857
23:	[0s / 2s],		train_loss: 4.3080
24:	[0s / 2s],		train_loss: 4.2873
25:	[0s / 2s],		train_loss: 4.2973
26:	[0s / 2s],		train_loss: 4.2821
27:	[0s / 3s],		train_loss: 4.2845
28:	[0s / 3s],		train_loss: 4.2812
29:	[0s / 3s],		train_loss: 4.2912
30:	[0s / 3s],		train_loss: 4.2871
31:	[0s / 3s],		train_loss: 4.2823
32:	[0s / 3s],		train_loss: 4.2782
33:	[0s / 3s],		train_loss: 4.2788
34:	[0s / 3s],		train_loss: 4.2699
35:	[0s / 3s],		train_loss: 4.2532
36:	[0s / 3s],		train_loss: 4.2577
37:	[0s / 4s],		train_loss: 4.2540
38:	[0s / 4s],		train_loss: 4.2296
39:	[0s / 4s],		train_loss: 4.2532
40:	[0s / 4s],		train_loss: 4.2465
41:	[0s / 4s],		train_loss: 4.2560
42:	[0s / 4s],		train_loss: 4.2326
43:	[0s / 4s],		train_loss: 4.2457
44:	[0s / 4s],		train_loss: 4.2595
45:	[0s / 4s],		train_loss: 4.2468
46:	[0s / 5s],		train_loss: 4.2422
47:	[0s / 5s],		train_loss: 4.2201
48:	[0s / 5s],		train_loss: 4.2076
49:	[0s / 5s],		train_loss: 4.2136
50:	[0s / 5s],		train_loss: 4.2105
51:	[0s / 5s],		train_loss: 4.2159
52:	[0s / 5s],		train_loss: 4.2085
53:	[0s / 5s],		train_loss: 4.1975
54:	[0s / 5s],		train_loss: 4.2106
55:	[0s / 6s],		train_loss: 4.2091
56:	[0s / 6s],		train_loss: 4.2051
57:	[0s / 6s],		train_loss: 4.2063
58:	[0s / 6s],		train_loss: 4.2286
59:	[0s / 6s],		train_loss: 4.1893
60:	[0s / 6s],		train_loss: 4.1984
61:	[0s / 6s],		train_loss: 4.1943
62:	[0s / 6s],		train_loss: 4.2157
63:	[0s / 6s],		train_loss: 4.1824
64:	[0s / 6s],		train_loss: 4.1830
65:	[0s / 7s],		train_loss: 4.1874
66:	[0s / 7s],		train_loss: 4.2118
67:	[0s / 7s],		train_loss: 4.1993
68:	[0s / 7s],		train_loss: 4.1935
69:	[0s / 7s],		train_loss: 4.1851
70:	[0s / 7s],		train_loss: 4.1856
71:	[0s / 7s],		train_loss: 4.1711
72:	[0s / 7s],		train_loss: 4.1670
73:	[0s / 7s],		train_loss: 4.1634
74:	[0s / 8s],		train_loss: 4.1835
75:	[0s / 8s],		train_loss: 4.1495
76:	[0s / 8s],		train_loss: 4.1794
77:	[0s / 8s],		train_loss: 4.1730
78:	[0s / 8s],		train_loss: 4.1718
79:	[0s / 8s],		train_loss: 4.1706
80:	[0s / 8s],		train_loss: 4.1603
81:	[0s / 8s],		train_loss: 4.1576
82:	[0s / 8s],		train_loss: 4.1686
83:	[0s / 9s],		train_loss: 4.1523
84:	[0s / 9s],		train_loss: 4.1706
85:	[0s / 9s],		train_loss: 4.1515
86:	[0s / 9s],		train_loss: 4.1591
87:	[0s / 9s],		train_loss: 4.1577
88:	[0s / 9s],		train_loss: 4.1487
C-index TRAIN: 0.8697177558378646
C-index TEST : 0.8071066343790708
Fitting Cox model...
C-index TRAIN: 0.7872944580657188
C-index TEST : 0.7640011353158704
Evaluating method: knn
Fitting Random Survival Forest model...
C-index TRAIN: 0.9213291787492499
C-index TEST : 0.841724334806619
Fitting deepsurv_simple.pt...
0:	[0s / 0s],		train_loss: 7.7073
1:	[0s / 0s],		train_loss: 4.5317
2:	[0s / 0s],		train_loss: 4.4360
3:	[0s / 0s],		train_loss: 4.3786
4:	[0s / 0s],		train_loss: 4.4139
5:	[0s / 0s],		train_loss: 4.4363
6:	[0s / 0s],		train_loss: 4.5062
7:	[0s / 0s],		train_loss: 4.4456
8:	[0s / 0s],		train_loss: 4.5890
9:	[0s / 0s],		train_loss: 4.3779
C-index TRAIN: 0.8261163105128119
C-index TEST : 0.811382525979374
Fitting deepsurv_vanilla.pt...
0:	[0s / 0s],		train_loss: 4.6101
1:	[0s / 0s],		train_loss: 4.4231
2:	[0s / 0s],		train_loss: 4.4002
3:	[0s / 0s],		train_loss: 4.3562
4:	[0s / 0s],		train_loss: 4.3324
5:	[0s / 0s],		train_loss: 4.3332
6:	[0s / 0s],		train_loss: 4.3398
7:	[0s / 0s],		train_loss: 4.3178
8:	[0s / 0s],		train_loss: 4.3341
9:	[0s / 1s],		train_loss: 4.3079
10:	[0s / 1s],		train_loss: 4.3072
11:	[0s / 1s],		train_loss: 4.2955
12:	[0s / 1s],		train_loss: 4.2864
13:	[0s / 1s],		train_loss: 4.2928
14:	[0s / 1s],		train_loss: 4.2767
15:	[0s / 1s],		train_loss: 4.2743
16:	[0s / 1s],		train_loss: 4.2756
17:	[0s / 2s],		train_loss: 4.2602
18:	[0s / 2s],		train_loss: 4.2825
19:	[0s / 2s],		train_loss: 4.2724
20:	[0s / 2s],		train_loss: 4.2572
21:	[0s / 2s],		train_loss: 4.2658
22:	[0s / 2s],		train_loss: 4.2593
23:	[0s / 2s],		train_loss: 4.2694
24:	[0s / 2s],		train_loss: 4.2585
25:	[0s / 3s],		train_loss: 4.2573
26:	[0s / 3s],		train_loss: 4.2302
27:	[0s / 3s],		train_loss: 4.2559
28:	[0s / 3s],		train_loss: 4.2446
29:	[0s / 3s],		train_loss: 4.2599
30:	[0s / 3s],		train_loss: 4.2560
31:	[0s / 3s],		train_loss: 4.2400
32:	[0s / 3s],		train_loss: 4.2491
33:	[0s / 4s],		train_loss: 4.2545
34:	[0s / 4s],		train_loss: 4.2393
35:	[0s / 4s],		train_loss: 4.2426
36:	[0s / 4s],		train_loss: 4.2384
37:	[0s / 4s],		train_loss: 4.2426
38:	[0s / 4s],		train_loss: 4.2398
39:	[0s / 4s],		train_loss: 4.2274
40:	[0s / 4s],		train_loss: 4.2249
41:	[0s / 4s],		train_loss: 4.2404
42:	[0s / 5s],		train_loss: 4.2192
43:	[0s / 5s],		train_loss: 4.2148
44:	[0s / 5s],		train_loss: 4.2316
45:	[0s / 5s],		train_loss: 4.2239
46:	[0s / 5s],		train_loss: 4.2219
47:	[0s / 5s],		train_loss: 4.2144
48:	[0s / 5s],		train_loss: 4.2163
49:	[0s / 5s],		train_loss: 4.2291
50:	[0s / 6s],		train_loss: 4.2195
51:	[0s / 6s],		train_loss: 4.2164
52:	[0s / 6s],		train_loss: 4.2208
53:	[0s / 6s],		train_loss: 4.1927
54:	[0s / 6s],		train_loss: 4.2151
55:	[0s / 6s],		train_loss: 4.2040
56:	[0s / 6s],		train_loss: 4.2192
57:	[0s / 6s],		train_loss: 4.2142
58:	[0s / 7s],		train_loss: 4.2151
59:	[0s / 7s],		train_loss: 4.1940
60:	[0s / 7s],		train_loss: 4.2022
61:	[0s / 7s],		train_loss: 4.1856
62:	[0s / 7s],		train_loss: 4.2088
63:	[0s / 7s],		train_loss: 4.1723
64:	[0s / 7s],		train_loss: 4.2023
65:	[0s / 7s],		train_loss: 4.2034
66:	[0s / 8s],		train_loss: 4.2036
67:	[0s / 8s],		train_loss: 4.2152
68:	[0s / 8s],		train_loss: 4.1811
69:	[0s / 8s],		train_loss: 4.1941
70:	[0s / 8s],		train_loss: 4.1757
71:	[0s / 8s],		train_loss: 4.1992
72:	[0s / 8s],		train_loss: 4.1870
73:	[0s / 8s],		train_loss: 4.2039
74:	[0s / 8s],		train_loss: 4.2069
75:	[0s / 9s],		train_loss: 4.1919
76:	[0s / 9s],		train_loss: 4.1962
77:	[0s / 9s],		train_loss: 4.1962
78:	[0s / 9s],		train_loss: 4.1789
79:	[0s / 9s],		train_loss: 4.1870
80:	[0s / 9s],		train_loss: 4.1907
81:	[0s / 9s],		train_loss: 4.1659
82:	[0s / 9s],		train_loss: 4.1705
83:	[0s / 10s],		train_loss: 4.1773
84:	[0s / 10s],		train_loss: 4.1747
85:	[0s / 10s],		train_loss: 4.1676
86:	[0s / 10s],		train_loss: 4.1731
87:	[0s / 10s],		train_loss: 4.1740
88:	[0s / 10s],		train_loss: 4.1670
C-index TRAIN: 0.8589179108773445
C-index TEST : 0.8281054662506029
Fitting Cox model...
C-index TRAIN: 0.8256316859008398
C-index TEST : 0.8083088059167676
Evaluating method: imputer_bayesian
Fitting Random Survival Forest model...
C-index TRAIN: 0.9249705160394966
C-index TEST : 0.8397703446307107
Fitting deepsurv_simple.pt...
0:	[0s / 0s],		train_loss: 8.4049
1:	[0s / 0s],		train_loss: 4.7441
2:	[0s / 0s],		train_loss: 4.4418
3:	[0s / 0s],		train_loss: 4.3639
4:	[0s / 0s],		train_loss: 4.3733
5:	[0s / 0s],		train_loss: 4.3738
6:	[0s / 0s],		train_loss: 4.3985
7:	[0s / 0s],		train_loss: 4.4163
8:	[0s / 0s],		train_loss: 4.3758
9:	[0s / 0s],		train_loss: 4.3891
C-index TRAIN: 0.8301945547533154
C-index TEST : 0.8165784007796273
Fitting deepsurv_vanilla.pt...
0:	[0s / 0s],		train_loss: 4.6163
1:	[0s / 0s],		train_loss: 4.4139
2:	[0s / 0s],		train_loss: 4.3839
3:	[0s / 0s],		train_loss: 4.3460
4:	[0s / 0s],		train_loss: 4.3286
5:	[0s / 0s],		train_loss: 4.3298
6:	[0s / 0s],		train_loss: 4.3200
7:	[0s / 0s],		train_loss: 4.3102
8:	[0s / 0s],		train_loss: 4.3172
9:	[0s / 1s],		train_loss: 4.3107
10:	[0s / 1s],		train_loss: 4.2994
11:	[0s / 1s],		train_loss: 4.2807
12:	[0s / 1s],		train_loss: 4.2744
13:	[0s / 1s],		train_loss: 4.2757
14:	[0s / 1s],		train_loss: 4.2679
15:	[0s / 1s],		train_loss: 4.2514
16:	[0s / 1s],		train_loss: 4.2713
17:	[0s / 1s],		train_loss: 4.2596
18:	[0s / 2s],		train_loss: 4.2651
19:	[0s / 2s],		train_loss: 4.2608
20:	[0s / 2s],		train_loss: 4.2583
21:	[0s / 2s],		train_loss: 4.2512
22:	[0s / 2s],		train_loss: 4.2449
23:	[0s / 2s],		train_loss: 4.2467
24:	[0s / 2s],		train_loss: 4.2424
25:	[0s / 2s],		train_loss: 4.2451
26:	[0s / 2s],		train_loss: 4.2231
27:	[0s / 2s],		train_loss: 4.2537
28:	[0s / 3s],		train_loss: 4.2392
29:	[0s / 3s],		train_loss: 4.2511
30:	[0s / 3s],		train_loss: 4.2411
31:	[0s / 3s],		train_loss: 4.2456
32:	[0s / 3s],		train_loss: 4.2346
33:	[0s / 3s],		train_loss: 4.2399
34:	[0s / 3s],		train_loss: 4.2320
35:	[0s / 3s],		train_loss: 4.2187
36:	[0s / 3s],		train_loss: 4.2231
37:	[0s / 4s],		train_loss: 4.2318
38:	[0s / 4s],		train_loss: 4.2286
39:	[0s / 4s],		train_loss: 4.2100
40:	[0s / 4s],		train_loss: 4.2036
41:	[0s / 4s],		train_loss: 4.2247
42:	[0s / 4s],		train_loss: 4.1948
43:	[0s / 4s],		train_loss: 4.2048
44:	[0s / 4s],		train_loss: 4.2147
45:	[0s / 4s],		train_loss: 4.2158
46:	[0s / 5s],		train_loss: 4.2224
47:	[0s / 5s],		train_loss: 4.2050
48:	[0s / 5s],		train_loss: 4.2068
49:	[0s / 5s],		train_loss: 4.2110
50:	[0s / 5s],		train_loss: 4.2057
51:	[0s / 5s],		train_loss: 4.1887
52:	[0s / 5s],		train_loss: 4.2067
53:	[0s / 5s],		train_loss: 4.1920
54:	[0s / 5s],		train_loss: 4.2115
55:	[0s / 6s],		train_loss: 4.1906
56:	[0s / 6s],		train_loss: 4.1926
57:	[0s / 6s],		train_loss: 4.1932
58:	[0s / 6s],		train_loss: 4.1886
59:	[0s / 6s],		train_loss: 4.1873
60:	[0s / 6s],		train_loss: 4.1847
61:	[0s / 6s],		train_loss: 4.1906
62:	[0s / 6s],		train_loss: 4.2126
63:	[0s / 6s],		train_loss: 4.1766
64:	[0s / 7s],		train_loss: 4.1904
65:	[0s / 7s],		train_loss: 4.1923
66:	[0s / 7s],		train_loss: 4.1811
67:	[0s / 7s],		train_loss: 4.1932
68:	[0s / 7s],		train_loss: 4.1697
69:	[0s / 7s],		train_loss: 4.1833
70:	[0s / 7s],		train_loss: 4.1785
71:	[0s / 7s],		train_loss: 4.1790
72:	[0s / 7s],		train_loss: 4.1844
73:	[0s / 7s],		train_loss: 4.1828
74:	[0s / 8s],		train_loss: 4.1793
75:	[0s / 8s],		train_loss: 4.1742
76:	[0s / 8s],		train_loss: 4.1686
77:	[0s / 8s],		train_loss: 4.1825
78:	[0s / 8s],		train_loss: 4.1659
79:	[0s / 8s],		train_loss: 4.1599
80:	[0s / 8s],		train_loss: 4.1779
81:	[0s / 8s],		train_loss: 4.1518
82:	[0s / 8s],		train_loss: 4.1697
83:	[0s / 9s],		train_loss: 4.1608
84:	[0s / 9s],		train_loss: 4.1500
85:	[0s / 9s],		train_loss: 4.1552
86:	[0s / 9s],		train_loss: 4.1697
87:	[0s / 9s],		train_loss: 4.1562
88:	[0s / 9s],		train_loss: 4.1650
C-index TRAIN: 0.8622690035966494
C-index TEST : 0.8297214866731636
Fitting Cox model...
C-index TRAIN: 0.8263898665258734
C-index TEST : 0.8080996256082635
[fold=4, target=30%] actual NaN%: 30.0%
X_train shape: (13567, 61), X_test shape: (3391, 61)
Generating Tabicl Embeddings...
Warming up TabICL model (triggering checkpoint load)...
ARRIVATO QUI 1
Loading TabICL model checkpoint 'tabicl-classifier-v1.1-0506.ckpt'...
ARRIVATO QUI
Performing dummy prediction to ensure model is loaded...
Warming up TabICL model (triggering checkpoint load)...
ARRIVATO QUI 1
Loading TabICL model checkpoint 'tabicl-classifier-v1.1-0506.ckpt'...
ARRIVATO QUI
Performing dummy prediction to ensure model is loaded...
Successfully generated embeddings with shape: (13567, 512)
Fitting SimpleImputer (mean)...
Fitting SimpleImputer (median)...
Fitting SimpleImputer (constant, fill=-1)...
Fitting KNNImputer...
Fitting IterativeImputer (BayesianRidge, MICE-like)...
Fitting DeepSurv Simple pilot model...
0:	[0s / 0s],		train_loss: 6.8633,	val_loss: 7.4128
1:	[0s / 0s],		train_loss: 4.6677,	val_loss: 7.7364
2:	[0s / 0s],		train_loss: 4.5929,	val_loss: 7.3624
3:	[0s / 0s],		train_loss: 4.5590,	val_loss: 7.3411
4:	[0s / 0s],		train_loss: 4.5879,	val_loss: 7.4707
5:	[0s / 0s],		train_loss: 4.5626,	val_loss: 7.3962
6:	[0s / 0s],		train_loss: 4.5702,	val_loss: 7.2851
7:	[0s / 0s],		train_loss: 4.5394,	val_loss: 7.2847
8:	[0s / 0s],		train_loss: 4.5602,	val_loss: 7.4651
9:	[0s / 0s],		train_loss: 4.5536,	val_loss: 7.2866
10:	[0s / 0s],		train_loss: 4.5927,	val_loss: 7.3331
11:	[0s / 0s],		train_loss: 4.6924,	val_loss: 7.7133
12:	[0s / 0s],		train_loss: 5.0725,	val_loss: 7.7193
13:	[0s / 1s],		train_loss: 4.5900,	val_loss: 7.4050
14:	[0s / 1s],		train_loss: 4.5891,	val_loss: 7.2864
15:	[0s / 1s],		train_loss: 4.5427,	val_loss: 7.4792
16:	[0s / 1s],		train_loss: 4.5682,	val_loss: 7.3434
17:	[0s / 1s],		train_loss: 4.5278,	val_loss: 7.3917
18:	[0s / 1s],		train_loss: 4.6549,	val_loss: 7.4048
19:	[0s / 1s],		train_loss: 4.5612,	val_loss: 7.3008
20:	[0s / 1s],		train_loss: 4.5481,	val_loss: 7.4629
21:	[0s / 1s],		train_loss: 4.5885,	val_loss: 7.3813
22:	[0s / 1s],		train_loss: 4.8564,	val_loss: 8.1291
23:	[0s / 1s],		train_loss: 4.6791,	val_loss: 7.2955
24:	[0s / 1s],		train_loss: 4.6027,	val_loss: 7.3774
25:	[0s / 1s],		train_loss: 4.5836,	val_loss: 7.3126
26:	[0s / 1s],		train_loss: 4.6103,	val_loss: 7.4086
27:	[0s / 2s],		train_loss: 4.5768,	val_loss: 7.5618
Saved fixed_epochs=8 → nan/tabicl/HURRAH/nan_percentage0.3/seed123/fold4/fixed_epochs_deepsurv_simple.json
Fitting DeepSurv Vanilla pilot model...
0:	[0s / 0s],		train_loss: 4.7565,	val_loss: 7.4141
1:	[0s / 0s],		train_loss: 4.5800,	val_loss: 27.4368
2:	[0s / 0s],		train_loss: 4.5238,	val_loss: 25.1743
3:	[0s / 0s],		train_loss: 4.4842,	val_loss: 67.5193
4:	[0s / 0s],		train_loss: 4.4766,	val_loss: 187.9545
5:	[0s / 0s],		train_loss: 4.4518,	val_loss: 429.7694
6:	[0s / 0s],		train_loss: 4.4432,	val_loss: 415.2346
7:	[0s / 0s],		train_loss: 4.4233,	val_loss: 332.0731
8:	[0s / 0s],		train_loss: 4.4277,	val_loss: 246.9709
9:	[0s / 1s],		train_loss: 4.4299,	val_loss: 227.2038
10:	[0s / 1s],		train_loss: 4.4182,	val_loss: 176.8374
11:	[0s / 1s],		train_loss: 4.4076,	val_loss: 186.2259
12:	[0s / 1s],		train_loss: 4.4137,	val_loss: 246.3057
13:	[0s / 1s],		train_loss: 4.4086,	val_loss: 113.1251
14:	[0s / 1s],		train_loss: 4.4028,	val_loss: 128.4719
15:	[0s / 1s],		train_loss: 4.4099,	val_loss: 7.2516
16:	[0s / 1s],		train_loss: 4.3894,	val_loss: 8.9039
17:	[0s / 1s],		train_loss: 4.3804,	val_loss: 8.7207
18:	[0s / 2s],		train_loss: 4.3874,	val_loss: 66.6017
19:	[0s / 2s],		train_loss: 4.3725,	val_loss: 142.7703
20:	[0s / 2s],		train_loss: 4.3719,	val_loss: 109.4752
21:	[0s / 2s],		train_loss: 4.3789,	val_loss: 119.5720
22:	[0s / 2s],		train_loss: 4.3735,	val_loss: 144.0697
23:	[0s / 2s],		train_loss: 4.3839,	val_loss: 83.3106
24:	[0s / 2s],		train_loss: 4.3697,	val_loss: 86.2780
25:	[0s / 2s],		train_loss: 4.3728,	val_loss: 23.1175
26:	[0s / 2s],		train_loss: 4.3624,	val_loss: 202.4328
27:	[0s / 3s],		train_loss: 4.3632,	val_loss: 78.7004
28:	[0s / 3s],		train_loss: 4.3652,	val_loss: 80.1860
29:	[0s / 3s],		train_loss: 4.3543,	val_loss: 127.8643
30:	[0s / 3s],		train_loss: 4.3557,	val_loss: 59.0821
31:	[0s / 3s],		train_loss: 4.3599,	val_loss: 158.0329
32:	[0s / 3s],		train_loss: 4.3610,	val_loss: 35.1059
33:	[0s / 3s],		train_loss: 4.3537,	val_loss: 58.0829
34:	[0s / 3s],		train_loss: 4.3646,	val_loss: 8.0794
35:	[0s / 3s],		train_loss: 4.3600,	val_loss: 7.3196
Saved fixed_epochs=16 → nan/tabicl/HURRAH/nan_percentage0.3/seed123/fold4/fixed_epochs_deepsurv_vanilla.json
Evaluating method: embeddings
Fitting Random Survival Forest model...
C-index TRAIN: 0.9871978310631172
C-index TEST : 0.6950044461069493
Fitting deepsurv_simple.pt...
0:	[0s / 0s],		train_loss: 2.9793
1:	[0s / 0s],		train_loss: 2.7547
2:	[0s / 0s],		train_loss: 2.6803
3:	[0s / 0s],		train_loss: 2.6731
4:	[0s / 0s],		train_loss: 2.6584
5:	[0s / 0s],		train_loss: 2.6554
6:	[0s / 0s],		train_loss: 2.6863
7:	[0s / 0s],		train_loss: 2.6584
C-index TRAIN: 0.9599956584502071
C-index TEST : 0.5795147673094655
Fitting deepsurv_vanilla.pt...
0:	[0s / 0s],		train_loss: 2.8703
1:	[0s / 0s],		train_loss: 2.7190
2:	[0s / 0s],		train_loss: 2.6873
3:	[0s / 0s],		train_loss: 2.6712
4:	[0s / 0s],		train_loss: 2.6423
5:	[0s / 0s],		train_loss: 2.6096
6:	[0s / 0s],		train_loss: 2.6029
7:	[0s / 0s],		train_loss: 2.5773
8:	[0s / 1s],		train_loss: 2.5742
9:	[0s / 1s],		train_loss: 2.5605
10:	[0s / 1s],		train_loss: 2.5604
11:	[0s / 1s],		train_loss: 2.5377
12:	[0s / 1s],		train_loss: 2.5626
13:	[0s / 1s],		train_loss: 2.5252
14:	[0s / 1s],		train_loss: 2.5653
15:	[0s / 1s],		train_loss: 2.5402
C-index TRAIN: 0.9646705754416737
C-index TEST : 0.737818323210647
Fitting Cox model...
C-index TRAIN: 0.9607112466438578
C-index TEST : 0.7495767174933801
Evaluating method: mean
Fitting Random Survival Forest model...
C-index TRAIN: 0.919882904392792
C-index TEST : 0.8172305511531988
Fitting deepsurv_simple.pt...
0:	[0s / 0s],		train_loss: 7.2475
1:	[0s / 0s],		train_loss: 4.5556
2:	[0s / 0s],		train_loss: 4.5250
3:	[0s / 0s],		train_loss: 4.4984
4:	[0s / 0s],		train_loss: 4.5551
5:	[0s / 0s],		train_loss: 4.5293
6:	[0s / 0s],		train_loss: 4.8350
7:	[0s / 0s],		train_loss: 4.5313
C-index TRAIN: 0.8090968344355692
C-index TEST : 0.7800473157654687
Fitting deepsurv_vanilla.pt...
0:	[0s / 0s],		train_loss: 4.7506
1:	[0s / 0s],		train_loss: 4.5691
2:	[0s / 0s],		train_loss: 4.5553
3:	[0s / 0s],		train_loss: 4.5106
4:	[0s / 0s],		train_loss: 4.4769
5:	[0s / 0s],		train_loss: 4.4613
6:	[0s / 0s],		train_loss: 4.4515
7:	[0s / 0s],		train_loss: 4.4438
8:	[0s / 0s],		train_loss: 4.4462
9:	[0s / 1s],		train_loss: 4.4255
10:	[0s / 1s],		train_loss: 4.4225
11:	[0s / 1s],		train_loss: 4.4273
12:	[0s / 1s],		train_loss: 4.3977
13:	[0s / 1s],		train_loss: 4.4153
14:	[0s / 1s],		train_loss: 4.3912
15:	[0s / 1s],		train_loss: 4.3871
C-index TRAIN: 0.8246082556705245
C-index TEST : 0.7825115418311398
Fitting Cox model...
C-index TRAIN: 0.8095613368378126
C-index TEST : 0.7769588300340267
Evaluating method: median
Fitting Random Survival Forest model...
C-index TRAIN: 0.9066389557497208
C-index TEST : 0.8165759398348214
Fitting deepsurv_simple.pt...
0:	[0s / 0s],		train_loss: 7.0227
1:	[0s / 0s],		train_loss: 4.5522
2:	[0s / 0s],		train_loss: 4.5342
3:	[0s / 0s],		train_loss: 4.5131
4:	[0s / 0s],		train_loss: 4.5851
5:	[0s / 0s],		train_loss: 4.5499
6:	[0s / 0s],		train_loss: 4.7420
7:	[0s / 0s],		train_loss: 4.5459
C-index TRAIN: 0.807268339084027
C-index TEST : 0.7791039535898622
Fitting deepsurv_vanilla.pt...
0:	[0s / 0s],		train_loss: 4.7358
1:	[0s / 0s],		train_loss: 4.5703
2:	[0s / 0s],		train_loss: 4.5403
3:	[0s / 0s],		train_loss: 4.5059
4:	[0s / 0s],		train_loss: 4.4756
5:	[0s / 0s],		train_loss: 4.4674
6:	[0s / 0s],		train_loss: 4.4579
7:	[0s / 0s],		train_loss: 4.4473
8:	[0s / 1s],		train_loss: 4.4443
9:	[0s / 1s],		train_loss: 4.4332
10:	[0s / 1s],		train_loss: 4.4485
11:	[0s / 1s],		train_loss: 4.4479
12:	[0s / 1s],		train_loss: 4.4211
13:	[0s / 1s],		train_loss: 4.4282
14:	[0s / 1s],		train_loss: 4.4259
15:	[0s / 1s],		train_loss: 4.4064
C-index TRAIN: 0.8197408269485924
C-index TEST : 0.778902156115776
Fitting Cox model...
C-index TRAIN: 0.8076092047722914
C-index TEST : 0.7748916363970455
Evaluating method: constant
Fitting Random Survival Forest model...
C-index TRAIN: 0.917292113083486
C-index TEST : 0.8055049694678781
Fitting deepsurv_simple.pt...
0:	[0s / 0s],		train_loss: 10.1001
1:	[0s / 0s],		train_loss: 4.9377
2:	[0s / 0s],		train_loss: 4.8354
3:	[0s / 0s],		train_loss: 4.7954
4:	[0s / 0s],		train_loss: 4.8372
5:	[0s / 0s],		train_loss: 4.8527
6:	[0s / 0s],		train_loss: 4.8147
7:	[0s / 0s],		train_loss: 4.8627
C-index TRAIN: 0.7305341984654808
C-index TEST : 0.7030107198755746
Fitting deepsurv_vanilla.pt...
0:	[0s / 0s],		train_loss: 4.9960
1:	[0s / 0s],		train_loss: 4.8143
2:	[0s / 0s],		train_loss: 4.7076
3:	[0s / 0s],		train_loss: 4.6226
4:	[0s / 0s],		train_loss: 4.5710
5:	[0s / 0s],		train_loss: 4.5431
6:	[0s / 0s],		train_loss: 4.5366
7:	[0s / 0s],		train_loss: 4.5371
8:	[0s / 1s],		train_loss: 4.5160
9:	[0s / 1s],		train_loss: 4.5104
10:	[0s / 1s],		train_loss: 4.4873
11:	[0s / 1s],		train_loss: 4.4458
12:	[0s / 1s],		train_loss: 4.4551
13:	[0s / 1s],		train_loss: 4.4564
14:	[0s / 1s],		train_loss: 4.4515
15:	[0s / 1s],		train_loss: 4.4425
C-index TRAIN: 0.8330136334156535
C-index TEST : 0.7684226328171911
Fitting Cox model...
C-index TRAIN: 0.7587326855580805
C-index TEST : 0.723556327745348
Evaluating method: knn
Fitting Random Survival Forest model...
C-index TRAIN: 0.9235715048908331
C-index TEST : 0.8172994576077648
Fitting deepsurv_simple.pt...
0:	[0s / 0s],		train_loss: 7.0942
1:	[0s / 0s],		train_loss: 4.5258
2:	[0s / 0s],		train_loss: 4.5278
3:	[0s / 0s],		train_loss: 4.4783
4:	[0s / 0s],		train_loss: 4.6123
5:	[0s / 0s],		train_loss: 4.5462
6:	[0s / 0s],		train_loss: 4.5032
7:	[0s / 0s],		train_loss: 4.5206
C-index TRAIN: 0.7978156722777251
C-index TEST : 0.772862997562024
Fitting deepsurv_vanilla.pt...
0:	[0s / 0s],		train_loss: 4.7247
1:	[0s / 0s],		train_loss: 4.5418
2:	[0s / 0s],		train_loss: 4.5183
3:	[0s / 0s],		train_loss: 4.4751
4:	[0s / 0s],		train_loss: 4.4439
5:	[0s / 0s],		train_loss: 4.4357
6:	[0s / 0s],		train_loss: 4.4412
7:	[0s / 0s],		train_loss: 4.4221
8:	[0s / 1s],		train_loss: 4.4187
9:	[0s / 1s],		train_loss: 4.4197
10:	[0s / 1s],		train_loss: 4.3939
11:	[0s / 1s],		train_loss: 4.4160
12:	[0s / 1s],		train_loss: 4.3846
13:	[0s / 1s],		train_loss: 4.3961
14:	[0s / 1s],		train_loss: 4.3816
15:	[0s / 1s],		train_loss: 4.3689
C-index TRAIN: 0.8291096722538915
C-index TEST : 0.7911416651080683
Fitting Cox model...
C-index TRAIN: 0.8109304045225638
C-index TEST : 0.7817371645322072
Evaluating method: imputer_bayesian
Fitting Random Survival Forest model...
C-index TRAIN: 0.9274836462231748
C-index TEST : 0.8263401485098159
Fitting deepsurv_simple.pt...
0:	[0s / 0s],		train_loss: 7.0056
1:	[0s / 0s],		train_loss: 4.4961
2:	[0s / 0s],		train_loss: 4.4880
3:	[0s / 0s],		train_loss: 4.4373
4:	[0s / 0s],		train_loss: 4.5076
5:	[0s / 0s],		train_loss: 4.4929
6:	[0s / 0s],		train_loss: 4.6044
7:	[0s / 0s],		train_loss: 4.5220
C-index TRAIN: 0.8085651990902034
C-index TEST : 0.786156201088722
Fitting deepsurv_vanilla.pt...
0:	[0s / 0s],		train_loss: 4.6649
1:	[0s / 0s],		train_loss: 4.4757
2:	[0s / 0s],		train_loss: 4.4424
3:	[0s / 0s],		train_loss: 4.4116
4:	[0s / 0s],		train_loss: 4.3968
5:	[0s / 0s],		train_loss: 4.3962
6:	[0s / 0s],		train_loss: 4.3863
7:	[0s / 0s],		train_loss: 4.3818
8:	[0s / 0s],		train_loss: 4.3827
9:	[0s / 1s],		train_loss: 4.3709
10:	[0s / 1s],		train_loss: 4.3819
11:	[0s / 1s],		train_loss: 4.3732
12:	[0s / 1s],		train_loss: 4.3459
13:	[0s / 1s],		train_loss: 4.3531
14:	[0s / 1s],		train_loss: 4.3477
15:	[0s / 1s],		train_loss: 4.3378
C-index TRAIN: 0.8367071824119465
C-index TEST : 0.8021400376032366
Fitting Cox model...
C-index TRAIN: 0.8161435464412521
C-index TEST : 0.7897787118430508
[fold=4, target=50%] actual NaN%: 50.0%
X_train shape: (13567, 61), X_test shape: (3391, 61)
Generating Tabicl Embeddings...
Warming up TabICL model (triggering checkpoint load)...
ARRIVATO QUI 1
Loading TabICL model checkpoint 'tabicl-classifier-v1.1-0506.ckpt'...
ARRIVATO QUI
Performing dummy prediction to ensure model is loaded...
Warming up TabICL model (triggering checkpoint load)...
ARRIVATO QUI 1
Loading TabICL model checkpoint 'tabicl-classifier-v1.1-0506.ckpt'...
ARRIVATO QUI
Performing dummy prediction to ensure model is loaded...
Successfully generated embeddings with shape: (13567, 512)
Fitting SimpleImputer (mean)...
Fitting SimpleImputer (median)...
Fitting SimpleImputer (constant, fill=-1)...
Fitting KNNImputer...
Fitting IterativeImputer (BayesianRidge, MICE-like)...
Fitting DeepSurv Simple pilot model...
0:	[0s / 0s],		train_loss: 6.1599,	val_loss: 7.5799
1:	[0s / 0s],		train_loss: 4.7339,	val_loss: 7.5032
2:	[0s / 0s],		train_loss: 4.6458,	val_loss: 7.5771
3:	[0s / 0s],		train_loss: 4.6627,	val_loss: 7.3526
4:	[0s / 0s],		train_loss: 4.6583,	val_loss: 7.6715
5:	[0s / 0s],		train_loss: 4.6877,	val_loss: 7.4378
6:	[0s / 0s],		train_loss: 4.6036,	val_loss: 7.3827
7:	[0s / 0s],		train_loss: 4.6180,	val_loss: 7.4124
8:	[0s / 0s],		train_loss: 4.7028,	val_loss: 7.5180
9:	[0s / 0s],		train_loss: 4.6849,	val_loss: 7.4165
10:	[0s / 0s],		train_loss: 4.6370,	val_loss: 7.4299
11:	[0s / 1s],		train_loss: 4.6382,	val_loss: 7.5033
12:	[0s / 1s],		train_loss: 4.7179,	val_loss: 7.6600
13:	[0s / 1s],		train_loss: 4.6566,	val_loss: 7.5280
14:	[0s / 1s],		train_loss: 4.6572,	val_loss: 7.4292
15:	[0s / 1s],		train_loss: 4.7280,	val_loss: 7.4456
16:	[0s / 1s],		train_loss: 4.7507,	val_loss: 7.6841
17:	[0s / 1s],		train_loss: 4.8999,	val_loss: 7.5745
18:	[0s / 1s],		train_loss: 4.7020,	val_loss: 7.4326
19:	[0s / 1s],		train_loss: 4.6509,	val_loss: 7.3968
20:	[0s / 1s],		train_loss: 4.6307,	val_loss: 7.5044
21:	[0s / 1s],		train_loss: 4.6795,	val_loss: 7.5279
22:	[0s / 1s],		train_loss: 4.7305,	val_loss: 7.4312
23:	[0s / 2s],		train_loss: 4.6430,	val_loss: 7.7060
Saved fixed_epochs=4 → nan/tabicl/HURRAH/nan_percentage0.5/seed123/fold4/fixed_epochs_deepsurv_simple.json
Fitting DeepSurv Vanilla pilot model...
0:	[0s / 0s],		train_loss: 4.8423,	val_loss: 7.5004
1:	[0s / 0s],		train_loss: 4.6906,	val_loss: 137.6018
2:	[0s / 0s],		train_loss: 4.6357,	val_loss: 86.3916
3:	[0s / 0s],		train_loss: 4.5908,	val_loss: 47.8259
4:	[0s / 0s],		train_loss: 4.5684,	val_loss: 7.3860
5:	[0s / 0s],		train_loss: 4.5693,	val_loss: 44.1073
6:	[0s / 0s],		train_loss: 4.5488,	val_loss: 7.3230
7:	[0s / 0s],		train_loss: 4.5352,	val_loss: 142.4090
8:	[0s / 1s],		train_loss: 4.5380,	val_loss: 119.3396
9:	[0s / 1s],		train_loss: 4.5281,	val_loss: 165.9342
10:	[0s / 1s],		train_loss: 4.5199,	val_loss: 7.4610
11:	[0s / 1s],		train_loss: 4.5188,	val_loss: 17.8901
12:	[0s / 1s],		train_loss: 4.5102,	val_loss: 7.4063
13:	[0s / 1s],		train_loss: 4.5150,	val_loss: 7.3587
14:	[0s / 1s],		train_loss: 4.5062,	val_loss: 24.4211
15:	[0s / 1s],		train_loss: 4.5049,	val_loss: 7.4193
16:	[0s / 1s],		train_loss: 4.4862,	val_loss: 7.3956
17:	[0s / 2s],		train_loss: 4.4874,	val_loss: 68.7346
18:	[0s / 2s],		train_loss: 4.4906,	val_loss: 7.4116
19:	[0s / 2s],		train_loss: 4.4823,	val_loss: 7.3531
20:	[0s / 2s],		train_loss: 4.4757,	val_loss: 251.2701
21:	[0s / 2s],		train_loss: 4.4854,	val_loss: 97.1672
22:	[0s / 2s],		train_loss: 4.4773,	val_loss: 269.9727
23:	[0s / 2s],		train_loss: 4.4684,	val_loss: 77.2952
24:	[0s / 2s],		train_loss: 4.4701,	val_loss: 103.2036
25:	[0s / 2s],		train_loss: 4.4568,	val_loss: 7.3098
26:	[0s / 3s],		train_loss: 4.4609,	val_loss: 7.3866
27:	[0s / 3s],		train_loss: 4.4757,	val_loss: 7.4138
28:	[0s / 3s],		train_loss: 4.4631,	val_loss: 7.5652
29:	[0s / 3s],		train_loss: 4.4629,	val_loss: 7.5104
30:	[0s / 3s],		train_loss: 4.4634,	val_loss: 7.3824
31:	[0s / 3s],		train_loss: 4.4597,	val_loss: 56.5108
32:	[0s / 3s],		train_loss: 4.4585,	val_loss: 7.3316
33:	[0s / 3s],		train_loss: 4.4528,	val_loss: 7.6805
34:	[0s / 3s],		train_loss: 4.4656,	val_loss: 7.3921
35:	[0s / 4s],		train_loss: 4.4568,	val_loss: 7.5355
36:	[0s / 4s],		train_loss: 4.4370,	val_loss: 7.3495
37:	[0s / 4s],		train_loss: 4.4578,	val_loss: 7.7509
38:	[0s / 4s],		train_loss: 4.4380,	val_loss: 7.3123
39:	[0s / 4s],		train_loss: 4.4492,	val_loss: 7.5447
40:	[0s / 4s],		train_loss: 4.4422,	val_loss: 8.3378
41:	[0s / 4s],		train_loss: 4.4454,	val_loss: 7.3288
42:	[0s / 4s],		train_loss: 4.4429,	val_loss: 7.3798
43:	[0s / 4s],		train_loss: 4.4394,	val_loss: 7.2686
44:	[0s / 5s],		train_loss: 4.4333,	val_loss: 7.3227
45:	[0s / 5s],		train_loss: 4.4383,	val_loss: 7.2932
46:	[0s / 5s],		train_loss: 4.4342,	val_loss: 7.2979
47:	[0s / 5s],		train_loss: 4.4210,	val_loss: 7.3537
48:	[0s / 5s],		train_loss: 4.4219,	val_loss: 7.3003
49:	[0s / 5s],		train_loss: 4.4380,	val_loss: 7.3563
50:	[0s / 5s],		train_loss: 4.4252,	val_loss: 7.2740
51:	[0s / 5s],		train_loss: 4.4309,	val_loss: 7.2963
52:	[0s / 5s],		train_loss: 4.4199,	val_loss: 7.4399
53:	[0s / 6s],		train_loss: 4.4106,	val_loss: 7.2873
54:	[0s / 6s],		train_loss: 4.4103,	val_loss: 7.3264
55:	[0s / 6s],		train_loss: 4.4034,	val_loss: 7.3000
56:	[0s / 6s],		train_loss: 4.4273,	val_loss: 7.3298
57:	[0s / 6s],		train_loss: 4.4161,	val_loss: 7.3101
58:	[0s / 6s],		train_loss: 4.4142,	val_loss: 7.3615
59:	[0s / 6s],		train_loss: 4.4150,	val_loss: 7.2726
60:	[0s / 6s],		train_loss: 4.4073,	val_loss: 7.2929
61:	[0s / 6s],		train_loss: 4.4010,	val_loss: 7.3107
62:	[0s / 7s],		train_loss: 4.4212,	val_loss: 7.2782
63:	[0s / 7s],		train_loss: 4.4152,	val_loss: 7.3151
Saved fixed_epochs=44 → nan/tabicl/HURRAH/nan_percentage0.5/seed123/fold4/fixed_epochs_deepsurv_vanilla.json
Evaluating method: embeddings
Fitting Random Survival Forest model...
C-index TRAIN: 0.9867162108965124
C-index TEST : 0.6614954013144726
Fitting deepsurv_simple.pt...
0:	[0s / 0s],		train_loss: 2.9667
1:	[0s / 0s],		train_loss: 2.7819
2:	[0s / 0s],		train_loss: 2.7107
3:	[0s / 0s],		train_loss: 2.7301
C-index TRAIN: 0.9568326844067973
C-index TEST : 0.6664295956503621
Fitting deepsurv_vanilla.pt...
0:	[0s / 0s],		train_loss: 2.8942
1:	[0s / 0s],		train_loss: 2.7294
2:	[0s / 0s],		train_loss: 2.7226
3:	[0s / 0s],		train_loss: 2.6958
4:	[0s / 0s],		train_loss: 2.6879
5:	[0s / 0s],		train_loss: 2.6740
6:	[0s / 0s],		train_loss: 2.6535
7:	[0s / 0s],		train_loss: 2.6406
8:	[0s / 1s],		train_loss: 2.6459
9:	[0s / 1s],		train_loss: 2.6386
10:	[0s / 1s],		train_loss: 2.6334
11:	[0s / 1s],		train_loss: 2.6156
12:	[0s / 1s],		train_loss: 2.6133
13:	[0s / 1s],		train_loss: 2.5864
14:	[0s / 1s],		train_loss: 2.6103
15:	[0s / 1s],		train_loss: 2.5798
16:	[0s / 2s],		train_loss: 2.5863
17:	[0s / 2s],		train_loss: 2.5537
18:	[0s / 2s],		train_loss: 2.5837
19:	[0s / 2s],		train_loss: 2.5494
20:	[0s / 2s],		train_loss: 2.5643
21:	[0s / 2s],		train_loss: 2.5498
22:	[0s / 2s],		train_loss: 2.5461
23:	[0s / 2s],		train_loss: 2.5593
24:	[0s / 3s],		train_loss: 2.5423
25:	[0s / 3s],		train_loss: 2.5362
26:	[0s / 3s],		train_loss: 2.5142
27:	[0s / 3s],		train_loss: 2.5160
28:	[0s / 3s],		train_loss: 2.5201
29:	[0s / 3s],		train_loss: 2.5034
30:	[0s / 3s],		train_loss: 2.5316
31:	[0s / 3s],		train_loss: 2.5165
32:	[0s / 3s],		train_loss: 2.5334
33:	[0s / 4s],		train_loss: 2.5092
34:	[0s / 4s],		train_loss: 2.4857
35:	[0s / 4s],		train_loss: 2.5125
36:	[0s / 4s],		train_loss: 2.4966
37:	[0s / 4s],		train_loss: 2.5351
38:	[0s / 4s],		train_loss: 2.5041
39:	[0s / 4s],		train_loss: 2.4891
40:	[0s / 4s],		train_loss: 2.5054
41:	[0s / 5s],		train_loss: 2.4919
42:	[0s / 5s],		train_loss: 2.4902
43:	[0s / 5s],		train_loss: 2.4781
C-index TRAIN: 0.9676747935819795
C-index TEST : 0.6814397183366638
Fitting Cox model...
C-index TRAIN: 0.9587252830086547
C-index TEST : 0.7033757600217876
Evaluating method: mean
Fitting Random Survival Forest model...
C-index TRAIN: 0.9020055455497146
C-index TEST : 0.7873169467221856
Fitting deepsurv_simple.pt...
0:	[0s / 0s],		train_loss: 6.5812
1:	[0s / 0s],		train_loss: 4.6622
2:	[0s / 0s],		train_loss: 4.6472
3:	[0s / 0s],		train_loss: 4.6151
C-index TRAIN: 0.7801690750368058
C-index TEST : 0.7495832800128626
Fitting deepsurv_vanilla.pt...
0:	[0s / 0s],		train_loss: 4.8599
1:	[0s / 0s],		train_loss: 4.6773
2:	[0s / 0s],		train_loss: 4.6444
3:	[0s / 0s],		train_loss: 4.5930
4:	[0s / 0s],		train_loss: 4.5634
5:	[0s / 0s],		train_loss: 4.5648
6:	[0s / 0s],		train_loss: 4.5573
7:	[0s / 0s],		train_loss: 4.5550
8:	[0s / 1s],		train_loss: 4.5387
9:	[0s / 1s],		train_loss: 4.5432
10:	[0s / 1s],		train_loss: 4.5287
11:	[0s / 1s],		train_loss: 4.5274
12:	[0s / 1s],		train_loss: 4.5054
13:	[0s / 1s],		train_loss: 4.5109
14:	[0s / 1s],		train_loss: 4.5016
15:	[0s / 1s],		train_loss: 4.5075
16:	[0s / 2s],		train_loss: 4.5009
17:	[0s / 2s],		train_loss: 4.4949
18:	[0s / 2s],		train_loss: 4.5250
19:	[0s / 2s],		train_loss: 4.5136
20:	[0s / 2s],		train_loss: 4.4978
21:	[0s / 2s],		train_loss: 4.5193
22:	[0s / 2s],		train_loss: 4.4869
23:	[0s / 2s],		train_loss: 4.4921
24:	[0s / 2s],		train_loss: 4.4842
25:	[0s / 3s],		train_loss: 4.4744
26:	[0s / 3s],		train_loss: 4.4548
27:	[0s / 3s],		train_loss: 4.4740
28:	[0s / 3s],		train_loss: 4.4656
29:	[0s / 3s],		train_loss: 4.4643
30:	[0s / 3s],		train_loss: 4.4790
31:	[0s / 3s],		train_loss: 4.4646
32:	[0s / 3s],		train_loss: 4.4707
33:	[0s / 4s],		train_loss: 4.4690
34:	[0s / 4s],		train_loss: 4.4543
35:	[0s / 4s],		train_loss: 4.4504
36:	[0s / 4s],		train_loss: 4.4660
37:	[0s / 4s],		train_loss: 4.4692
38:	[0s / 4s],		train_loss: 4.4586
39:	[0s / 4s],		train_loss: 4.4532
40:	[0s / 4s],		train_loss: 4.4496
41:	[0s / 4s],		train_loss: 4.4587
42:	[0s / 5s],		train_loss: 4.4325
43:	[0s / 5s],		train_loss: 4.4505
C-index TRAIN: 0.7774379079607602
C-index TEST : 0.7385721926361969
Fitting Cox model...
C-index TRAIN: 0.79059854005163
C-index TEST : 0.7574648659113207
Evaluating method: median
Fitting Random Survival Forest model...
C-index TRAIN: 0.8831401533872875
C-index TEST : 0.787585189706032
Fitting deepsurv_simple.pt...
0:	[0s / 0s],		train_loss: 6.3648
1:	[0s / 0s],		train_loss: 4.6570
2:	[0s / 0s],		train_loss: 4.6676
3:	[0s / 0s],		train_loss: 4.6202
C-index TRAIN: 0.7752611494210156
C-index TEST : 0.7441626389203343
Fitting deepsurv_vanilla.pt...
0:	[0s / 0s],		train_loss: 4.8641
1:	[0s / 0s],		train_loss: 4.6815
2:	[0s / 0s],		train_loss: 4.6606
3:	[0s / 0s],		train_loss: 4.5987
4:	[0s / 0s],		train_loss: 4.5639
5:	[0s / 0s],		train_loss: 4.5746
6:	[0s / 0s],		train_loss: 4.5707
7:	[0s / 0s],		train_loss: 4.5608
8:	[0s / 0s],		train_loss: 4.5454
9:	[0s / 1s],		train_loss: 4.5440
10:	[0s / 1s],		train_loss: 4.5416
11:	[0s / 1s],		train_loss: 4.5437
12:	[0s / 1s],		train_loss: 4.5171
13:	[0s / 1s],		train_loss: 4.5227
14:	[0s / 1s],		train_loss: 4.5188
15:	[0s / 1s],		train_loss: 4.5229
16:	[0s / 1s],		train_loss: 4.5138
17:	[0s / 1s],		train_loss: 4.5014
18:	[0s / 2s],		train_loss: 4.5058
19:	[0s / 2s],		train_loss: 4.5133
20:	[0s / 2s],		train_loss: 4.4938
21:	[0s / 2s],		train_loss: 4.5045
22:	[0s / 2s],		train_loss: 4.4893
23:	[0s / 2s],		train_loss: 4.4835
24:	[0s / 2s],		train_loss: 4.4883
25:	[0s / 2s],		train_loss: 4.4797
26:	[0s / 2s],		train_loss: 4.4600
27:	[0s / 3s],		train_loss: 4.4763
28:	[0s / 3s],		train_loss: 4.4714
29:	[0s / 3s],		train_loss: 4.4655
30:	[0s / 3s],		train_loss: 4.4702
31:	[0s / 3s],		train_loss: 4.4708
32:	[0s / 3s],		train_loss: 4.4742
33:	[0s / 3s],		train_loss: 4.4719
34:	[0s / 3s],		train_loss: 4.4554
35:	[0s / 3s],		train_loss: 4.4443
36:	[0s / 3s],		train_loss: 4.4661
37:	[0s / 4s],		train_loss: 4.4500
38:	[0s / 4s],		train_loss: 4.4526
39:	[0s / 4s],		train_loss: 4.4388
40:	[0s / 4s],		train_loss: 4.4381
41:	[0s / 4s],		train_loss: 4.4485
42:	[0s / 4s],		train_loss: 4.4362
43:	[0s / 4s],		train_loss: 4.4435
C-index TRAIN: 0.8093357509608671
C-index TEST : 0.7656384839267492
Fitting Cox model...
C-index TRAIN: 0.7877422466626419
C-index TEST : 0.753720948546566
Evaluating method: constant
Fitting Random Survival Forest model...
C-index TRAIN: 0.8961747502573724
C-index TEST : 0.7725865514288246
Fitting deepsurv_simple.pt...
0:	[0s / 0s],		train_loss: 9.7483
1:	[0s / 0s],		train_loss: 4.9000
2:	[0s / 0s],		train_loss: 4.9706
3:	[0s / 0s],		train_loss: 4.9252
C-index TRAIN: 0.7154845529092423
C-index TEST : 0.6999222341441326
Fitting deepsurv_vanilla.pt...
0:	[0s / 0s],		train_loss: 5.0757
1:	[0s / 0s],		train_loss: 4.9473
2:	[0s / 0s],		train_loss: 4.8621
3:	[0s / 0s],		train_loss: 4.7688
4:	[0s / 0s],		train_loss: 4.6963
5:	[0s / 0s],		train_loss: 4.6745
6:	[0s / 0s],		train_loss: 4.6845
7:	[0s / 0s],		train_loss: 4.6394
8:	[0s / 0s],		train_loss: 4.6204
9:	[0s / 1s],		train_loss: 4.5955
10:	[0s / 1s],		train_loss: 4.5864
11:	[0s / 1s],		train_loss: 4.5742
12:	[0s / 1s],		train_loss: 4.5433
13:	[0s / 1s],		train_loss: 4.5496
14:	[0s / 1s],		train_loss: 4.5359
15:	[0s / 1s],		train_loss: 4.5640
16:	[0s / 1s],		train_loss: 4.5207
17:	[0s / 1s],		train_loss: 4.4985
18:	[0s / 2s],		train_loss: 4.5229
19:	[0s / 2s],		train_loss: 4.5118
20:	[0s / 2s],		train_loss: 4.4841
21:	[0s / 2s],		train_loss: 4.5029
22:	[0s / 2s],		train_loss: 4.4754
23:	[0s / 2s],		train_loss: 4.4517
24:	[0s / 2s],		train_loss: 4.4637
25:	[0s / 2s],		train_loss: 4.4569
26:	[0s / 2s],		train_loss: 4.4273
27:	[0s / 3s],		train_loss: 4.4483
28:	[0s / 3s],		train_loss: 4.4400
29:	[0s / 3s],		train_loss: 4.4380
30:	[0s / 3s],		train_loss: 4.4314
31:	[0s / 3s],		train_loss: 4.4059
32:	[0s / 3s],		train_loss: 4.4069
33:	[0s / 3s],		train_loss: 4.3901
34:	[0s / 3s],		train_loss: 4.3867
35:	[0s / 3s],		train_loss: 4.3570
36:	[0s / 4s],		train_loss: 4.3794
37:	[0s / 4s],		train_loss: 4.3822
38:	[0s / 4s],		train_loss: 4.3789
39:	[0s / 4s],		train_loss: 4.3880
40:	[0s / 4s],		train_loss: 4.3494
41:	[0s / 4s],		train_loss: 4.3562
42:	[0s / 4s],		train_loss: 4.3378
43:	[0s / 4s],		train_loss: 4.3462
C-index TRAIN: 0.8537408223030634
C-index TEST : 0.730963771611197
Fitting Cox model...
C-index TRAIN: 0.7304313151472319
C-index TEST : 0.7083140559323535
Evaluating method: knn
Fitting Random Survival Forest model...
C-index TRAIN: 0.9175614527740574
C-index TEST : 0.8003410869501019
Fitting deepsurv_simple.pt...
0:	[0s / 0s],		train_loss: 6.7097
1:	[0s / 0s],		train_loss: 4.6402
2:	[0s / 0s],		train_loss: 4.5960
3:	[0s / 0s],		train_loss: 4.5452
C-index TRAIN: 0.7887508566456413
C-index TEST : 0.7595361611229783
Fitting deepsurv_vanilla.pt...
0:	[0s / 0s],		train_loss: 4.7454
1:	[0s / 0s],		train_loss: 4.6021
2:	[0s / 0s],		train_loss: 4.5880
3:	[0s / 0s],		train_loss: 4.5378
4:	[0s / 0s],		train_loss: 4.5332
5:	[0s / 0s],		train_loss: 4.5261
6:	[0s / 0s],		train_loss: 4.5216
7:	[0s / 0s],		train_loss: 4.5084
8:	[0s / 0s],		train_loss: 4.5057
9:	[0s / 1s],		train_loss: 4.5049
10:	[0s / 1s],		train_loss: 4.4887
11:	[0s / 1s],		train_loss: 4.4921
12:	[0s / 1s],		train_loss: 4.4783
13:	[0s / 1s],		train_loss: 4.4727
14:	[0s / 1s],		train_loss: 4.4668
15:	[0s / 1s],		train_loss: 4.4724
16:	[0s / 1s],		train_loss: 4.4585
17:	[0s / 1s],		train_loss: 4.4468
18:	[0s / 2s],		train_loss: 4.4569
19:	[0s / 2s],		train_loss: 4.4639
20:	[0s / 2s],		train_loss: 4.4480
21:	[0s / 2s],		train_loss: 4.4562
22:	[0s / 2s],		train_loss: 4.4558
23:	[0s / 2s],		train_loss: 4.4479
24:	[0s / 2s],		train_loss: 4.4506
25:	[0s / 2s],		train_loss: 4.4431
26:	[0s / 2s],		train_loss: 4.4224
27:	[0s / 3s],		train_loss: 4.4375
28:	[0s / 3s],		train_loss: 4.4394
29:	[0s / 3s],		train_loss: 4.4273
30:	[0s / 3s],		train_loss: 4.4280
31:	[0s / 3s],		train_loss: 4.4325
32:	[0s / 3s],		train_loss: 4.4387
33:	[0s / 3s],		train_loss: 4.4349
34:	[0s / 3s],		train_loss: 4.4141
35:	[0s / 3s],		train_loss: 4.4164
36:	[0s / 3s],		train_loss: 4.4269
37:	[0s / 4s],		train_loss: 4.4270
38:	[0s / 4s],		train_loss: 4.4263
39:	[0s / 4s],		train_loss: 4.4096
40:	[0s / 4s],		train_loss: 4.4140
41:	[0s / 4s],		train_loss: 4.4181
42:	[0s / 4s],		train_loss: 4.4009
43:	[0s / 4s],		train_loss: 4.3975
C-index TRAIN: 0.8224081432487235
C-index TEST : 0.7750663634782666
Fitting Cox model...
C-index TRAIN: 0.7941066213532345
C-index TEST : 0.7670190739628758
Evaluating method: imputer_bayesian
Fitting Random Survival Forest model...
C-index TRAIN: 0.930970065221207
C-index TEST : 0.8090889254202474
Fitting deepsurv_simple.pt...
0:	[0s / 0s],		train_loss: 6.6224
1:	[0s / 0s],		train_loss: 4.5593
2:	[0s / 0s],		train_loss: 4.6127
3:	[0s / 0s],		train_loss: 4.5710
C-index TRAIN: 0.7922386390054367
C-index TEST : 0.766543291300396
Fitting deepsurv_vanilla.pt...
0:	[0s / 0s],		train_loss: 4.7157
1:	[0s / 0s],		train_loss: 4.5799
2:	[0s / 0s],		train_loss: 4.5472
3:	[0s / 0s],		train_loss: 4.5111
4:	[0s / 0s],		train_loss: 4.5018
5:	[0s / 0s],		train_loss: 4.4960
6:	[0s / 0s],		train_loss: 4.4974
7:	[0s / 0s],		train_loss: 4.4858
8:	[0s / 0s],		train_loss: 4.4762
9:	[0s / 1s],		train_loss: 4.4680
10:	[0s / 1s],		train_loss: 4.4673
11:	[0s / 1s],		train_loss: 4.4658
12:	[0s / 1s],		train_loss: 4.4550
13:	[0s / 1s],		train_loss: 4.4570
14:	[0s / 1s],		train_loss: 4.4467
15:	[0s / 1s],		train_loss: 4.4549
16:	[0s / 1s],		train_loss: 4.4382
17:	[0s / 1s],		train_loss: 4.4371
18:	[0s / 2s],		train_loss: 4.4450
19:	[0s / 2s],		train_loss: 4.4457
20:	[0s / 2s],		train_loss: 4.4249
21:	[0s / 2s],		train_loss: 4.4441
22:	[0s / 2s],		train_loss: 4.4410
23:	[0s / 2s],		train_loss: 4.4380
24:	[0s / 2s],		train_loss: 4.4226
25:	[0s / 2s],		train_loss: 4.4157
26:	[0s / 3s],		train_loss: 4.4077
27:	[0s / 3s],		train_loss: 4.4211
28:	[0s / 3s],		train_loss: 4.4275
29:	[0s / 3s],		train_loss: 4.4197
30:	[0s / 3s],		train_loss: 4.4192/scratch.hpc/luca.cotugno/Foundation_model_clinical_data/.venv/lib/python3.12/site-packages/sklearn/impute/_iterative.py:867: ConvergenceWarning: [IterativeImputer] Early stopping criterion not reached.
  warnings.warn(
/scratch.hpc/luca.cotugno/Foundation_model_clinical_data/.venv/lib/python3.12/site-packages/sklearn/impute/_iterative.py:867: ConvergenceWarning: [IterativeImputer] Early stopping criterion not reached.
  warnings.warn(

31:	[0s / 3s],		train_loss: 4.4184
32:	[0s / 3s],		train_loss: 4.4200
33:	[0s / 3s],		train_loss: 4.4286
34:	[0s / 3s],		train_loss: 4.4035
35:	[0s / 4s],		train_loss: 4.4069
36:	[0s / 4s],		train_loss: 4.4143
37:	[0s / 4s],		train_loss: 4.4137
38:	[0s / 4s],		train_loss: 4.4042
39:	[0s / 4s],		train_loss: 4.4004
40:	[0s / 4s],		train_loss: 4.4146
41:	[0s / 4s],		train_loss: 4.3973
42:	[0s / 4s],		train_loss: 4.3880
43:	[0s / 5s],		train_loss: 4.3890
C-index TRAIN: 0.8261168407090531
C-index TEST : 0.7885851536121747
Fitting Cox model...
C-index TRAIN: 0.7988269332419309
C-index TEST : 0.772310105295625
[fold=4, target=70%] actual NaN%: 70.0%
X_train shape: (13567, 61), X_test shape: (3391, 61)
Generating Tabicl Embeddings...
Warming up TabICL model (triggering checkpoint load)...
ARRIVATO QUI 1
Loading TabICL model checkpoint 'tabicl-classifier-v1.1-0506.ckpt'...
ARRIVATO QUI
Performing dummy prediction to ensure model is loaded...
Warming up TabICL model (triggering checkpoint load)...
ARRIVATO QUI 1
Loading TabICL model checkpoint 'tabicl-classifier-v1.1-0506.ckpt'...
ARRIVATO QUI
Performing dummy prediction to ensure model is loaded...
Successfully generated embeddings with shape: (13567, 512)
Fitting SimpleImputer (mean)...
Fitting SimpleImputer (median)...
Fitting SimpleImputer (constant, fill=-1)...
Fitting KNNImputer...
Fitting IterativeImputer (BayesianRidge, MICE-like)...
Fitting DeepSurv Simple pilot model...
0:	[0s / 0s],		train_loss: 6.5942,	val_loss: 7.8346
1:	[0s / 0s],		train_loss: 4.8449,	val_loss: 7.5184
2:	[0s / 0s],		train_loss: 4.7282,	val_loss: 7.5217
3:	[0s / 0s],		train_loss: 4.7171,	val_loss: 7.4878
4:	[0s / 0s],		train_loss: 4.7337,	val_loss: 7.5263
5:	[0s / 0s],		train_loss: 4.7501,	val_loss: 7.5575
6:	[0s / 0s],		train_loss: 4.7113,	val_loss: 7.5374
7:	[0s / 0s],		train_loss: 4.7203,	val_loss: 7.5299
8:	[0s / 0s],		train_loss: 4.8099,	val_loss: 7.5981
9:	[0s / 0s],		train_loss: 4.7881,	val_loss: 7.5466
10:	[0s / 0s],		train_loss: 4.7225,	val_loss: 7.5987
11:	[0s / 0s],		train_loss: 4.7776,	val_loss: 7.7117
12:	[0s / 1s],		train_loss: 4.7835,	val_loss: 7.5601
13:	[0s / 1s],		train_loss: 4.7230,	val_loss: 7.5504
14:	[0s / 1s],		train_loss: 5.2801,	val_loss: 7.6774
15:	[0s / 1s],		train_loss: 4.8341,	val_loss: 7.5088
16:	[0s / 1s],		train_loss: 4.7386,	val_loss: 7.5616
17:	[0s / 1s],		train_loss: 4.7383,	val_loss: 7.5210
18:	[0s / 1s],		train_loss: 4.7419,	val_loss: 7.4913
19:	[0s / 1s],		train_loss: 4.7493,	val_loss: 7.5996
20:	[0s / 1s],		train_loss: 4.7725,	val_loss: 7.6584
21:	[0s / 1s],		train_loss: 4.7463,	val_loss: 7.5750
22:	[0s / 1s],		train_loss: 4.7411,	val_loss: 7.5910
23:	[0s / 1s],		train_loss: 4.7707,	val_loss: 7.7521
Saved fixed_epochs=4 → nan/tabicl/HURRAH/nan_percentage0.7/seed123/fold4/fixed_epochs_deepsurv_simple.json
Fitting DeepSurv Vanilla pilot model...
0:	[0s / 0s],		train_loss: 4.9466,	val_loss: 17.9160
1:	[0s / 0s],		train_loss: 4.8035,	val_loss: 141.5800
2:	[0s / 0s],		train_loss: 4.7603,	val_loss: 147.1927
3:	[0s / 0s],		train_loss: 4.7219,	val_loss: 172.9062
4:	[0s / 0s],		train_loss: 4.6901,	val_loss: 393.7649
5:	[0s / 0s],		train_loss: 4.6879,	val_loss: 273.5439
6:	[0s / 0s],		train_loss: 4.6899,	val_loss: 177.9136
7:	[0s / 0s],		train_loss: 4.6659,	val_loss: 241.0914
8:	[0s / 0s],		train_loss: 4.6569,	val_loss: 313.5992
9:	[0s / 1s],		train_loss: 4.6566,	val_loss: 374.6977
10:	[0s / 1s],		train_loss: 4.6456,	val_loss: 194.5455
11:	[0s / 1s],		train_loss: 4.6296,	val_loss: 279.0444
12:	[0s / 1s],		train_loss: 4.6224,	val_loss: 487.7130
13:	[0s / 1s],		train_loss: 4.6423,	val_loss: 398.1100
14:	[0s / 1s],		train_loss: 4.6406,	val_loss: 566.0935
15:	[0s / 1s],		train_loss: 4.6268,	val_loss: 552.1605
16:	[0s / 1s],		train_loss: 4.6104,	val_loss: 605.9504
17:	[0s / 1s],		train_loss: 4.6184,	val_loss: 797.7506
18:	[0s / 2s],		train_loss: 4.6127,	val_loss: 524.2333
19:	[0s / 2s],		train_loss: 4.6153,	val_loss: 572.2850
20:	[0s / 2s],		train_loss: 4.6104,	val_loss: 853.1166
Saved fixed_epochs=1 → nan/tabicl/HURRAH/nan_percentage0.7/seed123/fold4/fixed_epochs_deepsurv_vanilla.json
Evaluating method: embeddings
Fitting Random Survival Forest model...
C-index TRAIN: 0.9878103339589985
C-index TEST : 0.648390870222896
Fitting deepsurv_simple.pt...
0:	[0s / 0s],		train_loss: 2.9707
1:	[0s / 0s],		train_loss: 2.8117
2:	[0s / 0s],		train_loss: 2.7777
3:	[0s / 0s],		train_loss: 2.7823
C-index TRAIN: 0.9565645313459087
C-index TEST : 0.5600995534205492
Fitting deepsurv_vanilla.pt...
0:	[0s / 0s],		train_loss: 2.9155
C-index TRAIN: 0.9532710785322633
C-index TEST : 0.6301651129901792
Fitting Cox model...
C-index TRAIN: 0.9558135462412924
C-index TEST : 0.6815283123496773
Evaluating method: mean
Fitting Random Survival Forest model...
C-index TRAIN: 0.8667688548387324
C-index TEST : 0.7516808253024501
Fitting deepsurv_simple.pt...
0:	[0s / 0s],		train_loss: 6.0807
1:	[0s / 0s],		train_loss: 4.7804
2:	[0s / 0s],		train_loss: 4.7555
3:	[0s / 0s],		train_loss: 4.7140
C-index TRAIN: 0.7529340555043762
C-index TEST : 0.724739221882065
Fitting deepsurv_vanilla.pt...
0:	[0s / 0s],		train_loss: 4.9686
C-index TRAIN: 0.7173486471512708
C-index TEST : 0.6868218046272325
Fitting Cox model...
C-index TRAIN: 0.7620550971854759
C-index TEST : 0.7310942016859112
Evaluating method: median
Fitting Random Survival Forest model...
C-index TRAIN: 0.8363681597868066
C-index TEST : 0.7461900472829529
Fitting deepsurv_simple.pt...
0:	[0s / 0s],		train_loss: 6.1341
1:	[0s / 0s],		train_loss: 4.7688
2:	[0s / 0s],		train_loss: 4.7577
3:	[0s / 0s],		train_loss: 4.7307
C-index TRAIN: 0.7491473939491379
C-index TEST : 0.7141280380363629
Fitting deepsurv_vanilla.pt...
0:	[0s / 0s],		train_loss: 4.9608
C-index TRAIN: 0.7146702724723929
C-index TEST : 0.6805111218298929
Fitting Cox model...
C-index TRAIN: 0.7605759506620585
C-index TEST : 0.7268876266976417
Evaluating method: constant
Fitting Random Survival Forest model...
C-index TRAIN: 0.8552710191502843
C-index TEST : 0.7281312241395717
Fitting deepsurv_simple.pt...
0:	[0s / 0s],		train_loss: 9.2806
1:	[0s / 0s],		train_loss: 5.0265
2:	[0s / 0s],		train_loss: 5.0489
3:	[0s / 0s],		train_loss: 4.9858
C-index TRAIN: 0.6799319157333361
C-index TEST : 0.65329102148897
Fitting deepsurv_vanilla.pt...
0:	[0s / 0s],		train_loss: 5.1402
C-index TRAIN: 0.5935867058695451
C-index TEST : 0.5572702872086651
Fitting Cox model...
C-index TRAIN: 0.7028955481087951
C-index TEST : 0.6820122981615102
Evaluating method: knn
Fitting Random Survival Forest model...
C-index TRAIN: 0.9198544757752832
C-index TEST : 0.755406695738628
Fitting deepsurv_simple.pt...
0:	[0s / 0s],		train_loss: 6.7263
1:	[0s / 0s],		train_loss: 4.7722
2:	[0s / 0s],		train_loss: 4.7508
3:	[0s / 0s],		train_loss: 4.7423
C-index TRAIN: 0.739468106120848
C-index TEST : 0.7164835723731054
Fitting deepsurv_vanilla.pt...
0:	[0s / 0s],		train_loss: 4.9226
C-index TRAIN: 0.7125509771062273
C-index TEST : 0.6857718015100357
Fitting Cox model...
C-index TRAIN: 0.7522973655609163
C-index TEST : 0.7254553568205906
Evaluating method: imputer_bayesian
Fitting Random Survival Forest model...
C-index TRAIN: 0.9186796113994817
C-index TEST : 0.7654071551149918
Fitting deepsurv_simple.pt...
0:	[0s / 0s],		train_loss: 6.8202
1:	[0s / 0s],		train_loss: 4.7337
2:	[0s / 0s],		train_loss: 4.7045
3:	[0s / 0s],		train_loss: 4.6874
C-index TRAIN: 0.7594724607993097
C-index TEST : 0.7255308257946391
Fitting deepsurv_vanilla.pt...
0:	[0s / 0s],		train_loss: 4.8929
C-index TRAIN: 0.7238092650833762
C-index TEST : 0.6872073526468282
Fitting Cox model...
C-index TRAIN: 0.7636752759090745
C-index TEST : 0.7343393675699975
[fold=4, target=90%] actual NaN%: 90.0%
X_train shape: (13567, 61), X_test shape: (3391, 61)
Generating Tabicl Embeddings...
Warming up TabICL model (triggering checkpoint load)...
ARRIVATO QUI 1
Loading TabICL model checkpoint 'tabicl-classifier-v1.1-0506.ckpt'...
ARRIVATO QUI
Performing dummy prediction to ensure model is loaded...
Warming up TabICL model (triggering checkpoint load)...
ARRIVATO QUI 1
Loading TabICL model checkpoint 'tabicl-classifier-v1.1-0506.ckpt'...
ARRIVATO QUI
Performing dummy prediction to ensure model is loaded...
Successfully generated embeddings with shape: (13567, 512)
Fitting SimpleImputer (mean)...
Fitting SimpleImputer (median)...
Fitting SimpleImputer (constant, fill=-1)...
Fitting KNNImputer...
Fitting IterativeImputer (BayesianRidge, MICE-like)...
Fitting DeepSurv Simple pilot model...
0:	[0s / 0s],		train_loss: 5.5406,	val_loss: 7.8169
1:	[0s / 0s],		train_loss: 4.9650,	val_loss: 7.6844
2:	[0s / 0s],		train_loss: 4.9404,	val_loss: 7.6949
3:	[0s / 0s],		train_loss: 4.9205,	val_loss: 7.7328
4:	[0s / 0s],		train_loss: 4.9467,	val_loss: 7.7174
5:	[0s / 0s],		train_loss: 4.9165,	val_loss: 7.6411
6:	[0s / 0s],		train_loss: 4.9706,	val_loss: 7.7472
7:	[0s / 0s],		train_loss: 4.9279,	val_loss: 7.7533
8:	[0s / 0s],		train_loss: 4.9232,	val_loss: 7.6885
9:	[0s / 0s],		train_loss: 4.9493,	val_loss: 7.6960
10:	[0s / 1s],		train_loss: 4.9175,	val_loss: 7.6993
11:	[0s / 1s],		train_loss: 4.9081,	val_loss: 7.6730
12:	[0s / 1s],		train_loss: 4.9286,	val_loss: 7.7271
13:	[0s / 1s],		train_loss: 4.9102,	val_loss: 7.7551
14:	[0s / 1s],		train_loss: 4.9335,	val_loss: 7.7349
15:	[0s / 1s],		train_loss: 4.9692,	val_loss: 7.7039
16:	[0s / 1s],		train_loss: 4.9062,	val_loss: 8.4457
17:	[0s / 1s],		train_loss: 4.9675,	val_loss: 7.7463
18:	[0s / 1s],		train_loss: 4.9350,	val_loss: 7.7310
19:	[0s / 1s],		train_loss: 4.9193,	val_loss: 7.7228
20:	[0s / 1s],		train_loss: 4.9946,	val_loss: 7.9353
21:	[0s / 1s],		train_loss: 4.9610,	val_loss: 7.6481
22:	[0s / 2s],		train_loss: 4.9298,	val_loss: 7.7850
23:	[0s / 2s],		train_loss: 4.9838,	val_loss: 7.7375
24:	[0s / 2s],		train_loss: 4.9278,	val_loss: 7.6855
25:	[0s / 2s],		train_loss: 4.9489,	val_loss: 7.7290
Saved fixed_epochs=6 → nan/tabicl/HURRAH/nan_percentage0.9/seed123/fold4/fixed_epochs_deepsurv_simple.json
Fitting DeepSurv Vanilla pilot model...
0:	[0s / 0s],		train_loss: 5.1286,	val_loss: 7.8379
1:	[0s / 0s],		train_loss: 5.0185,	val_loss: 7.7891
2:	[0s / 0s],		train_loss: 4.9511,	val_loss: 7.7464
3:	[0s / 0s],		train_loss: 4.9299,	val_loss: 7.7675
4:	[0s / 0s],		train_loss: 4.9162,	val_loss: 7.7532
5:	[0s / 0s],		train_loss: 4.9110,	val_loss: 7.7169
6:	[0s / 0s],		train_loss: 4.8773,	val_loss: 7.7239
7:	[0s / 1s],		train_loss: 4.8826,	val_loss: 7.7584
8:	[0s / 1s],		train_loss: 4.8730,	val_loss: 13.9697
9:	[0s / 1s],		train_loss: 4.8816,	val_loss: 7.7657
10:	[0s / 1s],		train_loss: 4.8786,	val_loss: 7.6782
11:	[0s / 1s],		train_loss: 4.8637,	val_loss: 10.0703
12:	[0s / 1s],		train_loss: 4.8585,	val_loss: 7.7762
13:	[0s / 1s],		train_loss: 4.8650,	val_loss: 7.6836
14:	[0s / 1s],		train_loss: 4.8566,	val_loss: 8.0408
15:	[0s / 1s],		train_loss: 4.8442,	val_loss: 11.4780
16:	[0s / 2s],		train_loss: 4.8507,	val_loss: 12.2135
17:	[0s / 2s],		train_loss: 4.8526,	val_loss: 7.6893
18:	[0s / 2s],		train_loss: 4.8431,	val_loss: 8.2587
19:	[0s / 2s],		train_loss: 4.8598,	val_loss: 7.6996
20:	[0s / 2s],		train_loss: 4.8406,	val_loss: 21.1933
21:	[0s / 2s],		train_loss: 4.8364,	val_loss: 27.9438
22:	[0s / 2s],		train_loss: 4.8432,	val_loss: 24.7016
23:	[0s / 2s],		train_loss: 4.8341,	val_loss: 126.4371
24:	[0s / 3s],		train_loss: 4.8237,	val_loss: 40.3973
25:	[0s / 3s],		train_loss: 4.8253,	val_loss: 15.8286
26:	[0s / 3s],		train_loss: 4.8224,	val_loss: 15.2856
27:	[0s / 3s],		train_loss: 4.8237,	val_loss: 184.7005
28:	[0s / 3s],		train_loss: 4.8143,	val_loss: 96.5553
29:	[0s / 3s],		train_loss: 4.8167,	val_loss: 109.7983
30:	[0s / 3s],		train_loss: 4.8221,	val_loss: 186.3664
Saved fixed_epochs=11 → nan/tabicl/HURRAH/nan_percentage0.9/seed123/fold4/fixed_epochs_deepsurv_vanilla.json
Evaluating method: embeddings
Fitting Random Survival Forest model...
C-index TRAIN: 0.9920881844606247
C-index TEST : 0.5846942358110125
Fitting deepsurv_simple.pt...
0:	[0s / 0s],		train_loss: 2.9771
1:	[0s / 0s],		train_loss: 2.7880
2:	[0s / 0s],		train_loss: 2.8740
3:	[0s / 0s],		train_loss: 2.8463
4:	[0s / 0s],		train_loss: 2.7596
5:	[0s / 0s],		train_loss: 2.7810
C-index TRAIN: 0.9539375352075552
C-index TEST : 0.4478230482246744
Fitting deepsurv_vanilla.pt...
0:	[0s / 0s],		train_loss: 2.9018
1:	[0s / 0s],		train_loss: 2.7603
2:	[0s / 0s],		train_loss: 2.7552
3:	[0s / 0s],		train_loss: 2.7395
4:	[0s / 0s],		train_loss: 2.7187
5:	[0s / 0s],		train_loss: 2.7126
6:	[0s / 1s],		train_loss: 2.7039
7:	[0s / 1s],		train_loss: 2.7028
8:	[0s / 1s],		train_loss: 2.6979
9:	[0s / 1s],		train_loss: 2.6914
10:	[0s / 1s],		train_loss: 2.6839
C-index TRAIN: 0.9554481652887287
C-index TEST : 0.5944867453512752
Fitting Cox model...
C-index TRAIN: 0.9543537140095217
C-index TEST : 0.5676644977539778
Evaluating method: mean
Fitting Random Survival Forest model...
C-index TRAIN: 0.7880083799283255
C-index TEST : 0.6700681025459294
Fitting deepsurv_simple.pt...
0:	[0s / 0s],		train_loss: 5.6206
1:	[0s / 0s],		train_loss: 4.9448
2:	[0s / 0s],		train_loss: 4.9306
3:	[0s / 0s],		train_loss: 4.9050
4:	[0s / 0s],		train_loss: 4.9091
5:	[0s / 0s],		train_loss: 4.9435
C-index TRAIN: 0.695071063464591
C-index TEST : 0.6723087927917286
Fitting deepsurv_vanilla.pt...
0:	[0s / 0s],		train_loss: 5.1363
1:	[0s / 0s],		train_loss: 5.0546
2:	[0s / 0s],		train_loss: 4.9840
3:	[0s / 0s],		train_loss: 4.9299
4:	[0s / 0s],		train_loss: 4.9146
5:	[0s / 0s],		train_loss: 4.9220
6:	[0s / 0s],		train_loss: 4.8936
7:	[0s / 0s],		train_loss: 4.8879
8:	[0s / 1s],		train_loss: 4.8778
9:	[0s / 1s],		train_loss: 4.8820
10:	[0s / 1s],		train_loss: 4.8684
C-index TRAIN: 0.7048896161722579
C-index TEST : 0.6786170146442623
Fitting Cox model...
C-index TRAIN: 0.7051746850179873
C-index TEST : 0.6753283720686046
Evaluating method: median
Fitting Random Survival Forest model...
C-index TRAIN: 0.7589093418961878
C-index TEST : 0.6659882662151654
Fitting deepsurv_simple.pt...
0:	[0s / 0s],		train_loss: 5.5032
1:	[0s / 0s],		train_loss: 4.9680
2:	[0s / 0s],		train_loss: 4.9621
3:	[0s / 0s],		train_loss: 4.9111
4:	[0s / 0s],		train_loss: 4.8959
5:	[0s / 0s],		train_loss: 4.9408
C-index TRAIN: 0.6986336287418473
C-index TEST : 0.6520744944399054
Fitting deepsurv_vanilla.pt...
0:	[0s / 0s],		train_loss: 5.1702
1:	[0s / 0s],		train_loss: 5.0267
2:	[0s / 0s],		train_loss: 4.9575
3:	[0s / 0s],		train_loss: 4.9214
4:	[0s / 0s],		train_loss: 4.9091
5:	[0s / 0s],		train_loss: 4.9221
6:	[0s / 0s],		train_loss: 4.8964
7:	[0s / 0s],		train_loss: 4.8896
8:	[0s / 1s],		train_loss: 4.8744
9:	[0s / 1s],		train_loss: 4.8762
10:	[0s / 1s],		train_loss: 4.8641
C-index TRAIN: 0.7089420070341388
C-index TEST : 0.6727566847464078
Fitting Cox model...
C-index TRAIN: 0.7044897219691306
C-index TEST : 0.6609597356617153
Evaluating method: constant
Fitting Random Survival Forest model...
C-index TRAIN: 0.758651010089483
C-index TEST : 0.6450025593825982
Fitting deepsurv_simple.pt...
0:	[0s / 0s],		train_loss: 8.4468
1:	[0s / 0s],		train_loss: 5.1724
2:	[0s / 0s],		train_loss: 5.0854
3:	[0s / 0s],		train_loss: 5.0735
4:	[0s / 0s],		train_loss: 5.0525
5:	[0s / 0s],		train_loss: 5.0757
C-index TRAIN: 0.6206956901811898
C-index TEST : 0.6028929226508641
Fitting deepsurv_vanilla.pt...
0:	[0s / 0s],		train_loss: 5.1735
1:	[0s / 0s],		train_loss: 5.1199
2:	[0s / 0s],		train_loss: 5.1101
3:	[0s / 0s],		train_loss: 5.0889
4:	[0s / 0s],		train_loss: 5.0810
5:	[0s / 0s],		train_loss: 5.0667
6:	[0s / 0s],		train_loss: 5.0340
7:	[0s / 0s],		train_loss: 5.0446
8:	[0s / 1s],		train_loss: 5.0240
9:	[0s / 1s],		train_loss: 5.0160
10:	[0s / 1s],		train_loss: 4.9927
C-index TRAIN: 0.6503965766895031
C-index TEST : 0.5952287202102631
Fitting Cox model...
C-index TRAIN: 0.643913311803663
C-index TEST : 0.6149482709401793
Evaluating method: knn
Fitting Random Survival Forest model...
C-index TRAIN: 0.9022467090971777
C-index TEST : 0.6274908863010688
Fitting deepsurv_simple.pt...
0:	[0s / 0s],		train_loss: 6.3369
1:	[0s / 0s],		train_loss: 5.0265
2:	[0s / 0s],		train_loss: 5.0038
3:	[0s / 0s],		train_loss: 5.0093
4:	[0s / 0s],		train_loss: 5.0034
5:	[0s / 0s],		train_loss: 5.0321
C-index TRAIN: 0.6465740890168182
C-index TEST : 0.6380462887311696
Fitting deepsurv_vanilla.pt...
0:	[0s / 0s],		train_loss: 5.1407
1:	[0s / 0s],		train_loss: 5.0703
2:	[0s / 0s],		train_loss: 5.0404
3:	[0s / 0s],		train_loss: 5.0158
4:	[0s / 0s],		train_loss: 4.9977
5:	[0s / 0s],		train_loss: 4.9852
6:	[0s / 0s],		train_loss: 4.9714
7:	[0s / 0s],		train_loss: 4.9542
8:	[0s / 1s],		train_loss: 4.9532
9:	[0s / 1s],		train_loss: 4.9536
10:	[0s / 1s],		train_loss: 4.9594
C-index TRAIN: 0.669917190416395
C-index TEST : 0.6481628226708798
Fitting Cox model...
C-index TRAIN: 0.6702932257886643
C-index TEST : 0.6513850197367773
Evaluating method: imputer_bayesian
Fitting Random Survival Forest model...
C-index TRAIN: 0.8925654772160032
C-index TEST : 0.6802117068785047
Fitting deepsurv_simple.pt...
0:	[0s / 0s],		train_loss: 6.4444
1:	[0s / 0s],		train_loss: 4.9671
2:	[0s / 0s],		train_loss: 4.9324
3:	[0s / 0s],		train_loss: 4.9101
4:	[0s / 0s],		train_loss: 4.9118
5:	[0s / 0s],		train_loss: 4.9455
C-index TRAIN: 0.6858708205640197
C-index TEST : 0.6646125980686505
Fitting deepsurv_vanilla.pt...
0:	[0s / 0s],		train_loss: 5.0920
1:	[0s / 0s],		train_loss: 4.9964
2:	[0s / 0s],		train_loss: 4.9505
3:	[0s / 0s],		train_loss: 4.9076
4:	[0s / 0s],		train_loss: 4.8902
5:	[0s / 0s],		train_loss: 4.9091
6:	[0s / 0s],		train_loss: 4.8866
7:	[0s / 0s],		train_loss: 4.8797
8:	[0s / 0s],		train_loss: 4.8747
9:	[0s / 1s],		train_loss: 4.8673
10:	[0s / 1s],		train_loss: 4.8632
C-index TRAIN: 0.6728161267316461
C-index TEST : 0.6492575329520509
Fitting Cox model...
C-index TRAIN: 0.7009114022892763
C-index TEST : 0.6736787187336962
Generating NaN ordering → tmp/masks/HURRAH_tabicl_seed123_fold5_train.npy
Generating NaN ordering → tmp/masks/HURRAH_tabicl_seed123_fold5_test.npy
[fold=5, target=10%] actual NaN%: 10.0%
X_train shape: (13567, 61), X_test shape: (3391, 61)
Generating Tabicl Embeddings...
Warming up TabICL model (triggering checkpoint load)...
ARRIVATO QUI 1
Loading TabICL model checkpoint 'tabicl-classifier-v1.1-0506.ckpt'...
ARRIVATO QUI
Performing dummy prediction to ensure model is loaded...
Warming up TabICL model (triggering checkpoint load)...
ARRIVATO QUI 1
Loading TabICL model checkpoint 'tabicl-classifier-v1.1-0506.ckpt'...
ARRIVATO QUI
Performing dummy prediction to ensure model is loaded...
Successfully generated embeddings with shape: (13567, 512)
Fitting SimpleImputer (mean)...
Fitting SimpleImputer (median)...
Fitting SimpleImputer (constant, fill=-1)...
Fitting KNNImputer...
Fitting IterativeImputer (BayesianRidge, MICE-like)...
Fitting DeepSurv Simple pilot model...
0:	[0s / 0s],		train_loss: 6.9715,	val_loss: 7.4927
1:	[0s / 0s],		train_loss: 4.5109,	val_loss: 7.2311
2:	[0s / 0s],		train_loss: 4.4750,	val_loss: 7.1989
3:	[0s / 0s],		train_loss: 4.4706,	val_loss: 7.1883
4:	[0s / 0s],		train_loss: 4.4456,	val_loss: 7.1981
5:	[0s / 0s],		train_loss: 4.4789,	val_loss: 7.1994
6:	[0s / 0s],		train_loss: 4.4881,	val_loss: 7.2158
7:	[0s / 0s],		train_loss: 4.4782,	val_loss: 7.1557
8:	[0s / 0s],		train_loss: 4.4764,	val_loss: 7.2811
9:	[0s / 0s],		train_loss: 4.5057,	val_loss: 7.2421
10:	[0s / 0s],		train_loss: 4.5044,	val_loss: 7.2125
11:	[0s / 1s],		train_loss: 4.5343,	val_loss: 7.3329
12:	[0s / 1s],		train_loss: 4.6129,	val_loss: 7.1781
13:	[0s / 1s],		train_loss: 4.5225,	val_loss: 7.3084
14:	[0s / 1s],		train_loss: 4.4862,	val_loss: 7.1991
15:	[0s / 1s],		train_loss: 4.4593,	val_loss: 7.2370
16:	[0s / 1s],		train_loss: 4.5331,	val_loss: 7.2512
17:	[0s / 1s],		train_loss: 4.5062,	val_loss: 7.2279
18:	[0s / 1s],		train_loss: 4.5485,	val_loss: 7.3737
19:	[0s / 1s],		train_loss: 4.5117,	val_loss: 7.2307
20:	[0s / 1s],		train_loss: 4.5194,	val_loss: 7.9787
21:	[0s / 1s],		train_loss: 4.5828,	val_loss: 7.4798
22:	[0s / 1s],		train_loss: 4.5715,	val_loss: 7.2392
23:	[0s / 2s],		train_loss: 4.4733,	val_loss: 7.2166
24:	[0s / 2s],		train_loss: 4.5263,	val_loss: 7.3355
25:	[0s / 2s],		train_loss: 4.5086,	val_loss: 7.5657
26:	[0s / 2s],		train_loss: 4.5653,	val_loss: 7.2838
27:	[0s / 2s],		train_loss: 4.4779,	val_loss: 7.2970
Saved fixed_epochs=8 → nan/tabicl/HURRAH/nan_percentage0.1/seed123/fold5/fixed_epochs_deepsurv_simple.json
Fitting DeepSurv Vanilla pilot model...
0:	[0s / 0s],		train_loss: 4.6539,	val_loss: 7.3409
1:	[0s / 0s],		train_loss: 4.4910,	val_loss: 7.5959
2:	[0s / 0s],		train_loss: 4.4317,	val_loss: 7.2665
3:	[0s / 0s],		train_loss: 4.4224,	val_loss: 7.2178
4:	[0s / 0s],		train_loss: 4.4068,	val_loss: 7.2238
5:	[0s / 0s],		train_loss: 4.3962,	val_loss: 7.2054
6:	[0s / 0s],		train_loss: 4.3931,	val_loss: 7.2461
7:	[0s / 1s],		train_loss: 4.3657,	val_loss: 14.8873
8:	[0s / 1s],		train_loss: 4.3689,	val_loss: 7.3080
9:	[0s / 1s],		train_loss: 4.3543,	val_loss: 7.2337
10:	[0s / 1s],		train_loss: 4.3586,	val_loss: 7.1853
11:	[0s / 1s],		train_loss: 4.3603,	val_loss: 7.2024
12:	[0s / 1s],		train_loss: 4.3480,	val_loss: 7.2160
13:	[0s / 1s],		train_loss: 4.3506,	val_loss: 7.2899
14:	[0s / 1s],		train_loss: 4.3261,	val_loss: 7.2661
15:	[0s / 1s],		train_loss: 4.3308,	val_loss: 7.2445
16:	[0s / 2s],		train_loss: 4.3183,	val_loss: 7.2730
17:	[0s / 2s],		train_loss: 4.3220,	val_loss: 7.2836
18:	[0s / 2s],		train_loss: 4.3216,	val_loss: 7.2548
19:	[0s / 2s],		train_loss: 4.3068,	val_loss: 7.2823
20:	[0s / 2s],		train_loss: 4.2843,	val_loss: 7.2458
21:	[0s / 2s],		train_loss: 4.2990,	val_loss: 7.2685
22:	[0s / 2s],		train_loss: 4.2992,	val_loss: 7.3399
23:	[0s / 2s],		train_loss: 4.2911,	val_loss: 7.2858
24:	[0s / 3s],		train_loss: 4.2950,	val_loss: 7.2706
25:	[0s / 3s],		train_loss: 4.3021,	val_loss: 7.4215
26:	[0s / 3s],		train_loss: 4.2887,	val_loss: 7.2319
27:	[0s / 3s],		train_loss: 4.2782,	val_loss: 7.2418
28:	[0s / 3s],		train_loss: 4.2736,	val_loss: 7.2927
29:	[0s / 3s],		train_loss: 4.2790,	val_loss: 7.2825
30:	[0s / 3s],		train_loss: 4.2797,	val_loss: 7.3637
Saved fixed_epochs=11 → nan/tabicl/HURRAH/nan_percentage0.1/seed123/fold5/fixed_epochs_deepsurv_vanilla.json
Evaluating method: embeddings
Fitting Random Survival Forest model...
C-index TRAIN: 0.9862800275298889
C-index TEST : 0.7720203090552071
Fitting deepsurv_simple.pt...
0:	[0s / 0s],		train_loss: 2.9396
1:	[0s / 0s],		train_loss: 2.6835
2:	[0s / 0s],		train_loss: 2.6751
3:	[0s / 0s],		train_loss: 2.6672
4:	[0s / 0s],		train_loss: 2.6606
5:	[0s / 0s],		train_loss: 2.6259
6:	[0s / 0s],		train_loss: 2.6022
7:	[0s / 0s],		train_loss: 2.6227
C-index TRAIN: 0.9627345307806598
C-index TEST : 0.6441328559064833
Fitting deepsurv_vanilla.pt...
0:	[0s / 0s],		train_loss: 2.8379
1:	[0s / 0s],		train_loss: 2.7017
2:	[0s / 0s],		train_loss: 2.6650
3:	[0s / 0s],		train_loss: 2.6393
4:	[0s / 0s],		train_loss: 2.6082
5:	[0s / 0s],		train_loss: 2.6327
6:	[0s / 0s],		train_loss: 2.6665
7:	[0s / 0s],		train_loss: 2.6317
8:	[0s / 1s],		train_loss: 2.5948
9:	[0s / 1s],		train_loss: 2.6031
10:	[0s / 1s],		train_loss: 2.5530
C-index TRAIN: 0.962534016029824
C-index TEST : 0.7788326813075336
Fitting Cox model...
C-index TRAIN: 0.9623057894922231
C-index TEST : 0.7694691221004103
Evaluating method: mean
Fitting Random Survival Forest model...
C-index TRAIN: 0.9230643919920926
C-index TEST : 0.8530966621970675
Fitting deepsurv_simple.pt...
0:	[0s / 0s],		train_loss: 10.4826
1:	[0s / 0s],		train_loss: 4.9704
2:	[0s / 0s],		train_loss: 4.5912
3:	[0s / 0s],		train_loss: 4.4646
4:	[0s / 0s],		train_loss: 4.4833
5:	[0s / 0s],		train_loss: 4.4859
6:	[0s / 0s],		train_loss: 4.4817
7:	[0s / 0s],		train_loss: 4.4893
C-index TRAIN: 0.8013151818031394
C-index TEST : 0.7966750869228233
Fitting deepsurv_vanilla.pt...
0:	[0s / 0s],		train_loss: 4.6625
1:	[0s / 0s],		train_loss: 4.4692
2:	[0s / 0s],		train_loss: 4.4609
3:	[0s / 0s],		train_loss: 4.4265
4:	[0s / 0s],		train_loss: 4.4076
5:	[0s / 0s],		train_loss: 4.3913
6:	[0s / 0s],		train_loss: 4.3976
7:	[0s / 0s],		train_loss: 4.3746
8:	[0s / 1s],		train_loss: 4.3817
9:	[0s / 1s],		train_loss: 4.3696
10:	[0s / 1s],		train_loss: 4.3575
C-index TRAIN: 0.8304338881938191
C-index TEST : 0.8259132964716951
Fitting Cox model...
C-index TRAIN: 0.8191069026267106
C-index TEST : 0.8236634308107719
Evaluating method: median
Fitting Random Survival Forest model...
C-index TRAIN: 0.9179920044334839
C-index TEST : 0.8537612430507776
Fitting deepsurv_simple.pt...
0:	[0s / 0s],		train_loss: 9.4948
1:	[0s / 0s],		train_loss: 4.6279
2:	[0s / 0s],		train_loss: 4.4380
3:	[0s / 0s],		train_loss: 4.4267
4:	[0s / 0s],		train_loss: 4.4768
5:	[0s / 0s],		train_loss: 4.4703
6:	[0s / 0s],		train_loss: 4.4678
7:	[0s / 0s],		train_loss: 4.5067
C-index TRAIN: 0.7935782167568225
C-index TEST : 0.7862795022841829
Fitting deepsurv_vanilla.pt...
0:	[0s / 0s],		train_loss: 4.6504
1:	[0s / 0s],		train_loss: 4.4741
2:	[0s / 0s],		train_loss: 4.4606
3:	[0s / 0s],		train_loss: 4.4359
4:	[0s / 0s],		train_loss: 4.4063
5:	[0s / 0s],		train_loss: 4.3827
6:	[0s / 0s],		train_loss: 4.3888
7:	[0s / 0s],		train_loss: 4.3674
8:	[0s / 0s],		train_loss: 4.3765
9:	[0s / 1s],		train_loss: 4.3582
10:	[0s / 1s],		train_loss: 4.3374
C-index TRAIN: 0.8317839270531306
C-index TEST : 0.8280434706186628
Fitting Cox model...
C-index TRAIN: 0.8186453242527779
C-index TEST : 0.8227092467135054
Evaluating method: constant
Fitting Random Survival Forest model...
C-index TRAIN: 0.923842382190612
C-index TEST : 0.8481181648193997
Fitting deepsurv_simple.pt...
0:	[0s / 0s],		train_loss: 11.5173
1:	[0s / 0s],		train_loss: 4.7897
2:	[0s / 0s],		train_loss: 4.6260
3:	[0s / 0s],		train_loss: 4.6509
4:	[0s / 0s],		train_loss: 4.6813
5:	[0s / 0s],		train_loss: 4.6538
6:	[0s / 0s],		train_loss: 4.6547
7:	[0s / 0s],		train_loss: 4.7000
C-index TRAIN: 0.7673442244591415
C-index TEST : 0.7605659148700384
Fitting deepsurv_vanilla.pt...
0:	[0s / 0s],		train_loss: 4.8571
1:	[0s / 0s],		train_loss: 4.5821
2:	[0s / 0s],		train_loss: 4.5195
3:	[0s / 0s],		train_loss: 4.4698
4:	[0s / 0s],		train_loss: 4.4638
5:	[0s / 0s],		train_loss: 4.4391
6:	[0s / 0s],		train_loss: 4.4323
7:	[0s / 0s],		train_loss: 4.4104
8:	[0s / 1s],		train_loss: 4.4157
9:	[0s / 1s],		train_loss: 4.4048
10:	[0s / 1s],		train_loss: 4.3764
C-index TRAIN: 0.832722308953108
C-index TEST : 0.8162124248161522
Fitting Cox model...
C-index TRAIN: 0.7847660444336266
C-index TEST : 0.7803401247804959
Evaluating method: knn
Fitting Random Survival Forest model...
C-index TRAIN: 0.9187362782060389
C-index TEST : 0.8565936632131899
Fitting deepsurv_simple.pt...
0:	[0s / 0s],		train_loss: 10.1575
1:	[0s / 0s],		train_loss: 4.7630
2:	[0s / 0s],		train_loss: 4.4502
3:	[0s / 0s],		train_loss: 4.3984
4:	[0s / 0s],		train_loss: 4.4538
5:	[0s / 0s],		train_loss: 4.4264
6:	[0s / 0s],		train_loss: 4.4389
7:	[0s / 0s],		train_loss: 4.4869
C-index TRAIN: 0.7962217151972997
C-index TEST : 0.7872152723023793
Fitting deepsurv_vanilla.pt...
0:	[0s / 0s],		train_loss: 4.6251
1:	[0s / 0s],		train_loss: 4.4518
2:	[0s / 0s],		train_loss: 4.4347
3:	[0s / 0s],		train_loss: 4.4034
4:	[0s / 0s],		train_loss: 4.3801
5:	[0s / 0s],		train_loss: 4.3645
6:	[0s / 0s],		train_loss: 4.3744
7:	[0s / 0s],		train_loss: 4.3559
8:	[0s / 1s],		train_loss: 4.3545
9:	[0s / 1s],		train_loss: 4.3377
10:	[0s / 1s],		train_loss: 4.3273
C-index TRAIN: 0.8392087764811498
C-index TEST : 0.8370404222515732
Fitting Cox model...
C-index TRAIN: 0.8210815495828183
C-index TEST : 0.8247322844004292
Evaluating method: imputer_bayesian
Fitting Random Survival Forest model...
C-index TRAIN: 0.9229784678663115
C-index TEST : 0.8588678019783417
Fitting deepsurv_simple.pt...
0:	[0s / 0s],		train_loss: 9.7015
1:	[0s / 0s],		train_loss: 4.6719
2:	[0s / 0s],		train_loss: 4.4019
3:	[0s / 0s],		train_loss: 4.3845
4:	[0s / 0s],		train_loss: 4.4521
5:	[0s / 0s],		train_loss: 4.4190
6:	[0s / 0s],		train_loss: 4.4199
7:	[0s / 0s],		train_loss: 4.5088
C-index TRAIN: 0.7898178051772451
C-index TEST : 0.781022282709682
Fitting deepsurv_vanilla.pt...
0:	[0s / 0s],		train_loss: 4.5953
1:	[0s / 0s],		train_loss: 4.4256
2:	[0s / 0s],		train_loss: 4.4105
3:	[0s / 0s],		train_loss: 4.3819
4:	[0s / 0s],		train_loss: 4.3566
5:	[0s / 0s],		train_loss: 4.3435
6:	[0s / 0s],		train_loss: 4.3484
7:	[0s / 0s],		train_loss: 4.3346
8:	[0s / 1s],		train_loss: 4.3377
9:	[0s / 1s],		train_loss: 4.3169
10:	[0s / 1s],		train_loss: 4.3017
C-index TRAIN: 0.8417304737047302
C-index TEST : 0.8404453528723452
Fitting Cox model...
C-index TRAIN: 0.8228122423689452
C-index TEST : 0.8259551466513997
[fold=5, target=30%] actual NaN%: 30.0%
X_train shape: (13567, 61), X_test shape: (3391, 61)
Generating Tabicl Embeddings...
Warming up TabICL model (triggering checkpoint load)...
ARRIVATO QUI 1
Loading TabICL model checkpoint 'tabicl-classifier-v1.1-0506.ckpt'...
ARRIVATO QUI
Performing dummy prediction to ensure model is loaded...
Warming up TabICL model (triggering checkpoint load)...
ARRIVATO QUI 1
Loading TabICL model checkpoint 'tabicl-classifier-v1.1-0506.ckpt'...
ARRIVATO QUI
Performing dummy prediction to ensure model is loaded...
Successfully generated embeddings with shape: (13567, 512)
Fitting SimpleImputer (mean)...
Fitting SimpleImputer (median)...
Fitting SimpleImputer (constant, fill=-1)...
Fitting KNNImputer...
Fitting IterativeImputer (BayesianRidge, MICE-like)...
Fitting DeepSurv Simple pilot model...
0:	[0s / 0s],		train_loss: 6.9557,	val_loss: 7.4826
1:	[0s / 0s],		train_loss: 4.6135,	val_loss: 7.3580
2:	[0s / 0s],		train_loss: 4.6027,	val_loss: 7.2787
3:	[0s / 0s],		train_loss: 4.5699,	val_loss: 7.2598
4:	[0s / 0s],		train_loss: 4.5695,	val_loss: 7.2466
5:	[0s / 0s],		train_loss: 4.5776,	val_loss: 7.3273
6:	[0s / 0s],		train_loss: 4.6167,	val_loss: 7.3171
7:	[0s / 0s],		train_loss: 4.5829,	val_loss: 7.2873
8:	[0s / 0s],		train_loss: 4.5762,	val_loss: 7.2827
9:	[0s / 0s],		train_loss: 4.5916,	val_loss: 7.2980
10:	[0s / 0s],		train_loss: 4.6414,	val_loss: 7.2991
11:	[0s / 0s],		train_loss: 4.6207,	val_loss: 7.4567
12:	[0s / 1s],		train_loss: 4.6209,	val_loss: 7.2436
13:	[0s / 1s],		train_loss: 4.5991,	val_loss: 7.2450
14:	[0s / 1s],		train_loss: 4.6066,	val_loss: 7.3506
15:	[0s / 1s],		train_loss: 4.5713,	val_loss: 7.2831
16:	[0s / 1s],		train_loss: 4.6484,	val_loss: 7.3403
17:	[0s / 1s],		train_loss: 4.6401,	val_loss: 7.3519
18:	[0s / 1s],		train_loss: 4.6823,	val_loss: 7.4798
19:	[0s / 1s],		train_loss: 4.6458,	val_loss: 7.3356
20:	[0s / 1s],		train_loss: 4.6024,	val_loss: 7.2947
21:	[0s / 1s],		train_loss: 4.6464,	val_loss: 7.4383
22:	[0s / 1s],		train_loss: 4.6413,	val_loss: 7.3265
23:	[0s / 1s],		train_loss: 4.6250,	val_loss: 7.3026
24:	[0s / 1s],		train_loss: 4.6439,	val_loss: 7.3879
25:	[0s / 2s],		train_loss: 4.6676,	val_loss: 7.6524
26:	[0s / 2s],		train_loss: 4.7610,	val_loss: 7.3966
27:	[0s / 2s],		train_loss: 4.6567,	val_loss: 7.4323
28:	[0s / 2s],		train_loss: 4.7362,	val_loss: 7.3261
29:	[0s / 2s],		train_loss: 4.6089,	val_loss: 7.4282
30:	[0s / 2s],		train_loss: 4.6471,	val_loss: 7.2689
31:	[0s / 2s],		train_loss: 4.6320,	val_loss: 7.4682
32:	[0s / 2s],		train_loss: 4.6522,	val_loss: 7.3308
Saved fixed_epochs=13 → nan/tabicl/HURRAH/nan_percentage0.3/seed123/fold5/fixed_epochs_deepsurv_simple.json
Fitting DeepSurv Vanilla pilot model...
0:	[0s / 0s],		train_loss: 4.8063,	val_loss: 7.3512
1:	[0s / 0s],		train_loss: 4.6130,	val_loss: 7.4487
2:	[0s / 0s],		train_loss: 4.5391,	val_loss: 7.9252
3:	[0s / 0s],		train_loss: 4.5267,	val_loss: 62.3253
4:	[0s / 0s],		train_loss: 4.4991,	val_loss: 7.5206
5:	[0s / 0s],		train_loss: 4.5012,	val_loss: 10.8305
6:	[0s / 0s],		train_loss: 4.4900,	val_loss: 105.0140
7:	[0s / 0s],		train_loss: 4.4732,	val_loss: 233.6708
8:	[0s / 0s],		train_loss: 4.4645,	val_loss: 326.8376
9:	[0s / 1s],		train_loss: 4.4439,	val_loss: 454.0678
10:	[0s / 1s],		train_loss: 4.4654,	val_loss: 473.6592
11:	[0s / 1s],		train_loss: 4.4434,	val_loss: 279.8412
12:	[0s / 1s],		train_loss: 4.4394,	val_loss: 346.9467
13:	[0s / 1s],		train_loss: 4.4338,	val_loss: 554.0633
14:	[0s / 1s],		train_loss: 4.4116,	val_loss: 619.4875
15:	[0s / 1s],		train_loss: 4.4150,	val_loss: 257.8617
16:	[0s / 1s],		train_loss: 4.4118,	val_loss: 361.9272
17:	[0s / 1s],		train_loss: 4.4148,	val_loss: 461.3683
18:	[0s / 2s],		train_loss: 4.4170,	val_loss: 767.7261
19:	[0s / 2s],		train_loss: 4.4200,	val_loss: 780.0908
20:	[0s / 2s],		train_loss: 4.3919,	val_loss: 812.7492
Saved fixed_epochs=1 → nan/tabicl/HURRAH/nan_percentage0.3/seed123/fold5/fixed_epochs_deepsurv_vanilla.json
Evaluating method: embeddings
Fitting Random Survival Forest model...
C-index TRAIN: 0.9870069154851806
C-index TEST : 0.7158046366651099
Fitting deepsurv_simple.pt...
0:	[0s / 0s],		train_loss: 2.9980
1:	[0s / 0s],		train_loss: 2.7637
2:	[0s / 0s],		train_loss: 2.8140
3:	[0s / 0s],		train_loss: 2.7088
4:	[0s / 0s],		train_loss: 2.6590
5:	[0s / 0s],		train_loss: 2.6434
6:	[0s / 0s],		train_loss: 2.6554
7:	[0s / 0s],		train_loss: 2.6513
8:	[0s / 0s],		train_loss: 2.6402
9:	[0s / 0s],		train_loss: 2.6247
10:	[0s / 0s],		train_loss: 2.6494
11:	[0s / 1s],		train_loss: 2.6984
12:	[0s / 1s],		train_loss: 2.6172
C-index TRAIN: 0.9640890417143542
C-index TEST : 0.48205296893544863
Fitting deepsurv_vanilla.pt...
0:	[0s / 0s],		train_loss: 2.8383
C-index TRAIN: 0.957035449832144
C-index TEST : 0.6205126144811666
Fitting Cox model...
C-index TRAIN: 0.9610263742345404
C-index TEST : 0.7461368099114618
Evaluating method: mean
Fitting Random Survival Forest model...
C-index TRAIN: 0.9168788096483648
C-index TEST : 0.836582581285604
Fitting deepsurv_simple.pt...
0:	[0s / 0s],		train_loss: 9.0994
1:	[0s / 0s],		train_loss: 4.6550
2:	[0s / 0s],		train_loss: 4.5572
3:	[0s / 0s],		train_loss: 4.5591
4:	[0s / 0s],		train_loss: 4.5945
5:	[0s / 0s],		train_loss: 4.5808
6:	[0s / 0s],		train_loss: 4.6189
7:	[0s / 0s],		train_loss: 4.5929
8:	[0s / 0s],		train_loss: 4.5969
9:	[0s / 0s],		train_loss: 4.6010
10:	[0s / 0s],		train_loss: 4.6466
11:	[0s / 0s],		train_loss: 4.6297
12:	[0s / 0s],		train_loss: 4.6236
C-index TRAIN: 0.7945018508609422
C-index TEST : 0.8028128342783104
Fitting deepsurv_vanilla.pt...
0:	[0s / 0s],		train_loss: 4.7595
C-index TRAIN: 0.7724603529250558
C-index TEST : 0.7613752973455268
Fitting Cox model...
C-index TRAIN: 0.8023567229020808
C-index TEST : 0.8148782410871672
Evaluating method: median
Fitting Random Survival Forest model...
C-index TRAIN: 0.9048022491418768
C-index TEST : 0.8372588801896316
Fitting deepsurv_simple.pt...
0:	[0s / 0s],		train_loss: 9.4953
1:	[0s / 0s],		train_loss: 4.6501
2:	[0s / 0s],		train_loss: 4.5530
3:	[0s / 0s],		train_loss: 4.5560
4:	[0s / 0s],		train_loss: 4.6114
5:	[0s / 0s],		train_loss: 4.5845
6:	[0s / 0s],		train_loss: 4.6028
7:	[0s / 0s],		train_loss: 4.6045
8:	[0s / 0s],		train_loss: 4.5994
9:	[0s / 0s],		train_loss: 4.6016
10:	[0s / 0s],		train_loss: 4.6208
11:	[0s / 0s],		train_loss: 4.6014
12:	[0s / 0s],		train_loss: 4.6378
C-index TRAIN: 0.7861475888057246
C-index TEST : 0.7957468499369736
Fitting deepsurv_vanilla.pt...
0:	[0s / 0s],		train_loss: 4.7702
C-index TRAIN: 0.7832426247579364
C-index TEST : 0.7799894202745706
Fitting Cox model...
C-index TRAIN: 0.8006710523479421
C-index TEST : 0.8142764355030141
Evaluating method: constant
Fitting Random Survival Forest model...
C-index TRAIN: 0.9159992179397113
C-index TEST : 0.8241530779133166
Fitting deepsurv_simple.pt...
0:	[0s / 0s],		train_loss: 10.7579
1:	[0s / 0s],		train_loss: 4.8369
2:	[0s / 0s],		train_loss: 4.8157
3:	[0s / 0s],		train_loss: 4.8151
4:	[0s / 0s],		train_loss: 4.8985
5:	[0s / 0s],		train_loss: 4.8797
6:	[0s / 0s],		train_loss: 4.8608
7:	[0s / 0s],		train_loss: 4.8818
8:	[0s / 0s],		train_loss: 4.8897
9:	[0s / 0s],		train_loss: 4.8804
10:	[0s / 0s],		train_loss: 4.8701
11:	[0s / 0s],		train_loss: 4.9146
12:	[0s / 0s],		train_loss: 4.9575
C-index TRAIN: 0.7375443306935198
C-index TEST : 0.7378726549251803
Fitting deepsurv_vanilla.pt...
0:	[0s / 0s],		train_loss: 5.0277
C-index TRAIN: 0.7027409394139944
C-index TEST : 0.6749923414171141
Fitting Cox model...
C-index TRAIN: 0.7460642604930066
C-index TEST : 0.7547880790600114
Evaluating method: knn
Fitting Random Survival Forest model...
C-index TRAIN: 0.9216915656526398
C-index TEST : 0.8416154838968879
Fitting deepsurv_simple.pt...
0:	[0s / 0s],		train_loss: 8.9789
1:	[0s / 0s],		train_loss: 4.6540
2:	[0s / 0s],		train_loss: 4.5301
3:	[0s / 0s],		train_loss: 4.5349
4:	[0s / 0s],		train_loss: 4.5744
5:	[0s / 0s],		train_loss: 4.5512
6:	[0s / 0s],		train_loss: 4.5729
7:	[0s / 0s],		train_loss: 4.6083
8:	[0s / 0s],		train_loss: 4.5812
9:	[0s / 0s],		train_loss: 4.5666
10:	[0s / 0s],		train_loss: 4.6434
11:	[0s / 1s],		train_loss: 4.5645
12:	[0s / 1s],		train_loss: 4.5719
C-index TRAIN: 0.7942876435228108
C-index TEST : 0.7923620074024598
Fitting deepsurv_vanilla.pt...
0:	[0s / 0s],		train_loss: 4.7233
C-index TRAIN: 0.788150776641039
C-index TEST : 0.7865699425313333
Fitting Cox model...
C-index TRAIN: 0.804033449307454
C-index TEST : 0.8163329533337016
Evaluating method: imputer_bayesian
Fitting Random Survival Forest model...
C-index TRAIN: 0.9262723767653325
C-index TEST : 0.8462432767686304
Fitting deepsurv_simple.pt...
0:	[0s / 0s],		train_loss: 9.2041
1:	[0s / 0s],		train_loss: 4.6809
2:	[0s / 0s],		train_loss: 4.5337
3:	[0s / 0s],		train_loss: 4.5336
4:	[0s / 0s],		train_loss: 4.5393
5:	[0s / 0s],		train_loss: 4.5337
6:	[0s / 0s],		train_loss: 4.5899
7:	[0s / 0s],		train_loss: 4.5983
8:	[0s / 0s],		train_loss: 4.5987
9:	[0s / 0s],		train_loss: 4.5405
10:	[0s / 0s],		train_loss: 4.5630
11:	[0s / 0s],		train_loss: 4.5514
12:	[0s / 0s],		train_loss: 4.5154
C-index TRAIN: 0.8083901542207413
C-index TEST : 0.8035414459069687
Fitting deepsurv_vanilla.pt...
0:	[0s / 0s],		train_loss: 4.6597
C-index TRAIN: 0.8045351507307645
C-index TEST : 0.8069719051373606
Fitting Cox model...
C-index TRAIN: 0.8108379868449661
C-index TEST : 0.8175231724445025
[fold=5, target=50%] actual NaN%: 50.0%
X_train shape: (13567, 61), X_test shape: (3391, 61)
Generating Tabicl Embeddings...
Warming up TabICL model (triggering checkpoint load)...
ARRIVATO QUI 1
Loading TabICL model checkpoint 'tabicl-classifier-v1.1-0506.ckpt'...
ARRIVATO QUI
Performing dummy prediction to ensure model is loaded...
Warming up TabICL model (triggering checkpoint load)...
ARRIVATO QUI 1
Loading TabICL model checkpoint 'tabicl-classifier-v1.1-0506.ckpt'...
ARRIVATO QUI
Performing dummy prediction to ensure model is loaded...
Successfully generated embeddings with shape: (13567, 512)
Fitting SimpleImputer (mean)...
Fitting SimpleImputer (median)...
Fitting SimpleImputer (constant, fill=-1)...
Fitting KNNImputer...
Fitting IterativeImputer (BayesianRidge, MICE-like)...
Fitting DeepSurv Simple pilot model...
0:	[0s / 0s],		train_loss: 6.5127,	val_loss: 7.4695
1:	[0s / 0s],		train_loss: 4.7034,	val_loss: 7.4322
2:	[0s / 0s],		train_loss: 4.6838,	val_loss: 7.3993
3:	[0s / 0s],		train_loss: 4.6648,	val_loss: 7.3833
4:	[0s / 0s],		train_loss: 4.6657,	val_loss: 7.3710
5:	[0s / 0s],		train_loss: 4.7597,	val_loss: 7.4418
6:	[0s / 0s],		train_loss: 4.7575,	val_loss: 7.3954
7:	[0s / 0s],		train_loss: 4.7423,	val_loss: 7.4367
8:	[0s / 0s],		train_loss: 4.6802,	val_loss: 7.4417
9:	[0s / 0s],		train_loss: 4.6740,	val_loss: 7.5049
10:	[0s / 0s],		train_loss: 4.7057,	val_loss: 7.4201
11:	[0s / 0s],		train_loss: 4.7121,	val_loss: 7.4176
12:	[0s / 1s],		train_loss: 4.7358,	val_loss: 7.5439
13:	[0s / 1s],		train_loss: 4.7262,	val_loss: 7.4770
14:	[0s / 1s],		train_loss: 4.7322,	val_loss: 7.4581
15:	[0s / 1s],		train_loss: 4.6930,	val_loss: 7.3909
16:	[0s / 1s],		train_loss: 4.7318,	val_loss: 7.4829
17:	[0s / 1s],		train_loss: 4.7245,	val_loss: 7.5431
18:	[0s / 1s],		train_loss: 4.7785,	val_loss: 7.5693
19:	[0s / 1s],		train_loss: 4.7114,	val_loss: 7.4016
20:	[0s / 1s],		train_loss: 4.6837,	val_loss: 7.3914
21:	[0s / 1s],		train_loss: 4.6799,	val_loss: 7.4755
22:	[0s / 1s],		train_loss: 4.7884,	val_loss: 7.4161
23:	[0s / 1s],		train_loss: 4.6848,	val_loss: 7.4371
24:	[0s / 1s],		train_loss: 4.7495,	val_loss: 7.4896
Saved fixed_epochs=5 → nan/tabicl/HURRAH/nan_percentage0.5/seed123/fold5/fixed_epochs_deepsurv_simple.json
Fitting DeepSurv Vanilla pilot model...
0:	[0s / 0s],		train_loss: 4.9026,	val_loss: 7.4945
1:	[0s / 0s],		train_loss: 4.7186,	val_loss: 7.5207
2:	[0s / 0s],		train_loss: 4.6567,	val_loss: 7.6126
3:	[0s / 0s],		train_loss: 4.6516,	val_loss: 7.8549
4:	[0s / 0s],		train_loss: 4.6022,	val_loss: 7.7493
5:	[0s / 0s],		train_loss: 4.6024,	val_loss: 7.8509
6:	[0s / 0s],		train_loss: 4.5935,	val_loss: 631.4468
7:	[0s / 0s],		train_loss: 4.5817,	val_loss: 240.1725
8:	[0s / 0s],		train_loss: 4.5582,	val_loss: 1010.8897
9:	[0s / 1s],		train_loss: 4.5636,	val_loss: 667.3790
10:	[0s / 1s],		train_loss: 4.5774,	val_loss: 686.4006
11:	[0s / 1s],		train_loss: 4.5546,	val_loss: 326.2554
12:	[0s / 1s],		train_loss: 4.5430,	val_loss: 750.8463
13:	[0s / 1s],		train_loss: 4.5550,	val_loss: 7.8197
14:	[0s / 1s],		train_loss: 4.5357,	val_loss: 611.2057
15:	[0s / 1s],		train_loss: 4.5221,	val_loss: 7.9882
16:	[0s / 1s],		train_loss: 4.5255,	val_loss: 7.9668
17:	[0s / 2s],		train_loss: 4.5236,	val_loss: 8.1080
18:	[0s / 2s],		train_loss: 4.5152,	val_loss: 7.8825
19:	[0s / 2s],		train_loss: 4.5256,	val_loss: 8.0320
20:	[0s / 2s],		train_loss: 4.5196,	val_loss: 12.3403
Saved fixed_epochs=1 → nan/tabicl/HURRAH/nan_percentage0.5/seed123/fold5/fixed_epochs_deepsurv_vanilla.json
Evaluating method: embeddings
Fitting Random Survival Forest model...
C-index TRAIN: 0.9866755297486156
C-index TEST : 0.6580497146654748
Fitting deepsurv_simple.pt...
0:	[0s / 0s],		train_loss: 3.0318
1:	[0s / 0s],		train_loss: 2.7772
2:	[0s / 0s],		train_loss: 2.8086
3:	[0s / 0s],		train_loss: 2.7673
4:	[0s / 0s],		train_loss: 2.6858
C-index TRAIN: 0.9584011660758085
C-index TEST : 0.6102928005972857
Fitting deepsurv_vanilla.pt...
0:	[0s / 0s],		train_loss: 2.8408
C-index TRAIN: 0.9559348924257581
C-index TEST : 0.6533047412905592
Fitting Cox model...
C-index TRAIN: 0.9589359055767219
C-index TEST : 0.7018994959564356
Evaluating method: mean
Fitting Random Survival Forest model...
C-index TRAIN: 0.904083099382708
C-index TEST : 0.8071426538705557
Fitting deepsurv_simple.pt...
0:	[0s / 0s],		train_loss: 8.5001
1:	[0s / 0s],		train_loss: 4.7683
2:	[0s / 0s],		train_loss: 4.6412
3:	[0s / 0s],		train_loss: 4.6734
4:	[0s / 0s],		train_loss: 4.7034
C-index TRAIN: 0.7694178349039777
C-index TEST : 0.7745145797656056
Fitting deepsurv_vanilla.pt...
0:	[0s / 0s],		train_loss: 4.8872
C-index TRAIN: 0.751657167360952
C-index TEST : 0.7509244704696761
Fitting Cox model...
C-index TRAIN: 0.7785063462504094
C-index TEST : 0.7928449584762517
Evaluating method: median
Fitting Random Survival Forest model...
C-index TRAIN: 0.880474968468107
C-index TEST : 0.8108472317780132
Fitting deepsurv_simple.pt...
0:	[0s / 0s],		train_loss: 9.1414
1:	[0s / 0s],		train_loss: 4.7455
2:	[0s / 0s],		train_loss: 4.6413
3:	[0s / 0s],		train_loss: 4.6650
4:	[0s / 0s],		train_loss: 4.7617
C-index TRAIN: 0.7631015071945878
C-index TEST : 0.7578171950670356
Fitting deepsurv_vanilla.pt...
0:	[0s / 0s],		train_loss: 4.8696
C-index TRAIN: 0.7557870275573746
C-index TEST : 0.7563917779462945
Fitting Cox model...
C-index TRAIN: 0.7754227253434315
C-index TEST : 0.7889528917637172
Evaluating method: constant
Fitting Random Survival Forest model...
C-index TRAIN: 0.8952495465241204
C-index TEST : 0.7939698913067132
Fitting deepsurv_simple.pt...
0:	[0s / 0s],		train_loss: 9.9086
1:	[0s / 0s],		train_loss: 4.9592
2:	[0s / 0s],		train_loss: 4.9225
3:	[0s / 0s],		train_loss: 4.9385
4:	[0s / 0s],		train_loss: 5.0036
C-index TRAIN: 0.6447185630632082
C-index TEST : 0.6446685382067031
Fitting deepsurv_vanilla.pt...
0:	[0s / 0s],		train_loss: 5.1119
C-index TRAIN: 0.6596011241287557
C-index TEST : 0.6442860275642024
Fitting Cox model...
C-index TRAIN: 0.7198188618932482
C-index TEST : 0.7301684553433473
Evaluating method: knn
Fitting Random Survival Forest model...
C-index TRAIN: 0.916945488779892
C-index TEST : 0.8176755070986275
Fitting deepsurv_simple.pt...
0:	[0s / 0s],		train_loss: 8.9847
1:	[0s / 0s],		train_loss: 4.7342
2:	[0s / 0s],		train_loss: 4.5809
3:	[0s / 0s],		train_loss: 4.5950
4:	[0s / 0s],		train_loss: 4.6307
C-index TRAIN: 0.7853233201745475
C-index TEST : 0.7919108624652434
Fitting deepsurv_vanilla.pt...
0:	[0s / 0s],		train_loss: 4.7836
C-index TRAIN: 0.7723705094531864
C-index TEST : 0.7712661688169289
Fitting Cox model...
C-index TRAIN: 0.785541823718968
C-index TEST : 0.7959125766486042
Evaluating method: imputer_bayesian
Fitting Random Survival Forest model...
C-index TRAIN: 0.9253966541547405
C-index TEST : 0.8262916220962253
Fitting deepsurv_simple.pt...
0:	[0s / 0s],		train_loss: 8.4152
1:	[0s / 0s],		train_loss: 4.6563
2:	[0s / 0s],		train_loss: 4.5864
3:	[0s / 0s],		train_loss: 4.5775
4:	[0s / 0s],		train_loss: 4.6588
C-index TRAIN: 0.7925327814358062
C-index TEST : 0.8032589571939622
Fitting deepsurv_vanilla.pt...
0:	[0s / 0s],		train_loss: 4.7749
C-index TRAIN: 0.7863304162511364
C-index TEST : 0.7892625830935318
Fitting Cox model...
C-index TRAIN: 0.7915347551280498
C-index TEST : 0.8007512944260583
[fold=5, target=70%] actual NaN%: 70.0%
X_train shape: (13567, 61), X_test shape: (3391, 61)
Generating Tabicl Embeddings...
Warming up TabICL model (triggering checkpoint load)...
ARRIVATO QUI 1
Loading TabICL model checkpoint 'tabicl-classifier-v1.1-0506.ckpt'...
ARRIVATO QUI
Performing dummy prediction to ensure model is loaded...
Warming up TabICL model (triggering checkpoint load)...
ARRIVATO QUI 1
Loading TabICL model checkpoint 'tabicl-classifier-v1.1-0506.ckpt'...
ARRIVATO QUI
Performing dummy prediction to ensure model is loaded...
Successfully generated embeddings with shape: (13567, 512)
Fitting SimpleImputer (mean)...
Fitting SimpleImputer (median)...
Fitting SimpleImputer (constant, fill=-1)...
Fitting KNNImputer...
Fitting IterativeImputer (BayesianRidge, MICE-like)...
Fitting DeepSurv Simple pilot model...
0:	[0s / 0s],		train_loss: 6.4647,	val_loss: 7.6253
1:	[0s / 0s],		train_loss: 4.7982,	val_loss: 7.4684
2:	[0s / 0s],		train_loss: 4.7670,	val_loss: 7.4829
3:	[0s / 0s],		train_loss: 4.7533,	val_loss: 7.5049
4:	[0s / 0s],		train_loss: 4.7559,	val_loss: 7.5033
5:	[0s / 0s],		train_loss: 4.7677,	val_loss: 7.4729
6:	[0s / 0s],		train_loss: 4.8050,	val_loss: 7.5347
7:	[0s / 0s],		train_loss: 4.7900,	val_loss: 7.5106
8:	[0s / 0s],		train_loss: 4.8090,	val_loss: 7.5997
9:	[0s / 0s],		train_loss: 4.7783,	val_loss: 7.4745
10:	[0s / 0s],		train_loss: 4.7783,	val_loss: 7.5543
11:	[0s / 0s],		train_loss: 4.8032,	val_loss: 7.6937
12:	[0s / 0s],		train_loss: 5.0194,	val_loss: 7.5699
13:	[0s / 1s],		train_loss: 4.8325,	val_loss: 7.5461
14:	[0s / 1s],		train_loss: 4.8144,	val_loss: 7.5424
15:	[0s / 1s],		train_loss: 4.7584,	val_loss: 7.5307
16:	[0s / 1s],		train_loss: 4.7790,	val_loss: 7.4840
17:	[0s / 1s],		train_loss: 4.7667,	val_loss: 7.5336
18:	[0s / 1s],		train_loss: 4.9312,	val_loss: 7.6575
19:	[0s / 1s],		train_loss: 4.8107,	val_loss: 7.5727
20:	[0s / 1s],		train_loss: 4.8218,	val_loss: 7.5365
21:	[0s / 1s],		train_loss: 4.7737,	val_loss: 7.5119
Saved fixed_epochs=2 → nan/tabicl/HURRAH/nan_percentage0.7/seed123/fold5/fixed_epochs_deepsurv_simple.json
Fitting DeepSurv Vanilla pilot model...
0:	[0s / 0s],		train_loss: 4.9976,	val_loss: 7.5689
1:	[0s / 0s],		train_loss: 4.8381,	val_loss: 7.6098
2:	[0s / 0s],		train_loss: 4.7673,	val_loss: 123.3572
3:	[0s / 0s],		train_loss: 4.7711,	val_loss: 39.3612
4:	[0s / 0s],		train_loss: 4.7470,	val_loss: 296.9559
5:	[0s / 0s],		train_loss: 4.7313,	val_loss: 140.8008
6:	[0s / 0s],		train_loss: 4.7111,	val_loss: 44.9536
7:	[0s / 0s],		train_loss: 4.6963,	val_loss: 158.6035
8:	[0s / 0s],		train_loss: 4.6900,	val_loss: 464.2780
9:	[0s / 1s],		train_loss: 4.6742,	val_loss: 432.5022
10:	[0s / 1s],		train_loss: 4.6992,	val_loss: 532.9914
11:	[0s / 1s],		train_loss: 4.6727,	val_loss: 38.5456
12:	[0s / 1s],		train_loss: 4.6725,	val_loss: 497.6844
13:	[0s / 1s],		train_loss: 4.6633,	val_loss: 88.7782
14:	[0s / 1s],		train_loss: 4.6572,	val_loss: 110.4025
15:	[0s / 1s],		train_loss: 4.6538,	val_loss: 121.8862
16:	[0s / 1s],		train_loss: 4.6434,	val_loss: 142.8136
17:	[0s / 1s],		train_loss: 4.6507,	val_loss: 322.6684
18:	[0s / 2s],		train_loss: 4.6371,	val_loss: 153.4972
19:	[0s / 2s],		train_loss: 4.6474,	val_loss: 64.1240
20:	[0s / 2s],		train_loss: 4.6337,	val_loss: 557.8350
Saved fixed_epochs=1 → nan/tabicl/HURRAH/nan_percentage0.7/seed123/fold5/fixed_epochs_deepsurv_vanilla.json
Evaluating method: embeddings
Fitting Random Survival Forest model...
C-index TRAIN: 0.9878645488061345
C-index TEST : 0.6599907260001775
Fitting deepsurv_simple.pt...
0:	[0s / 0s],		train_loss: 3.0408
1:	[0s / 0s],		train_loss: 2.7649
C-index TRAIN: 0.9558117847601654
C-index TEST : 0.6619911645900608
Fitting deepsurv_vanilla.pt...
0:	[0s / 0s],		train_loss: 2.8570
C-index TRAIN: 0.9514922885107032
C-index TEST : 0.5951078813932427
Fitting Cox model...
C-index TRAIN: 0.9571411968044868
C-index TEST : 0.7040321811141858
Evaluating method: mean
Fitting Random Survival Forest model...
C-index TRAIN: 0.8685538753564532
C-index TEST : 0.7718696484082702
Fitting deepsurv_simple.pt...
0:	[0s / 0s],		train_loss: 8.6150
1:	[0s / 0s],		train_loss: 4.8789
C-index TRAIN: 0.7367800330822959
C-index TEST : 0.7570199491436617
Fitting deepsurv_vanilla.pt...
0:	[0s / 0s],		train_loss: 4.9883
C-index TRAIN: 0.7091184692199933
C-index TEST : 0.7061807693402236
Fitting Cox model...
C-index TRAIN: 0.7477501822872791
C-index TEST : 0.7667463494088244
Evaluating method: median
Fitting Random Survival Forest model...
C-index TRAIN: 0.8325729466935265
C-index TEST : 0.7629505381096107
Fitting deepsurv_simple.pt...
0:	[0s / 0s],		train_loss: 8.8143
1:	[0s / 0s],		train_loss: 4.9154
C-index TRAIN: 0.7286674137878274
C-index TEST : 0.7508106379808794
Fitting deepsurv_vanilla.pt...
0:	[0s / 0s],		train_loss: 4.9808
C-index TRAIN: 0.7025556749392841
C-index TEST : 0.6891385391608872
Fitting Cox model...
C-index TRAIN: 0.7431938419636246
C-index TEST : 0.7614079404856965
Evaluating method: constant
Fitting Random Survival Forest model...
C-index TRAIN: 0.8567314944933941
C-index TEST : 0.744965423381528
Fitting deepsurv_simple.pt...
0:	[0s / 0s],		train_loss: 10.3029
1:	[0s / 0s],		train_loss: 4.9981
C-index TRAIN: 0.6552887379750819
C-index TEST : 0.6695128973883814
Fitting deepsurv_vanilla.pt...
0:	[0s / 0s],		train_loss: 5.1599
C-index TRAIN: 0.6128104630863173
C-index TEST : 0.5989970185931979
Fitting Cox model...
C-index TRAIN: 0.6964047888580427
C-index TEST : 0.7051106602451751
Evaluating method: knn
Fitting Random Survival Forest model...
C-index TRAIN: 0.921906225223012
C-index TEST : 0.7677800488475297
Fitting deepsurv_simple.pt...
0:	[0s / 0s],		train_loss: 8.9807
1:	[0s / 0s],		train_loss: 4.8486
C-index TRAIN: 0.7264889357111168
C-index TEST : 0.7610949011415055
Fitting deepsurv_vanilla.pt...
0:	[0s / 0s],		train_loss: 4.9631
C-index TRAIN: 0.7020690730480187
C-index TEST : 0.7194723864144272
Fitting Cox model...
C-index TRAIN: 0.7373706483889805
C-index TEST : 0.7626500538193312
Evaluating method: imputer_bayesian
Fitting Random Survival Forest model...
C-index TRAIN: 0.9288126657588188
C-index TEST : 0.782913073828739
Fitting deepsurv_simple.pt...
0:	[0s / 0s],		train_loss: 8.8345
1:	[0s / 0s],		train_loss: 4.8370
C-index TRAIN: 0.7361381899123167
C-index TEST : 0.7577175916393385
Fitting deepsurv_vanilla.pt...
0:	[0s / 0s],		train_loss: 4.9314
C-index TRAIN: 0.7201841650478846
C-index TEST : 0.7184863961805852
Fitting Cox model...
C-index TRAIN: 0.7485505831057391
C-index TEST : 0.7705806628733664
[fold=5, target=90%] actual NaN%: 90.0%
X_train shape: (13567, 61), X_test shape: (3391, 61)
Generating Tabicl Embeddings...
Warming up TabICL model (triggering checkpoint load)...
ARRIVATO QUI 1
Loading TabICL model checkpoint 'tabicl-classifier-v1.1-0506.ckpt'...
ARRIVATO QUI
Performing dummy prediction to ensure model is loaded...
Warming up TabICL model (triggering checkpoint load)...
ARRIVATO QUI 1
Loading TabICL model checkpoint 'tabicl-classifier-v1.1-0506.ckpt'...
ARRIVATO QUI
Performing dummy prediction to ensure model is loaded...
Successfully generated embeddings with shape: (13567, 512)
Fitting SimpleImputer (mean)...
Fitting SimpleImputer (median)...
Fitting SimpleImputer (constant, fill=-1)...
Fitting KNNImputer...
Fitting IterativeImputer (BayesianRidge, MICE-like)...
Fitting DeepSurv Simple pilot model...
0:	[0s / 0s],		train_loss: 5.6390,	val_loss: 7.7917
1:	[0s / 0s],		train_loss: 4.9711,	val_loss: 7.7083
2:	[0s / 0s],		train_loss: 4.9284,	val_loss: 7.7717
3:	[0s / 0s],		train_loss: 4.9285,	val_loss: 7.7300
4:	[0s / 0s],		train_loss: 4.9814,	val_loss: 7.7096
5:	[0s / 0s],		train_loss: 5.1856,	val_loss: 7.8005
6:	[0s / 0s],		train_loss: 4.9295,	val_loss: 7.7225
7:	[0s / 0s],		train_loss: 4.9242,	val_loss: 7.6841
8:	[0s / 0s],		train_loss: 4.9216,	val_loss: 7.6920
9:	[0s / 0s],		train_loss: 4.9099,	val_loss: 7.6782
10:	[0s / 0s],		train_loss: 4.9369,	val_loss: 7.7170
11:	[0s / 0s],		train_loss: 4.9455,	val_loss: 7.7134
12:	[0s / 0s],		train_loss: 4.9724,	val_loss: 7.8079
13:	[0s / 1s],		train_loss: 4.9712,	val_loss: 7.6965
14:	[0s / 1s],		train_loss: 4.9117,	val_loss: 7.7314
15:	[0s / 1s],		train_loss: 4.9045,	val_loss: 7.6923
16:	[0s / 1s],		train_loss: 4.9352,	val_loss: 7.6978
17:	[0s / 1s],		train_loss: 4.9117,	val_loss: 7.7877
18:	[0s / 1s],		train_loss: 5.3989,	val_loss: 7.8888
19:	[0s / 1s],		train_loss: 4.9655,	val_loss: 7.7695
20:	[0s / 1s],		train_loss: 4.9208,	val_loss: 7.7191
21:	[0s / 1s],		train_loss: 4.9054,	val_loss: 7.6761
22:	[0s / 1s],		train_loss: 4.9699,	val_loss: 7.7254
23:	[0s / 1s],		train_loss: 4.9411,	val_loss: 7.7051
24:	[0s / 1s],		train_loss: 4.9172,	val_loss: 7.7204
25:	[0s / 1s],		train_loss: 4.9167,	val_loss: 7.6689
26:	[0s / 2s],		train_loss: 4.9039,	val_loss: 7.7284
27:	[0s / 2s],		train_loss: 4.9190,	val_loss: 7.7244
28:	[0s / 2s],		train_loss: 4.9361,	val_loss: 7.6767
29:	[0s / 2s],		train_loss: 4.9332,	val_loss: 7.6877
30:	[0s / 2s],		train_loss: 4.9463,	val_loss: 7.7590
31:	[0s / 2s],		train_loss: 5.0680,	val_loss: 7.7948
32:	[0s / 2s],		train_loss: 4.9579,	val_loss: 7.7136
33:	[0s / 2s],		train_loss: 4.9226,	val_loss: 7.8195
34:	[0s / 2s],		train_loss: 4.9292,	val_loss: 7.6771
35:	[0s / 2s],		train_loss: 5.0268,	val_loss: 7.9497
36:	[0s / 2s],		train_loss: 4.9840,	val_loss: 7.7564
37:	[0s / 2s],		train_loss: 4.9329,	val_loss: 7.7845
38:	[0s / 2s],		train_loss: 4.9366,	val_loss: 7.7962
39:	[0s / 3s],		train_loss: 5.1277,	val_loss: 8.2290
40:	[0s / 3s],		train_loss: 4.9899,	val_loss: 7.7054
41:	[0s / 3s],		train_loss: 4.9276,	val_loss: 7.6881
42:	[0s / 3s],		train_loss: 4.9302,	val_loss: 7.7841
43:	[0s / 3s],		train_loss: 4.9148,	val_loss: 7.6839
44:	[0s / 3s],		train_loss: 4.9202,	val_loss: 7.7068
45:	[0s / 3s],		train_loss: 4.9018,	val_loss: 7.7050
Saved fixed_epochs=26 → nan/tabicl/HURRAH/nan_percentage0.9/seed123/fold5/fixed_epochs_deepsurv_simple.json
Fitting DeepSurv Vanilla pilot model...
0:	[0s / 0s],		train_loss: 5.1332,	val_loss: 7.7984
1:	[0s / 0s],		train_loss: 5.0129,	val_loss: 7.7667
2:	[0s / 0s],		train_loss: 4.9672,	val_loss: 7.7522
3:	[0s / 0s],		train_loss: 4.9574,	val_loss: 7.7067
4:	[0s / 0s],		train_loss: 4.9325,	val_loss: 7.7716
5:	[0s / 0s],		train_loss: 4.9416,	val_loss: 7.6928
6:	[0s / 0s],		train_loss: 4.9213,	val_loss: 7.7084
7:	[0s / 0s],		train_loss: 4.9148,	val_loss: 7.7864
8:	[0s / 1s],		train_loss: 4.8968,	val_loss: 7.7635
9:	[0s / 1s],		train_loss: 4.8933,	val_loss: 7.6883
10:	[0s / 1s],		train_loss: 4.8931,	val_loss: 7.6891
11:	[0s / 1s],		train_loss: 4.8913,	val_loss: 7.7038
12:	[0s / 1s],		train_loss: 4.8853,	val_loss: 7.7042
13:	[0s / 1s],		train_loss: 4.8843,	val_loss: 7.7822
14:	[0s / 1s],		train_loss: 4.8873,	val_loss: 7.7048
15:	[0s / 1s],		train_loss: 4.8701,	val_loss: 7.6940
16:	[0s / 1s],		train_loss: 4.8733,	val_loss: 7.8661
17:	[0s / 2s],		train_loss: 4.8695,	val_loss: 7.6760
18:	[0s / 2s],		train_loss: 4.8712,	val_loss: 7.6697
19:	[0s / 2s],		train_loss: 4.8734,	val_loss: 7.6828
20:	[0s / 2s],		train_loss: 4.8586,	val_loss: 7.6504
21:	[0s / 2s],		train_loss: 4.8551,	val_loss: 7.7261
22:	[0s / 2s],		train_loss: 4.8562,	val_loss: 7.6675
23:	[0s / 2s],		train_loss: 4.8587,	val_loss: 7.6789
24:	[0s / 2s],		train_loss: 4.8583,	val_loss: 7.6633
25:	[0s / 2s],		train_loss: 4.8717,	val_loss: 7.9050
26:	[0s / 3s],		train_loss: 4.8661,	val_loss: 7.7371
27:	[0s / 3s],		train_loss: 4.8581,	val_loss: 7.7367
28:	[0s / 3s],		train_loss: 4.8630,	val_loss: 7.6899
29:	[0s / 3s],		train_loss: 4.8543,	val_loss: 7.6750
30:	[0s / 3s],		train_loss: 4.8473,	val_loss: 7.7395
31:	[0s / 3s],		train_loss: 4.8513,	val_loss: 7.8946
32:	[0s / 3s],		train_loss: 4.8508,	val_loss: 7.7395
33:	[0s / 3s],		train_loss: 4.8592,	val_loss: 16.1229
34:	[0s / 3s],		train_loss: 4.8516,	val_loss: 20.7569
35:	[0s / 4s],		train_loss: 4.8437,	val_loss: 7.6666
36:	[0s / 4s],		train_loss: 4.8464,	val_loss: 30.5389
37:	[0s / 4s],		train_loss: 4.8403,	val_loss: 7.8478
38:	[0s / 4s],		train_loss: 4.8427,	val_loss: 7.6929
39:	[0s / 4s],		train_loss: 4.8529,	val_loss: 8.0279
40:	[0s / 4s],		train_loss: 4.8410,	val_loss: 7.7402
Saved fixed_epochs=21 → nan/tabicl/HURRAH/nan_percentage0.9/seed123/fold5/fixed_epochs_deepsurv_vanilla.json
Evaluating method: embeddings/scratch.hpc/luca.cotugno/Foundation_model_clinical_data/.venv/lib/python3.12/site-packages/pycox/models/cox.py:231: RuntimeWarning: overflow encountered in exp
  .assign(expg=np.exp(self.predict(input, batch_size, True, eval_, num_workers=num_workers)))
/scratch.hpc/luca.cotugno/Foundation_model_clinical_data/.venv/lib/python3.12/site-packages/pycox/models/cox.py:251: RuntimeWarning: overflow encountered in exp
  expg = np.exp(self.predict(input, batch_size, True, eval_, num_workers=num_workers)).reshape(1, -1)

Fitting Random Survival Forest model...
C-index TRAIN: 0.990403807715072
C-index TEST : 0.5847667019882183
Fitting deepsurv_simple.pt...
0:	[0s / 0s],		train_loss: 2.9931
1:	[0s / 0s],		train_loss: 2.7817
2:	[0s / 0s],		train_loss: 2.7954
3:	[0s / 0s],		train_loss: 2.7248
4:	[0s / 0s],		train_loss: 2.8023
5:	[0s / 0s],		train_loss: 2.7753
6:	[0s / 0s],		train_loss: 2.7387
7:	[0s / 0s],		train_loss: 2.7623
8:	[0s / 0s],		train_loss: 2.7380
9:	[0s / 1s],		train_loss: 2.7213
10:	[0s / 1s],		train_loss: 2.7273
11:	[0s / 1s],		train_loss: 2.7816
12:	[0s / 1s],		train_loss: 2.8103
13:	[0s / 1s],		train_loss: 2.8054
14:	[0s / 1s],		train_loss: 2.7124
15:	[0s / 1s],		train_loss: 2.7079
16:	[0s / 1s],		train_loss: 2.7410
17:	[0s / 1s],		train_loss: 2.7129
18:	[0s / 2s],		train_loss: 2.7124
19:	[0s / 2s],		train_loss: 2.7205
20:	[0s / 2s],		train_loss: 2.7494
21:	[0s / 2s],		train_loss: 2.7254
22:	[0s / 2s],		train_loss: 2.7199
23:	[0s / 2s],		train_loss: 2.7587
24:	[0s / 2s],		train_loss: 2.6781
25:	[0s / 2s],		train_loss: 2.7486
C-index TRAIN: 0.9578039431536034
C-index TEST : 0.5040368683343126
Fitting deepsurv_vanilla.pt...
0:	[0s / 0s],		train_loss: 2.8594
1:	[0s / 0s],		train_loss: 2.7423
2:	[0s / 0s],		train_loss: 2.7212
3:	[0s / 0s],		train_loss: 2.7219
4:	[0s / 0s],		train_loss: 2.7125
5:	[0s / 0s],		train_loss: 2.7216
6:	[0s / 0s],		train_loss: 2.6953
7:	[0s / 1s],		train_loss: 2.6850
8:	[0s / 1s],		train_loss: 2.6875
9:	[0s / 1s],		train_loss: 2.6822
10:	[0s / 1s],		train_loss: 2.6722
11:	[0s / 1s],		train_loss: 2.6757
12:	[0s / 1s],		train_loss: 2.6674
13:	[0s / 1s],		train_loss: 2.6544
14:	[0s / 2s],		train_loss: 2.6664
15:	[0s / 2s],		train_loss: 2.6504
16:	[0s / 2s],		train_loss: 2.6549
17:	[0s / 2s],		train_loss: 2.6518
18:	[0s / 2s],		train_loss: 2.6487
19:	[0s / 2s],		train_loss: 2.6441
20:	[0s / 2s],		train_loss: 2.6499
C-index TRAIN: 0.9598347925276561
C-index TEST : 0.5569522355528994
Fitting Cox model...
C-index TRAIN: 0.9570180137668539
C-index TEST : 0.5357584675468596
Evaluating method: mean
Fitting Random Survival Forest model...
C-index TRAIN: 0.779721820894024
C-index TEST : 0.6754891030502085
Fitting deepsurv_simple.pt...
0:	[0s / 0s],		train_loss: 7.0009
1:	[0s / 0s],		train_loss: 5.0138
2:	[0s / 0s],		train_loss: 4.9430
3:	[0s / 0s],		train_loss: 4.9309
4:	[0s / 0s],		train_loss: 4.9134
5:	[0s / 0s],		train_loss: 4.9114
6:	[0s / 0s],		train_loss: 4.9107
7:	[0s / 0s],		train_loss: 4.9165
8:	[0s / 0s],		train_loss: 4.9088
9:	[0s / 0s],		train_loss: 4.9128
10:	[0s / 0s],		train_loss: 4.9088
11:	[0s / 0s],		train_loss: 4.8996
12:	[0s / 0s],		train_loss: 4.9110
13:	[0s / 1s],		train_loss: 4.9558
14:	[0s / 1s],		train_loss: 4.9387
15:	[0s / 1s],		train_loss: 4.9234
16:	[0s / 1s],		train_loss: 4.9109
17:	[0s / 1s],		train_loss: 4.9094
18:	[0s / 1s],		train_loss: 4.9079
19:	[0s / 1s],		train_loss: 4.9013
20:	[0s / 1s],		train_loss: 4.9586
21:	[0s / 1s],		train_loss: 4.9119
22:	[0s / 1s],		train_loss: 4.9377
23:	[0s / 1s],		train_loss: 4.9212
24:	[0s / 1s],		train_loss: 4.9304
25:	[0s / 1s],		train_loss: 4.9517
C-index TRAIN: 0.6807170785355052
C-index TEST : 0.6726403613177115
Fitting deepsurv_vanilla.pt...
0:	[0s / 0s],		train_loss: 5.1362
1:	[0s / 0s],		train_loss: 5.0431
2:	[0s / 0s],		train_loss: 4.9992
3:	[0s / 0s],		train_loss: 4.9505
4:	[0s / 0s],		train_loss: 4.9261
5:	[0s / 0s],		train_loss: 4.9174
6:	[0s / 0s],		train_loss: 4.9060
7:	[0s / 0s],		train_loss: 4.9133
8:	[0s / 1s],		train_loss: 4.8924
9:	[0s / 1s],		train_loss: 4.8913
10:	[0s / 1s],		train_loss: 4.8903
11:	[0s / 1s],		train_loss: 4.8714
12:	[0s / 1s],		train_loss: 4.8878
13:	[0s / 1s],		train_loss: 4.8828
14:	[0s / 1s],		train_loss: 4.8843
15:	[0s / 1s],		train_loss: 4.8831
16:	[0s / 2s],		train_loss: 4.8780
17:	[0s / 2s],		train_loss: 4.8830
18:	[0s / 2s],		train_loss: 4.8801
19:	[0s / 2s],		train_loss: 4.8652
20:	[0s / 2s],		train_loss: 4.8637
C-index TRAIN: 0.6823204428217905
C-index TEST : 0.6653052803208737
Fitting Cox model...
C-index TRAIN: 0.6964464695962506
C-index TEST : 0.700908483701029
Evaluating method: median
Fitting Random Survival Forest model...
C-index TRAIN: 0.7403356337047483
C-index TEST : 0.6738381134608592
Fitting deepsurv_simple.pt...
0:	[0s / 0s],		train_loss: 7.0232
1:	[0s / 0s],		train_loss: 5.0278
2:	[0s / 0s],		train_loss: 4.9507
3:	[0s / 0s],		train_loss: 4.9505
4:	[0s / 0s],		train_loss: 4.9464
5:	[0s / 0s],		train_loss: 4.9236
6:	[0s / 0s],		train_loss: 4.9269
7:	[0s / 0s],		train_loss: 4.9298
8:	[0s / 0s],		train_loss: 4.9244
9:	[0s / 0s],		train_loss: 4.9266
10:	[0s / 0s],		train_loss: 4.9224
11:	[0s / 0s],		train_loss: 4.9162
12:	[0s / 1s],		train_loss: 4.9260
13:	[0s / 1s],		train_loss: 4.9671
14:	[0s / 1s],		train_loss: 4.9417
15:	[0s / 1s],		train_loss: 4.9279
16:	[0s / 1s],		train_loss: 4.9356
17:	[0s / 1s],		train_loss: 4.9277
18:	[0s / 1s],		train_loss: 4.9326
19:	[0s / 1s],		train_loss: 4.9143
20:	[0s / 1s],		train_loss: 4.9471
21:	[0s / 1s],		train_loss: 4.9244
22:	[0s / 1s],		train_loss: 4.9510
23:	[0s / 1s],		train_loss: 4.9286
24:	[0s / 1s],		train_loss: 4.9396
25:	[0s / 2s],		train_loss: 4.9370
C-index TRAIN: 0.6770124422656454
C-index TEST : 0.6831732145457833
Fitting deepsurv_vanilla.pt...
0:	[0s / 0s],		train_loss: 5.1286
1:	[0s / 0s],		train_loss: 5.0209
2:	[0s / 0s],		train_loss: 4.9918
3:	[0s / 0s],		train_loss: 4.9550
4:	[0s / 0s],		train_loss: 4.9465
5:	[0s / 0s],		train_loss: 4.9471
6:	[0s / 0s],		train_loss: 4.9427
7:	[0s / 0s],		train_loss: 4.9303
8:	[0s / 1s],		train_loss: 4.9070
9:	[0s / 1s],		train_loss: 4.9066
10:	[0s / 1s],		train_loss: 4.9073
11:	[0s / 1s],		train_loss: 4.8994
12:	[0s / 1s],		train_loss: 4.9075
13:	[0s / 1s],		train_loss: 4.9041
14:	[0s / 1s],		train_loss: 4.8984
15:	[0s / 1s],		train_loss: 4.8884
16:	[0s / 2s],		train_loss: 4.8913
17:	[0s / 2s],		train_loss: 4.8921
18:	[0s / 2s],		train_loss: 4.8889
19:	[0s / 2s],		train_loss: 4.8761
20:	[0s / 2s],		train_loss: 4.8839
C-index TRAIN: 0.6837849969341167
C-index TEST : 0.6812414102506156
Fitting Cox model...
C-index TRAIN: 0.6913593342417842
C-index TEST : 0.6979228918808977
Evaluating method: constant
Fitting Random Survival Forest model...
C-index TRAIN: 0.755478429300951
C-index TEST : 0.6536395427281965
Fitting deepsurv_simple.pt...
0:	[0s / 0s],		train_loss: 9.4479
1:	[0s / 0s],		train_loss: 5.1291
2:	[0s / 0s],		train_loss: 5.0702
3:	[0s / 0s],		train_loss: 5.0401
4:	[0s / 0s],		train_loss: 5.0796
5:	[0s / 0s],		train_loss: 5.0525
6:	[0s / 0s],		train_loss: 5.0638
7:	[0s / 0s],		train_loss: 5.0592
8:	[0s / 0s],		train_loss: 5.0471
9:	[0s / 0s],		train_loss: 5.1325
10:	[0s / 0s],		train_loss: 5.1060
11:	[0s / 0s],		train_loss: 5.0899
12:	[0s / 1s],		train_loss: 5.0360
13:	[0s / 1s],		train_loss: 5.0742
14:	[0s / 1s],		train_loss: 5.0735
15:	[0s / 1s],		train_loss: 5.0861
16:	[0s / 1s],		train_loss: 5.0893
17:	[0s / 1s],		train_loss: 5.0919
18:	[0s / 1s],		train_loss: 5.0860
19:	[0s / 1s],		train_loss: 5.0751
20:	[0s / 1s],		train_loss: 5.0704
21:	[0s / 1s],		train_loss: 5.0697
22:	[0s / 1s],		train_loss: 5.0804
23:	[0s / 1s],		train_loss: 5.0873
24:	[0s / 2s],		train_loss: 5.1021
25:	[0s / 2s],		train_loss: 5.0690
C-index TRAIN: 0.6029739093653227
C-index TEST : 0.6054561753288169
Fitting deepsurv_vanilla.pt...
0:	[0s / 0s],		train_loss: 5.1791
1:	[0s / 0s],		train_loss: 5.1282
2:	[0s / 0s],		train_loss: 5.1267
3:	[0s / 0s],		train_loss: 5.1053
4:	[0s / 0s],		train_loss: 5.0917
5:	[0s / 0s],		train_loss: 5.0697
6:	[0s / 0s],		train_loss: 5.0579
7:	[0s / 0s],		train_loss: 5.0447
8:	[0s / 0s],		train_loss: 5.0337
9:	[0s / 1s],		train_loss: 5.0318
10:	[0s / 1s],		train_loss: 5.0227
11:	[0s / 1s],		train_loss: 4.9981
12:	[0s / 1s],		train_loss: 4.9964
13:	[0s / 1s],		train_loss: 4.9947
14:	[0s / 1s],		train_loss: 4.9952
15:	[0s / 1s],		train_loss: 4.9822
16:	[0s / 1s],		train_loss: 4.9763
17:	[0s / 1s],		train_loss: 4.9780
18:	[0s / 2s],		train_loss: 4.9704
19:	[0s / 2s],		train_loss: 4.9638
20:	[0s / 2s],		train_loss: 4.9691
C-index TRAIN: 0.6788377018381583
C-index TEST : 0.6282858668595123
Fitting Cox model...
C-index TRAIN: 0.6466551973870625
C-index TEST : 0.6407379693288403
Evaluating method: knn
Fitting Random Survival Forest model...
C-index TRAIN: 0.9172904163596721
C-index TEST : 0.6347215874944967
Fitting deepsurv_simple.pt...
0:	[0s / 0s],		train_loss: 7.5532
1:	[0s / 0s],		train_loss: 5.0382
2:	[0s / 0s],		train_loss: 5.0088
3:	[0s / 0s],		train_loss: 4.9966
4:	[0s / 0s],		train_loss: 5.0312
5:	[0s / 0s],		train_loss: 5.0005
6:	[0s / 0s],		train_loss: 5.0000
7:	[0s / 0s],		train_loss: 4.9969
8:	[0s / 0s],		train_loss: 4.9944
9:	[0s / 0s],		train_loss: 5.0034
10:	[0s / 0s],		train_loss: 5.0155
11:	[0s / 0s],		train_loss: 5.0084
12:	[0s / 0s],		train_loss: 5.0112
13:	[0s / 1s],		train_loss: 5.0813
14:	[0s / 1s],		train_loss: 5.0231
15:	[0s / 1s],		train_loss: 5.0215
16:	[0s / 1s],		train_loss: 5.0290
17:	[0s / 1s],		train_loss: 5.0234
18:	[0s / 1s],		train_loss: 5.0088
19:	[0s / 1s],		train_loss: 5.0028
20:	[0s / 1s],		train_loss: 5.0222
21:	[0s / 1s],		train_loss: 5.0050
22:	[0s / 1s],		train_loss: 5.0362
23:	[0s / 1s],		train_loss: 5.0859
24:	[0s / 1s],		train_loss: 5.0347
25:	[0s / 1s],		train_loss: 5.0144
C-index TRAIN: 0.6587909249450752
C-index TEST : 0.6395377061749103
Fitting deepsurv_vanilla.pt...
0:	[0s / 0s],		train_loss: 5.1323
1:	[0s / 0s],		train_loss: 5.0630
2:	[0s / 0s],		train_loss: 5.0496
3:	[0s / 0s],		train_loss: 5.0145
4:	[0s / 0s],		train_loss: 4.9934
5:	[0s / 0s],		train_loss: 4.9875
6:	[0s / 0s],		train_loss: 4.9829
7:	[0s / 0s],		train_loss: 4.9767
8:	[0s / 0s],		train_loss: 4.9668
9:	[0s / 1s],		train_loss: 4.9549
10:	[0s / 1s],		train_loss: 4.9671
11:	[0s / 1s],		train_loss: 4.9489
12:	[0s / 1s],		train_loss: 4.9461
13:	[0s / 1s],		train_loss: 4.9422
14:	[0s / 1s],		train_loss: 4.9455
15:	[0s / 1s],		train_loss: 4.9343
16:	[0s / 1s],		train_loss: 4.9452
17:	[0s / 1s],		train_loss: 4.9384
18:	[0s / 2s],		train_loss: 4.9343
19:	[0s / 2s],		train_loss: 4.9314
20:	[0s / 2s],		train_loss: 4.9309
C-index TRAIN: 0.5036160741226732
C-index TEST : 0.5049420877213247
Fitting Cox model...
C-index TRAIN: 0.6673960251499413
C-index TEST : 0.6575106843508786
Evaluating method: imputer_bayesian
Fitting Random Survival Forest model...
C-index TRAIN: 0.9182603540204627
C-index TEST : 0.6811476658480772
Fitting deepsurv_simple.pt...
0:	[0s / 0s],		train_loss: 7.5312
1:	[0s / 0s],		train_loss: 5.1163
2:	[0s / 0s],		train_loss: 4.9621
3:	[0s / 0s],		train_loss: 4.9782
4:	[0s / 0s],		train_loss: 4.9346
5:	[0s / 0s],		train_loss: 4.9608
6:	[0s / 0s],		train_loss: 4.9705
7:	[0s / 0s],		train_loss: 4.9256
8:	[0s / 0s],		train_loss: 4.9372
9:	[0s / 0s],		train_loss: 4.9523
10:	[0s / 0s],		train_loss: 4.9534
11:	[0s / 0s],		train_loss: 4.9955
12:	[0s / 0s],		train_loss: 4.9312
13:	[0s / 1s],		train_loss: 5.0222
14:	[0s / 1s],		train_loss: 4.9697
15:	[0s / 1s],		train_loss: 4.9634
16:	[0s / 1s],		train_loss: 5.0173
17:	[0s / 1s],		train_loss: 4.9221
18:	[0s / 1s],		train_loss: 4.9204
19:	[0s / 1s],		train_loss: 4.9451
20:	[0s / 1s],		train_loss: 5.0376
21:	[0s / 1s],		train_loss: 4.9256
22:	[0s / 1s],		train_loss: 4.9573
23:	[0s / 1s],		train_loss: 4.9403
24:	[0s / 1s],		train_loss: 4.9870
25:	[0s / 1s],		train_loss: 5.0770
C-index TRAIN: 0.6589103896287268
C-index TEST : 0.6637459426250776
Fitting deepsurv_vanilla.pt...
0:	[0s / 0s],		train_loss: 5.1567
1:	[0s / 0s],		train_loss: 5.1016
2:	[0s / 0s],		train_loss: 5.0117
3:	[0s / 0s],		train_loss: 4.9731
4:	[0s / 0s],		train_loss: 4.9360
5:	[0s / 0s],		train_loss: 4.9250
6:	[0s / 0s],		train_loss: 4.9206
7:	[0s / 0s],		train_loss: 4.9036
8:	[0s / 0s],		train_loss: 4.8967
9:	[0s / 1s],		train_loss: 4.8828
10:	[0s / 1s],		train_loss: 4.8910
11:	[0s / 1s],		train_loss: 4.8790
12:	[0s / 1s],		train_loss: 4.8832
13:	[0s / 1s],		train_loss: 4.8836
14:	[0s / 1s],		train_loss: 4.8826
15:	[0s / 1s],		train_loss: 4.8812
16:	[0s / 1s],		train_loss: 4.8748
17:	[0s / 1s],		train_loss: 4.8622
18:	[0s / 2s],		train_loss: 4.8772
19:	[0s / 2s],		train_loss: 4.8714
20:	[0s / 2s],		train_loss: 4.8552
C-index TRAIN: 0.6333612779359558
C-index TEST : 0.6430853459084753
Fitting Cox model...
C-index TRAIN: 0.6907913054231338
C-index TEST : 0.6910351893051029
|                      | constant      | embeddings    | imputer_bayesian   | knn           | mean          | median        |
|:---------------------|:--------------|:--------------|:-------------------|:--------------|:--------------|:--------------|
| (0.1, 'Cox')         | 0.781 ± 0.010 | 0.762 ± 0.007 | 0.821 ± 0.008      | 0.821 ± 0.008 | 0.819 ± 0.009 | 0.818 ± 0.009 |
| (0.1, 'Cox Simple')  | 0.752 ± 0.027 | 0.678 ± 0.024 | 0.807 ± 0.014      | 0.810 ± 0.012 | 0.807 ± 0.006 | 0.805 ± 0.010 |
| (0.1, 'Cox Vanilla') | 0.815 ± 0.006 | 0.719 ± 0.047 | 0.838 ± 0.006      | 0.836 ± 0.006 | 0.829 ± 0.010 | 0.791 ± 0.077 |
| (0.1, 'RSF')         | 0.839 ± 0.011 | 0.740 ± 0.018 | 0.846 ± 0.011      | 0.845 ± 0.010 | 0.843 ± 0.010 | 0.842 ± 0.011 |
| (0.3, 'Cox')         | 0.749 ± 0.013 | 0.752 ± 0.006 | 0.808 ± 0.010      | 0.804 ± 0.013 | 0.801 ± 0.013 | 0.799 ± 0.014 |
| (0.3, 'Cox Simple')  | 0.722 ± 0.016 | 0.640 ± 0.104 | 0.792 ± 0.012      | 0.791 ± 0.012 | 0.790 ± 0.015 | 0.790 ± 0.012 |
| (0.3, 'Cox Vanilla') | 0.758 ± 0.042 | 0.687 ± 0.055 | 0.808 ± 0.004      | 0.797 ± 0.013 | 0.738 ± 0.101 | 0.793 ± 0.012 |
| (0.3, 'RSF')         | 0.817 ± 0.010 | 0.698 ± 0.012 | 0.834 ± 0.009      | 0.827 ± 0.011 | 0.826 ± 0.010 | 0.825 ± 0.011 |
| (0.5, 'Cox')         | 0.727 ± 0.010 | 0.711 ± 0.008 | 0.792 ± 0.010      | 0.785 ± 0.010 | 0.780 ± 0.012 | 0.777 ± 0.013 |
| (0.5, 'Cox Simple')  | 0.678 ± 0.021 | 0.570 ± 0.094 | 0.785 ± 0.012      | 0.776 ± 0.010 | 0.763 ± 0.011 | 0.761 ± 0.010 |
| (0.5, 'Cox Vanilla') | 0.729 ± 0.044 | 0.690 ± 0.035 | 0.795 ± 0.008      | 0.750 ± 0.067 | 0.768 ± 0.020 | 0.756 ± 0.038 |
| (0.5, 'RSF')         | 0.788 ± 0.013 | 0.657 ± 0.017 | 0.816 ± 0.008      | 0.809 ± 0.008 | 0.801 ± 0.009 | 0.800 ± 0.010 |
| (0.7, 'Cox')         | 0.697 ± 0.010 | 0.683 ± 0.013 | 0.757 ± 0.014      | 0.747 ± 0.016 | 0.754 ± 0.014 | 0.750 ± 0.014 |
| (0.7, 'Cox Simple')  | 0.655 ± 0.015 | 0.648 ± 0.044 | 0.743 ± 0.021      | 0.736 ± 0.018 | 0.745 ± 0.015 | 0.730 ± 0.028 |
| (0.7, 'Cox Vanilla') | 0.657 ± 0.066 | 0.564 ± 0.059 | 0.739 ± 0.031      | 0.699 ± 0.044 | 0.705 ± 0.053 | 0.726 ± 0.034 |
| (0.7, 'RSF')         | 0.745 ± 0.016 | 0.648 ± 0.009 | 0.778 ± 0.015      | 0.762 ± 0.013 | 0.762 ± 0.013 | 0.757 ± 0.011 |
| (0.9, 'Cox')         | 0.627 ± 0.010 | 0.557 ± 0.012 | 0.684 ± 0.011      | 0.653 ± 0.003 | 0.689 ± 0.010 | 0.682 ± 0.013 |
| (0.9, 'Cox Simple')  | 0.599 ± 0.013 | 0.474 ± 0.048 | 0.667 ± 0.012      | 0.629 ± 0.012 | 0.673 ± 0.009 | 0.669 ± 0.015 |
| (0.9, 'Cox Vanilla') | 0.613 ± 0.012 | 0.582 ± 0.016 | 0.650 ± 0.021      | 0.614 ± 0.055 | 0.677 ± 0.007 | 0.672 ± 0.010 |
| (0.9, 'RSF')         | 0.651 ± 0.009 | 0.566 ± 0.021 | 0.682 ± 0.004      | 0.646 ± 0.014 | 0.669 ± 0.009 | 0.665 ± 0.012 |
|                      | constant      | embeddings    | imputer_bayesian   | knn           | mean          | median        |
|:---------------------|:--------------|:--------------|:-------------------|:--------------|:--------------|:--------------|
| (0.1, 'Cox')         | 0.786 ± 0.003 | 0.963 ± 0.001 | 0.824 ± 0.002      | 0.823 ± 0.002 | 0.821 ± 0.002 | 0.820 ± 0.002 |
| (0.1, 'Cox Simple')  | 0.757 ± 0.022 | 0.962 ± 0.002 | 0.813 ± 0.014      | 0.815 ± 0.010 | 0.813 ± 0.008 | 0.810 ± 0.011 |
| (0.1, 'Cox Vanilla') | 0.849 ± 0.015 | 0.967 ± 0.003 | 0.853 ± 0.008      | 0.849 ± 0.008 | 0.846 ± 0.009 | 0.807 ± 0.074 |
| (0.1, 'RSF')         | 0.924 ± 0.000 | 0.986 ± 0.000 | 0.924 ± 0.001      | 0.920 ± 0.001 | 0.923 ± 0.001 | 0.918 ± 0.001 |
| (0.3, 'Cox')         | 0.754 ± 0.006 | 0.961 ± 0.000 | 0.813 ± 0.002      | 0.807 ± 0.003 | 0.806 ± 0.003 | 0.804 ± 0.003 |
| (0.3, 'Cox Simple')  | 0.727 ± 0.008 | 0.959 ± 0.003 | 0.798 ± 0.011      | 0.794 ± 0.006 | 0.794 ± 0.012 | 0.793 ± 0.010 |
| (0.3, 'Cox Vanilla') | 0.798 ± 0.052 | 0.963 ± 0.004 | 0.822 ± 0.013      | 0.810 ± 0.019 | 0.750 ± 0.104 | 0.809 ± 0.016 |
| (0.3, 'RSF')         | 0.917 ± 0.002 | 0.987 ± 0.000 | 0.927 ± 0.001      | 0.923 ± 0.001 | 0.919 ± 0.002 | 0.907 ± 0.003 |
| (0.5, 'Cox')         | 0.729 ± 0.005 | 0.960 ± 0.001 | 0.794 ± 0.004      | 0.789 ± 0.004 | 0.785 ± 0.005 | 0.782 ± 0.005 |
| (0.5, 'Cox Simple')  | 0.684 ± 0.023 | 0.960 ± 0.002 | 0.790 ± 0.002      | 0.783 ± 0.004 | 0.770 ± 0.005 | 0.769 ± 0.005 |
| (0.5, 'Cox Vanilla') | 0.786 ± 0.066 | 0.962 ± 0.004 | 0.807 ± 0.015      | 0.767 ± 0.071 | 0.785 ± 0.018 | 0.771 ± 0.039 |
| (0.5, 'RSF')         | 0.897 ± 0.002 | 0.987 ± 0.000 | 0.928 ± 0.002      | 0.917 ± 0.001 | 0.904 ± 0.002 | 0.883 ± 0.003 |
| (0.7, 'Cox')         | 0.704 ± 0.005 | 0.957 ± 0.001 | 0.759 ± 0.006      | 0.748 ± 0.005 | 0.757 ± 0.006 | 0.753 ± 0.007 |
| (0.7, 'Cox Simple')  | 0.662 ± 0.013 | 0.955 ± 0.002 | 0.746 ± 0.014      | 0.732 ± 0.005 | 0.742 ± 0.013 | 0.730 ± 0.025 |
| (0.7, 'Cox Vanilla') | 0.717 ± 0.093 | 0.958 ± 0.004 | 0.756 ± 0.028      | 0.714 ± 0.050 | 0.720 ± 0.056 | 0.747 ± 0.032 |
| (0.7, 'RSF')         | 0.857 ± 0.003 | 0.987 ± 0.001 | 0.925 ± 0.004      | 0.921 ± 0.002 | 0.869 ± 0.003 | 0.836 ± 0.004 |
| (0.9, 'Cox')         | 0.646 ± 0.004 | 0.956 ± 0.001 | 0.692 ± 0.006      | 0.665 ± 0.003 | 0.696 ± 0.005 | 0.691 ± 0.008 |
| (0.9, 'Cox Simple')  | 0.613 ± 0.012 | 0.956 ± 0.001 | 0.674 ± 0.012      | 0.647 ± 0.007 | 0.685 ± 0.009 | 0.681 ± 0.014 |
| (0.9, 'Cox Vanilla') | 0.674 ± 0.012 | 0.956 ± 0.002 | 0.661 ± 0.023      | 0.639 ± 0.068 | 0.695 ± 0.010 | 0.689 ± 0.012 |
| (0.9, 'RSF')         | 0.757 ± 0.004 | 0.991 ± 0.001 | 0.905 ± 0.010      | 0.914 ± 0.008 | 0.784 ± 0.006 | 0.745 ± 0.008 |

=== NaN Ratio: 0.1 ===

-- Cox --
            constant | Train: 0.786 ± 0.003 | Test: 0.781 ± 0.010
          embeddings | Train: 0.963 ± 0.001 | Test: 0.762 ± 0.007
    imputer_bayesian | Train: 0.824 ± 0.002 | Test: 0.821 ± 0.008
                 knn | Train: 0.823 ± 0.002 | Test: 0.821 ± 0.008
                mean | Train: 0.821 ± 0.002 | Test: 0.819 ± 0.009
              median | Train: 0.820 ± 0.002 | Test: 0.818 ± 0.009

-- Cox Simple --
            constant | Train: 0.757 ± 0.022 | Test: 0.752 ± 0.027
          embeddings | Train: 0.962 ± 0.002 | Test: 0.678 ± 0.024
    imputer_bayesian | Train: 0.813 ± 0.014 | Test: 0.807 ± 0.014
                 knn | Train: 0.815 ± 0.010 | Test: 0.810 ± 0.012
                mean | Train: 0.813 ± 0.008 | Test: 0.807 ± 0.006
              median | Train: 0.810 ± 0.011 | Test: 0.805 ± 0.010

-- Cox Vanilla --
            constant | Train: 0.849 ± 0.015 | Test: 0.815 ± 0.006
          embeddings | Train: 0.967 ± 0.003 | Test: 0.719 ± 0.047
    imputer_bayesian | Train: 0.853 ± 0.008 | Test: 0.838 ± 0.006
                 knn | Train: 0.849 ± 0.008 | Test: 0.836 ± 0.006
                mean | Train: 0.846 ± 0.009 | Test: 0.829 ± 0.010
              median | Train: 0.807 ± 0.074 | Test: 0.791 ± 0.077

-- RSF --
            constant | Train: 0.924 ± 0.000 | Test: 0.839 ± 0.011
          embeddings | Train: 0.986 ± 0.000 | Test: 0.740 ± 0.018
    imputer_bayesian | Train: 0.924 ± 0.001 | Test: 0.846 ± 0.011
                 knn | Train: 0.920 ± 0.001 | Test: 0.845 ± 0.010
                mean | Train: 0.923 ± 0.001 | Test: 0.843 ± 0.010
              median | Train: 0.918 ± 0.001 | Test: 0.842 ± 0.011

=== NaN Ratio: 0.3 ===

-- Cox --
            constant | Train: 0.754 ± 0.006 | Test: 0.749 ± 0.013
          embeddings | Train: 0.961 ± 0.000 | Test: 0.752 ± 0.006
    imputer_bayesian | Train: 0.813 ± 0.002 | Test: 0.808 ± 0.010
                 knn | Train: 0.807 ± 0.003 | Test: 0.804 ± 0.013
                mean | Train: 0.806 ± 0.003 | Test: 0.801 ± 0.013
              median | Train: 0.804 ± 0.003 | Test: 0.799 ± 0.014

-- Cox Simple --
            constant | Train: 0.727 ± 0.008 | Test: 0.722 ± 0.016
          embeddings | Train: 0.959 ± 0.003 | Test: 0.640 ± 0.104
    imputer_bayesian | Train: 0.798 ± 0.011 | Test: 0.792 ± 0.012
                 knn | Train: 0.794 ± 0.006 | Test: 0.791 ± 0.012
                mean | Train: 0.794 ± 0.012 | Test: 0.790 ± 0.015
              median | Train: 0.793 ± 0.010 | Test: 0.790 ± 0.012

-- Cox Vanilla --
            constant | Train: 0.798 ± 0.052 | Test: 0.758 ± 0.042
          embeddings | Train: 0.963 ± 0.004 | Test: 0.687 ± 0.055
    imputer_bayesian | Train: 0.822 ± 0.013 | Test: 0.808 ± 0.004
                 knn | Train: 0.810 ± 0.019 | Test: 0.797 ± 0.013
                mean | Train: 0.750 ± 0.104 | Test: 0.738 ± 0.101
              median | Train: 0.809 ± 0.016 | Test: 0.793 ± 0.012

-- RSF --
            constant | Train: 0.917 ± 0.002 | Test: 0.817 ± 0.010
          embeddings | Train: 0.987 ± 0.000 | Test: 0.698 ± 0.012
    imputer_bayesian | Train: 0.927 ± 0.001 | Test: 0.834 ± 0.009
                 knn | Train: 0.923 ± 0.001 | Test: 0.827 ± 0.011
                mean | Train: 0.919 ± 0.002 | Test: 0.826 ± 0.010
              median | Train: 0.907 ± 0.003 | Test: 0.825 ± 0.011

=== NaN Ratio: 0.5 ===

-- Cox --
            constant | Train: 0.729 ± 0.005 | Test: 0.727 ± 0.010
          embeddings | Train: 0.960 ± 0.001 | Test: 0.711 ± 0.008
    imputer_bayesian | Train: 0.794 ± 0.004 | Test: 0.792 ± 0.010
                 knn | Train: 0.789 ± 0.004 | Test: 0.785 ± 0.010
                mean | Train: 0.785 ± 0.005 | Test: 0.780 ± 0.012
              median | Train: 0.782 ± 0.005 | Test: 0.777 ± 0.013

-- Cox Simple --
            constant | Train: 0.684 ± 0.023 | Test: 0.678 ± 0.021
          embeddings | Train: 0.960 ± 0.002 | Test: 0.570 ± 0.094
    imputer_bayesian | Train: 0.790 ± 0.002 | Test: 0.785 ± 0.012
                 knn | Train: 0.783 ± 0.004 | Test: 0.776 ± 0.010
                mean | Train: 0.770 ± 0.005 | Test: 0.763 ± 0.011
              median | Train: 0.769 ± 0.005 | Test: 0.761 ± 0.010

-- Cox Vanilla --
            constant | Train: 0.786 ± 0.066 | Test: 0.729 ± 0.044
          embeddings | Train: 0.962 ± 0.004 | Test: 0.690 ± 0.035
    imputer_bayesian | Train: 0.807 ± 0.015 | Test: 0.795 ± 0.008
                 knn | Train: 0.767 ± 0.071 | Test: 0.750 ± 0.067
                mean | Train: 0.785 ± 0.018 | Test: 0.768 ± 0.020
              median | Train: 0.771 ± 0.039 | Test: 0.756 ± 0.038

-- RSF --
            constant | Train: 0.897 ± 0.002 | Test: 0.788 ± 0.013
          embeddings | Train: 0.987 ± 0.000 | Test: 0.657 ± 0.017
    imputer_bayesian | Train: 0.928 ± 0.002 | Test: 0.816 ± 0.008
                 knn | Train: 0.917 ± 0.001 | Test: 0.809 ± 0.008
                mean | Train: 0.904 ± 0.002 | Test: 0.801 ± 0.009
              median | Train: 0.883 ± 0.003 | Test: 0.800 ± 0.010

=== NaN Ratio: 0.7 ===

-- Cox --
            constant | Train: 0.704 ± 0.005 | Test: 0.697 ± 0.010
          embeddings | Train: 0.957 ± 0.001 | Test: 0.683 ± 0.013
    imputer_bayesian | Train: 0.759 ± 0.006 | Test: 0.757 ± 0.014
                 knn | Train: 0.748 ± 0.005 | Test: 0.747 ± 0.016
                mean | Train: 0.757 ± 0.006 | Test: 0.754 ± 0.014
              median | Train: 0.753 ± 0.007 | Test: 0.750 ± 0.014

-- Cox Simple --
            constant | Train: 0.662 ± 0.013 | Test: 0.655 ± 0.015
          embeddings | Train: 0.955 ± 0.002 | Test: 0.648 ± 0.044
    imputer_bayesian | Train: 0.746 ± 0.014 | Test: 0.743 ± 0.021
                 knn | Train: 0.732 ± 0.005 | Test: 0.736 ± 0.018
                mean | Train: 0.742 ± 0.013 | Test: 0.745 ± 0.015
              median | Train: 0.730 ± 0.025 | Test: 0.730 ± 0.028

-- Cox Vanilla --
            constant | Train: 0.717 ± 0.093 | Test: 0.657 ± 0.066
          embeddings | Train: 0.958 ± 0.004 | Test: 0.564 ± 0.059
    imputer_bayesian | Train: 0.756 ± 0.028 | Test: 0.739 ± 0.031
                 knn | Train: 0.714 ± 0.050 | Test: 0.699 ± 0.044
                mean | Train: 0.720 ± 0.056 | Test: 0.705 ± 0.053
              median | Train: 0.747 ± 0.032 | Test: 0.726 ± 0.034

-- RSF --
            constant | Train: 0.857 ± 0.003 | Test: 0.745 ± 0.016
          embeddings | Train: 0.987 ± 0.001 | Test: 0.648 ± 0.009
    imputer_bayesian | Train: 0.925 ± 0.004 | Test: 0.778 ± 0.015
                 knn | Train: 0.921 ± 0.002 | Test: 0.762 ± 0.013
                mean | Train: 0.869 ± 0.003 | Test: 0.762 ± 0.013
              median | Train: 0.836 ± 0.004 | Test: 0.757 ± 0.011

=== NaN Ratio: 0.9 ===

-- Cox --
            constant | Train: 0.646 ± 0.004 | Test: 0.627 ± 0.010
          embeddings | Train: 0.956 ± 0.001 | Test: 0.557 ± 0.012
    imputer_bayesian | Train: 0.692 ± 0.006 | Test: 0.684 ± 0.011
                 knn | Train: 0.665 ± 0.003 | Test: 0.653 ± 0.003
                mean | Train: 0.696 ± 0.005 | Test: 0.689 ± 0.010
              median | Train: 0.691 ± 0.008 | Test: 0.682 ± 0.013

-- Cox Simple --
            constant | Train: 0.613 ± 0.012 | Test: 0.599 ± 0.013
          embeddings | Train: 0.956 ± 0.001 | Test: 0.474 ± 0.048
    imputer_bayesian | Train: 0.674 ± 0.012 | Test: 0.667 ± 0.012
                 knn | Train: 0.647 ± 0.007 | Test: 0.629 ± 0.012
                mean | Train: 0.685 ± 0.009 | Test: 0.673 ± 0.009
              median | Train: 0.681 ± 0.014 | Test: 0.669 ± 0.015

-- Cox Vanilla --
            constant | Train: 0.674 ± 0.012 | Test: 0.613 ± 0.012
          embeddings | Train: 0.956 ± 0.002 | Test: 0.582 ± 0.016
    imputer_bayesian | Train: 0.661 ± 0.023 | Test: 0.650 ± 0.021
                 knn | Train: 0.639 ± 0.068 | Test: 0.614 ± 0.055
                mean | Train: 0.695 ± 0.010 | Test: 0.677 ± 0.007
              median | Train: 0.689 ± 0.012 | Test: 0.672 ± 0.010

-- RSF --
            constant | Train: 0.757 ± 0.004 | Test: 0.651 ± 0.009
          embeddings | Train: 0.991 ± 0.001 | Test: 0.566 ± 0.021
    imputer_bayesian | Train: 0.905 ± 0.010 | Test: 0.682 ± 0.004
                 knn | Train: 0.914 ± 0.008 | Test: 0.646 ± 0.014
                mean | Train: 0.784 ± 0.006 | Test: 0.669 ± 0.009
              median | Train: 0.745 ± 0.008 | Test: 0.665 ± 0.012
Result saved in 'results_nan/results_cv_HURRAH_tabicl_nan_seed123.txt'
